rank,word,definition,level
1,the,"指已提到的人（物）,指说话人与听者已知的人（物）,用于独一无二的事物前,与形容词最高级和序数词连用",1
2,be,"是,有，存在,做，成为,发生,用来表示某人或某物即主语本身，用来表示某人或某物属于某一群体或有某种性质",1
3,and,"和，与,而且,于是，然后,因此",1
4,of,"关于,属于…的,由…制成,助动词  [非标准用语、方言] =have [主用于虚拟语气]",1
5,a,"一（个）,每一（个）,任一（个）",1
6,in,"采用（某种方式）,穿着，带着,（表示位置）在…里面，（表示领域，范围）在…以内,（表示品质、能力等）在…之中,在家,进入，到达,流行,当选,在内的，朝内的,在位的，执政的,[口语]流行的，时髦的,（车等）到站的,执政党，掌权者,知情者,<美口>入口，门路,<体>（板球或棒球）攻球的一方",1
7,to,"向，朝着,到,关于,属于,朝一个方向的,到某种状态,关闭",1
8,have,"用以构成完成式及完成式的不定式，表示已经…,有，具有,拿，取得,从事,必须，不得不,〈口〉有产者，有钱人,富国,〈英俚〉欺骗，诈骗",1
10,it,"它,他,正好是所需的,事实[情况],<美俚>傻瓜，笨蛋,<俚>绝妙的人,理想的东西,登峰造极",1
11,i,"我,个人,利己主义者,碘元素,英语字母表中第九个字母,罗马数字1",1
12,that,"那个，那,多么,如此…以至,用于某些动词、形容词和名词后，引出各种从句,不那么,那样",1
13,for,"为，为了,倾向于,关于,当作,因为，由于",1
14,you,"你,你们，您们,各位,大家",1
15,he,"他，它,一个人,雄性动物",1
16,with,"和，跟,随着,关于,和…一致",1
17,on,"（表示方向）向,（表示对象）对,（表示位置）在…上,（表示时间）在…之时,（放，穿，连接）上,向前，（继续）下去,活动着的情况，状态,使用着的,发生着的,计划中的",1
18,do,"构成疑问句和否定句,代替动词,用于加强语气,做,干,进行,从事,表现,进展,引起,行过,社交聚会,社交活动,宴会",1
19,say,"说， 讲,表明，宣称,假设,约莫,表明,念,说明,比方说,发言权,说话,要说的话",1
20,this,"这，这个,这事，这人,这时,下面所说的事,刚过去的，即将到来的,今…，本…,这样地,就是这样,这么地",1
21,they,"他/她/它们,人们，大家,政府，当局,她们",1
22,at,"（表示位置）在,在（某时间或时刻）,以，达,向，朝,阿特（老挝辅币单位，100 阿特 = 1 基普）",1
23,but,"但是,而是,除了,只因为,除…以外,只,不过,只是,另一方面,借口,推辞,反对,[关系代词，意义相当于 who…not, which…not],对…说“但是”",1
24,we,"我们，咱们,笔者，本人,朕,人们",1
25,his,"(he的所有格)他的,(he的物主代词)他的东西,属于他的，用于名词前,自己的,指某人的,上帝的",1
26,from,"（表示时间）从…,（表示原因）因为,（表示来源）来自…,（表示分离）与…分离[隔开]",1
28,not,"不,[用以表示否定、否认、拒绝、禁止等]不是,几乎不,未必，没有[用于否定后面的词或短语]",1
30,by,"在…旁边,表示方式,由于,经过,表示保留或保存时用,短暂拜访",1
31,she,她，它,1
32,or,"或，或者,还是,不然，否则,左右,<古、诗>在…之前，比…更早,[纹章]黑金色、黑色",1
33,as,"同样地，一样地,例如,作为，以…的身份,如同,像，像…一样,由于,同时，当…时,尽管,阿斯（古罗马重量单位，约373克）",1
34,what,"（用以询问某人或某事物的词）什么，多少,…的事物,…的（事物或人）,（用于感叹句中）,（用以表示不相信或惊奇）,（用以表示未听清楚对方说的话）",1
35,go,"走,离开,去做,进行,变得,发出…声音,成为,处于…状态,轮到的顺序,精力,干劲,尝试",1
36,their,"他（她，它）们的,在提及性别不详的人时，用以代替 him 或 her",1
37,can,"能,能够,可以,可能,将…装入密封罐中保存,罐头,（用金属或塑料制作的）容器,（马口铁或其他金属制作的）食品罐头",1
38,who,"谁,什么人,关系代词，有先行词,孰",1
39,get,"得到,抓住,说服,受到（惩罚等）,到达，来,成为,开始,设法对付,获得利益或财富,生殖，幼兽,赢利",1
40,if,"如果，倘若,即使,〈口〉是否,假设,条件，设想",1
41,would,"将，将要,愿意,会，打算,大概,(will 的过去式，用于转述)将",1
42,her,"(she的宾格)她,(she的所有格)她的,她，指某个国家，（一艘）船",1
43,all,"全部的,一切的,各种的,极度的，尽量的,全部,一切,每个人，每件东西,全部情况,全部地,完全地,每个,非常,全体,[常作A-]整体,[常与my, your, his, her等连用]（某人）所有的一切",1
44,my,"我的(I的所有格形式),啊呀,天啊",1
45,make,"做，制造,生产，制定,使成为,使产生,开始,尝试,行进,增大,制造,生产量,性格,形状，样式",1
46,about,"关于,大约,在…周围,在附近,在四周,几乎,在附近的,四处走动的,在起作用的,在流行中的",1
47,know,"知道,了解,认识,确信,知情",1
48,will,"愿意,意志（力）,[法]遗嘱,决心要,将（财产等）遗赠某人,用意志力驱使（某事发生）,愿意， 希望， 想要,将，将会,会，要",1
50,up,"在上面，在高处,起床，起来,向上,由低到高,向上的,上升的,竖立的，垂直的,举起的,增加,加速,提高,举起，拿起,在…的上端,向高处,沿…而去,向…上游,上升，升高,兴旺，繁荣,上坡,（价格等）上涨",1
51,one,"（数字）一,一个,（基数）一，第一,一个人,一点钟,一体,独一,任何人,本人，人家,东西,某一个的,一体的,一方的",1
52,time,"时间,时刻,时代,次,为…安排时间,测定…的时间,调准（机械的）速度,拨准（钟、表）的快慢,合拍,和谐,打拍子,定时的,定期的,[美国英语]分期（付款）的,[体育]时间到，（一场或一局等的）比赛时限，暂停",1
53,there,"在那里,那里,在那一点上,表示某物或某人的存在或某事的发生（常用作be, seem或appear的主语）,（表示满足、烦恼）你瞧，好啦，得啦",1
54,year,"年,年纪,一年的期间,某年级的学生",1
55,so,"这样,很,（表示程度）这么,同样,（表示因果关系）因此,（表示目的）为了,（引出下文）,（认为某事无关紧要，尤用于反驳他人的指责时）（口语）,如此,大约,左右,[表示同意、赞成等] 好啦，就这样吧！停下！（停住）别动！,[表示惊讶、冷淡等] 哦,真的吗,真的,事实如此的,如此的,整齐的",1
56,think,"想,思索,以为,看待,思辩,考虑,构想,回忆,深思的,供思考的,想法",1
57,when,"什么时候,（用于时间的表达方式之后）在那时,其时,当时,在…时,既然,如果,那时,时间，时候,日期,场合",1
58,which,"哪一个,哪一些,哪个,那，指前面提到的事物",1
59,them,"他们,她们,它们",1
60,some,"一些,某个,大约,相当多的,若干,其中的一部分,（数量不确切时用）有些人,非常,相当,<美>稍微",1
61,me,"（人称代词I的宾格）我,自我,自我的一部分,极端自私的人,[音乐]固定唱法时的E音",1
62,people,"人，人类,居民,人民,种族,居住于，布满,使住满人，在…殖民,把动物放养在",1
63,take,"拿，取,采取,接受（礼物等）,耗费（时间等）,拿,获得,捕获量,看法,利益，盈益,（入场券的）售得金额",1
64,out,"出局,在外，在外部,完全，彻底,出版,（表示来源）从,（从…里）出来,（表示不在原状态）脱离,离去,使熄灭,揭露,驱逐,外面的,出局的,下台的,外围的,不流行",1
65,into,"（表示方向）进入…中,（表示所属）输入,（表示状态）进入…状态,（表示时间）持续到",1
66,just,"刚才,仅仅，只是,正好,刚要,公正的，合理的,恰当的,合法的,正确的",1
67,see,"看见,领会，理解,查看,参观,主教教区,主教权限,牧座",1
68,him,(he的宾格)他,1
69,your,"你的，你们的,尊,玉,乃",1
70,come,"来,开始,出现,发生,做,装扮…的样子,将满（…岁）,嗨！",1
71,could,"“can”的过去式,能够，打算,用于假设语气的条件句,用于虚拟语气的结论句",1
72,now,"现在,其时,立刻,（改变话题或要对方做某事前，引起对方注意）喂,现在的,当今的,现任的,目前,由于,既然",1
73,than,"比（用于比较级）,宁愿…而不愿,除…以外,一…就,超过,比",1
74,like,"喜欢,（与 would 或 should 连用表示客气）想,想要,喜欢做,（表示属性）像,（表示方式）如同,（询问意见）…怎么样,（表示列举）比如,相似的,相同的,相类似的人[事物],喜好,爱好,（尤指被视为没有某人或某物那么好的）种类，类型,像…一样,如同,好像,仿佛,（非正式口语，代替 as）和…一样,如,（非正式口语，思考说下句话、解释或举例时用）大概,可能",1
75,other,"别的,其他的,（两个中的）另一个,其余的,（指两个人或事物中的第二个）那个,（指一组中其余的人或事物）其余的,（指与说话人所在位置等相反的方向或地点）另一边,[the other]对立面；对立的事物",1
76,how,"怎样,健康状况如何,到何种地步,以任何方式,方法,方式",1
77,then,"那时,然后,那么,话说回来,当时的,那时的",1
78,its,"(it的所有格形式)它的,厥",1
79,our,"我们的，we的所有格形式,<口>我们家,敝",1
80,two,"两个,两个东西,两点钟,一对,两个的,我同,第二,二",1
81,more,"更，更多,达到或处于更大的范围或程度,此外，更加,更多的,(many)的比较级,附加的，额外的,更多的或附加的人或事物,更多,附加，添加",1
82,these,"这些的,这些",1
83,want,"想要,希望,打算,需要…在场,需要的东西,缺少,贫穷",1
84,way,"道路,方法,方向,某方面,远远地，大大地",1
85,look,"看，瞧,注意,面向,寻找,看起来好像,看,（尤指吸引人的）相貌,眼神,样子,（插话或唤起注意）喂，听我说",1
86,first,"第一，最初,头等,一号，,[乐]高音部,最早，最初,首次,宁愿,优先,第一流的,最初的，最早的,基本的，概要的,高音的,第一",1
87,also,"也,同样,并且,另外",1
88,new,"新的，崭新的,新鲜的，新到的,现代的,初次（听到）的,新近，最近",1
89,because,因为,1
90,day,"一天,白天,时期,节日,日间的,逐日的,每天,经常在白天地",1
92,use,"使用,使用权,功能",1
93,no,"不,否,一点也没有,没有的,不许的,一点儿也没有,决不是的,否定，否认,反对票,否决票,数字(number),元素锘(nobelium)的符号",1
94,man,"男人,人类,男子汉,雇工,使振作,操纵,给…配置人员,在…就位,（表示惊讶、气愤等）嘿，天哪",1
95,find,"发现,找到,查明,发觉,发现物,被发现的人",1
96,here,"在这里,这时,在这一点上,（给某人东西或指出某物时说）,这里,喂,嗨",1
97,thing,"事件，形势,东西，事物,家伙,事业",1
98,give,"给予,赠送,作出,供给,产生,举办,（为购买某物或做某事而）支付,（物体）塌下,让步,伸展性，弹性",1
99,many,"许多，多的,（与复数动词连用）大多数人",1
100,well,"好,很,好意地,高高兴兴地,健康的,井的,良好的,恰当的,（用于表示惊讶，疑虑，接受等）,泉,源泉,水井,（液体）涌出,流出,涌流,涌上,涌出，喷出",1
101,only,"唯一的,仅有的,最好的，最适当的,只，仅仅,结果却，不料,但是，可是,要不是",1
102,those,"that的复数,那些的，那,那，那个( that的名词复数),（指较远的人或事物）那,（指已提到过或已知的人或事物）那,（特指）那",1
103,tell,"告诉，说,辨别,吩咐,讲述,分辨，辨别,告诉，吩咐,泄漏,保证,泄密，告发,（颜色、声音等）显示,识别,[考古学]（古代村落遗址堆积而成的）台形土墩,[方言]讲的话,谈话,传闻",1
105,very,"很，非常,恰好是，正是,十足的,特有的,充分，完全",1
107,even,"甚至,更加,即使,恰巧在…时候,公平的,平坦的,偶数的,平均的,使平坦,使相等,变平,成为相等",1
108,back,"背，背部,背面，反面,后面，后部,（椅子等的）靠背,使后退,支持,加背书于,下赌注于,后退,倒退,背部的,后面的,以前的,拖欠的,以前,向后地",1
109,any,"任何的,一点，一些,普通的,任何，随便哪一个,任何,无论哪个,若干,稍微，少许,什么，一些，一点",1
110,good,"好的,优秀的,有益的,漂亮的，健全的,好处，利益,善良,善行,好人,同well",1
111,woman,"女人，妇女,成年女子,女拥人或女下属,女人本能",1
112,through,"通过，穿过,经由,透过,凭借,从头到尾,彻底,自始至终,（电话）接通,通话完毕,有洞的,直达的",1
113,us,我们,1
114,life,"生活，生计,生命，性命,一生，寿命,人生，尘世",1
115,child,"小孩，孩子,幼稚的人,产物,弟子",1
117,work,"使工作,使运作,操作,使产生效果,工作，操作,著作,工厂,行为，事业,经营,使缓慢前进",1
118,down,"（坐、倒、躺）下,向下,（表示范围或顺序的限度）下至,（从高处）向下,（表示位置）在…的下方,（表示方向）沿着…向下,（表示时间）自…以来,向下的,沮丧的,计算机或计算机系统停机,（以…）落后于对手的,（鸟的）绒羽,绒毛,软毛,汗毛,放下,（尤指大口或快速地）喝下,使摔倒,击落（敌机等）,[常用于祈使句中]下去,下来,卧倒,下降",1
119,may,"可以,也许,会,但愿,[May]五月,山楂属植物,（五朔节装饰用的）绿枝花枝,（春天开花的）绣线菊属植物",1
120,after,"…后的,（表示时间）在…以后,（表示位置、顺序）在…后面,在…以后,以后，继后,后来的，以后的",1
122,call,"呼唤，喊叫,召唤，叫来，召集,下令，命令,打电话给,喊叫，大声喊,电话联络,必要，理由,要求",1
123,world,"世界,地球,领域,尘世",1
124,over,"（表示方向）越过,（部份或全部覆盖）在…上面,由于,（表示论及）关于,结束,再,（倒）下,从一边至另一边,过去的,外面的,在上的,上级的,额外,剩余,剩余（或多余）的量,剩余物,[电信学]报文完，请回复！,走过，跳过,[美国方言]从…恢复过来",1
125,school,"学校,上学,学院,群,训练，锻炼,教育，教导,约束,给…上学",1
126,still,"仍，仍然,更，还要,静静地,〈诗〉常，不断地,不动的，静止的,不狂暴的，温柔的,没有活力的，死气沉沉的,平静，寂静,剧照,静止摄影,蒸馏器,（使某物）平静下来，安静,〈古〉烧（酒），蒸馏,但是,然而",1
127,try,"试图，努力,实验,审判,考验,尝试，实验,[橄]触球，（因触球获得的）向球门踢球的权利",1
130,last,"末尾,最后,上个,鞋楦（做鞋的模型）,经受住,到…之后,够用,足够维持（尤指某段时间）,最近的,最后的,最不可能的,惟一剩下的,持续,上一次，最近一次",1
131,ask,"问，询问,需要,要求，请求,邀请,请求允许,要价,询问,请，邀请,要求",1
132,need,"需要,必须,不得不,需要的东西,责任,贫穷,（表示应该或不得不做）有必要",1
133,too,"也,太,很,非常",1
134,feel,"感觉,认为,触摸,试探,感觉，觉得,认为，以为,感受,触觉,觉得,摸索",1
135,three,"三,三个,第三（章，页等）,三岁,三个人[东西],三，三个,三的,三个的",1
137,state,"国家,州,状况，情况,资格,规定,陈述，声明,国家的,国务的，公务的,正式的",1
138,never,"从不，从来没有,一点也不，决不,<口>不会…吧，没有,不曾",1
139,become,"变为，成为,变得,变成,适合，适宜,相称，相当,发生",1
140,between,"在…之间,私下，暗中,在…中任择其一,来往于…之间,当中，中间",1
141,high,"高的,高尚的，崇高的,高音调的,高级的，高等的,（程度等）高地,高价地,奢侈地,高处，高位,[气象学]高气压,高压地带,高水平",1
142,really,"真，真正,实在，果真,实际上,事实上",1
143,something,"某物，某事,重要的事物[人]，有一定意义的事物,（表示不确切的描述或数量）大致，左右,非常,有点,大约",1
144,most,"最，最多（大）,much的最高级,非常，很,几乎,many的最高级,最多的，最大的,大概的,大多数的，大部分的,最大限度,大部分,大多数人",1
145,another,"又一个,再一个,另一的,其他一种,另一个，别个",1
146,much,"非常,差不多,很多地,很大程度上,许多的，大量的,很多,大量,很好的东西,（与不可数名词连用，尤用于否定句，或与 how 连用以询问数量，也可与 as、so 和 too 连用）许多",1
147,family,"家庭,家族,孩子,祖先,家庭的,一家所有的,属于家庭的,适合全家人的",1
148,own,"自己的事物,自己人,拥有,承认,自己的,特有的",1
150,leave,"离开,遗弃,忘了带,交托,离去,出发,舍弃,准假,假期,辞别,许可",1
151,put,"放,表达,给予（重视、信任、价值等）,使处于（某种状态）,使感觉到,使受到…的影响,说,猛推,将…送往,使与…连接,[方]笨蛋，怪人,对策,固定的,不动的",1
152,old,"老的,古老的,以前的,（用于指称被替代的东西）原来的,古时",1
153,while,"在…期间,与…同时,虽然,而,（一段）时间,消磨，打发（时间）,（愉快而懒散地）度过（时间）（常与 away 连用）",1
154,mean,"表示…的意思,意思是,打算,产生…结果,吝啬的,刻薄的,破旧的,残忍的,平均数,中间,几何平均,等比中数",1
156,keep,"保持,保留,遵守,阻止,（食品）保持新,保持健康,保持，保养,供养，抚养,生活，生计,饲料；牧草",1
157,student,"学生，大学生,研究者，学者,中学生,<美俚>初学者",1
158,why,"（用于问句）为什么,为何,（反问，表示不必）何必,（说明理由）为什么,呵唷，哎呀，嗨,理由,原因,说明,难解的问题",1
160,great,"伟大的，杰出的,优异的，显著的,很多的,重大的,[口语]很好地,令人满意地，成功地，顺利地,得意地,大人物们,伟大人物,重要人物，大师,名家",1
161,same,"同一的,相同的，同样的,同一事物,同样的人,（和…）同样的事物,（数目、颜色、大小、质量等）相同,同样，类似",1
162,big,"大的,重要的,（计划）庞大的,大方的,大量地,成功地,夸大地,宽宏大量地,大亨,大公司",1
163,group,"组，团体,群，批,（雕塑等的）群像,（英美的）空军大队,使成群，集合,分类，归类",1
164,begin,"开始,着手,创始,创办,（从…）开始,起始,起初是,开始讲话",1
165,seem,"好像，仿佛,似乎,装作,看来好像",1
166,country,"国家,国民,乡下,地区",1
167,help,"帮助,有助于， 有利于,治疗,避免,招待（客人）,给…盛（饭、菜）,助手,补救办法,有用,（在餐桌旁）招待，侍应，作仆人（或店员、服务员等）,[呼救语]救命！",1
168,talk,"说话,讨论,讲，说,说闲话,交谈,报告,空话",1
169,where,"哪里，在哪里,到哪里,某种情势或位置,在…的地方,地方，场所,哪里",1
170,turn,"使转动,旋转,使改变方向,使不适,使变酸,使变换,使变为,翻转,（路线或方向的）改变,机会",1
171,problem,"问题,疑难问题,习题,引起麻烦的人,成问题的,难处理的,关于社会问题的",1
172,every,"每个,每,所有可能的,充足的",1
173,start,"开始,动身,开动,起点,出发，启程,起动,提出（问题）,开办,使开始,起始,突然出现,突然跳起,突然涌出",1
174,hand,"手,协助，帮助,（工具等的）把，柄,掌管,传递，交给,搀扶,支持",1
175,might,"表示可能,表示许可,表示询问情况,力气,力量,威力,权力,可以,应该",1
176,american,"美国人，美洲人,美国英语,美国的，美洲的,地道美国式的",1
177,show,"给…看,表现出,显露出,上演,说明,指示,表明,演示,展览,显示,外观,表演,被人看见，显现，显而易见",1
178,part,"部分,零件,参加,地区,使分裂,拆移,使分开,分开,分离,分岔,不完全地，部分地,不完全的，部分的",1
180,against,"反对,对…不利,紧靠,以防",1
181,place,"位,地方,职位,座位,放置,获名次,投资,评价,得名次,名列前茅,[美国英语][赛马]得第二名,准确把…推到预定地点",1
183,such,"这样的,如此的,这么大的,非常的,这样的事物[人]",1
184,again,"再一次,再说,此外,不过",1
185,few,"很少的,很少,（与复数名词和复数动词连用）有些,几乎没有的,有些（人、事物、地方）,（与复数动词连用）少数人,不和…一般多,很少数",1
186,case,"（实）例，事例,情况，状况,诉讼（事件），案件，判例,容器（箱，盒）,把…装入箱（或盒等）内,加盖于,包围，围住,[俚语]（尤指盗窃前）探察，侦查，窥测",1
188,week,"一星期，周,工作周（一个星期中的工作时间）",1
189,company,"公司，商号,作伴，伴侣，客人,连队，中队,（社交）集会，聚会",1
191,system,"体系，系统,制度,身体,方法",1
192,each,"每,各自的,每个,各自",1
193,right,"立刻，马上,向右，右边,恰当地,一直,右方的,正确的,合适的,好的，正常的,正确，正当,右边,权利,右手,纠正,扶直，使正,整理,补偿,（船舶等）复正，恢复平稳",1
194,program,"程序,节目，节目单,计划，安排,[计]给…编写程序,为…制定计划,设计安排活动,编排",1
195,hear,"听到，听见,听说,得知,听取,审理,听,听见",1
197,question,"问题,疑问,怀疑,议题,问（某人）问题,对（某事物）表示[感到]怀疑",1
198,during,"在…的时候,在…期间，当…之时,其间",1
200,play,"比赛,游戏,戏剧,赌博,玩,演奏,演出,参加比赛,扮演,担任，充当…的角色,装扮,玩耍，游戏,[游戏] 参加游戏,闹着玩",1
201,government,"政府,政体,治理的形式,管辖，治理",1
202,run,"跑,移动,（使）流动,奔跑,行程,放映期,一系列,（工作等）进行,延续,逃跑,行驶,使奔跑,使…快速移动,运行，经营,划,融化的,浇铸的,跑的筋疲力尽的",1
203,small,"小的,难为情的,低级的，卑劣的,细微的，微弱的,小小地,卑鄙地,细小部分，腰部,琐碎东西,身份低的人,矮小的人",1
204,number,"数字,数量,号码,编号,标号,总计,把…算作",1
205,off,"从…落下,离开,从…去掉,下班,距，离,被取消,不新鲜的,不能接受,不礼貌,起跑,杀死",1
206,always,"总是，老是,永远，始终,常常,不断地",1
207,move,"移动，搬动,搬家,行动,进展,（机器等）开动,提议,使感动,摇动,变化,改变,迁移",1
209,night,"夜,晚上,（举行盛事的）夜晚",1
210,live,"生存,居住,生活，过活,在生活中得到享受,经历,度过",1
211,mr,"Mister 先生,Master 少爷,Mother 母亲,molecular radius 分子半径",1
212,point,"点,要点,得分,标点,（意思上）指向,削尖,加标点于,指路,表明,指向",1
213,believe,"信任,料想,笃信宗教,相信,以为，认为,对…信以为真",1
214,hold,"拿住，握住,保留，保存,扣留，拘押,容纳,同意，赞成,保持不变,有效,握住,保留,控制",1
215,today,"（在）今天,现在,现今,现代，当代,今天，今日",1
216,bring,"带来，引来,促使，引起,提供,导致",1
217,happen,"发生,碰巧,出现,偶然遇到",1
218,next,"紧接在后的,次于的,贴近的,紧邻的,接下去,然后,居后地,依次的,下一位,下一个,靠近,居于…之后,在…的隔壁",1
219,without,"在外部,户外,缺少,没有或不显示某事物,没有，缺乏,在外面,除非，如果不",1
220,before,"在…之前,先于，优于,当着…的面,与其…,在…以前,比…早些,先前，从前,在前，在前方",1
221,large,"大大地,夸大地,详细地,顺风地,大的,大规模的,大型号的,广泛的,玩个痛快,（尤指跳舞和饮酒）作乐",1
223,million,"百万,百万的,无数的",1
224,must,"必须,必然要,（做出逻辑推断）,（表示坚持）,必须做的事，必不可少的事物,葡萄汁,霉臭,麝香,（表示必要或很重要）必须,（提出建议）应该,得,（表示很可能或符合逻辑）一定,不可或缺的,狂暴的",1
225,home,"家,家庭,家庭生活,终点,家庭的,家用的,本地的,本部的,在家,在家乡,深深地,深入地,回家,有家,朝向,自动导航,把…送回家,送…回家,给…提供住处,使有安身之处",1
226,under,"在…下面，在表面之下,在…的假定表面或掩饰下,少于，小于,在…情况下,在下面,少于,在水下,在昏迷中,较低的，下面的",1
227,water,"水,雨水,海水,海域,给…浇水,供以水,加水稀释,流泪",1
228,room,"房间,空间,余地,房间里所有的人,租房，合住,为…提供住处,投宿，住宿,留…住宿",1
229,write,"写,写信,写作,作曲",1
230,mother,"母亲，妈妈,女修道院院长,大娘,像母亲般地照顾,养育,溺爱",1
231,area,"地区,区域，范围,面积，平地,领域",1
232,national,"国家的,国有的,国民的,民族主义的,[常用复数]全国性比赛,某国国民,全国性报刊,（机构等的）全国总部",1
233,money,"钱,财富,薪水,款项",1
234,story,"故事，传说,历史，沿革,内情,传记,用历史故事画装饰,讲…的故事,把…作为故事讲述,说谎",1
235,young,"年幼的,有朝气的,年轻人的,青年的,年轻人,幼小的动物，崽",1
236,fact,"事实，实情,实际,真相，证据,犯罪行为",1
237,month,"月，月份,一个月的时间",1
238,different,"不同的,各式各样的,个别的,不平常",1
239,lot,"份额,许多,命运,阄,（与形容词和副词连用）很，非常,（与动词连用）非常,大量，许多,分组，把…划分（常与out连用）,把（土地）划分成块,抽签，拈阄",1
241,study,"学习，研究,课题,书房,结论,考虑,沉思,默想,努力,想出,详细地检查,背诵（台词等）,为…费心思",1
242,book,"书,卷,课本,账簿,预订,登记,（向旅馆、饭店、戏院等）预约,立案（控告某人）,订立演出契约,书的,账簿上的,得之（或来自）书本的,按照（或依据）书本的",1
243,eye,"眼睛,视力,眼状物,风纪扣扣眼,定睛地看,注视,审视,细看",1
244,job,"（一件）工作,职责,职业,（作为一个单元处理的）作业,承包,代客买卖,做零工,作包工,打杂",1
245,word,"单词,话语,诺言,消息,措辞，用词,用言语表达,讲话",1
246,though,"虽然，尽管,即使,纵然,可是，但是,不过,然而,话虽这样说,但",1
247,business,"商业，交易,生意,事务，业务,职业，行业",1
248,issue,"问题,（报刊的）期，号,发行物,流出,发行,发布,造成…结果,在…上挑起争论",1
249,side,"面，边,方面,侧面,旁边,侧面的,旁边的,次要的，枝节的,副的,支持，同意,偏袒,附和,站在…一边",1
250,kind,"〈古〉方式，方法,本质，天性,同类,某类,仁慈的，体贴的,友善的，好心的,温和,宽宏大量的",1
251,four,"四,四个,第四,四的,四个一组之物",1
252,head,"上端,头脑,头部,首脑，首长,用头顶,前进,作为…的首领,站在…的前头,朝…行进,出发,向…方向移动,船驶往,头的,在前头的,首要的,在顶端的",1
253,far,"久远地,（问到或谈及距离时说）有多远,到很远距离,到很大程度,远的,遥远的,（某方向的）最远的,远端的,远方",1
254,black,"黑（色）的,黑色人种的,黑暗的,不加牛奶的,黑色,黑人,黑颜料,黑暗,使变黑,抵制,拒绝,使变黑暗",1
255,long,"长的,长时间的,冗长的，过长的,长音的,长久地,始终,遥远地,长时间，长时期,[语]长音节,（服装的）长尺寸,长裤,渴望，极想",1
256,both,"二者，两者都,二者,二者，二者都,不仅…而且…，…和…都",1
257,little,"小的,琐碎的,娇小的,幼小的,不多，略微,少许，一点,短时间地,（表示否定）微少,没有多少,短时间,（数量上）微少的，少到几乎没有的,（a little）少量的，一些",1
258,house,"房屋,全家人,（从事某种生意的）公司,（英国）下议院,给…提供住房,收藏,安置",1
259,yes,"是,（表示刚想起某事）哦,（表示不相信某人所言）真的吗,（鼓励某人继续讲）往下说,“是”，“行”,同意，答应,肯定的回答,赞成票",1
261,since,"从…以来,自从…之后,自从,以后，此后,后来,（距今几年）以前,（从那时候起几年）以前,自从…以来,自从…的时候起,既然,因为",1
263,provide,"提供，供给，供应,规定,提供(+for),装备,预备,抚养，赡养(+for),做准备,预约(for 或 against)",1
264,service,"服务，服侍,服务业,维修服务,服役,检修，维修,向…提供服务,保养,满足需要,服务性的,耐用的,服现役的",1
265,around,"大约,旋转,到处，四处,在周围,围绕,在附近,前后，左右,在…周围",1
266,friend,"朋友，友人,资助者,助手,近亲,<诗>与…为友",1
267,important,"重要的,权威的,有势力的,有地位的",1
268,father,"父亲,祖先,（尤指天主教和东正教的）神父,天父,成为父亲,创立（新思想）,创造,发明（新方法）",1
269,sit,"（使）坐,坐落,处在,（在…中）任职,（议会、委员会、法庭等）开会,使就座",1
270,away,"离开，远离,在远处,消失,不在的,遥远的,客场比赛",1
271,until,"到…为止,在…以前,到…为止，在…以前,直到…才",1
272,power,"[机]动力，功率,力量,政权，权力,强国，大国,运转,用发动机发动,使…有力量,靠动力行进,快速行进,权力的,机械能的，电动的,用电力（或动力）发动的",1
273,hour,"小时，钟头,时间，时刻,固定时间,课时",1
274,game,"游戏，运动,比赛，竞赛,诡计,猎物,受伤的，瘸的,对…有兴趣的,雄赳赳的,关于野味的,打赌，赌输赢,赌输",1
275,often,"常常,经常,时常,再三",1
276,yet,"但是,还,已经,又，再,然而，但是",1
277,line,"线条,排,行列,界线,排队,用线标出,沿…排列成行,给…安衬里,形成一层,击出平直球",1
278,political,"政治的,政党的,对政治有兴趣的",1
279,end,"<正>结果,端,终止,最后部分,结束，终止",1
280,among,"（表示牵涉）经过,（表示位置）处在…中,（表示范围）在…之内,（表示所属）为…所特有",1
281,ever,"永远,曾经，这以前,究竟，到底,可能",1
282,stand,"台，看台,立场,停止,抵抗,站立，起立,竖直放置,保持看法,停滞,使站立,忍受,抵御,承担责任,站立，（使）直立，站着",1
283,bad,"坏的，不好的,严重的,不舒服的,低劣的，有害的,坏人，坏事,不好地，非常地",1
284,lose,"失去,错过,遗失,耽搁,损失,输掉,走慢,降低价值",1
285,however,"不管到什么程度,无论如何,然而,可是,不管怎样",1
286,member,"成员,分子,身体部位（尤指胳膊或腿）,构件，部件",1
287,pay,"付款,偿还,补偿,（对…）有利,给予,支付,工资,薪水,报答,收费的,需付费的",1
288,law,"法,法学,规律,法制,[口语、方言]诉诸法律，对…起诉，控告,控告,对…起诉",1
289,meet,"相遇,相识,开会,接触（某物）,满足,支付,迎接,经历（常指不愉快的事）,运动会，体育比赛,猎狐运动（尤其英式英语）,适当的,合适的,恰当的",1
290,car,"汽车,车厢,轿车",1
291,city,"城市,全市居民,（由国王或女王授予特权，通常有大教堂的）特许市,（由政府授予特权的）特权市",1
292,almost,"几乎，差不多,将近,快要,近乎",1
293,include,"包括,包含,计入,包住",1
294,continue,"持续,逗留,维持原状,延期,使延伸,使持续,继续说",1
295,set,"放置，安置,使处于某种状况,设置,摆放餐具,落山,出发,凝结,一套，一副,集合,布景,电视机,固定的,位于…的,顽固的,安排好的",1
296,later,"较晚地,以后，过后,后来,随后,后来的,以后的,接近末期的,晚年的",1
297,community,"社区,社会团体,共同体,[生态] 群落",1
299,name,"名字,名声,有…名称的,著名的人物,确定,决定,给…取名,说出…的名字,著名的,据以取名",1
300,five,"五，五个,与某人击掌问候（或庆祝胜利）,第五,5美元钞票,[板]得五分,五的,五个的",1
301,once,"一次，一趟,一倍,曾经,一旦,一旦…就…,一经,一次，一回",1
302,white,"白色的，纯洁的,无色的，透明的,白衣的,白种人的,白色,白种人,空白,白色颜料,（书写，印刷等）留出空白处,使变白色，刷白,漂白",1
303,least,"最小的,最少的（ little的最高级）,最不重要的，地位最低的,最少，最小,最小,最少量",1
304,president,"校长,总统,总裁,董事长",1
305,learn,"学习，学会,习得,得知,记住,学习,认识到,获知",1
306,real,"真的,真实的，现实的,事实上的,真诚的,真正，实在,确实地,实在，现实,实数",1
307,change,"改变，变更,交换，替换,兑换,换衣服（床单）,改变，转变,交换，互换,换衣，更衣,变化，改变,交换，交替,零钱，找头,代替物",1
308,team,"队，组,团队,工作组,（野鸭等）群，同胎仔,协同工作,合作,把（牛马等）联套在车上",1
309,minute,"分，分钟,瞬间，片刻,备忘录,会议记录,把…记录在案,为…测定时间",1
310,best,"最好的( good和well的最高级),最愉快的,最幸福的,最合适的,最好地,最出色地,最高标准地,佼佼者,（个人的）最高水平,最重要的优越性,最好的东西，最合乎要求的事物,[口]打败，胜过",1
311,several,"几个的,专有的,各自的,分别的,几个，数个,一些",1
312,idea,"主意，想法,[哲]理念，观念,[乐]乐句,模糊想法",1
313,kid,"<口>小孩,小山羊，小山羊皮制品,欺骗，戏弄，取笑,较年幼的,小山羊皮制的",1
314,body,"身体,尸体,团体,物体,赋予形体",1
315,information,"信息，数据,通知,消息,知识",1
316,nothing,"没有东西,没有事情,无关紧要的东西,毫无趣味的事,无关紧要的人[事],零,无,毫不,决不",1
317,ago,"以前,过去的,之前",1
319,lead,"领导,引导,指挥,导致,用水砣测深,铅,榜样,枪弹,领头的,最重要的,领先的",1
320,social,"社会的，社会上的,交际的，社交的,群居的,合群的,联谊会，联欢会,社交聚会",1
321,understand,"懂，理解,了解,默认,听说,领会",1
322,whether,"其中的哪一个,可能的选择",1
324,watch,"注视，注意,看守，监视,守候（机会等）,密切注意,表,值夜，值班,值班人员,观看,注视,守候,看守",1
325,together,"同时,在一起,一致地,不间断地,稳定可靠的,做事有效率的",1
326,follow,"跟随，接着,继承,（按时间、顺序等）接着,从事,采用,理解,发生兴趣,由此产生,跟着人（或物）去（或来）,追随，跟随,[台球]推球，跟球打法（使竿击的球在击中目的球后继续滚动的打法）",1
328,parent,"父亲（或母亲）,先辈,根源，起源,保护者",1
330,stop,"停止,中断,逗留,（使）停止工作,塞住,堵塞,阻挠,止付,（管风琴的）音栓,停车站,（管风琴的）音管",1
331,face,"面容,表面,脸,方面,面对,面向…,正视,承认,（感到不能）对付,（明知不好办而）交谈,必须对付（某情况）,面临…",1
332,anything,"任何东西,（用于否定句、疑问句中以及 if 或 whether 和 prevent、ban、avoid 等动词后，代替 something）任何东西,重要东西,重要事物",1
333,create,"创造，创作,产生,封爵，把…封为（贵族）,[英][俚]大发脾气，大发牢骚",1
334,public,"公众的，公共的,公开的,政府的,人人知道的，知名的,大众,社会,公共场所,（文学家等的）爱读者",1
335,already,"早已，已经,先前",1
336,speak,"讲，谈,演说,从某种观点来说",1
337,others,"[]  [],别的( other的名词复数 ),其他的,（两个中的）另一个,其余的",1
338,read,"阅读，朗读,显示,研究,看得懂,阅读,读懂，理解,读物,读书,里德（人名）,被朗读的,博识的,博览的,有学问的",1
339,level,"水平，水准,水平线，水平面,水平仪,[物]电平,水平的,同高度的,平均的,平稳的,使同等,对准,弄平,拉平,（用枪等）瞄准（与 at 连用）,变得平坦,将（话、批评等）对准目标,瞄准",1
340,allow,"允许,承认,给予,准许（做某事）,容许,考虑",1
341,add,"增加,补充,附带说明,把…包括在内,做加法,累积而成,扩大,加法，加法运算,（一篇报道的）补充部分",1
342,office,"办公室,办公楼,问询处,重要官职",1
343,spend,"用钱，花钱,花费,消耗,花（时间）,度过,（为某目的或某段时间内的）花销，花费，开销",1
344,door,"门，户,出入口,一家[户],通道",1
345,health,"健康状况,卫生,保健,昌盛，兴旺",1
346,person,"人,（语法）人称,身体,容貌",1
347,art,"艺术,艺术作品,（需要技术、工艺的）行业,文艺（包括绘画、雕塑、建筑、音乐、舞蹈、戏剧、文学等）,thou art 即 you are,对一人讲话时用,艺术的,（为）艺术家的,艺术品的,具有艺术性的,[口语]（把…）装饰得古色古香，（把…）装饰得古怪而有艺术趣味，把…装饰得有艺术价值,把…加以艺术乔装，使艺术化[仅用于 art up 短语中]",1
348,sure,"确信的，确实的,有把握的,无疑的,一定的,当然,确实地,无疑地",1
350,war,"战争,战争期间,斗争,论战,进行战斗，作战,同…处于交战状态",1
351,history,"历史，历史学,发展史,履历，经历,（某地的）沿革",1
352,party,"社交聚会,党，党派,当事人,同类，伙伴,为…举行社交聚会,为…请客,参加社交聚会,政党的，党派的,社交的，聚会的,共有的，共同的",1
353,within,"在内，在里面,在屋内,在心中，心里是,不超过，在…的范围内,在…能达到的地方,在…内，在…里面,内部，里面",1
354,grow,"种植,扩大,扩展,增加,生长,渐渐变得,逐渐开始,（使）留长，蓄长",1
355,result,"结果,（尤指足球比赛的）胜利,[体]比分,成功实现的事,发生，产生,归结为，导致,后果，终结,由…而造成[产生]",1
356,open,"敞开的，开着的,公开的，公共的,坦率的,有议论余地的,（打）开,开始,睁开,启动,户外，野外,空旷,公开,使打开,展示，显现,张开,开放,开张营业,为（建筑物）揭幕",1
358,morning,"早晨,上午,黎明,早期，初期",1
359,walk,"走,步行,散步,步态,人行道,步行的路径,行走,陪伴…走,徒步旅行,不翼而飞,牵着（动物）走，遛，赶着…走",1
360,reason,"理由,原因,理性,理智,推理，思考,争辩,辩论,向…解释",1
361,low,"低的，矮小的,楼下的，低洼的,沮丧的,下贱的,低声地,谦卑地,底下地,低点,低水平,牛的叫声,（牛）哞哞叫",1
362,win,"（在…中）获胜，赢,战胜（对手）,（通过努力等）赢得,说服,达到（目的、要求等）,获得…,（体育比赛中）胜利，赢,[常用复数]赢得物,收益,顺利到达，成功",1
363,research,"研究，追究,探讨，探测,调查,探索,做研究,探究,（从市场调研中）得出所预测的结果,从事…的研究，为…而做研究",1
364,girl,"女孩,姑娘，未婚女子,女职员，女演员,（男人的）女朋友",1
365,guy,"家伙，伙计,（架设天线、支撑帐篷等用的）牵索,[复数]各位,一群男人（或女人）,（用牵索等）牵拉,（用拉索等）固定,开…的玩笑,取笑,[俚语]逃亡，逃走,乱演某角色",1
366,early,"早的,早期的,早日的,（果实等）早熟的,早,在初期,先前,提早",1
367,food,"食物，食品,粮食,养料,资料",1
369,moment,"瞬间，片刻,时刻,重要，紧要,[物]力矩",1
370,himself,"（反身代词）他自己,（用以加强语气）他亲自，他本人",1
371,air,"天空,气氛,空运,（简单易记的）曲调,晾晒,烘干,播送,广播,使房间通风， 透气",1
372,teacher,"教师，教员，老师，先生,[航]教练机",1
373,force,"力,武力,（社会）势力,魄力,强迫,强行,促使，推动,强奸",1
374,offer,"提供，给予,提出，提议,出价，开价,表示愿意,提议,企图，想要,供奉,试图,求婚",1
375,enough,"足够地，充足地,十分地,充足的,足够的,充分，足够,满足,够了",1
377,education,"教育,教育学,培养,训练",1
378,across,"穿过,横穿，横过,与…交叉,在…对面,横过，越过,在对面,交叉,斜对面",1
379,although,"尽管,虽然,但是,然而",1
380,remember,"记得,牢记,记着,纪念,回想起,送钱[礼物]给…",1
381,foot,"脚,底部,英尺(=12 英寸或 30。48 厘米),脚步,走，踏,结算，总计，共计",1
382,second,"秒,瞬间,次货,第二份食物,第二的,次要的,居第二位的,另外的,第二,其次,以第二位,支持,临时调派,附议,赞成提案",1
383,boy,"男孩，少年,儿子,小伙子，家伙,服务员",1
384,maybe,"也许,可能,大概,不确定性",1
385,toward,"对于,向,为了,接近,即将来到的,进行中的",1
386,able,"能够的,有能力的,有才干的,干练的",1
387,age,"年龄,时代,老年,年龄段,（使）长大,使显老,使变老,使苍老,[化学]老化,陈化，熟化,（吸毒者随年龄增长而主动）戒毒，戒除毒品,[化学]使老化,使陈化,使熟化,估计，推测（马的年龄）",1
389,policy,"政策,策略,保险单,策略性",1
390,everything,"每件事物,最重要的东西,（有关的）一切,万事",1
391,love,"爱，热爱,爱戴,喜欢,赞美，称赞,喜爱,喜好,爱慕,爱情，爱意,疼爱,热爱,爱人，所爱之物",1
392,process,"过程,工序,做事方法,工艺流程,加工,处理,审阅,审核,列队行进,经过特殊加工（或处理）的",1
393,music,"音乐,乐曲,乐谱,乐队",1
394,including,"包括,包含,包括( include的现在分词),列入,包住",1
395,consider,"考虑,把（某人，某事）看作…，认为（某人，某事）如何,考虑，细想,认为,看重,以为,仔细考虑,深思",1
396,appear,"出现，显现,出庭，出场,演出,发表",1
397,actually,"实际上,事实上,确实,竟",1
398,buy,"购买，购得,交易，买卖,便宜货,够支付,买通,收买,贿赂",1
399,probably,"大概,或许,很可能,备不住",1
400,human,"人，人类,人的,有人性的,显示人类特有弱点的,人本性的",1
401,wait,"等候,等待,（尤指长期地）希望,盼望,准备妥,在手边,可得到,可使用,推迟，搁置，延缓",1
402,serve,"（为…）服务,任（职）,提供,端上,招待,（为…）工作,对…有用,向…供应,适合,服役,供职,[网球、羽毛球]发球,网球等发球,发球权,所发的球",1
403,market,"交易,市集,需求,交易情况，行情,在市场上出售某物,推销,<美>去市场买东西",1
404,die,"死亡，熄灭,凋零，枯萎,渴望，盼望,钢型，硬模,骰子",1
405,send,"送,使作出（某种反应）,派遣,使进入（某状态）,用无线电波发送，发出信息,派遣，发出，派人,[仅用作定语]用于发送的",1
406,expect,"期望,预料,要求,认为（某事）会发生,预期,期待,怀胎,怀孕",1
408,sense,"感觉，官能,意识，观念,理性,识别力,感到,理解，领会,检测出",1
409,build,"建造，构筑,建立,开发,为…建立基础,建造，营造,扩大，扩展,发展，达到,体格，构造,〈俚〉优美的体型，肉体美",1
410,stay,"停留,停止,坚持,抑制,继续处于某种状态,逗留,延期,倚靠,忍耐",1
411,fall,"落下,跌倒,减少,沦陷,瀑布,秋天",1
412,oh,"（表示恐惧、惊讶、疑虑等）噢,啊,哎呀,冠于人名前，起呼语作用",1
413,nation,"国家,民族,国民,政府",1
414,plan,"计划,打算,平面图,示意图,计划，打算，设计",1
415,cut,"将（某物）切开（或分割）,削减,剪切,切成,删剪,电影,（为决定谁先出牌等）切牌,可被切割,可用于切割,切口,剪裁,切片",1
416,college,"大学,（英国）学院,学会,（尤指必须交费的）中学",1
417,interest,"兴趣，爱好,利害关系，利益,利息,趣味，感兴趣的事,使产生兴趣,使参与，使加入,引起…的意愿,使产生关系",1
418,death,"死亡,（某种）死法，死亡方式,病危,死神",1
419,course,"课程,航线,行动方向,一道菜,快速地流动,奔流,跑过,追逐,沿…（方向）前进,指引航线,快跑,迅速移动",1
420,someone,"某人，有人,某个人",1
421,experience,"经验，体验,经历，阅历,亲身参与，亲身经历,感受,发现",1
422,behind,"（表示位置）在…的后面,支持,（表示顺序）在身后,（表示比较）落后于,在后面,向后,在后面较远处,（落）在后面,〈口〉屁股",1
423,reach,"到达，走到,够…，抓…,完成,手脚能够到的范围,范围，区域,影响的范围，管辖的范围",1
424,local,"地方的,当地的，本地的,局部的,褊狭的,慢车,本地居民（律师、教士、医生）,住处附近的当地酒店,本地新闻",1
425,kill,"杀死…,使停止[结束，失败],破坏，减弱，抵消,使痛苦，使受折磨,使笑得前仰后合，使笑死了,杀死,猎,被捕杀的动物,猎物,致命的",1
426,six,"六,六个,六岁,六点",1
427,remain,"剩余物，残骸,残余,遗迹,遗体,留下,保持,留待,依然,搁置,剩余，剩下,逗留,终属，归于",1
428,effect,"影响,效果,印象,所有物,使发生,引起,产生（效果）",1
430,yeah,"( yes的俗音),（用于表示对后说的话不相信）,（用于作出回应）哦,是",1
431,suggest,"建议，提议,暗示,使想起,启示",1
432,class,"班,等级,阶级,种类,把…归入某等级，把…看作（或分类、归类）,把…编入某一班级,很好的，优秀的，出色的,属于…类（或等级），被列为某类（或某级）",1
433,control,"控制,管理,限制,支配,支配权,操纵者,（对国家、地区、机构等的）管理权,（键盘上的）控制键",1
434,raise,"提升,增加,养育,筹集,高处,举起",1
435,care,"关心,担心,照顾,喜爱,小心,忧虑",1
436,perhaps,"或许,（表示不确定）也许,（用于粗略的估计）或许,（表示勉强同意或其实不赞成）也许,假定,猜想,未定之事",1
438,late,"晚的，迟到的,时间不早的,已故的,原来的，之前的,临近终了的,晚，迟,后期地,最近地",1
439,hard,"困难的,硬的,有力的,努力的,努力地,猛力地,严重地,沉重地,英〉硬海滩，登陆处",1
440,field,"田,（作某种用途的）场地,（学习或研究的）领域,运动场,[棒球、板球等]担任外场员，担任守队队员,接守，接防,接，掷还（球）,实地的,[体育]1)。 在田赛场地进行的2)。 田赛的,军事]野战的,在实地工作的,保护,把（农作物等）晒在场上,[棒球、板球等]按（或截）（球）,即席圆满回答",1
441,else,"其他,否则,另外,别的,其他的",1
442,pass,"走过,通过,批准,度过,传球,及格,发生,不要,通道,通行证,关口,越过",1
443,former,"以前的，从前的,在前的,前任的,模型，样板,构成者，创造者,起形成作用的人,[无线]线圈架",1
444,sell,"卖，售,使好卖,使接受，使赞成,销售,经销,推销,出卖,欺骗,失望,推销术,卖,出售,受欢迎,有销路",1
445,major,"主要的,重要的,大调的,主修的（课程）,主修科目,大调,陆军少校,成年的,<美>主修，专攻,[美国英语][教育学]主修(in),专攻",1
446,sometimes,"有时，间或,时而",1
447,require,"要求,需要,想要,命令,要求，规定",1
448,along,"一起,向前,进展,到某处,沿着,顺着,靠着…边",1
449,development,"发展，进化,被发展的状态,新生事物，新产品,开发区",1
450,themselves,"他[她，它]们自己,他们亲自,“himself”的复数,“herself”的复数",1
451,report,"报告,成绩报告单,传闻,流言蜚语,报道,公布,宣告,告发，举报,使报到",1
452,role,"作用,地位,角色",1
453,better,"较好的,更合适的,能力更强的,好转的,更好地,更妥,更,胜过,上进,更好者,更有才智者",1
454,economic,"经济的,经济学的,合算的,有经济效益的",1
455,effort,"努力，尝试,工作,成就,杰作",1
457,decide,"决定,决心,解决,裁决,下决心",1
458,rate,"速度,比率,等级,（利息等的）费率,估价,值得,责骂,定级,认为，把…算作,被评价,被认为,被列入,申斥",1
459,strong,"强的,坚强的,强烈的,强壮的,强劲地,猛烈地,大大地,坚强地",1
460,possible,"可能的,可接受的,合理的，可以允许的,不坏的,可能性，潜在性,可能的人物，可能有的事,最高分",1
461,heart,"心，心脏,感情,要点,胸部,鼓励,激励,结心",1
462,drug,"药物,药剂,麻醉药,毒品,（在食物或饮料中）投放麻醉药，下麻醉药,掺麻醉药于,使服麻醉药,使服毒品,使服麻醉药，用药麻醉，使服兴奋剂",1
464,leader,"领袖，领导者,负责人,指挥者,领唱者",1
465,light,"光,发光体,电灯,点火器,轻的,明亮的,浅色的,少量的,点燃,照亮,用光指引,轻地，轻装地",1
466,voice,"嗓音,（动词的）语态,呼声，发言权,歌唱才能,发音,表达，说出,给（一部乐曲）配上声部,给（如管风琴音管）整声",1
467,wife,"妻子，太太,夫人，老婆,已婚妇女",1
468,whole,"全部的，所有的,完整的,整体，整个,全部",1
469,police,"警察部门,警方,警察,治安,（警察、军队等）巡查,维护治安,（委员会等）监督,管制,警察的,有关警察的",1
470,mind,"心，精神，心力，知，智力，智慧,心胸，头脑，人,愿望，目的，意向，意志，决心，见解，意见,记忆，记性，记忆力，回想,介意,注意,专心于,愿意做,照顾",1
471,finally,"最后，终于,总算,末后,结果",1
472,pull,"拉,扯,拉过来,划（船）,赢得,吸引异性,取消,（耍手腕）得逞,拖,爬,影响力",1
473,return,"回转，返回,复发，又来,送还,言归正传,归来，返乡,来回，汇成,赢利,统计表",1
474,free,"自由的,免费的,免税的,空闲的,免费地,自由地，无拘束地,一帆风顺地,免除,释放,使自由,解救",1
475,military,"军事的,军用的,讨厌的,好战的,军人,军队,武装力量",1
476,price,"价格，价钱,代价,价值,赏金,标价,定价,问…的价格,给…定价",1
478,less,"较少的（little的比较级）,较小的,较次的，较劣的,较不重要的,较少地，较小地,减去,少掉,不足,较少，较小",1
479,according,"依照,给予( accord的现在分词 ),使和谐一致,使符合,使适合",1
480,decision,"决定,果断,决议,（法院的）判决,[口语][拳击]靠判定击败（对手）",1
481,explain,"讲解，解释,说明…的原因，辩解,说明，解释，辩解",1
482,son,"儿子,孩子,男性后裔,圣子（耶稣基督）",1
483,hope,"希望，期望,希望的东西,被寄予希望的人或事物、情况,抱有希望的理由,[俚语]相信，认为,希望，盼望，期待",1
485,develop,"发展,生长,形成,发达,开发,研制,冲洗（胶片）",1
486,view,"看法,风景,视域,[建筑学]视图,看,看待",1
487,relationship,"关系,联系,浪漫关系,血缘关系",1
488,carry,"支撑,携带,输送,运载,运送,搬运,具有,（文学、戏剧等）对读者,扔（或踢）到…距离,（马等）具有某种姿势,传得很远,（枪炮、火箭等的）射程,运输，运送",1
489,town,"城镇，市镇,小村庄,城镇居民,商业中心",1
490,road,"路,通路,途径,方法,在…设置路障,（狗）沿臭迹追逐（猎物）,（狗）闻着臭迹追",1
491,drive,"驾驶,开车,驱动,迫使,驱车旅行,驱动力,车道,驱动器",1
492,arm,"臂,武器,[复数]战事,权力,准备（斗争），准备行动（against）,装备（防御工事）,准备（攻击或迎击）,配备,防护",1
493,true,"真正的,真实的,忠实的,正确的,真正地,确实地,正确地,正当地,真理，真实,正，准，精确,摆正,决定（某物）的位置以使其平衡、平稳或水平",1
494,federal,"联邦（制）的,同盟的,联邦主义者,同盟盟友",1
495,break,"（使）破,打破（纪录）,（常指好天气）突变,开始,（嗓音）突变,突破,破晓,（价格）突然下跌,破裂,中间休息,间断,短假",1
497,difference,"差别，差异,[数]差数，差额,意见分歧,特色,辨别，区分",1
498,thank,"谢谢，感谢,责怪，把…归于,感谢，谢谢，道谢的话",1
499,receive,"收到,接到,接纳,接待,接收,受理,欢迎,承受,接到，获得,接见，欢迎,[电子学] 接收,[橄榄球] 接球",1
500,value,"价值，价格,意义，涵义,重要性,（邮票的）面值,评价,重视，看重,估价，给…定价",1
501,international,"国际的,两国（或以上）国家的,超越国界的,国际关系的,国际组织,国际体育比赛,外国居留者,国际股票",1
502,building,"建筑物,楼房,房屋,建筑（艺术或行业）,build的现在分词",1
503,action,"行动，活动,功能，作用,手段,[法]诉讼",1
504,full,"满的，装满的,完全的，完整的,丰富的,详尽的,极其，十分,充分地，完全地,整整,直接地,充分，完全,全部,完整,极盛时,把衣服缝得宽大,把裙子缝出皱褶,[印]蒸洗，漂洗",1
505,model,"模型,模特儿,模式,典型,做模特儿,模仿,制作模型，塑造,将…做成模型,典型的，模范的",1
506,join,"连接,联结,加入,参加,结合,参与,上（火车、飞机等）,上（路）,接合处,接合点",1
507,season,"季节，季,时期,活动期，时令,暂时,使适应，使适用,调味,使变干燥",1
508,society,"社会,上流社会,社团,社群,上流社会的，社交界的",1
510,tax,"使负重担,消耗精力,向…征税,责备，谴责,税，税额,负担",1
511,director,"主管，主任,董事，理事,负责人，监督者,导演",1
513,position,"位置，方位,地位，职位,态度,状态,安置,把…放在适当位置,给…定位,驻扎军队",1
514,player,"演员,[体]运动员,[音]演奏者,播放机",1
515,agree,"同意，赞同,[语]一致，符合,商定，约定,意见相合,（气候、食物等）适宜,同意，承认,使和谐一致,认为正确无误",1
516,especially,"尤其地,主要地，格外地,显著地,异常地",1
517,record,"记录，记载,档案，履历,唱片,最高纪录",1
518,pick,"挑选，挑拣,挖，采，摘，剔，扒,挑剔,选择,收获,精华",1
519,wear,"穿着，戴着,面露,留着（胡须等）,磨损,耐用,保持不变,磨损，耗损,逐渐或枯燥地通过,穿着,穿戴物，衣物,磨损，穿旧,耐用性",1
520,paper,"纸,文件,论文,文章,贴纸,包装，用纸覆盖,贴壁纸,提供纸张,[俚语] 提供免费入场券,贴糊墙纸,发交通违章传票,纸制的,似纸的,有名无实的",1
521,special,"特殊的,专门的,专用的,重要的,专车,特价,特刊,特约稿",1
522,space,"空间，太空,空白，间隔,空隙,片刻,把…分隔开，留间隔于…之间,以一定间隔排列",1
523,ground,"地面，土地,基础,范围,阵地，战场,搁浅，停飞,着陆,把…放在地上,在…的基础树立上,交给…基本知识,使…受初步训练,grind的过去式和过去分词",1
524,form,"形状，形式,外形,方式,表格,形成,构成,组织,塑造,形成，产生,排队，整队",1
525,support,"支持,帮助,支撑,维持,支持者,[数学]支集,支撑物",1
526,event,"事件，大事,活动，经历,结果,运动项目",1
527,official,"行政官员,公务员,[体]裁判,高级职员,官方的，法定的,公职的，公务的,官气十足,正式的",1
528,whose,"谁的,那个人的，那些人的,他的，他们的",1
529,matter,"事件,（讨论、考虑等的）问题,重要性,物质,要紧，重要,化脓,有重大影响,有重要性",1
530,everyone,每人，人人,1
531,center,"中心,（球队的） 中锋,中心区,中枢,中央的，位于正中的,（在）中心的,集中,使聚集在一点,定中心,居中,居中，有中心，被置于中心",1
532,couple,"对，双,配偶，夫妻,<口>几个，两三个,连在一起，连接,成双，结婚,性交，交配",1
533,site,"地点，位置，场所,[计算机]网站,遗址,地皮,使坐落在,安放，设置,给…造址,为…提供场所",1
535,project,"放映,计划,发射,展现，使突出,伸出，突出",1
536,hit,"打，打击,碰撞,击（球）,（在精神上）打击（某人）,猜中,迎合,（演出等）成功,批评，讽刺,（风暴、疾病等）袭击,抨击,（偶然）碰上,（突然）想到（与 on, upon 连用）",1
537,base,"基础,基地,根据,基数（如十进制的10 和二进制的2）,基于,把…建立在,把…放在或设在（基地）,把…置于底座（或基座）上,卑鄙的,低级的,贱的，劣的,庶生的",1
538,activity,"活动,活跃，敏捷,活动力,教育活动",1
539,star,"星,星状物,星级,明星,主演,（在文字等旁）标星号",1
540,table,"表，目录,桌子,手术台，工作台，游戏台,平地层,制表,搁置,嵌合,桌子的",1
542,court,"法院，法庭,院子，天井,宫廷,网球场,招致,设法获得,向…献殷勤,追求,求爱，求婚,寻求",1
543,produce,"生产,产生,制作,创作,制造,出示,引起,[经济学]生利,产品,产量,产额,结果",1
544,eat,"吃，喝,（食物）吃起来感到,咬,（人）感到苦恼（或烦恼）,侵蚀，腐蚀,（如酸）腐蚀,吃完,吃得使,侵蚀成",1
546,teach,"教,教导，训练,教授,教书",1
547,oil,"油,石油,油画,燃油,给…加油,化成油",1
548,half,"一半的，半个的,半,一半,（啤酒等饮料的）半品脱,（比赛、音乐会等的）半场,部份地",1
549,situation,"（人的）情况,局面，形势，处境,位置,[心理学]情境",1
550,easy,"容易的,舒适的,宽裕的,从容的,容易地,不费力地,悠闲地,缓慢地,停止划桨（常用作命令）,向（水手或划手）发出停划命令",1
551,cost,"价钱，代价,花费，费用,牺牲,[用复数][法律]诉讼费,价钱为，花费,估计成本,付出代价,估价,使丧失,使付出努力",1
552,industry,"工业,产业（经济词汇）,工业界,勤劳",1
553,figure,"数字,算术,人物,身材,计算,出现,扮演角色,计算在内,估计,推测,认为",1
555,street,大街，街道,1
556,image,"影像,肖像,概念，意向,镜像，映像,反映,想像,作…的像,象征",1
557,itself,"(it的反身形式),它自己，它本身,自身，本身",1
558,phone,"电话,听筒,（发声或使用声音的）工具,说某种语言的,打电话（给某人）",1
559,either,"（两者之中）任何一个,（两者中）任一的,非此即彼的，两者择一的,（否定句中）也,[用于否定句或否定词组后]也（不…），亦，而且,[口语] [用于否定句或否定词组后以加强语气]根本,当然,[通常用于“either…or…”结构中]或者，要么[在“either…or…”结构中，动词的人称和数一般与离得最近的主动响应，但有时用第三人称单数，在口语中也有把两个主语合在一起用作复数的]",1
560,data,"资料，材料,datum的复数,[计算机]数据，资料,从科学实验中提取的价值",1
561,cover,"遮盖,掩蔽,涉及,洒上,覆盖物,避难所,掩护,封面",1
562,quite,"相当，很,非常,确实如此",1
563,picture,"照片，画像,图画，图片,影片,情景,构想，想象,描绘，画,描述",1
564,clear,"清楚的，明白的,清晰的，明亮的,清澈的,明确的,完全地,清晰地,整整,变明朗,变清澈,扫除，除去,消除（嫌疑）,使清楚,使干净,空隙，空间",1
565,practice,"练习,实践,（医生或律师的）业务,惯例,实行,惯常地进行,实习,实行，实践,执业",1
566,piece,"块，片，段,部分，部件,文章，音乐作品,修补,连接，接上",1
567,land,"陆地,国家,地产,土地,（使）登岸,降临,使陷于（困境）,使不得不应付,自船上卸下,获得,捕到,钓到（鱼）,跳落，跌落，被抛落（地面）",1
568,recent,"最近的,新近的,近代的,[地]全新世的",1
569,describe,"描写，形容,叙述,描绘，作图,（行星等）周转",1
570,product,"产品,结果,乘积,作品",1
571,doctor,"医生，大夫,博士,神学家,医疗设备,医疗，行医,修理，装配,假造,搀杂,修改，修饰",1
572,wall,"墙,屏障,隔阂,壁垒,筑墙围住，用墙隔开,围以墙,墙壁的",1
573,patient,"有耐性的,能容忍的,患者,病人,病号",1
574,worker,"工人，员工,劳动者,[虫]工蜂，工蚁",1
575,news,"新闻,消息,（可当作新闻内容的）人,物",1
576,test,"试验,考验,测验,化验,考查,勘探,受试验,受测验,受考验,测得结果",1
577,movie,"电影,电影院,电影业",1
578,certain,"某一,必然的,已确定的,[动词用复数]某些",1
579,north,"北方,北部,（美国南北战争时与南方作战的）北部各州,北方发达国家（尤指欧洲和北美各国）,北方的,北部的,朝北的,（风，光线）来自北方的,在北方,自北地,向北方",1
581,personal,"个人的，私人的,身体的,亲自的,人身攻击的,（报刊上的）人事栏，分类人事广告版,人称代名词,关于个人的简讯",1
584,simply,"简单地，朴素地,（引出概括或解释）不过，仅仅,简直,<非正>实在",1
585,third,"第三,三分之一,第三档,第三的,三分之一的",1
586,technology,"科技（总称）,工业技术,工艺学,[总称]术语",1
587,catch,"赶上,接住,引起,看见,（使）被钩住，（使）被卡住,抓,隐情,捕获量,挂钩,锁住,着火,[棒球]当接球手,迷惑人的,令人容易上当的,引人注目的,令人感兴趣的",1
588,step,"步，脚步,步骤，手段,步调,级别,举步，行走,踩，踏上,跨入,轻快地走,踏，踩,走,跳舞,迈步,使成阶梯状",1
589,baby,"婴儿,婴孩,幼崽,宝贝儿,把…当作婴孩看待，娇养,纵容,小孩似的,孩子的,小型的",1
590,computer,（电子）计算机，电脑,1
591,type,"类型,铅字,（印刷或打印的）文字,于…类型的,打字,[医学]测定（血型）,按类型把…归类,成为…的典型,[印刷]浇铸（铅字等）",1
592,attention,"注意，注意力,照料，关怀,殷勤,[口令]立正",1
593,draw,"绘画,拖，拉,招致,吸引,画,拉,移动,拔出剑,皱缩,汲取,平局,抽奖",1
594,film,"影片,电影,胶片,薄层,（把…）拍摄（成）电影[电视等],上镜头,（给…）覆上一薄层,生薄膜,变得朦胧",1
595,republican,"共和国的,共和政体的,共和主义的,<美>共和党员,拥护共和政体者，共和主义者,<美>共和党的",1
596,tree,"树,木料,树状图,宗谱,把…赶上树,使处于困境,把鞋型插入（鞋内）",1
597,source,"根源，本源,源头，水源,原因,提供消息的人,（从…）获得,发起,向…提供消息,寻求（尤指供货）的来源,原料来源,起源,寻求来源,寻求生产商（或提供商）",1
598,red,"红色的,（脸）涨红的,烧红的,红头发的,红色,红衣服,红颜料,红葡萄酒",1
599,nearly,"几乎，差不多,险乎",1
600,organization,"组织,机构,团体,有组织的",1
601,choose,"挑选,认为…比其它更可取,决定或选定,选择,进行挑选",1
602,cause,"原因,动机,理由,事业,成为…的原因,导致,引起,使遭受",1
603,hair,"头发，毛发,（动、植物的）毛,一丝丝，些微,毛发织物",1
606,century,"百年，一世纪,百个,（板球）一百分,<美>百元钞票",1
607,evidence,"证词,证据,迹象,明显,使明显,显示,表明,证实",1
608,window,"窗，窗户,窗口,〈美俚〉眼镜",1
609,difficult,"困难的,难做的,难解的,不易相处的",1
610,listen,"倾听,留心听,听信,（让对方注意）听着,听，倾听",1
611,soon,"立刻，马上,一会儿，不久,快,宁愿",1
612,culture,"文化,[生物学]（微生物等的）培养,修养,养殖,培植，培养",1
613,billion,"十亿,数以十亿计,大量,一万亿,（法美）十亿的,（英德）万亿的,无数的",1
614,chance,"机会，机遇,概率，可能性,偶然，运气,偶然发生,冒险,碰巧,偶然被发现,意外的,偶然的,碰巧的",1
615,brother,"兄弟,同事，同胞,同志,（表示生气或吃惊）我的老兄！",1
616,energy,"[物]能量,活力,精力,精神",1
617,period,"时期,（一段）时间,学时,句号,具有某个时代特征的,（关于）过去某一特定历史时期的,（家具、服饰、建筑等）某一时代的",1
619,summer,"夏，夏天,全盛时期，黄金时代，壮年时期,[建]大梁，檀条，楣，柱顶石,岁数,夏季的,度过夏季，避暑,使度过夏季，夏季放牧（家畜）",1
621,realize,"实现,了解，意识到,（所担心的事）发生,以…价格卖出,变卖，赚得",1
622,hundred,"一百,许多,100 到 999 间的数目,某个世纪的年代,一百的,许多的",1
623,available,"可获得的,有空的,可购得的,能找到的",1
624,plant,"植物，草木,设备,工厂,庄稼,种植,安，插,建设，布置,移民于",1
625,likely,"可能的,适合的,有希望的,可能,或许,大概,多半",1
626,opportunity,"机会,适当的时机良机,有利的环境，条件",1
627,term,"学期,条款,术语,期限,把…称为,把…叫做",1
628,short,"短的，短暂的,矮的,短缺的,短期的,突然,唐突地,简短地,横贯地,短裤,短路,缺乏,故意少给…的零头，骗取",1
629,letter,"信,证书，许可证,字母，文字,字面意义,用字母标明,写字母于,加标题,写印刷体字母",1
630,condition,"状态,环境,健康状况,条款,制约,限制,使习惯于,使适应,对…具有重要影响,影响（某事发生的方式）,保持（头发或皮肤等的）健康,养护",1
631,choice,"选择,选择权,精选品,入选者,上等的，精选的",1
633,single,"单一的,（打斗、比赛等）一对一的,惟一的,适于一人的,单程票,（旅馆等的）单人房间,[复数]（高尔夫球一对一的）二人对抗赛,[常用复数][美国、加拿大英语]未婚（或单身）男子（或女子）,挑选,作一垒手",1
634,rule,"规则，规定,统治，支配,章程,控制，支配,判定,裁定，裁决,价格稳定,统治,规定,管理,裁决,管辖,裁定",1
635,daughter,"女儿,产物，后代,（某地的）妇女,[生]子代,女儿般的,[生]第一代的,子代的",1
636,administration,"管理,实行,（政府）行政机关,（法律、处罚等的）施行",1
637,south,"南方,南部,美国南方各州,（南半球的）发展中国家,南的,（风）来自南方的,南风的,南方吹来的,向南方，在南方",1
638,husband,"丈夫,〈英〉管家,〈古〉节俭的管理人,船舶管理人,节俭地使用,〈罕〉做…的丈夫",1
639,congress,[]  [],1
640,floor,"地面，地板,楼层,底部,议员席,铺地板,击败，打倒",1
641,campaign,"运动,竞选运动,战役,季节性竞赛,参加[发起]运动，参加竞选,参战，参加战役,作战",1
642,material,"材料，原料,素材,布，织物,适当人选,物质的,肉体的,重要的，决定性的,辩证的，推论的",1
643,population,"人口,全体居民,特定[生物]种群,[物]布居",1
646,economy,"节约,经济,理财,秩序",1
647,medical,"医学的,医药的,医疗的,内科的,体格检查",1
648,hospital,"医院,收容所,养老院,〈古〉旅客招待所",1
649,church,"[宗]教堂,[宗]教徒,[宗]教派,[宗]教会,教会的,礼拜的,领…到教堂接受宗教仪式",1
650,close,"紧密的,亲密的,亲近的,关,结束,使靠近,关闭,紧密地",1
651,thousand,"一千,数千,许许多多,千位数,一千的,一千个的,成千的,许许多多的",1
652,risk,"危险，冒险,保险额,被保险人或物,冒…的危险,使…冒风险（或面临危险）",1
653,current,"现在的,最近的,流行的,流传的,趋势,电流,水流,涌流",1
654,fire,"火，燃烧物,火灾,射击，发射,热情,开火，射击,燃烧,引爆炸药,充满热情,<口>解雇,射（箭）,激励,射出（子弹）",1
655,future,"将来的，未来的,[语法学]将来时的,前途,[美国俚语]未婚妻,期货",1
656,wrong,"有毛病的，失常的,错误的，不正确的,不好的，不公正的,反对的，相反的，颠倒的，背面的，里面的,不对，错误，失当,不好，不公正,逆，颠倒，翻转,有毛病，不舒服,过失，错误,不义的行为,不义行为,犯罪,委屈，无理地对待，诽谤",1
657,involve,"包含,使参与，牵涉,围绕，缠绕,使专心于",1
658,defense,"(D-)（美国）国防部，防卫，防卫物,谋划抵御",1
659,anyone,"任何人,任何一个,谁",1
660,increase,"增加，增大，增多,增强，增进,[缝纫]放（针）,增强,增进,增殖，繁殖,[缝纫]放针",1
661,security,"安全,保证，担保,保护，防护,有价证券,安全的，保安的，保密的",1
662,bank,"银行,（条形的）堆,（河的）岸,库存,堆积,筑（堤）,将（钱）存入银行,（转弯时）倾斜飞行,（在某银行）开账户，存款,（用煤等）封炉火",1
663,myself,我自己，亲自,1
664,certainly,"无疑,当然,确定,肯定",1
665,west,"西，西部，西方,在西方的,西部的,朝西的,（风）来自西面的,向西，朝西,自西方,向西方",1
666,sport,"体育运动,乐趣,突变,朋友，老兄,得意地穿戴,夸示,故意显示,嬉戏",1
667,board,"板,董事会,甲板,膳食,上（船、车或飞机）,收费供…膳宿,使搭伙，使寄宿,强行登（船）,（火车、轮船、飞机等）接受乘客,搭伙，寄宿",1
668,seek,"寻找，探寻,追求，谋求,往或朝…而去,[废语]考察,查找，查寻,找一找",1
669,per,"由,（表示根据）依照,（表示比率）（尤指数量，价格，时间）每,每次,每个,照常,按惯例,高的，过的，全的",1
670,subject,"主题，话题,学科，科目,[哲]主观,须服从…的,（在君主等）统治下的,提供，提出,使…隶属",1
671,officer,"军官，警官,高级职员,公务员,船长,指挥,统率,管理,配置军官",1
672,private,"私有的，私人的,秘密的,内心的,平民的，无官职的，士兵的,列兵，士兵，[陆]二等兵,〈古〉私人，个人,阴部，生殖器",1
673,rest,"休息,剩余部分,支持物,宁静，安宁,（使）休息,（使）倚靠[支撑],静止,停止,安心,使休息,使轻松,使长眠,使依赖",1
674,behavior,"行为,态度,（机器等的）运转状态,（事物的）反应",1
675,deal,"[牌戏]分,分配,经营,施予,（一笔）交易,许多,待遇,发牌,论述,（有效地或成功地）处理,惩处,交易,冷杉木制的，松木制的",1
676,performance,"表演,演技,表现,执行",1
677,fight,"战斗,斗争,打架,吵架,斗志",1
678,throw,"投掷,丢,抛,投掷的距离,掷（色子）,猛动（头、臂、腿）,使处于，使限于",1
679,top,"顶，顶部,（箱子）盖，（书页等的）上栏,首席,陀螺,最高的,顶上的,头等的,最大的,形成顶部,达到…的顶端,处于…的最前头,领导,总结,超越,高耸,结束",1
680,quickly,"迅速地,立即,马上",1
681,past,"过去的，以前的,结束的,前任的,过去，过往,往事,[语]过去时,超过，超出,远于,越过,经过，超过",1
682,goal,"目标，目的,球门,终点,得分",1
684,bed,"床,苗圃,河床,（地下由黏土、岩石等构成的）地层,把…固定在,（某人）发生性关系,给人铺床,上床,分层",1
685,order,"命令,秩序,规则，制度,次序,订购,整理,下订单",1
686,author,"著作家,作者,创造者,发起人,创作出版",1
687,fill,"（使）充满，（使）装满,满足,配药,（按订单）供应,使充满（感情）,填满…的量,充分,装填物,路堤",1
688,represent,"表现，象征,代表，代理,扮演,作为示范,代表,提出异议",1
689,focus,"（使）集中，（使）聚集,调整（镜头，眼睛）焦点[焦距]以便看清,调整（眼睛或者镜头的）焦距,集中（光束于）,聚焦，注视,集中注意力,焦点,影象的清晰度,（活动、注意力、兴趣等的）中心,[医]病灶，病症",1
690,foreign,"外国的，外交的,外来的,不相干的,[医]异质的",1
691,drop,"（使）落下,投下,（使）降低,减少,放弃,停止,（故意）降下,垂下（眼睛）,滴,空投,降落,少量,（水或其他液体）滴,结束,（因受伤或死等）倒下,退出",1
693,blood,"血，血液,流血，杀戮，杀人（罪），牺牲,有…类型的血的，血统,血气，气质,用血染（皮革等），用血弄湿,使出血，抽…的血,让新人初试做某事，使先取得经验",1
694,upon,"在…上面,当…时候",1
695,agency,"代理,机构,力量",1
696,push,"推，推动,推动，增加,对…施加压力，逼迫,按,说服,推，决心,大规模攻势,矢志的追求,推进,增加,努力争取",1
697,nature,"自然,天性,天理,类型",1
698,color,"<美>颜色，色彩,肤色，脸色，血色,颜料，染料,本质,<美>给…涂颜色,改变…的颜色,粉饰，渲染，使带上色彩,脸红",1
700,recently,"最近，近来,不久以前,近日,新近",1
701,store,"商店,贮存物,仓库,大量,贮存,（在计算机里）存储",1
702,reduce,"减少,缩小,使还原,使变弱,节食,蒸发,（液体）浓缩变稠",1
703,sound,"声音，声响,音调，声调,声波,嘈杂声,响，发声,听起来，好像,回响,[音乐]乐器等被奏响,使出声，使发声,清楚地发出,宣布，发表,颂扬,健全的,合理的,完好的，无损的,明智的,彻底地，充分地",1
704,note,"笔记,便笺,音符,钞票,注意,记录,对…加注释,指出",1
705,fine,"好的，上等的,纤细的，精致的,健康的,晴朗的,罚款,[音乐]终止,晴天,地租,澄清,很好地,巧妙地",1
707,near,"（空间）在近处,在附近,（时间）临近,（程度）几乎,（表示程度）接近,（表示位置）靠近,（表示时间）将近,接近于（某种状态）,近的,亲密的,近似,（亲属关系）近亲",1
708,movement,"运动,活动,动作，举动,乐章",1
709,page,"页,（计算机的）页面,年史,<文>重要事件,标记…的页数,翻页,喊出名字以寻找,（在公共传呼系统上）呼叫,翻书页,浏览",1
710,enter,"进入,开始,参加,登记",1
711,share,"股,（参与、得到等的）份,（分享到的或贡献出的）一份,市场占有率,共有,共用,均摊,分配,分开,共同承担,分享，分担(in)",1
713,common,"普通的,通俗的,[数学]公共的,共有的,[法律]（对土地、水域的）共有权,公共用地,普通,平民",1
714,poor,"贫穷的，贫乏的,令人怜悯的，可怜的,匮乏的,低劣的,the poor 贫困者，穷人",1
716,natural,"自然的,物质的,天生的,不做作的,自然的事情,（生来的）白痴,[乐]（风琴等的）白键",1
717,race,"赛跑,竞争,人种,民族,参加比赛,使比赛,快速移动,剧烈跳动",1
718,concern,"涉及，关系到,使关心，使担忧,参与,关心,关系，有关,顾虑,公司或企业",1
719,series,"系列，连续,串联,（广播或电视上题材或角色相同的）系列节目,级数",1
720,significant,"重要的,有意义的,有重大意义的,值得注意的,有意义的事物,象征，标志",1
721,similar,"类似的,同类的,相似的,同样的,类似物,相像的人,相似物",1
722,hot,"热的,辣的,激动的,热门的,使兴奋，使激动,紧迫的,变热",1
723,language,"语言，语言文字,表达能力,言语，语风，文风，文体,专门用语，术语",1
725,usually,"通常，经常，平常，惯常地,一直，向来,动不动，一般,素",1
726,response,"反应,回答，答复,[宗]回应经文，应唱圣歌",1
727,dead,"死去的,完全的,无感觉的,呆板的,完全地,非常,绝对,极度,死者,（死一样的）寂静,极寒时候",1
728,rise,"上升,增强,（数量）增加,休会,（数量或水平的）增加,兴起,（数量、价格、价值等的）增长,（日、月等的）升起,使…浮上水面,使（鸟）飞起,复活,发酵",1
729,animal,"动物，兽，牲畜,<俚>家畜，牲口,<俚>畜生（一般的人）,兽性,动物的,肉体的,肉欲的",1
730,factor,"因素,<数>因子,代理人,把…因素包括进去,[数学]分解…的因子，将…分解成因子,以代理商（或管家等）的身份行事，做代理商（或管家）,做代理商（或管家）",1
731,decade,"十年，十年间,十个一组,十年期",1
732,article,"（报章杂志中的）文章，论文,条款,物品,[语] 冠词,使受协议条款的约束,以协议（或契约）约束,订约将…收为学徒（或徒弟）,定约雇用,进行控告，提出罪状（或指责）(against),签订协议",1
733,shoot,"拍摄,射击,发芽,（用枪等）打猎,给…注射,射门，投篮,幼苗，嫩芽,发射,摄影,狩猎,感叹词（用于表示惊奇，并不强烈的愤怒或失望）",1
734,east,"东，东方,东方国家,〈诗〉东风,东方的，向东方的,从东方来的,向东方（地）",1
735,save,"节省,保存,储蓄,解救,挽救,救球,除…之外,救援，救援",1
736,seven,"七,七个,第七",1
737,artist,"艺术家,画家,能手,骗子",1
739,scene,"场面，现场,（戏剧的）一场,景色，风景,事件",1
740,stock,"股份，股票,库存,树干,家畜,常备的，存货的,陈旧的,提供货物,备有,出新芽,囤积",1
741,career,"生涯,职业,事业,速度，全速,作为毕生职业的,全速前进，猛冲",1
742,despite,"不管,尽管（自己）不愿意,不在乎,虽有,侮辱,憎恨,怨恨,轻蔑的拒绝或不承认",1
743,central,"中央的，中心的,重要的，核心的,电话总局,电话转接员",1
744,eight,"八,八个,第八,八人（或物）一组,八人划船队,八个的",1
745,thus,"于是，因此,如此，这样，像这样，例如,到这程度，到这地步，这么,如下,因此",1
746,treatment,"治疗，疗法,处理,待遇，对待",1
747,beyond,"超过,越过,那一边,在…较远的一边,在远处,在更远处,远处",1
748,happy,"幸福的,快乐的,巧妙的,〈口〉有点醉意的",1
749,exactly,"精确地,确切地,完全地，全然,恰恰",1
750,protect,"保护，保卫,贸易保护,备款以支付",1
751,approach,"接近，走近，靠近,接近,着手处理,使移近,试图贿赂（或影响，疏通）,方法,途径,靠近",1
752,lie,"躺,坐落在,处于…状态,说谎,谎言,谎话,状态,位置",1
753,size,"大小，尺寸,规模,胶料，浆糊,巨大，大量,按大小排列,改变…的大小,上胶料，上浆,上涂料,一定尺寸的",1
754,dog,"狗,蹩脚货,丑女人,卑鄙小人,困扰,跟踪",1
755,fund,"基金,储备,现款,特别基金管理机构,积存,为…提供资金,提供资金偿付（债款等）的本息,把（短期借款）转为有固定利息的长期借款",1
756,serious,"严肃的，严重的,认真的，庄重的,重要的,危险的",1
757,occur,"发生,出现,闪现",1
758,media,"媒体,[解剖学]血管中层,[语音学] 浊塞音,介质,[医]培养基",1
759,ready,"准备好的，现成的,即时的，敏捷的,情愿的,即将的,做好…的准备,预先,已完成地,现款",1
760,sign,"符号,手势,迹象,指示牌,签名,打手势",1
761,thought,"思想,想法,关心,思索,想( think的过去式和过去分词),以为,认为",1
762,list,"清单，目录,倾斜,布边，布头,狭条,列出，列入,把…编列成表,记入名单内,列于表上",1
763,individual,"个人的,独特的,个别的,个人,个体",1
764,simple,"简单的,单纯的,易受骗的,天真的,笨蛋,愚蠢的行为,出身低微者",1
765,quality,"质量，品质,美质，优点,才能，能力，技能，素养,品种,优质的，高质量的,上流社会的",1
766,pressure,"压（力）,压力,气压（或血压）（的缩略形式）,压（迫）感,施加压力,迫使,使（机舱等）增压",1
767,accept,"承认,同意,承兑,接受,承担",1
768,answer,"答复,解答,答辩,适应,回答,答案,反应,足以媲美的人",1
770,resource,"资源,物力，财力,办法,智谋",1
771,identify,"识别，认出,确定,使参与,把…看成一样,认同",1
772,left,"左边的，左侧的,左派的,左，左面,[军]左翼,左派，激进分子,向左,在左边,离开( leave的过去式和过去分词)",1
773,meeting,"会议,聚会,汇合点,运动会,相遇( meet的现在分词),相识,开会,接触（某物）",1
774,determine,"（使）下决心，（使）做出决定,决定，确定,判定，判决,使决定,限定,[主用于法律]了结，终止，结束",1
775,prepare,"准备,预备（饭菜）,配备,使（自己）有准备,筹备，进行各项准备工作,做好思想准备,作出，制订,锻炼（身体等），训练",1
776,disease,"疾病,弊端,不安,传染,使…有病",1
777,whatever,"无论什么,任何（事物）,诸如此类,（表示不在乎，什么都可接受）什么都可以,无论什么…都,无论怎样…都,任何…也",1
778,success,"成功，成就,好成绩，好结果,成功的人（或物）",1
779,argue,"坚决主张,提出理由证明,说服，劝告,表明，证明,争论，辩论,提出理由",1
780,cup,"杯子,一杯（的量）,（胸罩的）罩杯,优胜杯,使（手）窝成杯状,使（双手）成圆状托起,为…拔火罐",1
781,particularly,"特别,尤其,异乎寻常地",1
782,amount,"量，数量,总额,本利之和,全部效果，全部含义,（在意义、价值、效果、程度等方面）等于,等同，接近,合计，总共,发展成为",1
783,ability,"能力，资格,能耐，才能",1
784,staff,"参谋,全体职员,管理人员,权杖,行政工作的,参谋的,职员的,作为正式工作人员的,在…工作,为…配备职员,任职于",1
785,recognize,"认出,识别,承认,承认，确认,[法律]具结，立保证书",1
786,indicate,"表明，标示，指示,象征，暗示，预示,[医]显示需要做…的治疗",1
787,character,"性格,特点,字母,角色,刻，印,使具有特征",1
788,growth,"生长,增长,一茬植株,肿块，肿瘤",1
789,loss,"损失，减少,丢失，遗失,损耗，亏损,失败",1
790,degree,"[乐]音阶，度,[数]度，度数,程度,学位",1
791,wonder,"奇妙的,钦佩的,远超过预期的,惊奇,奇观,奇人,奇迹,对…感到好奇,感到诧异,想弄明白,怀疑，想知道,惊讶",1
792,attack,"攻击，进攻，抨击,攻击,抨击,（队员等的）进攻,（疾病）侵袭,非难,侵袭,损害",1
793,herself,"（反身代词）她自己,（用以加强语气）她亲自，她本人",1
794,region,"地区，地域，地带,行政区，管辖区,（大气，海水等的）层，界，境,（学问等的）范围，领域",1
795,television,"电视，电视机,电视节目,电视业",1
796,box,"盒,箱状物,包厢,哨房,把…装入盒[箱，匣]中,拳击",1
797,tv,"television 电视机,total volume 总量,test vehicle 实验用飞行器,terminal velocity 终端速度",1
798,training,"训练,培养,（枪炮，摄影机等的）瞄准,整枝法,训练，培养( train的现在分词),教育,瞄准,整枝",1
799,pretty,"漂亮的,机灵的，聪明的,相当，颇,漂亮的人（或东西）",1
800,trade,"贸易,行业,<美>顾客,买卖,交易，经商,交换,经营…交易，做…的买卖,以物易物",1
802,election,"选举，当选,选举权,[神]神的选择",1
803,everybody,"每人，人人,大伙儿,各位",1
804,physical,"自然（界）的,身体的,物质的,自然规律的,身体检查，体格检查",1
805,lay,"放置,铺放,涂，敷,产卵,世俗的,外行的,没有经验的,叙事诗,性伙伴",1
806,general,"大致的,综合的,总的，全体的,普遍的,上将,一般,一般原则,常规",1
807,feeling,"感觉，知觉，情绪,感情,气氛,富有感情的，有感觉的,有同情心的，仁慈的,感觉,认为(feel的现在分词)",1
808,standard,"标准，规格,旗，军旗,度量衡标准,直立支柱,标准的，合格的,普遍的，一般的,公认为优秀的",1
809,bill,"账单,钞票,清单,广告,安排,给…开账单,为…发提（货）单,把…登录在账,鸟嘴相接触",1
810,message,"信息,消息,要旨,教训,给…发消息,给…留言",1
811,fail,"失败，不及格,倒闭，破产,缺乏,衰退,破产,不足,不及格,使失望,忘记,舍弃,失败，失误,不及格者,[商]期货交割失期",1
812,outside,"在外面,向外面,在户外,露天,外面,（弯曲路面或轨道的）外道,（靠近路中央的）外侧,（建筑物等的）周围,外部的,集团外的,（选择余地、可能性等）非常小,可能性最大的,（表示位置）在[向]…的外面,（表示范围）超出…的范围,（表示排斥）除了（某人）",1
813,arrive,"到达，来,发生",1
814,analysis,"分析，分解,梗概，要略,[数]解析,验定",1
815,benefit,"利益，好处,救济金，津贴,义演，义卖,恩惠，恩泽,有益于，有助于,使受益,得益，受益",1
817,sex,"性别,两性之一,性，性特征,性活动,辨识性别,引起性欲,吸引",1
818,forward,"前进地,向前,至将来,提前地,向前方的,迅速的,（社会、政治）进步的,早熟的,促进，助长,（按新地址）转寄,发送,前锋",1
819,lawyer,律师，法学家,1
820,present,"现在的,目前的,出席的,[语法学]现在时的,现在,礼物,瞄准",1
821,section,"部分,节,部件,部门,切开,切断,做（动物或植物组织）切片,把（精神病患者）正式送入精神病院,把…切成片（或段）,作…的切片,把…作成截面,制作…的剖面图",1
822,environmental,"（个人）环境的，由个人环境产生的，周围的,环境艺术的",1
823,glass,"玻璃,玻璃制品,镜子,给某物加玻璃,反映,使平滑如玻璃,成玻璃状",1
825,skill,"技能，技巧,熟练，巧妙,才能，本领",1
826,sister,"姐妹,（称志同道合者）姐妹,修女,护士,姐妹般的,同类型的,如姐妹般相待",1
827,pm,"下午(Post Meridiem,等于afternoon),调相(Phase Modulation),(=prime minister)总理，首相,[化](=promethium)",1
828,professor,"教授,（大学的）讲师，教员,自称者，宣称者",1
829,operation,"操作，经营,手术,[数]运算,作用",1
830,financial,"财政的,财务的,金融的,有钱的",1
831,crime,"罪行，犯罪,罪恶,指控犯罪,判定犯罪,处罚军事犯",1
832,stage,"阶段,舞台,戏剧,驿站,上演，演出,筹办，举行,适于上演,坐公共马车旅行,举行,展现,上演,筹划,适于上演，适合在舞台上演出,乘公交车（或驿车）旅行,[军事]中间集结，扎营",1
833,ok,"[]  [],ohne kosten (German=without cost) （德语）不计价,不受约束,ola kala (Greek=all is fine, all is good) （希腊语）都很好（古代希腊水手最早使用）,outer keel 外（平板）龙骨",1
834,compare,"比较，对照,比拟，喻为,[语]构成,相比，匹敌,比较，区别,比拟（常与to连用）,比较",1
835,authority,"权威,权力,学术权威,[复数]当权者",1
836,miss,"（用于姓名或姓之前，对未婚女子的称呼）小姐,女士,失误,漏掉,错过（机会）,思念,没遇到",1
837,design,"设计,绘制,计划,企图,决意（做）,图案,结构,设计略图,（为工艺品、装潢项目等）设计,当设计师,构思",1
838,sort,"分类，类别,品质，本性,方法,一群,分类,整顿，整理,适合,挑选,把…分类,将…排顺序,交往,协调",1
840,act,"行动,表现,表演,起作用,行为,法案，法令,短节目",1
841,ten,"十，十个,第十,十个人,十点钟,十岁,十元纸币",1
842,knowledge,"了解，理解,知识（表示多方面的知识时有复数knowledges这一用法）,学科,见闻",1
843,gun,"枪,发令枪声,受雇杀人的枪手,喷射器,射击（某人）,给…加大油门,打猎,用枪打猎",1
844,station,"车站,所，局,身份,电视台,配置，安置,驻扎",1
845,blue,"蓝色,[复数]（美国海、陆、空三军穿的）蓝色制服,蓝颜料,[the blue(s)][用作单数或复数]布鲁斯（歌曲）（一种伤感的美国黑人民歌）,蓝色的,沮丧的，忧郁的,下流的,把…染成蓝色,使成蓝色,给…用上蓝剂,用上蓝剂于,变成蓝色，呈蓝色",1
847,strategy,"策略，战略,战略学",1
849,clearly,"明亮地,明净地,明确地,显然地",1
850,discuss,"讨论，谈论,论述，详述,商量",1
851,indeed,"的确，确实，实在,实际上，真正地,真的，真是,甚至",1
853,truth,"真理,真相，事实,忠实，忠诚,现实，现实性",1
854,song,"歌曲,歌唱（艺术）,诗歌，韵文,鸟叫声，鸟语",1
855,example,"例子,榜样,范例,先例,作为…的例子,为…做出榜样,举例,作为…的示范",1
856,democratic,"民主的,民主政体的,民主主义的,<美>民主党的",1
857,check,"检查，核对,制止，抑制,在…上打勾,核实，查核,中止,打勾,[象棋]将一军,<美>支票,检验，核对",1
858,environment,"环境，外界,周围，围绕,工作平台,（运行）环境",1
859,leg,"腿,支柱，支架,裤腿,一段赛程,<口>走，跑",1
860,dark,"黑暗的,乌黑的,忧郁的,神秘的,黑暗,暗色,暗处",1
862,various,"各种各样的,多方面的,许多的,各个的，个别的",1
863,rather,"稍微，有点,相当，颇,宁愿,相反地,当然啦，怎么不",1
864,laugh,"笑,发笑,嘲笑,（特别表示因成功而）处于有利地位,以笑表示，以笑感动[影响],笑声,引人发笑的事或人,笑料",1
865,guess,"推测,猜测，臆测,猜中,假定，认为,猜，猜测,猜对,猜测,推断",1
866,executive,"总经理,行政部门,[计算机]执行指令,执行的,管理的,政府部门的",1
869,prove,"证明，证实,[法]验证，检定,显示,显示出，证明是",1
870,hang,"悬挂,（被）绞死,贴，装饰,使悬而未决,悬垂,被吊死,附属，依靠,悬而未决,悬挂的样子,（动作的）暂停,〈口〉大意，要点,〈口〉做法，诀窍",1
871,entire,"全部的,整个的,全体的,囫囵",1
872,rock,"岩石，石头,摇滚乐,棒糖,<非正式>宝石（尤指钻石）,摇晃,摇动,震动,演奏摇滚乐,随摇滚乐起舞",1
875,forget,"忘记，忘却,忽略，疏忽,遗落,忘掉,忘记,忽视",1
877,claim,"声称,断言,需要,索取,提出要求,（根据权利而提出的）要求,索赔",1
879,remove,"开除,去除,脱掉，拿下,迁移,迁移，移居,离开,距离，差距,移动",1
880,manager,"处理者，经理，管理人,干事，理事,〈美〉（政党等的）领袖,策士，干才，干练的人",1
884,enjoy,"享有，享受,欣赏,喜欢,使过得快活",1
885,network,"网,（电视与计算机）网络,网状物,广播网,将…连接成网络,建立工作关系,把（地方节目）编排到广播网（或电视网）联播,使（全国）联播,（如）用网覆盖,广泛分布,沟通，互助",1
886,legal,"法律的,合法的,法定的,法律（上）的,法定权利,依法必须登报的声明",1
887,religious,"虔诚的,笃信宗教的,宗教的,谨慎的,修士，修女，出家人",1
888,cold,"寒冷的,冷淡的，无情的,失去知觉的,[艺]有冷感的，冷色的,寒冷,感冒，伤风,完全地",1
890,final,"最后的，最终的,决定性的,不可更改的,结局,决赛,期末考试,〈口〉（报纸的）末版",1
891,main,"主要的，最重要的,全力的,最主要的部分，重点,主要管道,体力,[航海]公海",1
892,science,"科学,技术，知识,学科,理科",1
893,green,"绿色的,未熟的，青春的,未成熟的,主张保护环境的,绿色蔬菜,绿色的衣服,植物,绿化，使重视环境保护问题",1
894,memory,"记忆，记忆力,回忆，往事,[计]存储器，内存",1
895,card,"卡片,纸牌,明信片,信用卡,记于卡片上",1
896,above,"（表示程度）超过,（表示等级）在…之上,（表示位置）在…正上方,（表示比较）优于,在上面,以上,上述,上述的",1
897,seat,"席位，座位,所在地,场所,臀部,使就座,使就职,使获得座位（或席位）,可容纳若干座位",1
898,cell,"<生>细胞,小牢房,电池,<诗>墓穴,住在牢房或小室中,囚禁",1
899,establish,"建立，创建,确立或使安全,使被安排好,使成为",1
900,nice,"美好的，愉快的,正派的,友好的，亲切的,细致的",1
901,trial,"试验,[法]审讯，审判,磨难，困难,[体]选拔赛,试验的,[法]审讯的",1
902,expert,"专家，能手,权威,行家，高手,熟练者,专家的,（技术）熟练的,老手,需要专门知识（或技术）的,以专家身份研究（或检查），像专家那样研究（或检查）,由专家审读（书籍等）,做专家工作，担任专家，成为高手（或能手）",1
904,spring,"春季,泉水，小溪,弹簧，弹性,跳跃,跳，跃,突然发出或出现,发源,劈开，裂开,突然跳出,跳过,使开裂,春天的,弹簧的，有弹性的",1
905,firm,"坚固的，坚牢的,坚定的，坚决的,严格的,确定的,使坚固,使坚实,商号，商行,公司,企业,工作集体,坚定地，稳固地,使坚定，使牢固,变坚实，变稳固",1
906,democrat,"[]  [],美国民主党的,美国民主党人",1
907,radio,"无线电,收音机,无线电广播台,无线电收发报机,用无线电发送讯息,作无线电广播,用X射线拍照",1
908,visit,"访问,探望,参观,游览,作客,访问，参观,逗留,拜访，参观",1
909,management,"管理,管理人员,管理技巧，处事的能力",1
911,avoid,"避开，避免，预防,[法]使无效，撤销，废止",1
912,imagine,"想，设想,想像,料想，猜想,误认为,想象,猜想，推测",1
913,tonight,"今晚，今夜,在今晚",1
914,huge,"巨大的,庞大的,极大的",1
915,ball,"球,棒球（投手投出的）坏球,拇指球,舞会,做成球状，使成团块,（指男性）和（女性）交媾（美式英语）,呈球形，成团块,[美国俚语、口语]狂欢作乐，消遣,尽情作乐，尽情地玩",1
918,finish,"完成,结束,吃光,使筋疲力尽,结尾,最后阶段,抛光",1
919,yourself,"你自己,（用以加强语气）亲自,你的正常或健康的情况",1
921,theory,"学说,理论,原理,推测",1
922,impact,"碰撞，冲击，撞击,影响,冲击力,挤入，压紧,撞击,对…产生影响,冲撞，冲击,产生影响",1
923,respond,"回答，响应,作出反应，响应,回报或回复,[建]（柱，拱基等的）对称，壁联",1
924,statement,"声明,（思想、观点、文章主题等的）表现,（文字）陈述,结算单,（英国）对儿童进行特殊教育评估认定,申请（小孩）有特殊教育需要",1
925,maintain,"保持,保养,坚持,固执己见",1
926,charge,"装载,控诉,使充电,索（价）,索价,向前冲,记在账上,充电,费用,指示,掌管,指责",1
927,popular,"流行的，大众化的,民众的，大众的，公众的,通俗的，普通的，平易的,〈美俚〉自以为了不得的，骄傲的",1
928,traditional,"传统的,口传的,惯例的,因袭的",1
929,onto,"到…之上,对…了解,[数]映射到…上,映射的,自身的,映成的",1
930,reveal,"显露,揭露,泄露,[神]启示,揭示，展现,[建]门侧，窗侧",1
931,direction,"方向,趋势,方面,用法说明",1
932,weapon,"武器，兵器,武装，提供武器",1
933,employee,雇工，雇员，职工,1
934,cultural,"文化的,教养的，修习的,耕作的，开垦的，栽培[培养]的",1
935,contain,"包含，容纳,克制，遏制,牵制,包括或由…构成",1
936,peace,"和平,和睦,治安,安心",1
940,pain,"痛苦,刻苦,令人厌烦的人[事物],身体某部分的疼痛[不适],（使）疼痛，（使）痛苦，伤害,使…痛苦,使…烦恼,感到疼痛,引起疼痛",1
941,apply,"应用，运用,申请,涂,敷（药）,申请，请求，适用,适用，适合,专心致志",1
943,measure,"测量，测度,措施,程度,尺寸,测量,估量,测量（大小，容量，尺寸等）",1
944,wide,"宽的,普遍的,广阔的,张大的，开得很大的,广泛地,充分地,广阔地,广大的世界,[板]歪球",1
945,shake,"动摇,摇头,使发抖,使心绪不宁[烦恼，惊吓],摇（出），抖（掉）,握手,（嗓音）颤抖,摇动,震动,哆嗦,混合饮料",1
946,fly,"飞,飞行,（旗）飘荡,过得快,乘（…的）飞机,驾驶（飞机等）,驾驶,空运,使飞翔,操作,苍蝇,（作钓饵的）苍蝇,（裤子的）前裆开口,门帘",1
947,interview,"接见,采访,面试,会谈,访问,会见,（私下）提问",1
948,manage,"使用,完成（困难的事）,经营,明智地使用（金钱、时间、信息等）,办理，设法对付,能解决（问题）,应付（困难局面等）,凑合着活下去,支撑",1
949,chair,"椅子,大学教授职位,主持会议的主席（的席位或职位）,讲座,主持,使…入座,使就任要职",1
950,fish,"鱼，鱼肉，鱼类,〈口〉（特殊的）人物，家伙，东西,[建]接合板，夹片，鱼尾板,[航]钓锚器，撑夹桅杆的加固夹箍,捕鱼,钓鱼,摸出,掏出,钓鱼，捕鱼,搜寻,[航]加夹箍夹牢,[工]用接合板连接[加固],捕鱼，钓鱼,用钩捞取",1
951,particular,"特别的,详细的,独有的,挑剔的,特色，特点,（可分类，列举的）项目,详细情节，细情，细目,某一事项",1
952,camera,"照相机,摄影机",1
953,structure,"结构,构造,建筑物,体系,构成，排列,安排",1
954,politics,"政治,政治事务,政治观点,权术",1
955,perform,"执行,履行,表演,扮演,工作,做,进行,完成,运行，表现,（驯兽）玩把戏",1
956,bit,"一点，一块,少量，少许,一会儿，一转眼,[计] 比特（二进位制信息单位）,很小的，微不足道的,[口语]相当，有点儿，或多或少，多少[a bit to的省略],给（马）上嚼子,上衔铁,抑制,制约,咬，叮( bite的过去式),刺痛,咬饵,有咬（或叮）的习性",1
957,weight,"重量，体重,重担，重任,重要,[统]权，加重值，权重,加重于，使变重,使负重，使负担或压迫,[统]使加权，附加加重值于",1
958,suddenly,"意外地，忽然地,奄,勃,霍然",1
959,discover,"发现,碰见,撞见,获得知识",1
960,candidate,"报考者,申请求职者,攻读学位者,最后命运或结局如何已显然可见者",1
962,production,"生产，制作,产品,产量,夸张的行动或形象，小题大做",1
963,treat,"款待,招待,乐事,乐趣,对待,治疗,处理",1
964,trip,"旅游，出行,摔倒，绊倒,绊（使某人跌倒的动作）,错误，过失,绊倒，绊,旅行,轻快地走，跳,使犯错误,松开（离合器等）以开动",1
965,evening,"傍晚,黄昏,晚会,晚年，衰退期，末期,在晚上的,为晚上的,晚上用的,晚上好",1
966,affect,"影响,假装,感动,（疾病）侵袭,感情，情感，心情,[精神病学]（表露或觉察到的）情绪反应",1
967,inside,"里面的，内部的,内幕的,内侧的,里面，内侧,内脏,内容，内幕,（道路或跑道拐弯处的）内侧,在内地，在内部地,在内侧地,在监狱里,在…以内,在内侧或内部,进入里面",1
968,conference,"会议,讨论,（正式）讨论会,[工会、工党用语]（每年的）大会,举行或参加（系列）会议",1
969,unit,"单位，单元,装置,个体,[数]单位数",1
971,style,"方式,样式,时髦,仪表，品位,设计,称呼,为…造型,使符合流行式样,用刻刀作装饰画",1
972,adult,"成熟的,（智力、思想、行为）成熟的,成年人的,成年的,成年的人或动物",1
973,worry,"烦恼，忧虑,担心,撕咬,担心，焦虑,为…发愁,使烦恼,烦扰",1
974,range,"范围,射程,类别,（山脉，房屋等的）排列,搜索,变化,延伸,漫游,排列,（按一定位置或顺序）排序,把…分类,徘徊,牧场的，放牧区的",1
975,mention,"提到，说起,提名表扬,提及",1
978,deep,"深的,深远的，深奥,重大的，深刻的,强烈的，痛切的，深厚的,深处，深渊,深深地，深入地",1
980,edge,"边,优势,（悬崖、峭壁的）边缘，端,锋利，尖锐,在…上加边界,使渐进,给（刀刃）磨边，使锋利,修整,慢慢向前移动，侧身移动",1
982,specific,"明确的,特种的,具体的,[免疫学]特效的,特效药,特性,细节,显著的性质，特性",1
983,writer,"作家,作者,撰写人,写字…的人",1
984,trouble,"麻烦,烦恼,故障,动乱,费心,使烦恼,折磨",1
985,necessary,"必要的,强制的,必然的,不可避免的,必需品",1
986,throughout,"（表示时间）自始至终,在…期间,遍及…地域,遍及…场所,处处,始终,在所有方面",1
987,challenge,"挑战,盘问,质疑,怀疑,向…挑战,提出挑战，要求竞赛（或竞争）,驳斥",1
988,fear,"害怕,可能性,（对神等的）敬畏,忧虑,畏惧,为…忧虑（或担心、焦虑）,敬畏（神等）,感到害怕,惧怕",1
989,shoulder,"肩膀,（衣服的）肩部,山肩,路肩,担负，承担,肩起，挑起,用肩顶…",1
990,institution,"（大学、银行等规模大的）机构,惯例，制度，规定，建立,社会事业机构,<口>名人，名物",1
991,middle,"中部，中间,腰部,中央,正中,中部的,中央的,正中的,中间的,把…放在中间,把…对折,放在中间,对折",1
992,sea,"海,海洋,许多,大量",1
993,dream,"梦想,做梦,梦见,想到,做梦，向往,愿望,梦,梦的,理想的,不切实际的",1
994,bar,"条，棒,（门、窗等的）闩,障碍,酒吧间,闩（门等）,阻碍，封锁,排除，去除,除…之外",1
995,beautiful,"美丽的，美好的,极好的",1
996,property,"特性，属性,财产，地产,[戏]道具,所有权",1
997,instead,"代替，顶替,反而,反倒",1
998,improve,"提高（土地、地产）的价值,利用（机会）,改善，改良,变得更好,改进，改善",1
999,stuff,"材料，原料，资料,〈俚〉钱，现金,填充物,素材资料,塞满,填塞,让吃饱,吃得过多",1
1000,detail,"详述,（照片、绘画等的）细部,细目，琐碎,各种细节,详述，仔细汇报,选派,清晰地说明,给于细部装饰",1
1001,method,"方法,条理",2
1003,somebody,"某人，有人,大人物，重要的人物",2
1004,magazine,"弹药库,杂志,弹仓,胶卷盒",2
1005,hotel,"旅馆，宾馆，酒店，饭店,使…在饭店下榻,进行旅馆式办公",2
1006,soldier,"士兵,军人,战士,坚持,硬挺着",2
1007,reflect,"反射（光、热、声或影像）,考虑,反射，反照,表达,显示,折转,映出,反射,深思熟虑,慎重表达",2
1008,heavy,"重的，沉重的,大量的，浓密的,激烈的,重型的,重物,庄重的角色,密集地,大量地,笨重地",2
1009,sexual,"性的，有性别的,性欲的,生殖的,[生]有性的",2
1011,bag,"袋，囊，枕套,钱包，手提皮包，财富,〈英俚〉大量，很多,把。。装入袋中，猎获,捕获,得分,抢占,松散地垂挂,鼓胀",2
1012,heat,"热，热度，高温,热烈，激烈,（身体的）发烧，发热,发情,使温暖，使热,激发…的感情，使兴奋",2
1014,marriage,"结婚,婚姻生活,密切结合,合并",2
1015,tough,"坚强的，坚韧的，不屈不挠的,艰苦的，困难的，难办的,牢固的，强壮的,粗暴的,粗暴的人,暴徒，恶棍,<口>忍耐，忍受（常与out连用）,强硬地，顽强地,以强硬的态度",2
1016,sing,"唱，歌唱，吟诵,（鸟）鸣,嗡嗡叫,呜呜作响,发嗖嗖声,耳鸣,〈诗〉作诗,歌颂，赞美，称赞,唱着使…,呜呜声，嗖嗖声,〈美口〉歌唱会",2
1017,surface,"表面,外观，外表,地面。水面,浮出水面,在表面工作,显露,使浮出水面,使成平面,表面的，外观的,外表上的，平地上的,肤浅的",2
1018,purpose,"意志,目的,作用,（进行中的）行动,有意,打算,企图（做）,决意（做）",2
1019,exist,"存在,生存,生活,继续存在",2
1020,pattern,"模式,花样，样品,图案,榜样，典范,模仿,以图案装饰,形成图案",2
1021,whom,(who的宾格)谁,2
1022,skin,"皮，皮肤,（蔬菜，水果等）外皮,毛皮,剥皮，削皮,擦破皮，擦伤,欺骗,使愈合，长皮,<俚>色情的",2
1023,agent,"代理人,代理商,药剂,特工,由…作中介,由…代理,代理的",2
1024,owner,物主，所有人,2
1025,machine,"机器，机械,机械般的人,核心,用机器制造，用机器加工,被机器切削",2
1026,gas,"气体,[矿业] 瓦斯,汽油,毒气,加油,毒（死）,放出气体,空谈,该死！（令人气愤的人应即被送毒气室处死）",2
1028,ahead,"在（某人或某事物的）前面,向前,预先,在将来，为未来",2
1029,generation,"一代人,代（约30年），时代,生殖,产生",2
1030,commercial,"商业的,贸易的,营利的,靠广告收入的,（电台或电视播放的）广告",2
1031,address,"地址,通信处,演说,称呼,写姓名地址,向…说话",2
1032,cancer,"癌症，恶性肿瘤,弊病，社会恶习,迅速蔓延的恶劣的或危险的事物,[天]巨蟹座，巨蟹宫",2
1034,item,"条，条款,项目,一则,一件商品（或物品）,又，同上",2
1035,reality,"现实，现实性,真实情况，实际情形,实体，实在,事实",2
1036,coach,"教练,（铁路）旅客车厢,长途客运汽车,四轮大马车,训练,辅导,指导,作指导,受训练[辅导],坐马车旅行",2
1038,mrs,"太太,夫人,置于地方、运动、职业等名称之前，用来称呼公认是这事物的代表的已婚妇女",2
1039,yard,"院子,码（等于3英尺或36英寸或0。9144米）,场地,帆桁",2
1040,beat,"（心脏等）跳动,搜索,（风、雨等）吹打,（鼓）咚咚地响,接连地击打,打败,敲打,控制,避免,节拍,（鼓的）一击,管区,[美国口语]大吃一惊的,[常作 B-]“反传统一代”成员的,摇滚音乐的,[口语]（体力或情绪上）疲劳不堪的",2
1041,violence,"暴力，强暴，暴虐,猛烈，激烈,歪曲（事实），曲解（意义）,冒渎，不敬",2
1042,total,"总计的（金额等）,全部的,完全的,绝对的,总计，总数,全体数量,总计达，计算…的总数",2
1043,tend,"照料，照顾,护理,照管，管理,倾向（于），趋向（于）,伺侯，招待,关心,注意",2
1044,investment,"投资，投资额,封锁,（时间、精力的）投入,值得买的东西",2
1045,discussion,"讨论，谈论,详述，论述",2
1046,finger,"手指,指状物,指针,伸出,告发,用手指触摸,拨弄",2
1047,garden,"花园，菜园,公园,供应点心的露天设施,大型公共礼堂,造园，开辟（一小片土地）作为花园,以花园装饰,从事园艺,花园的，园艺的,普通的，平凡的",2
1048,notice,"注意,布告,警告,预告,通知,留心,关照,注意到,引起注意",2
1049,collection,"收集，采集,征收,收藏品,募捐",2
1050,modern,"现代的,近代的,新式的,当代风格的,现代人，现代主义者,时髦人士,[印]现代字体，指印刷中所用的一种字体",2
1051,task,"工作，任务,作业,苦差事,交给某人（任务）,使过于劳累",2
1052,partner,"伙伴,同伙,同伴,配偶,使合作,与…合伙,合伙,合股,成为搭档",2
1053,positive,"积极的,确实的，肯定的,[数]正的,[医]阳性的,正面,正片,[语]原级形容词,[数]正量",2
1054,civil,"公民的，市民的,文明的，有礼貌的,民用的，国民间的,[法]民事的，根据民法的",2
1055,kitchen,"厨房,厨师",2
1056,consumer,"消费者，顾客,[生态]取食者，食物链中以其他生物为食物的生物",2
1057,shot,"射手，击球,开枪，发射,企图,注射,闪色的，颜色会变化的,交织的,渗透的,（俚语）坏透了的，筋疲力尽的,射中，射击,给…装弹,抛出,发射，射击,突然出现,拍摄(shoot的过去式和过去分词),射杀,开（枪或其他武器）,打猎",2
1058,budget,"预算,预算案,预算拨款,一束,把…编入预算,谨慎花钱,价格低廉的,花钱少的,收费合理的,便宜的,在预算中拨款给,按预算拨（款）,按预算来计划（或安排）,规划,做安排(for)",2
1059,wish,"希望,想要,祝愿,愿望,希望的事,祝福",2
1060,painting,"绘画,油画,上色，着色,颜料，油漆,绘画（ paint的现在分词）,涂色于",2
1061,scientist,"科学家,科学工作者",2
1062,safe,"安全的,保险的，肯定的,无损的,提供保护的,保险箱，保险柜,冷藏箱,〈俚〉避孕套",2
1063,agreement,"协定，协议,同意，一致,合同书,（词之间性、数、人称方面与…）一致",2
1064,capital,"首都,资本,资源,大写字母,极好的,死刑的,资本的,首都的",2
1065,mouth,"口,出入口,传闻,装腔作势地说,喃喃地说，心不在焉地说，言不由衷地说,装腔作势说话",2
1066,nor,"也不,也不是,和 neither 或 not 连用,去甲",2
1067,victim,"牺牲者，受害者,自找苦吃的人,受骗者，上当者,为祭祀杀死的动物（或人）",2
1068,newspaper,"报纸，报,旧报纸,新闻纸",2
1070,threat,"威胁,恐吓,凶兆",2
1071,responsibility,"责任,职责,责任感，责任心,负责任",2
1072,smile,"微笑，笑容,以微笑表示,以微笑完成,微笑,赞许,不在乎",2
1073,attorney,"代理人,律师",2
1074,score,"得分,分数,总谱,20个,记分,评分,获得胜利",2
1075,account,"账，账目,存款,记述，报告,理由,解释,导致,报账,认为,把…视作",2
1076,interesting,"令人感兴趣的，有趣的,引起兴趣的,有趣的,令人关注的",2
1078,audience,"观众，听众，读者,读者,接见,拥护者，爱好者",2
1079,rich,"富有的,肥沃的,丰富多彩的,油腻的",2
1080,dinner,"正餐，主餐,宴会,晚餐",2
1082,vote,"投票，选举,提议,投票表决,公认，由舆论决定,投票，表决,投票数,投票权,决议",2
1083,western,"西方的,欧美的,西部电影，西部小说,西方人",2
1084,relate,"（把…）联系起来,讲，叙述（故事等）,讲述，叙述,使…有联系,建立或展示联系,有联系,涉及,符合,发生共鸣",2
1085,travel,"旅行,进行,移动,漫游,传送,前进，行进,[篮球]走步,经过，通过,游历",2
1086,debate,"讨论,辩论,争论,仔细考虑,思考,盘算",2
1087,prevent,"预防,阻碍,阻止,[宗教]引领,阻挠，阻止",2
1088,citizen,"公民,国民,市民,平民",2
1089,majority,"多数,（获胜的）票数,成年,法定年龄",2
1090,none,"没有人，没有一人,没有一个,没有一部分，没有一点,根本不,无法，绝不",2
1091,front,"前面,正面,身体前部,前线,前面的,正面的,舌前的,面向,在…前面,用…作正面,领导",2
1092,born,"bear的过去分词,支撑，支持,亲自携带，运输,结果，生产,和…有关,出生的，出身于…的,天生的，天赋的",2
1093,admit,"许可进入,承认，供认,允许,确认,承认",2
1094,senior,"（级别、地位等）较高的,资深的,年长的,<美>最高年级的,上级,<美>毕业班学生,较年长者,地位较高的，资历较深的",2
1095,assume,"假定，认为,承担,装出,呈现",2
1096,wind,"风,气流,吞下的气,管乐器,蜿蜒,缠绕,上发条,使喘不过气来,管乐的",2
1097,key,"钥匙,（打字机等的）键,关键，线索，秘诀,（音乐的）调,键入,锁上,调节…的音调,提供线索,使用钥匙,关键的,主要的",2
1098,professional,"专业的,专业性的,职业的,专业人士",2
1099,mission,"代表团,使命,官方使命,布道所,给…交代任务,派遣,把任务交给,向…传教",2
1100,fast,"快的,走得快,感光快的,紧的,（比准确的时间或宣布的时间）快,迅速地,紧紧地,彻底地,禁食，（尤指）斋戒,禁食期，斋戒期,断食，节食",2
1101,alone,"单独的,独一无二的,独自的,单独地,独自地,孤独地,只，只有",2
1102,customer,"顾客，客户,主顾,<口>家伙",2
1103,suffer,"受痛苦,受损害,变糟,变差,忍受,容忍,容许,遭受",2
1104,speech,"演说，演讲，发言,说话，谈话，说话能力或方式,（乐器的）音，音色,方言，民族语言",2
1105,successful,成功的，如愿以偿的,2
1106,option,"选择（的自由）,选项,选择权,选择能力,得到或获准进行选择,调动球员",2
1107,participant,"参加者，参与者,与会代表,参与国,关系者,参加的,有关系的",2
1108,southern,"南方的，南部的,来自南方的,南方人，南部人",2
1109,fresh,"新鲜的,淡水的,新的,无经验的,刚,最新的,开始,新生,泛滥,淡水流",2
1110,eventually,"终于，最后,竟,总归,终究",2
1112,forest,"森林,丛林,（森林似的）一丛,一片,在…造林，使长满树林，使成为森林",2
1113,video,"磁带录像,录像磁带,录像机，电视,（指方法）录像,电视的,视频的,影像的,用录像磁带[录像带]的,录像,制作…的录像",2
1114,global,"全球的，全球性的，有关全球大局的,全面的，整体的，全局的,球形的，球状的，球面的，球体的,[计]全程的",2
1115,senate,"[]  [],（美国、澳大利亚等国议会的）参议院,（某些大学的）大学理事会，大学评议会",2
1116,reform,"改革，改良，改造,改正,改善,改革,重组,改革的",2
1117,access,"入口，出口,接近，进入,增长,爆发,使用，接近，获取",2
1118,restaurant,"饭店,餐馆,饭馆,菜馆",2
1119,judge,"审判，评判,断定,估计,评价,（尤指）批评,想，认为,法官,裁判员,评判员,鉴定人",2
1120,publish,"出版，发行,发表，宣布（结婚等）,公布，颁布,出版…的著作",2
1122,relation,"关系,联系,关联,亲属",2
1124,release,"释放,放开,发布,发行,释放，排放，解除,释放令,公映的新影片，发布的新闻[消息]",2
1126,bird,"鸟，禽,<俚>少女，姑娘，人，家伙，东西,<口>飞机，火箭，导弹,观察和辨认鸟,捕鸟，打鸟",2
1127,opinion,"意见，主张,评价,鉴定，判定",2
1128,credit,"信誉，信用,[金融]贷款,荣誉,学分,相信，信任,归功于,[会]记入贷方,赞颂",2
1129,critical,"批评的，爱挑剔的,关键的,严重的,极重要的",2
1130,corner,"角落，角,拐角,困境,[商]囤积,驾车转弯,聚于角落,垄断,逼入困境,位于角落的",2
1131,concerned,"有关（方面），被牵连的,担心的，烦恼的,关心政治的，关心社会的,涉及,关心,参与，卷入,使担忧,有关，利害关系,顾虑,装置",2
1132,recall,"叫回，召回,使想起，回想,取消,调回工厂,召回，唤回,记忆力，回想,罢免,收回通告",2
1133,version,"版本,译文，译本,说法,倒转术",2
1134,stare,"盯着看,显眼,倒立，直竖起,凝视,盯着他的眼睛,凝视，瞪视",2
1135,safety,"安全,安全性,安全处所,中卫,保障安全的",2
1136,effective,"有效的,起作用的,实际的，实在的,给人深刻印象,[军]现役兵额，有生力量，精兵",2
1137,neighborhood,"地区,某地区的人,与某处邻近的地区,临近街坊",2
1138,original,"原始的,独创的,最初的,新颖的,原文,原型,原件,怪人",2
1140,troop,"军队,一群,[军]骑兵连,成群结队地走,群集,结队,把（骑兵）编成骑兵连",2
1141,income,"收入，进款,进来的动作,进入",2
1142,directly,"直接地,不久，立即,正好地，恰好地,坦率地,一…就…",2
1143,hurt,"损害,使受伤,使伤心,使受皮肉之苦,疼痛,感到疼痛,受痛苦,有坏处，有害,伤害,痛苦,受伤的,痛苦的,（受）损坏的",2
1144,species,"物种,种类,类型,[逻辑] 个体",2
1145,immediately,"立即，马上,直接地,紧接地,一…就，即刻",2
1146,track,"小路，小道,痕迹，踪迹,轨道，音轨,方针，路线,跟踪,监看，监测,追踪,沿着轨道前进,沿着一条路走，旅行,位于一队列中",2
1147,basic,"基本的,[化学]碱性的,[地质学]基性的,首要的,基础，基本,基本原则，基本原理，基本规律,要素,基础训练",2
1148,strike,"罢（工、课等）,撞,攻击,来到,罢工,打击,朝某一方向前进,罢工[课，市],发现",2
1150,sky,"天（空）,将…击向空中,将…高挂",2
1151,freedom,"自由，自主,直率,特权，特许,自由权",2
1152,absolutely,"绝对地,完全地,毫无疑问地,[语]独立地，分离地",2
1153,plane,"水平,平面,飞机,木工刨,平的，平坦的,用刨刨平,小船等擦着水面疾驶,鸟滑翔",2
1154,nobody,"没有人，无人,小人物，无足轻重的人",2
1155,achieve,"取得,获得,实现,成功,达到预期的目的，实现预期的结果，如愿以偿",2
1156,object,"物体,目标,宾语,客体，对象",2
1157,attitude,"态度,看法,姿势,个人风格",2
1158,labor,"劳动,努力,工作,劳工,努力争取(for),苦干,详细分析,劳工的，工会的,（常大写）（英国或英联邦国家）工党的,（指引擎）缓慢而困难地运转",2
1159,refer,"提到,针对,关系到,请教,归因于…,使求助于,送交,认为…起源于,参考，查阅",2
1160,concept,"观念，概念,观点,思想，设想，想法,总的印象",2
1161,client,"顾客,当事人,诉讼委托人,[计算机]客户端",2
1162,powerful,"强大的,权力大的,（药）有效地,很,非常",2
1163,perfect,"完美的,正确的,优秀的,极好的,[语]完成时",2
1164,nine,"九,九个,第九,九，九个,九的，九个的",2
1165,therefore,"因此,所以,故,乃",2
1166,conduct,"引导,带领,控制,传导,组织,安排,实施,执行,指挥，带领，护送,（在乐队里）当指挥,（在公共电汽车或火车上）当售票员,指路",2
1167,announce,"宣布参加竞选,当播音员,宣布,述说,声称,预告",2
1168,conversation,"交谈，会话,交往，交际,会谈,（人与计算机的）人机对话",2
1169,examine,"检查，调查,考试,诊察,审问,检查,调查",2
1170,touch,"触摸,使某物与…轻轻接触,吃或喝，尝,[数]与…相切,触摸，碰,触觉，触感,修饰，润色,痕迹,接触,联系",2
1171,please,"请,使高兴,使满意,讨人喜欢,讨好",2
1172,attend,"出席,致力于，献身于,侍候，照顾,关注,出席，参加,[常用被动语态]（作为结果、情况）伴随,照顾,陪伴",2
1173,completely,"完全地,完整地,完全，彻底，全部，一干二净,很，非常，充分，十分，万分",2
1175,variety,"多样,种类,杂耍,变化，多样化",2
1176,sleep,"睡，睡觉,睡眠状态,为…提供床位,提供住宿,以睡觉打发日子,睡眠",2
1178,involved,"复杂难懂的,与他人有密切关系的,受牵扯的,作为一部份参与的,表明（某人参与了罪行等）(involve的过去式和过去分词),使参与,牵涉,使专心于",2
1179,investigation,"（正式的）调查，研究,侦查,科学研究,学术研究",2
1180,nuclear,"原子核的，原子能的,[细胞]细胞核的",2
1181,researcher,研究员，调查者,2
1182,press,"压，按,逼迫,紧抱,压,重压,强迫征兵,新闻报道，出版物,压榨,印刷机（厂）",2
1183,conflict,"冲突,战斗,相互干扰,矛盾,抵触,争斗",2
1184,spirit,"精神，心灵,情绪,勇气,精髓,神秘地带走",2
1186,replace,"替换,代替,把…放回原位,（用…）替换",2
1187,british,"不列颠的,英国的,英国人的,英国英语的,（总称）英国人,英国英语",2
1188,encourage,"鼓励，鼓舞,支持,促进,鼓动",2
1189,argument,"争论，争吵,论据,[数]幅角,主题，情节",2
1192,camp,"营地，工地宿舍,阵营（指观点相同且与持不同观点者对立的集团）,兵营,（度假者、旅游者，尤指青少年的）野营地,宿营，露营,夸张的,（男子）女人腔的,陈腐可笑的,（男人或其举止）故意带女子气的,（尤指在假日）野营,借住,行动矫揉造作,搞同性恋,使扎营（住宿）,使宿于营中,为…提供住处,临时安顿",2
1193,brain,"脑,智慧,聪明的人,（群体中）最聪明的人,打破…的脑袋,打…的头部",2
1194,feature,"特征，特点,容貌，面貌,（期刊的）特辑,故事片,使有特色,描写…的特征,以…为号召物,起主要作用,作重要角色",2
1195,afternoon,"下午,后期，后部",2
1196,am,amplitude modulation 调幅,2
1197,weekend,"周末,星期六和星期日（或略长一点的）休息时间,过周末，度周末,周末的",2
1198,dozen,"（一）打，十二个,一打的",2
1199,possibility,"可能，可能性,希望，可能发生的事物",2
1201,insurance,"保险，保险业,保险费,预防措施,[体]巩固球队领先局面，使对手不能因增加一分而成平局的",2
1202,department,"部门，部,系，学部,知识范围,车间",2
1203,battle,"与…作战,争斗,战争，战役,比赛，较量,长期论战或长期作战,激烈的竞争",2
1204,beginning,"开始,根源,原始思想,前兆,开始( begin的现在分词)",2
1205,date,"日期，日子,约会,时代，年代,（北非和西亚常见的海枣树的）海枣,过时,使…显老,显示出…时代（或年龄）,鉴定…的年代,与人约会，相约,属于某一特定时期,从某时起计算日期,记载日期,注有（或注明）日期",2
1206,generally,"一般地，通常,广泛地，普遍地,概括地,主要地",2
1207,african,"非洲的,非洲人的,（非洲）黑人的,来自非洲的,非洲人，非洲居民,（非洲）黑人民",2
1209,sorry,"对不起的,无价值的，低等的,遗憾的,感到伤心的",2
1210,crisis,"危机,危难时刻,决定性时刻，紧要关头,转折点",2
1211,complete,"（用以强调）完全的,完成的,达到结尾的,完整的,完成，使完满,完成或结束,填写（表格）",2
1212,fan,"扇子，风扇,迷，粉丝,扇形物,扬谷机,扇动,吹拂，扬去,成扇形",2
1213,stick,"粘贴,张贴,插入,刺入,容忍,产生作用,（尤指迅速或随手）放置,阻延或推迟,棍棒，棍枝,枝条,操纵杆,球棍",2
1214,define,"规定,使明确,精确地解释,画出…的线条,（给词、短语等）下定义，构成释义",2
1215,easily,"容易地,很可能,迅速地,频繁地",2
1217,hole,"洞，孔,洞穴，穴,缺陷,<口>绝境,（在…上）打洞或穿孔,凿洞,（高尔夫球等）进洞",2
1218,element,"[化]元素,要素,原理,[电]电阻丝",2
1219,vision,"视力，视觉,美景，绝妙的东西,幻影,想像力,在幻觉中看到,幻想，想象,梦见",2
1220,status,"地位,情形，状态,身份",2
1221,normal,"正常的,正规的，标准的,[数学]正交的,精神健全的,正常，常态,标准,[数学]法线",2
1222,chinese,"中国人,华人,中文,汉语,中国的,中国人的,中国话的,中文的",2
1223,ship,"船,<口>宇宙飞船,（舰船上的）全体船员,运气,运送,把…装上船,装好（船具）,上市,使乘船,在船上工作,乘船旅行,当船员",2
1224,solution,"解决,溶解,溶液,答案",2
1225,stone,"石头,宝石,矿石,（膀胱或肾脏中的）结石,向扔石块,用石头铺,以石掷向,除（水果的）硬核,石制的,石头似的,[S-]石器时代的,粗陶制的,石一般的",2
1226,slowly,"缓慢地，慢吞吞地，慢腾腾地,慢条斯理地，不慌不忙地，袅袅,迟钝，痴痴呆呆地,逐步",2
1227,scale,"规模,比例（尺）,鱼鳞,级别,测量,攀登,刮去…的鳞片,衡量,（鳞屑）脱落,生水垢",2
1229,university,"综合性大学,大学人员,大学校舍",2
1230,introduce,"提出,介绍,引进,作为…的开头",2
1231,driver,"驾驶员，司机,驱动器，驱动程序,驱逐者，驱赶者,（高尔夫球）球棒",2
1232,attempt,"试图,尝试,进攻,尝试，冲击",2
1233,park,"公园,停车场,泊车，停车,将…放置在某处,停车",2
1234,spot,"地点，场所,斑点，污点,[股票]现货,职位，职务,弄上污渍，弄上斑点,污辱，玷污,认出，发现,散步,现场的,现货的,插播的,satellite positioning and tracking 卫星定位和跟踪",2
1235,lack,"缺乏，缺少,需要的东西,缺乏，不足，没有,缺少的东西",2
1236,ice,"冰,雪糕,冷淡,冰状物,（使）结冰,结冰,冰镇,冰的",2
1237,boat,"小船，小艇,轮船,乘船，划船,用船运输,用船装运",2
1238,drink,"喝（酒）,饮,喝酒,（尤指）酗酒,吸收，吸入,酒，饮料,酒宴,一杯或一份酒",2
1239,sun,"太阳，阳光,恒星,中心人物,晒太阳",2
1241,distance,"距离，路程,远处,疏远,（时间的）间隔，长久,把…远远甩在后面,与…保持距离",2
1242,wood,"木材,树林,木制品,收集木材,在…植树造林,给…添加木柴,木制的,失去理智的",2
1243,handle,"（织物、毛皮等的）手感,手柄,举动,柄状物,操作，操控,容易搬运,用双手触摸、举起或握住,用手操作，操纵,处理或负责，管理,〈美〉买卖，经营",2
1244,truck,"货车,（铁路的）无盖货车,（行李）搬运车,用卡车装运,驾驶卡车,以物易物",2
1246,mountain,"山，山岳,山脉,一大堆,大量",2
1247,survey,"测量土地,调查,勘测,俯瞰,调查（表），调查所，测量，测量部，测量图,概观，检查，鉴定书,环顾",2
1248,supposed,"（按规定、法律、协议等）（不）应当,假定的,（只用于否定句）不准,（对某人所说的话表示气愤或不大理解）那是什么意思,料想( suppose的过去式和过去分词),意味着,[用于被动语态]认为应该,[用于祈使句]让",2
1249,tradition,"传统,惯例,[宗]经外传说,[法]移交，引渡",2
1250,winter,"冬，冬天,年岁,萧条期，衰落期,过冬,冬季饲养（家畜）,使受冻，使萎缩,冬天的，冬季的,越冬的,冬播的",2
1251,village,"村民,乡村，村庄,群落",2
1252,soviet,"苏维埃,苏联（人）,劳苏联政府,工代表会议,苏联的,苏联人的,苏维埃的",2
1253,refuse,"拒绝,回绝,推却,废弃物,垃圾",2
1254,sales,"销售的，推销的,销售（额）,卖( sale的名词复数 ),销售额,销路,贱卖",2
1255,roll,"辗,使（眼球等）左右转动,（使）原地转圈,滚动,左右摇晃,翻滚,开始移动，启动,名册,滚翻",2
1256,communication,"通讯，通信,交流,书信,传达",2
1258,screen,"屏幕,银幕,屏风,掩藏,庇护,检查,放映",2
1259,gain,"获得,赢得,增加,（钟、表）走快,利润,[土木工程]腰槽,获益,（在…上）开腰槽,吸引,（通过努力）到达,推进（一段距离）,增进,增进健康,得益,（重量的）增加",2
1260,resident,"定居的，常驻的,[计]常驻的，常存于内存中的,[动]不迁徙的（鸟兽等）,固有的，内在的,居民,（旅馆的）住宿者,住院医师",2
1261,hide,"隐藏,躲避，隐匿，躲藏,遮蔽，覆盖,隐瞒,遮住,遮挡,掩盖,兽皮,<口>生命,<口>人的皮肤,（观看野生动物的）隐蔽处",2
1262,gold,"金，黄金,金色,金币,金饰品,金（制）的，含金的,金色的,金本位的",2
1263,club,"俱乐部，会所,社团,夜总会,（纸牌的）梅花,联合,募集,用棍棒打,[棒球]击球,组成俱乐部,共同出资,俱乐部的",2
1265,farm,"农场，农庄,农家,畜牧场,农田,耕种,养殖,承包，包出,佃出（土地）,经营农场",2
1266,potential,"潜在的，有可能的,[语法学]可能语气的，表示可能性的,有能力的,潜力，潜能,[物]电位，势能,潜能的事物,[语]可能语气",2
1269,european,"欧洲的，欧洲人的,欧盟的,欧洲人",2
1270,presence,"出席,仪表,风度,鬼魂，神灵",2
1271,independent,"自主的,不相关连的,无党派的,不相干的人所做的（或提供的）,独立自主的人,无党派人士",2
1272,district,"地区,教区,〈美〉（各州众议员）选举区,行政区，市区,把…分区",2
1273,shape,"形状,模型,状态,身材,塑造,使符合,体现,使成形,形成",2
1274,reader,"读者，朗读者,读本,讲读者，讲师,审稿人",2
1275,ms,"女士（代替Miss或Mrs的字，不指明称呼人的婚姻状况）,字母M( M的名词复数 )",2
1276,contract,"合同,契约,协议",2
1277,crowd,"人群,群众,一群,拥挤，聚集,挤满,将…塞进,催逼",2
1278,christian,"基督教徒，信徒,克里斯琴,<口>人类，文明人，正派人,[电影]克里斯蒂安,信基督教的，基督教的，基督教徒的,<口>人（类）的，文明的，<口>正派的，高尚的",2
1279,express,"表达,快递,明确的,迅速的,专门的,快车,专使,捷运公司,乘快车,用快递方式",2
1280,apartment,"寓所，住房,房间,公寓楼,（有特殊用途或专属某人的）豪华寓所",2
1281,willing,"乐意的，愿意的,自愿的，心甘情愿的,will的现在分词,决心,用意志力驱使",2
1282,strength,"力量,优点，长处,（光、声、色等的）力度,人力[数]",2
1283,previous,"先前的,以前的,过早的,（时间上）稍前的,在先，在…以前",2
1284,band,"带,乐队,衣带,价值,给…镶边,用带绑扎,（将价格、收入等）划分档次,把…联合起来,结合起来，伙同,聚集，联合（起来）（通常与together 连用）",2
1285,obviously,明显地,2
1286,horse,"马,骑马的军人，骑兵,有脚的架,跳马，鞍马,为…备马,猛推或用力向上举,欲交配，，用于母马,马的,骑在马背上的,马拉的，使用马力的,较大的，较粗硬的",2
1287,interested,"感兴趣的,拥有权益的,有成见的,使…感兴趣(interest的过去分词)",2
1288,target,"（服务的）对象,目标,（射击的）靶子,目的,瞄准,把…作为攻击目标",2
1289,prison,"监狱,牢笼,监禁,入狱",2
1290,ride,"乘，骑，驾,（乘坐汽车等的）旅行,乘骑,（乘车或骑车的）短途旅程,供乘骑的游乐设施,（骑马、自行车等）穿越,搭乘,飘浮",2
1291,guard,"警卫,狱吏，看守,护卫队,防护装置,保卫，守护,看守,加防护装置,谨慎使用,警惕",2
1292,terms,"条件,表达方式,措辞,说法,任期( term的名词复数 ),（学校的）学期,[复数]（合同、付款、价格等的）条件,时期",2
1293,demand,"要求，请求,需要,[法]召唤,询问，盘问,需求,销路,请求,查问",2
1294,reporter,记者,2
1295,deliver,"发表,递送,交付,使分娩,投递,传送",2
1296,text,"文本，原文,课文，教科书,主题,版本,发短信",2
1298,tool,"器具，工具,（有助于做工或完成某事的）用具,受人利用的人,压印机,用工具给…加工,压印,驾车到处跑,使用工具,开车，乘车",2
1299,wild,"野生的,野蛮的,狂热的,荒凉的,荒野,未开化的地方,偏远地区,人烟稀少的地区,疯狂地,胡乱地",2
1300,vehicle,"车辆,交通工具,传播媒介，媒介物,[药]赋形剂",2
1301,observe,"观察,研究,遵守,庆祝,注意,说,评述,当观察员",2
1302,flight,"（物体的）飞行,航班,飞翔,楼梯的一段,成群地迁徙或飞行,射击,使惊飞",2
1304,facility,"设备,容易,能力,灵巧",2
1305,understanding,"理解，懂得,熟知，通晓,获知，理解,谅解,表示同情或谅解,据说,认识，了解,知识,能谅解的,宽容的,通情达理的",2
1306,average,"平常的,平均的,典型的,（价值、比率等的）平均数的,平均水平,（速度等的）平均率,平均估价,[数学] 计算…的平均值,调和，拉平,分摊,按比例（或平均）分配（利润等）,平均：作为或达到一个中间值,维持（有利的）平均价格",2
1307,emerge,"出现，浮现,暴露,摆脱",2
1308,advantage,"有利条件,益处,优越（性）,处于支配地位,有利于,有益于,促进,使处于有利地位,得益，获利",2
1309,quick,"快的，急速的,聪明的，凌厉的,灵活的,短时间做成的,迅速地，快速地,（指甲下的）活肉,感情的中枢，感觉最敏锐的地方,要害，核心",2
1311,leadership,"领导,领导的才能或能力,一群领导者,带路，指引",2
1312,earn,"赚得,获得,赢得,博得,赚，赚得,挣得,使得到",2
1313,pound,"英镑,磅,兽栏,重击声,连续重击,咚咚地走,（持续地）苦干,（驾舟时）拍打（水面）,（心脏）狂跳,脚步沉重地走（或跑）,捣碎，碾碎,强迫吸收,猛烈袭击",2
1314,basis,"基础,主要成分,基准，基本原则",2
1315,bright,"明亮的，鲜亮的,聪明的,辉煌的,活泼的，机灵的，乖巧的,明亮地，光明地，光亮地,欢快地，愉快地,车头灯,<古>光辉，辉煌",2
1316,operate,"运转,操作,经营,管理,开刀,（对…）动手术,动手术,（在某地）采取军事行动,操作，控制，使运行",2
1317,guest,"客人,旅客,特邀嘉宾,[动]寄生虫,做特邀嘉宾,做客串,做特约演员,客人的,客座的,为客人准备的",2
1318,sample,"样品，华样,标本，榜样,（化验的）取样,[信]信号瞬时值,取…的样品，尤指用样品来检验,品尝,抽样调查,作为代表或范例的",2
1319,contribute,"贡献出,捐赠（款项）,投稿（给杂志等）,出力",2
1320,tiny,"极小的，微小的,小孩子,[医]癣",2
1321,block,"块,街区,<英>大楼，大厦,障碍物，阻碍,阻止,阻塞,限制",2
1322,protection,"保护,护照,[经]保护贸易制，保护政策,（向歹徒缴纳的）保护费",2
1323,settle,"解决,安排,使定居,使沉淀,下沉,定居,高背长靠椅",2
1324,feed,"喂养,满足（欲望等）,向…提供,供…作食物,吃，以…为食,流入，注入，进入（如油流入机器）,[电子学]馈入,饲料（尤指粗饲料），施肥,喂送,草料,（尤指向地方性电视台）馈送电视节目",2
1325,collect,"收集,收藏,接走,聚积,募捐,募集,由受话人付费的",2
1326,additional,"额外的，附加的,另外的，追加的,补充,外加",2
1328,highly,"高度地,极，非常,非常赞许地",2
1329,identity,"身份,[逻]同一性,个性,[数]恒等（式）",2
1330,title,"标题,头衔,[体]冠军,[影视]字幕,加标题,赋予头衔,把…称为,头衔的,标题的,冠军的",2
1331,mostly,"大部分，多半,主要地,基本上,通常",2
1332,lesson,"教训，训诫,功课,课程，一堂课,[宗]日课,教训，训斥,教课,向…授课",2
1333,faith,"信用，信任,宗教信仰,忠诚,宗教,实在，确实",2
1334,river,"河，江,溪，巨流",2
1335,promote,"促进，推进,提升，助长,促销,使（学生）升级,成为王后或其他大于卒的子",2
1336,living,"活（着）的,现存的,在使用中的,逼真的,生计,生活方式,生存之道,活( live的现在分词),居住,以…为生,（按照规矩）管理生活",2
1338,count,"总数,数数,罪状,论点,计算总数,把…算入,重要",2
1339,unless,"除非，如果不,除了，…除外",2
1340,marry,"（使）结婚,娶,嫁,结合,为…主持婚礼",2
1341,tomorrow,"在明天，在明日,明天,最近，不远的将来",2
1342,technique,"技巧,技能,技术,技艺",2
1343,path,"小路，路,路线，路程,〈比喻〉（人生的）道路,（思想，行为，生活的）途径",2
1344,ear,"耳朵,听觉，听力,耳状物,穗,抽穗,（美俚）听见",2
1345,shop,"商店,工厂,办事处,购物,（到…）去买东西[购物],逛商店,买东西",2
1346,folk,"民族,人们,〈口〉家属，亲戚,民间音乐,民间的,普通平民的,流传民间的,普通百姓的",2
1348,principle,"原则，原理,准则，道义,道德标准,本能",2
1349,survive,"幸存，活下来,比…活得长，经历…之后还存在,幸存,幸免于难,挺过,艰难度过",2
1350,lift,"举起，抬起,举起,提升,鼓舞,抬起,消散,升起,耸立,电梯,起重机,搭车",2
1351,border,"边,镶边,包边,边界,与…接界，在…的边上,沿…的边，环绕…，给…镶边,近似，毗邻",2
1352,competition,"竞争,比赛,竞争者,[生]生存竞争",2
1353,jump,"跳,跳过,快速移动,（因吃惊、害怕或激动而）猛地一动,暴涨,跳跃,猛增,猛长，暴涨,（需要跳越的）障碍,跳伞",2
1354,gather,"收集,聚集，搜集,收紧，收缩,采集,逐渐增加，积聚,聚集,衣褶",2
1355,limit,"限制,限量，限度,界限,限制，限定",2
1356,fit,"（使）适合,安装,合身,合适的,恰当的,合身的,健壮的,适合,匹配,发作",2
1358,cry,"哭,喊，叫,哭着说,叫卖,大声报道,叫喊,要求,大喊,鸣,啼叫,嗥叫,吠",2
1359,equipment,"设备，装备,器材，配件,（工作必需的）知识，素养",2
1360,worth,"值得的,有…的价值,等值的,有…的财产,财富，财产,价值",2
1361,associate,"（使）发生联系,（使）联合,结交,联想,联盟,陪伴同事",2
1362,critic,"批评家,评论员,批评者,挑剔的人",2
1363,warm,"暖和的，温暖的,保暖的,热情的,暖调的,（使）变暖，被加热，暖和起来,加热,使热情,使兴奋,暖和的地方,加温,感兴趣,变得友善或友好",2
1364,aspect,"方面,面貌,方位，方向,形势",2
1366,insist,"坚持,强调,坚决要求,坚决认为",2
1367,failure,"失败，不及格,缺乏，不足,破产，倒闭,失败的事，失败者",2
1368,annual,"每年的,一年的,[植物]一年生的,年刊,一年生植物",2
1369,french,"法国的，法国人的,法语的,法语,法国人",2
1370,christmas,圣诞节,2
1371,comment,"评论,注释,意见,说明,评论，谈论,表达意见,解释，注释,作注释,作注解,作解释,作评语",2
1372,responsible,"尽责的,承担责任,负有责任的,懂道理的",2
1373,affair,"事情，事件,事务,个人的事，私事,风流韵事",2
1376,procedure,"程序，手续,工序，过程，步骤,诉讼程序，（议会的）议事程序,〈罕〉进行",2
1377,regular,"有规律的,规则，整齐的,不变的,合格的,正规军,主力（或正式）队员,常客,定期地,经常地",2
1378,spread,"伸开,展开,（使）传播,（使）散布,范围,连续的一段时间,涂,把…覆盖在…上(over),把…敲平,散发（气、烟等）,（景色、景致）展现,传开,（人群）散开,软化,张开的,[语言学]双唇展开的,（宝石）扁薄发光的,（文章、照片等）跨两栏（或多栏）的",2
1379,chairman,"（主持会议的）主席,委员长,（委员会的）委员长,（公司等的）董事长,担任…的主席",2
1380,baseball,"棒球,[体]棒球运动",2
1381,soft,"软的，柔软的,温和的，柔和的,不含酒精的,轻松的,柔软之物，柔软的部分,柔和地,温柔地",2
1382,ignore,"忽视，不顾,[法律]驳回（诉讼）",2
1383,egg,"鸡蛋，蛋,卵,<俚>家伙,煽动，怂恿,用蛋烹调,<俚>向人扔鸡蛋",2
1385,belief,"信，信任,信念，意见,信条",2
1386,demonstrate,"证明，证实,论证,显示，展示,演示，说明,示威游行",2
1387,anybody,"任何人，无论谁,随便哪一个人,<口语>重要的人，有声名的人,平常人",2
1388,murder,"谋杀,杀戮,极艰难[令人沮丧]的经历,凶杀,糟蹋,打垮,杀人",2
1389,gift,"赠品，礼物,天赋,赠送,天资,赋予,向…赠送,天赋权力（或才能等）,授予",2
1390,religion,"宗教,支配自己生活的大事,教派,心爱的事物",2
1391,review,"复习,回顾,（报刊的）评论,[法]复审,检验,复查,评论,复习功课,写评论",2
1392,editor,"编辑，编者,校订者,[计]编辑软件，编辑程序",2
1394,engage,"吸引住,聘用,与…交战,与…建立密切关系,衔接,从事,紧密结合",2
1395,coffee,"咖啡豆,咖啡粉,（一杯）咖啡,非正式的社交集会",2
1396,document,"（计算机）文档，证件,公文,证明,记录,为…提供证明",2
1397,speed,"速度,快速,昌盛,（汽车的）变速器，排挡,急行，加速,超速,加速,迅速前行,兴隆,加快…的速度,使成功，使繁荣",2
1398,cross,"十字架,十字形饰物,杂交品种,痛苦,交错而行,横渡,越境,杂交,横跨，穿越,划掉,使相交,坏脾气的， 易怒的,相反的，反向的",2
1399,influence,"影响,势力,有影响的人（或事物）,[占星学]星力,感染,支配,对…起作用",2
1400,anyway,"无论如何,而且,尽管,至少",2
1401,threaten,"预示（某事）,恐吓,危及,预示凶兆,似将发生,威胁",2
1402,commit,"犯罪，做错事,把…托付给,保证（做某事、遵守协议或遵从安排等）,承诺，使…承担义务",2
1403,female,"女性的,雌性的,能结果实的,电气设备阴的,女人,雌性动物,雌性植物，雌株",2
1404,youth,"年轻,青年，小伙子,初期，少年（青年）时期,〈集合词〉青少年们",2
1405,wave,"波浪，波动,挥手,涌现的人（或事物）,汹涌的行动（或思想）态势,摇摆，起伏,（一端固定地）飘扬,挥手指引,挥动…示意,略呈波形,挥手表示,挥舞,使…略呈波形,烫（发）",2
1407,afraid,"害怕的,担心的,恐怕,畏惧，害怕",2
1408,quarter,"四分之一,一刻钟,地区,（美式足球的）一节,把…四等分,供…住宿,使（士兵）驻扎",2
1409,background,"（画等的）背景,底色,背景资料,配乐",2
1410,native,"本国的,土著的,天生的,天真的，纯朴的,当地人,土著人,当地产的动（植）物",2
1411,broad,"宽阔的,广泛的,概括的,明显的,婆娘",2
1412,wonderful,"极好的，精彩的，绝妙的,美妙,胜,神妙",2
1413,deny,"拒绝,拒绝承认,拒绝…占有,否认知情",2
1414,apparently,"据说，看来,似乎,实际上",2
1415,slightly,"轻微地，轻轻地,细长地，苗条地,〈罕〉轻蔑地,粗",2
1416,reaction,"反应,反作用力,反动,保守",2
1417,twice,"两次,两倍,两遍",2
1418,suit,"一套外衣,西装，套装,诉讼,恳求,适合于（某人）,尤指服装、颜色等相配,合身,适宜,合适，相称",2
1419,perspective,"透镜，望远镜,观点，看法,远景，景色,洞察力,（按照）透视画法的,透视的",2
1420,growing,"生长的,成长中的,增长的,初期的困难（或问题等）,种植( grow的现在分词 ),扩大,扩展,增加",2
1421,blow,"殴打，打击,吹风，一阵风,意外的灾害,吹奏（声）,（风）吹,（轮胎等）爆炸,吹，吹气,使爆炸,奏出，演奏,使气喘,吹刮，吹动,随风飘动,鸣叫,喘气",2
1422,construction,"建筑物,建造,解释,建造物",2
1424,intelligence,"智力,聪颖,情报,情报机构",2
1425,destroy,"破坏，摧毁,消灭，歼灭（敌人）,杀死,使失败",2
1426,cook,"烹调,编造,篡改,密谋,煮,做菜,厨师,厨子",2
1427,connection,"连接,联系，关系,连接点,亲戚",2
1429,burn,"（使）燃烧,使用某物为燃料,烧毁,烧坏,烧伤,烧伤，烧痕",2
1430,shoe,"鞋,蹄铁,（汽车轮的）制动器，煞车,外胎,为…钉蹄铁,给…穿上鞋,装防护物",2
1432,grade,"等级,职别,成绩等级,年级,安排,依序排列，依等级排列,评估,评分,属于…等级,缓缓地变化或发展",2
1433,context,"上下文,背景,环境,语境",2
1434,committee,委员会,2
1435,hey,"（用以引起注意，表示惊异或询问）嘿，喂,你好！（表示问候）,咳,干草（等于hay）",2
1436,mistake,"错误，过失，误解,差错，口误，笔误,失策，失误,弄错，误解,认不出,误会,看错,弄错,误解",2
1439,location,"位置，场所,定位,外景（拍摄地）",2
1440,clothes,"衣服，衣物,寝具,穿（衣）( clothe的第三人称单数),给…提供衣服,（用语言）表达,覆盖",2
1441,indian,"印度的,印第安人的,印度人,印第安人",2
1442,quiet,"清静的,僻静的,不起眼的,不激动的,安静下来，使…安静，平静,减轻（病痛、疑虑、恐惧等）,[法律]确定（产权等）,克制的，稳重的，不张扬的,宁静,寂静,安静地，平静地",2
1443,dress,"衣服,装饰,连衣裙,礼服,给…穿衣,穿着,打扮,连衣裙的,须穿礼服的,适合于正式场合的,办公时（或半正式场合）穿戴的,给…提供衣服,装潢，装饰或装点,排成列,穿衣,排列整齐",2
1444,promise,"允诺，许诺,给人以…的指望或希望,许诺,有指望，有前途,希望，指望,允诺的东西",2
1445,aware,"意识到的,知道的,觉察到的",2
1446,neighbor,"<美>邻居，邻国,邻近的，邻接的,友好,毗邻而居,邻接",2
1449,function,"功能，作用,应变量，函数,职务,重大聚会,有或起作用,行使职责",2
1450,bone,"骨头,尸骨,骨质物,有…样的骨头的,挑鱼刺，剔骨头,剔去…的骨,苦学,专心致志",2
1451,active,"积极的，活跃的，有生气的,迅速的，敏捷的,有效的，起作用的,[语法]主动语态,积极分子，活跃的人",2
1452,extend,"延伸,扩大,推广,伸展,给予,延长,发出（邀请、欢迎等）,伸出,增加",2
1453,chief,"级别最高的,总的,主要的,最重要的,族长,酋长,首领,主管人员",2
1455,combine,"使结合,使化合,兼有,用联合收割机收割",2
1456,wine,"葡萄酒,果酒,紫红色，深红色,请…喝酒,喝酒",2
1457,below,"在下面，到下面,（表示位置）在…下面,（表示状态）在…掩饰之下,（表示比较）不及,低于",2
1458,cool,"冷静的,凉爽的,一流的,孤傲冷漠的,（使）变凉,（使）冷静，使冷却,变凉，冷却,平息,凉气，凉快的地方,凉爽，凉爽的空气",2
1459,voter,选举人，投票人，选民,2
1462,learning,"学问，学术，知识,学习(learn的现在分词)",2
1463,bus,"公共汽车，巴士，客机,（口）汽车，机器脚踏车，飞机,[计]（电脑的）总线,[电]信息转移通路，悔流条，母线,用公共汽车运送,乘公共汽车,打杂工",2
1464,hell,"地狱，阴间,训斥,胡闹，见鬼,苦境，罪恶之地,过放荡生活,（车辆）急驰，飞驰,该死,见鬼（表示惊奇、烦恼、厌恶、恼怒、失望等）",2
1465,dangerous,危险的,2
1466,remind,"使想起，使记起,提醒",2
1467,moral,"道德的，道义上的,精神上的,无疑的，当然的,教导道德的,寓意，教训,（尤指男女间的）品行,格言,〈古〉相对者",2
1468,united,"统一的,联合的,团结一致的,[植]连生的,“unite”的过去式和过去分词,团结,（为某事）联合，联手，团结",2
1469,category,"类型，部门，种类，类别，类目,[逻，哲]范畴,体重等级",2
1470,relatively,"关系上地,相对地,比较地,较比",2
1471,victory,"胜利,克服,成功",2
1473,academic,"学院的，大学的，学会的，（学术，文艺）协会的,学究的，学理上的，空谈的，非实用的,〈美〉文科的，文学的,柏拉图学派的,学者,大学教师，大学生，学会会员,纸上空论，空论,[A-]柏拉图哲学信奉者",2
1475,internet,国际互联网，因特网,2
1476,healthy,"健康的,健全的,大量的,有益于健康的",2
1478,negative,"消极的，否认的,[数]负的,[心]反抗性的,无预期结果的,否定词语,否定的观点,消极性,[摄]底片,否定,拒绝",2
1479,following,"后面的，其次的,下列的,顺风的,崇拜者，拥护者,下列，如下,跟随,随球,随后，在…以后,跟随，接着(follow的现在分词)",2
1480,historical,"历史的，历史上的,有关历史研究的,有根据的,基于史实的",2
1481,medicine,"医学,药物,有功效的东西，良药",2
1482,tour,"旅行，观光,巡回演出,任职期,轮班,到…旅游,在…巡回演出,观光,巡回",2
1483,depend,"依靠,依赖,信赖,决定于",2
1484,photo,"照片，相片,（给…）拍照",2
1485,finding,"发现物,研究结果,调查（或研究）的结果,<律>（陪审团的）裁决,发现( find的现在分词)",2
1486,grab,"抢先，抢占,夺取或抓住,抢夺，霸占,匆匆拿走,〈俚〉吸引注意力,抓住，攫取,夺取,不法所得,被抓住的人,抓取装置",2
1487,direct,"直接的,直的,直系的,率直的,直接地,径直地,直截了当地,正好,（用建议、指示、有益的情报等）指导,导演（戏剧或电影）,指示方向,把…对准（某方向或某人）,指导，导演，管理,引路,当向导,领唱,领奏",2
1488,classroom,"教室，课堂,教学活动，教学方法",2
1489,contact,"接触,触点,[医]（传染病）接触人,门路,使接触,与…联系,与…通讯（或通话）,联系，接触",2
1490,justice,"正义,公正,法律制裁,审判员，法官",2
1491,participate,"参加某事,分享某事,得到或接受某部分东西",2
1492,daily,"每日的，日常的,一日的,每日一次的,每个工作日的,日报,（不寄宿的）仆人，白天做家务的女佣,每日,逐日,每周日,日复一日地",2
1493,fair,"公平的,合理的,晴朗的,美丽的,公平地,直接地,清楚地,正大光明地,集市，庙会,商品交易会，展览会,美人，美丽的事物,（卡通制作）顺利接合,（动作）衔接协调,（飞机）装配平整,使（飞机接合部）平滑,转晴",2
1494,pair,"一副,一对男女,套在一起的两匹马,雌雄成对的动物,（使…）成对，（使…）成双,交配，交尾",2
1495,famous,"著名的，出名的,〈古〉一流的，极好的",2
1496,exercise,"练习,运动，训练,运用,典礼,锻炼，训练，练习,锻炼（身体某部位）,使焦虑，使忧虑,实行，发挥（作用）",2
1497,knee,"膝,膝盖,用膝盖碰",2
1498,flower,"花,精华,开花植物,开花,繁荣,成熟,使开花,用花装饰",2
1499,tape,"带子,胶带，磁带,卷尺,用带子捆起来,录音",2
1500,hire,"聘用,录用,雇用,租用,受雇,得到工作,租金,酬金，工钱,[非正式用语] 被雇佣的人,销售部的两个新雇员",2
1501,familiar,"熟悉的,通晓的,冒昧的,随便的,常客，密友,高级官吏的家属,[天主]教皇[主教]的仆人",2
1502,appropriate,"适当的,恰当的,合适的,盗用,侵吞,拨（专款等）",2
1503,supply,"供给,补充,弥补（缺陷、损失等）,向…提供（物资等）,供给物,储备物质,粮食,暂代他人职务",2
1504,fully,"充分地,完全地,足足,彻底地",2
1507,actor,"演员（尤指男演员）,行动者,参与者",2
1508,birth,"出生,分娩,起源,出身",2
1509,search,"搜寻，搜索,调查,搜查,探求,搜索",2
1510,tie,"关系,领带，绳子,平局,束缚，限制,（用线、绳等）系,（在线、绳上）打结,连接,与…成平局,打结，系上,被用带（或绳子等）系住",2
1511,democracy,"民众,民主国家,民主主义,民主政治",2
1512,eastern,"东方的，东部（地方）的,朝东的,来自东方的,东方人,（美国）东部地区的人,东正教信徒",2
1513,primary,"首要的，主要的,最早的，原始的,[地质学]原生的,基本的,第一位,最好者,要素,候选人提拔会",2
1514,yesterday,"昨天,往昔,<正式>过去,在昨天，在昨日,近来",2
1515,circle,"圆,圆状物,一圈,圈子,圈出，包围,绕…运转,环绕，盘旋",2
1516,device,"装置，设备,方法,策略,手段",2
1517,progress,"进步,前进,[生物学]进化,（向更高方向）增长,（使）进步，（使）进行,发展,促进,（向更高方向）增进",2
1520,bottom,"底部,末端,臀部,尽头,底部的,装底,测量深浅,查明真相,到达底部,建立基础",2
1521,island,"岛，岛屿,使孤立",2
1522,exchange,"交换,交易,交易所,兑换（率）,交换，互换,兑换,交换，调换,交换，替换,进行易货贸易，作物物交换,[金融业]（货币）交换，兑换",2
1523,clean,"清洁的,整齐的,新的,正派的,（使）清洁,变干净,除去…的灰尘,使…干净,清扫,完全地，彻底地,打扫",2
1524,studio,"工作室，画室,[影]演播室，电影制片厂",2
1525,train,"火车,行列,一系列相关的事情,拖裾,训练,教育,培养,修整",2
1526,lady,"（指成年女子，有些人尤其是长者认为这样说比较礼貌）女士,（不尊重的非正式称呼）女人,（在英国对女贵族或贵族成员的妻子女儿或爵士妻子的称呼）夫人,举止文雅且有教养的女子",2
1527,colleague,"同事,同僚,同行",2
1528,application,"适用，应用，运用,申请，请求，申请表格,勤勉，用功,敷用，敷用药",2
1529,neck,"颈，脖子,衣领,海峡,[地]岩颈,搂着脖子亲吻，相拥互吻,变狭窄,使变细,与…搂著脖子亲吻,割颈杀死（家禽等）",2
1530,lean,"（使）倾斜，屈身,倚,依赖,使斜靠,使变瘦,瘦的,贫瘠的,简洁的,精干的,瘦肉,倾向,倾斜,倾斜度,倾向于（某种观点、意见或态度等）（与to 或 toward连用）",2
1531,damage,"损害，毁坏,损害，损毁,赔偿金",2
1532,plastic,"塑料制品,〈口〉（使用）信用卡,整形,可塑体,可塑的，塑性的，受范的，柔软的,造型的，塑造的，给与形态的,塑料[塑胶]的，塑料[塑胶]制的，合成树脂做的,有形成力的，有创造力的",2
1533,tall,"身材高的，高大的,（数量）大的,（俚）过分的，夸张的,夸大地,趾高气扬地",2
1534,plate,"盘子，盆子,金属板,均匀厚度的片状硬物体,[摄]底片，感光版,镀，在…上覆盖金属板,覆盖,电镀,[印]给…制铅板",2
1535,hate,"仇恨，憎恨,厌恶,对…感到不喜欢或讨厌,恨,强烈的仇恨或厌恶，恨,仇恨或讨厌的对象",2
1536,otherwise,"否则,另外,别的方式,别的，另外的,不同的,否则，不然",2
1537,writing,"文字,写作,文章,笔迹,写（ write的现在分词）,写信",2
1539,male,"男性的,雄性的,有力的,[植]雄性的，仅有雄蕊的,男,雄性动物,[植]雄性植物,马累[马律]",2
1541,alive,"活着的,活泼的,有生气的,敏感的",2
1542,expression,"表现，表示，表达,表情，脸色，态度，腔调，声调,[数]式，符号,词句，语句，措辞，说法",2
1543,football,"足球〔美国通常指橄榄球〕,足球运动,屡屡引起争论（或分歧）的问题,被踢来踢去的难题",2
1544,intend,"意欲，计划,为特殊目的而设计,为特定用途而打算,意指或意味,怀有某种意图或目的",2
1546,chicken,"鸡,鸡肉,胆小鬼,懦夫,胆怯的,幼小的,胆小的,以畏缩的方式去做，失去勇气,在最后一刻因胆怯而退出了",2
1547,army,"军队,陆军,团体,野战军",2
1548,abuse,"滥用,恶习,侮辱,恶言,虐待,辱骂",2
1549,theater,"剧场,戏剧界,戏剧效果,[军]战区",2
1550,shut,"关闭,合上,打烊,闭上,停业,合拢,关门",2
1551,map,"地图，天体图,类似地图的事物,〈美俚〉脸，面孔,（染色体上基因排列的）遗传图,绘制（一地区等的）地图,勘查,详细规划,[遗传学]比对",2
1552,extra,"额外的，补充的，附加的,特大的，特别的,附加物，额外的事物,临时演员,号外,上等产品，上品,额外地,格外地，特别地",2
1553,session,"开会，会议,（法庭的）开庭,会期，学期,（进行某活动连续的）一段时间",2
1554,danger,"危险,危险物，威胁",2
1555,welcome,"欢迎,乐于接受,受欢迎的,令人愉悦的,表示感谢的,欢迎，迎接",2
1556,domestic,"家庭的，家的,国内的,驯养的,热心家务的,佣人,国货",2
1557,lots,"签( lot的名词复数 ),许多,命运,阄",2
1558,literature,"文学,文学作品,文献,著作",2
1559,rain,"雨,（热带地区的）雨季，雨天,雨点般降落的东西,<俚>电子流,（雨）降下，（使）降落,大量地给，（使）大量落下",2
1560,desire,"希望,渴望,要求,请求,愿望,欲望,有希望,期望,想望",2
1561,assessment,"评估,评价,（应偿付金额的）估定,（为征税对财产所作的）估价",2
1562,injury,"伤害，损害,受伤处,伤害的行为",2
1563,respect,"尊重,尊敬,关心,遵守,尊重，恭敬,敬意,某方面",2
1564,northern,"[]  [],北方的，北部的,来自北方的,北风",2
1565,nod,"点头,打瞌睡,上下摆动,变得粗心大意,点头示意,使弯曲，使屈服,点头答应,点头同意,打瞌睡，打盹,粗心大意",2
1566,paint,"颜料，涂料,绘画作品,胭脂等化妆品,色彩，装饰,涂色于,绘画,（用语言，文字等）描写,擦脂粉等,描绘,化妆",2
1567,fuel,"燃料,（为身体提供能量的）食物,（维持、增加感情的）刺激物,竞选提神（或兴奋）剂（一种健怡可乐，饮用后能使人精力充沛地从事竞选活动）,给…加燃料，给…加油,激起,补充燃料",2
1568,leaf,"叶子,页,叶状的结构,金属薄片,翻书（报）,生叶",2
1570,dry,"干的干燥的，干旱的,干旱的，口渴的,干咳的,无趣味的，枯燥的,从…去掉水分，使…变干,脱水保存（如肉或其它食物）,变干,干涸,[复数] drys [非正式用语]主张禁酒的人",2
1571,russian,"俄国的，俄罗斯的,俄语的,俄国人，俄罗斯人,俄语",2
1572,instruction,"授课,教诲,传授的或获得的知识，课程,[计算机科学]指令",2
1574,pool,"水池,石油层,（液体等的）一滩,共同储金,使形成池塘或水洼,淤积,合伙经营,采（煤等）",2
1575,climb,"攀登,爬,登山,上升,山，岩,增值,晋升",2
1576,sweet,"甜的,愉快的，快乐的,温柔的，亲切的,芳香的,糖果，甜食,餐后的甜点心,甜味,宝贝",2
1578,engine,"发动机，引擎,工具,火车头,机车,给…安装发动机",2
1579,fourth,"第四,月的第四日,四分之一,第四音级,第四的,四分之一的",2
1580,salt,"盐,风趣,机智，讽刺,药用盐，泻盐,撒盐,用盐渍,加盐以调味,为…增加趣味,含盐的,有咸味的,盐渍的",2
1581,expand,"使…变大,扩张,详述,扩展,发展,张开,展开",2
1582,importance,"重要性,重要地位，显著,骄傲，自大",2
1583,metal,"金属,金属元素,成色,金色,以金属覆盖",2
1584,fat,"肥的,胖的,厚的,大量的,脂肪,肥肉,动植物油,养肥,在…中加入脂肪,长肥",2
1585,ticket,"票，入场券,标签,传票，交通违规的通知单,<美>候选人名单,售票,给…门票,加标签于，指派,对。。开交通违章通知单",2
1586,software,"软件,软体,软设备",2
1587,disappear,"不见，消失,不复存在，灭绝",2
1588,corporate,"法人的，团体的，社团的,公司的，总体国家的,〈古〉团结的,共同的，全体的",2
1589,strange,"陌生的，生疏的,奇怪的，古怪的,疏远的,外国的,奇怪地,陌生地,冷淡地",2
1590,lip,"嘴唇,（杯，壶等的）口，边缘,〈俚〉无理的回答,〈美〉律师,唇的,口头上的,唇音的,用嘴唇接触,接吻,〈俚〉轻轻地说，唱,把高尔夫球打到穴边而未进去",2
1591,reading,"阅读,宣读,读物,读数,读( read的现在分词),看懂,理解,显示，标明",2
1592,urban,"都市的,具有城市或城市生活特点的,市内",2
1593,mental,"内心的，精神的，思想的，心理的,智慧的，智[脑]力的,〈口〉精神病的，意志薄弱的，愚笨的,精神病患者",2
1594,increasingly,"越来越多地,日益，格外,越来越…,愈",2
1595,lunch,"午餐,吃午餐,供给午餐",2
1596,educational,"教育（方面）的,为教育的,有教育意义的,提供咨询的",2
1597,somewhere,"某处，在某处,在[到]某处,不知道在[到]什么地方,某地",2
1598,farmer,"农场主，农民,承包人",2
1600,sugar,"食糖,一匙糖,宝贝儿，亲爱的,在…加糖,给…裹上（糖衣或类糖物）,形成糖,（做了蠢事或出现差错时表示懊恼，用作 shit 的委婉语）哎呀，真是的",2
1601,planet,"[天]行星,[占星]（左右人命运的）星相",2
1602,favorite,"特别喜欢的人（或物）,喜欢的事物,最有希望获胜者（尤指马）,收藏夹,喜爱的，宠爱的，中意的,[美国英语] = favourite",2
1603,explore,"勘查， 探测， 勘探,[医]探查（伤处等），探索，研究,探索， 探究， 仔细查看",2
1604,obtain,"获得，得到,流行,买到，达到（目的）,通行，通用,存在",2
1605,enemy,"仇敌,敌军,危害物,敌人的,敌方的,与敌对力量相关的",2
1606,greatest,"最好的，最伟大的,大的( great的最高级 ),伟大的,重要的,（数量）极大的",2
1607,complex,"复杂的,难懂的,复合的,建筑群,相关联的一组事物,情结,不正常的忧虑",2
1608,surround,"包围，围绕,（物品的）边,外围物",2
1609,athlete,"运动员,体育家,强壮的人",2
1610,invite,"邀请,请求,引诱,招致",2
1611,repeat,"复述，背诵,重复,重做,重复投票,（节目）重演,重复的事物",2
1612,carefully,"小心谨慎地,警惕地,仔细地,周密地",2
1613,soul,"灵魂,精神,幽灵,人,美国黑人文化的",2
1614,scientific,"科学的,有系统的,应用科学的,精通学理的，有学问的",2
1615,impossible,"不可能的，做不到的,难以忍受的,不会有的，不能相信的,不可能,不可能的事",2
1616,panel,"镶板,面,（门、墙等上面的）嵌板,控制板,选定（陪审团）,把…分格,在…上置鞍垫,把…镶入框架内",2
1617,meaning,"意思，意义,含义,意图,有意思的,意味深长的,意味(mean的现在分词),意思是",2
1618,mom,<美>妈妈,2
1619,married,"已婚的,与…结为夫妻的,婚姻的,<非正>已婚的年轻人,（使）结婚( marry的过去式),娶,嫁,紧密结合的",2
1621,instrument,"仪器,手段，工具,乐器,法律文件,用仪器装备,为演奏谱曲,向…提交文书",2
1622,predict,"预言，预测,预示，预告,预言，预示：预言某事，预言",2
1623,weather,"天气， 气象,暴风雨,晒干， 风化,平安渡过， 挨过,[地]使风化",2
1624,presidential,"总统[总裁，议长，董事长，校长等]（职务）的,统辖的，支配的，监督的，指挥的,总统制的,有总统气派的",2
1625,emotional,"表现强烈情感的,令人动情的,易动感情的,感情脆弱的",2
1626,commitment,"承诺，许诺,委任，委托,致力，献身,承担义务",2
1628,bear,"熊,（在证券市场等）卖空的人,蛮横的人,忍受,承担,支撑,生育,生（孩子）,结（果实）,与…有关,跌价的,股票行情下跌的,卖空者的",2
1629,pocket,"口袋，钱袋,金钱，财富,容器,凹处,隐藏,放进口袋,私吞，盗用,忍受,放在口袋里的,小的，迷你的,金钱上的",2
1630,thin,"薄的,瘦的,稀少的,细的,使瘦,使淡,使稀疏,变薄,变瘦,变淡,稀疏地，微弱地",2
1631,temperature,"温度,体温,气温,<口>发烧，高烧",2
1632,surprise,"使惊奇,突袭,意外发现,惊喜，惊奇,意外的事",2
1633,poll,"民意调查,投票选举,投票数,头部,得到（一定数目的）选票,对…进行调查,修剪,投票,作民意调查",2
1634,proposal,"提议,建议,求婚,〈美〉投标",2
1635,consequence,"结果，成果,[逻]结论,重要性,推论",2
1637,breath,"呼吸,一口气,呼吸力,微量",2
1638,sight,"视力,看见,视野,景象,看见，发现,瞄准,观察,调准瞄准器,（用仪器）瞄准",2
1640,balance,"平衡,天平,平衡力,（酿酒配料的）均衡,（使）平衡,（使）均衡,（使）相抵,权衡,结平（账目）,使（在某物上）保持平衡,使（各部分）协调,用天平称,微微摇摆,倾斜后又复平衡,动摇,被补偿",2
1641,adopt,"采用，采取，采纳,收养,正式接受，接受,批准",2
1642,minority,"少数,少数民族,未成年",2
1643,straight,"直的,连续的,直率的,整齐的,直地,直接地,坦率地,立即,直线,直线部分",2
1645,connect,"连接，联结,使…有联系,为…接通电话,插入插座,连接,建立关系,[体]成功击中",2
1646,works,"[机] 工厂，工场,工程,所有的事物,全套物品,作为（ work的名词复数 ）,（使）工作（ work的第三人称单数 ）,（使）运作,运转,（使）产生效果",2
1647,teaching,"教学,教义,所教的东西,学说,教学的,教导的,教( teach的现在分词),教书,训练,教育",2
1648,belong,"属于,是…的成员,应被放在,适应",2
1649,aid,"帮助,助手,外援,辅助设备,资助,救助,促进",2
1650,advice,"劝告，忠告,（商业）通知,建议,（政治，外交上的）报导，报告",2
1651,okay,"认可，同意,赞成或同意,批准,行，用以表达准许或同意之意,可以，不错",2
1652,photograph,"照片，相片,为…拍照,拍照，摄影,成为拍照对象，在照片上显得",2
1653,empty,"空的，空虚的，空洞的,空闲的，无效的，徒劳的,无聊的，愚蠢的,言语或行动空洞的,（使）成为空的， 把…弄空,把…腾出来,成为空的,流空,空车,空的东西",2
1654,regional,"地区的，区域的,特定区域的，特定地区的,方言的,区域性",2
1655,trail,"跟踪，追踪,拖曳：让…拖或飘扬在后面,拖沓而行,跟在…后面,（在比赛等中）输,（尤指跟在他人后面）疲惫地走,（在比赛或其他竞赛中）落后,蔓生,足迹,臭迹,小径,一缕",2
1656,novel,"（长篇）小说,[法]新法，附律,新奇的,异常的",2
1657,code,"行为准则,代码，密码,法典,信号,将…译成电码,编码，加密,为…编码,指定遗传密码",2
1658,somehow,"以某种方式，用某种方法,<非正>不知怎么地，不知道怎样，不晓得什么缘故,设法，想办法，想个方法,莫明其妙地",2
1659,organize,"组织,安排,规划,建立组织",2
1660,jury,"陪审团,（展览会，竞赛等的）全体评审员,舆论的裁决,评判委员会,应急的,[航]（船上）应急用的,暂时的",2
1661,breast,"乳房，乳腺,胸脯，胸部,心窝，胸怀,升高，攀登,坚毅地面对，与…搏斗,挺胸迎…而上",2
1662,iraqi,"伊拉克的,伊拉克人",2
1664,acknowledge,"承认,鸣谢,对…打招呼,告知已收到",2
1665,theme,"[乐]主题,主旋律,题目，话题,（学生的）作文,以奇想主题布置的",2
1666,storm,"暴风雨，暴风雪,[军]猛攻，冲击,骚乱,动荡,起风暴，下暴雨,猛冲,暴怒,袭击，猛攻,暴怒，怒骂,大力迅速攻占",2
1667,union,"同盟，联盟,协会，工会,联合，团结,工会的",2
1669,desk,"书桌，办公桌,服务台,部门,（美）讲道台,书桌的，书桌上用的",2
1671,thanks,"感谢，谢谢,感谢，谢谢，道谢的话( thank的名词复数 ),感激（的），致谢（的）,谢谢，感谢( thank的第三人称单数 ),责怪",2
1672,fruit,"成果,水果,果实,（大地的）产物,树或花草结果,使…结果实",2
1674,expensive,"昂贵的，花钱多的,豪华的",2
1675,yellow,"黄色的,黄皮肤的,黄种人的,胆怯的,（使某物）变黄或发黄,黄色,黄种人,黄色颜料",2
1676,conclusion,"结论,结局,断定，决定,推论",2
1677,prime,"最好的,首要的,最初的,基本的,精华,初期,全盛时期,青年,使准备好,填装,事先指导,极好地,（为枪炮）装火药,涂底漆,修剪树枝,注水入泵引起",2
1678,shadow,"阴影,影子,鬼，幽灵,隐蔽处,投阴影于,使朦胧,跟踪，尾随,预示,渐变,阴沉,影子内阁的,阴影的,非正式的",2
1679,struggle,"搏斗,奋斗,努力,争取,打斗,竞争",2
1680,conclude,"结束，终止,推断,议定,得出结论,缔结,推断出,决定,终了,作出决定或达成协议",2
1681,analyst,"分析家，化验员,〈美〉精神病医师",2
1682,dance,"跳舞,舞会,舞蹈艺术,舞曲,手舞足蹈,摇晃,跳跃,使跳舞",2
1685,regulation,"管理,控制,规章,规则,规定的，必须穿戴的，必须使用的",2
1686,being,"存在,生物,人,要素，本质",2
1688,ring,"戒指，指环,铃声，钟声,环形物,拳击场,形成环状,环绕,使（例如铃）响,打电话给,按铃，敲钟,回响,成环形",2
1689,largely,"大部分地，主要地,大规模地,丰富地",2
1690,shift,"改变,去掉,摆脱掉,换挡,换…的衣服，更（衣）,卖，出售,[计算机]使（数据）位移,（汽车）换挡,换衣服,蒙混,自己谋生,移动，转移，转换,变迁，变化，变换，替换，更换，掉换，更易，代用,（汽车等的）变速",2
1691,revenue,"（国家的）岁入，税收，（土地，财产等的）收入，收益，所得，（个人的）固定收入,[复数]总收入,税务署，〈美俚〉税务官,税务局",2
1692,mark,"斑点,记号,成绩,标准,作记号,表示,给…打分,在…留下痕迹,评分,注意,（比赛中）记分",2
1693,locate,"位于,说出来源,查找…的地点,确定…的位置,定位,定居",2
1694,county,"县，郡,县民，郡民",2
1695,appearance,"外貌，外观,出现，露面,[哲]现象",2
1696,package,"包装,把…装箱,向…提出一揽子计划,包裹,包装袋,包装盒,一组建议",2
1697,difficulty,"困难，麻烦，难事,难度,异议，争论，纠葛,财政困难，（经济）拮据",2
1698,bridge,"桥,桥牌,鼻梁,起联系作用的东西,在…建桥，架桥于…之上,通过桥横跨",2
1699,recommend,"推荐,劝告,使显得吸引人,托付,建议",2
1700,obvious,"明显的,显著的,平淡无奇的,自明",2
1702,basically,"主要地,从根本上说,基本，基本上,总的说来",2
1703,e-mail,"[]  [],电子邮件,给…发电子邮件",2
1705,anymore,"（不）再,目前,现在,今后",2
1706,propose,"提议，建议,打算，计划,推荐，提名,求婚,做出计划，打算",2
1707,thinking,"思考,想法，思想,意见,见解,有思想的,有理性的,“think”的现在分词",2
1708,possibly,"可能地,也许，或许,敢是,容许",2
1709,trend,"走向,趋向,时尚，时髦,倾向,趋势",2
1710,visitor,"访问者,参观者,游客,候鸟",2
1711,loan,"贷款,借款,借用,借，借给,借出",2
1712,currently,"当前，目前,通常，一般，现在,容易，流畅,普遍地",2
1713,comfortable,"舒适的,安逸的，处于轻松的,充裕的",2
1714,investor,"投资者,出资者,包围者，围攻者",2
1716,profit,"收益，得益,利润,红利,净值利润率,有益于…，对…有益的,得益,创利润,有益,获利",2
1717,angry,"生气的,愤怒的，发怒的,（颜色等）刺目的,（伤口等）发炎的",2
1718,crew,"全体船员,全体乘务员,一群，一帮,当（尤指船上的）工作人员,当船员,当机务人员",2
1720,accident,"意外事件,事故,机遇，偶然,附属品",2
1722,meal,"餐，饭,进餐（时间）,〈英〉一次挤奶量,谷物粗粉（用作饲料或加工面粉）,进餐",2
1723,hearing,"听力，听觉,审问,听力所及的距离，听得见的范围,听证会，〈美〉意见听取会,听到，听见( hear的现在分词)",2
1724,traffic,"交通，运输量,（非法的）交易,通信量,交际,用…作交换,在…通行,交易,买卖",2
1725,muscle,"肌肉,力量,权威，权力,硬挤,使劲搬动,用力挤",2
1726,notion,"概念，观念,意见，见解,奇想,打算",2
1727,capture,"俘获,夺取,夺得,引起（注意、想像、兴趣）,捕获,占领,捕获物,[计算机]捕捉",2
1728,prefer,"更喜欢,提升，提拔,给予（债权人）优先权,提出（控告）,更喜欢，宁愿",2
1729,truly,"真正,精确地，正确地,忠实的，诚实地,正当地",2
1730,earth,"地球,陆地,泥土,兽穴,把（电线）接地,盖（土）,追赶入洞穴,躲进地洞",2
1731,japanese,"日本人，日本国民,日语,日本的，日本人的,日语的",2
1732,chest,"胸部，胸腔,箱子,金库,资金",2
1734,thick,"浓的，茂密的,厚的，粗大的,稠密的,不透明的,密集地,不清晰地,〈口〉太过分,频频地，时常,最厚的部分,最活跃或最激烈的部分,〈口〉笨蛋,〈俚〉可可粉",2
1735,cash,"现金,支付金额,支付现款,兑现,现金的",2
1736,museum,博物馆,2
1737,beauty,"美好,美人,完美,突出的范例",2
1738,emergency,"紧急情况,突发事件,非常时刻,紧急的，应急的",2
1739,unique,"唯一的，仅有的,独一无二的，独特的,不平常的，特别的,超绝",2
1741,internal,"国内的,内部的,体内的,内心的,（机构）内部的,内脏，内部器官,本质，本性",2
1742,ethnic,"种族的，部落的,某文化群体的,少数民族的成员",2
1743,link,"环，节,[计算机]链接,关联，关系,连结,挽住，勾住,用环连接,联系在一起",2
1744,stress,"强调,重音,压力,重力,重读,[机械学]使承受压力,给…加压力（或应力）",2
1745,content,"内容,（书等的）目录,满足,容量",2
1746,select,"选择,挑选,选拔,精选的,挑选出来的,苛择的,〈口〉爱挑三拣四的，挑剔的",2
1747,root,"根，根源,原因，本质,祖先,[乐]和弦基音,使生根,使固定,根源在于,欢呼，喝彩,生根,根除",2
1748,nose,"鼻子,嗅觉,芳香，香气,突出的部分,嗅出，闻出,用鼻子触,用鼻子品评（酒）等,探出,小心探索着前进,探问",2
1749,declare,"宣布,声明，声称,申报,[法]供述,声明，发表宣言,宣称",2
1751,appreciate,"感激,欣赏,领会,鉴别,（使）增值，涨价",2
1752,actual,"真实的,实际的,现行的,现在的",2
1753,bottle,"瓶子,一瓶（的量）,（婴儿）奶瓶,酒,把…装入瓶中,控制,（街头艺人演出后）收拢钱币",2
1754,hardly,"几乎不,简直不,刚刚,严厉地，粗鲁地",2
1755,setting,"镶嵌,环境,装置,（某事、戏剧、小说等的）背景,放( set的现在分词),安插,树立,安排",2
1756,launch,"发射,[计算机]开始（应用程序）,发动,开展（活动、计划等）,投入,着手进行,热衷于…,投掷,大船上的小艇,大型敞篷摩托艇",2
1758,file,"提出（离婚诉讼或其他讼案）,把…归档,用锉锉,发稿，寄给报社,发送（报道给报社）,排成一行行走,提出申请,文件（夹）,档案,纵列,锉刀",2
1759,sick,"恶心的,晕船,不舒服的,腻烦的,吐出,追逐,攻击,<口>呕吐物,病人",2
1760,outcome,"结果,成果,出路",2
1761,ad,"广告,网球中的优势分advantage. ad in",2
1762,defend,"辩护,保卫,（足球、曲棍球等）防守,进行辩护",2
1765,duty,"职责，责任,义务,职责或工作,税收",2
1766,sheet,"纸,被单,一张（通常指标准尺寸的纸）,一大片（覆盖物）,表格,用（床单等）包裹,用（床单等）掩盖,用缭绳调节（或固定）,给…铺床单,成片展开，成片流动,（金属材料）制成薄板（或薄片）的，扎制成片的，片状的",2
1767,ought,"应该（指道义上有责任）,应当（显示所采取行动正确或明智）,可能会,预料会做（某事）,（表示愿望）应当（显示所采取行动正确或明智）",2
1768,ensure,"确保,担保获得[避免],使（某人）获得,使安全",2
1769,catholic,"天主教的,统括一切的,包罗万象的,宽容大量的,旧教徒,旧教信奉者",2
1770,extremely,"极端地,非常，很,去,绝",2
1771,extent,"程度,长度,广大地域,扣押",2
1772,component,"成分,零件,[数]要素,组分,组成的,合成的,构成的,成分的",2
1773,mix,"混合,（使）结交,相容,平安相处,混录,食物混合配料,乐曲组合,调配，配制,混合录音，混录，混音",2
1774,long-term,"长期的,长远",2
1775,slow,"慢的,迟钝的,温和的,慢于…的,慢慢地,缓慢地,（使）缓行，（使）减速,变慢,变萧条,放慢,阻碍",2
1776,contrast,"对比，对照,差异,对照物，对立面,[摄]反差",2
1777,zone,"地带,区域，范围,地区，时区,[物]晶带,划分成带,用带子围绕,分成区，分成地带",2
1778,wake,"醒，醒来,苏醒，复活,警觉,弄醒，叫醒,激发，唤醒,使意识到，使警觉,为…守夜,守灵，守夜,（船航过时的）尾波,年度假期",2
1780,airport,"机场,航空站",2
1782,brown,"棕色的,褐色的,被晒黑的,未去壳的,褐色,棕色,变成棕色,成褐色,晒黑,烤得焦黄",2
1784,shirt,"衬衫，衬衣,内衣，汗衫",2
1785,pilot,"飞行员,引航员,向导,[机械学]导向器（或轴）,驾驶,试验,试点,为（船舶）引航（或操舵）,试验性的,导向的,驾驶员的,辅助的",2
1786,warn,"警告，告诫,通知,预告,发出警告",2
1787,ultimately,"最后，最终,基本上,根本,郅",2
1788,cat,"猫,猫科动物,狠毒的女人,爵士乐爱好者,把（锚）吊放在锚架上,〈俚〉寻欢，宿娼",2
1789,contribution,"贡献，捐赠，捐助,捐赠，捐助物,投稿，来稿,[军]（向占领地人民征收的）军税",2
1790,capacity,"容量,才能,性能,生产能力,充其量的，最大限度的",2
1791,ourselves,"“myself”的复数,我们自己,（把）我们自己",2
1792,estate,"财产，遗产，房地产,个人财产,不动产权,（较高的）社会地位,（汽车）连箱的（拥有较长的车身和后门，后座后面有较大的空间）",2
1793,guide,"引路,指导,操纵,影响,指导者,向导,导游,有指导意义的事物",2
1794,circumstance,"环境，境遇,事实，细节,典礼，仪式,使处于某种特定的情况之下",2
1795,snow,"雪，雪花,积雪,雪季,使纷纷落下,使变白,下雪,被雪覆盖，被雪阻挡,降雪",2
1796,english,"英语,英格兰的,英国的,英语的,英格兰人的",2
1797,politician,"政治家,政客，玩弄权术者,<蔑>政客，<美>政治贩",2
1798,steal,"偷,悄悄地做，悄悄地走,潜行,不正当的获得,偷偷地行动：秘密、不显明地行动、发生或消失,[棒球]偷垒,偷窃,便宜货",2
1799,pursue,"继续,追求,进行,追捕,追，追赶,继续进行",2
1800,slip,"滑，滑脱,犯过失，出错,（时间）不知不觉地过去,（健康状况等）变差,使顺利滑动,摆脱,放松，松开,跌倒，失足,纸条,失误，口误,事故,滑动的,可拆卸的,打有活结的,串行线路接口协议(Serial Line Interface Protocol)",2
1801,percentage,"百分比，百分率,比例，部分,[数]百分法,[商]手续费",2
1802,meat,"肉,食物,实质,重要的,基本的",2
1803,funny,"有趣的，好笑的，滑稽的,（口）稀奇的，古怪的，奇异的,有病的，不舒服的,狡猾的，欺骗（性）的，可疑的，不光明的,滑稽人物,笑话，有趣的故事,滑稽连环漫画栏,（英）（比赛用）单人双桨小艇",2
1804,neither,"（两者）都不的,两者都不,两个都不,既不…也不,也不,既不",2
1805,soil,"泥土,土地，国土,滋生地，温床,粪尿，肥料,弄脏，污辱,给…上粪（施肥）,被弄脏，变脏,用青草饲料喂养（牲口）,变脏、受污染或玷污的,变脏",2
1807,surgery,"外科学，外科手术,手术室,诊所,诊断时间",2
1808,correct,"正确的,合适的,符合公认准则的,得体的,改正,批改,指出错误",2
1809,jewish,"犹太人的，犹太教徒的,犹太人作风的",2
1810,blame,"指责，责怪,归咎于,责备,责任,过失",2
1811,estimate,"估计，预测,报价，预算书,评价，判断,估计，估算,评价，评论,估量，估价",2
1812,due,"由于,适当的,预定,到期,应有的权利,应得到的东西,应缴款,正向,正对着",2
1813,basketball,"篮球,[体]篮球运动",2
1815,golf,"高尔夫球,高尔夫球运动,打高尔夫球",2
1816,investigate,"调查,审查,研究,作调查",2
1817,crazy,"疯狂的,不理智的,离奇的,生气的,[俚语]疯子，怪人，政治狂人（尤指政治上持激进或极端主义态度、行为异常、不可思议的人）",2
1818,significantly,"意味深长地,值得注目地",2
1819,chain,"链子，链条,连锁，连续,拘束,连锁店或旅馆系列的事物,用铁链锁住,监禁，束缚",2
1821,branch,"树枝,分支,部门，分科,支流,分支形成,分支扩张,扩大某人的兴趣，业务或活动范围,[计]下分支的指令,使分支,使分叉,用枝形叶脉刺绣花纹装饰",2
1822,combination,"结合,联合体,密码组合,连裤内衣",2
1824,frequently,"频繁地，屡次地,往往,动,动辄",2
1825,governor,"主管人员,统治者，管理者,<美>州长,[机]节速器，调节器",2
1826,relief,"宽慰，安心,免除，减轻,救援物资,代班人",2
1827,user,"用户，使用者,吸毒成瘾者",2
1828,dad,"爸爸,爹爹",2
1829,kick,"踢,（毒品或酒精的）效力,精力,<非正>极度兴奋,踢蹬，踢（腿）,（因干了蠢事、失去良机等）对（自己）生气,体育运动,如足球和橄榄球踢球得分,射门得分",2
1831,manner,"方式，方法，做法,态度，样子，举止,礼貌，规矩,风俗，习惯，惯例，生活方式",2
1832,ancient,"古代的，已往的,古老的，过时的,年老的,老式的,古代人,古文明国的国民,<古>高龄老人,<古>旗手",2
1833,silence,"沉默，无言，无表示，无声，沉静，肃静，寂静，缄默,无音信，失去联系，忘却，湮没，无表示，无音讯,[乐]停止,使安静,使沉默,压制",2
1834,rating,"等级,评估，评价,极限,收听率，收视率,估价( rate的现在分词),定级",2
1835,golden,"金（黄）色的,金质的,美好的",2
1836,motion,"运动,手势,动机，意向,请求,打手势,向某人点头或摇头示意,打手势要求[指示]",2
1837,german,"德国的,德国人/语的,德国文化的,德国人，德语",2
1838,gender,"<语>性某些语言的（阳性、阴性和中性，不同的性有不同的词尾等）,性别,某些语言的（名词、代词和形容词）性的区分",2
1839,solve,"解决,解答,解释,清偿（债务）",2
1840,fee,"（加入组织或做某事付的）费,专业服务费，业务报酬,小费，赏钱,[法] 继承的产业,付给报酬，给小费,〈英〉雇用，聘请",2
1841,landscape,"风景,风景画,乡村风景画,地形,对…做景观美化，给…做园林美化,从事庭园设计,美化（环境等），使景色宜人,做庭园设计师",2
1842,used,"用过的,习惯于,二手的,旧的,使用（ use的过去式和过去分词）,常常，经常",2
1843,bowl,"碗,一碗东西,碗状物,[体]木球,参加保龄球赛,[体]投球,[体]玩滚木球,稳而快地行驶,投掷或滚动（球）,滚球得分,表演保龄球,打倒，撞击",2
1844,equal,"相等的，平等的,平稳的,势均力敌的,胜任的,等于,比得上,使相等,同样看待,同样的人,相等的数量,能与之比拟的东西,（地位、实力等）相同的人,相等，相平（与out连用）",2
1847,forth,"向前，向前方,露着的，往外的,[废语]出外，离家,出自，从…离开",2
1848,frame,"框架,眼镜框,组织,边框,陷害,设计,表达,使适合（某一特殊用途）,有木架的，有构架的",2
1849,typical,"典型的,特有的或特别的,代表性的",2
1850,except,"把…除外,不计,除…外,[口语]要不是,除非,除…以外,反对，表示异议（与 to 或 against连用）",2
1851,conservative,"保守的人,（英国）保守党党员，保守党支持者,保守的,（英国）保守党的,（式样等）不时新的",2
1852,eliminate,"排除，消除,淘汰,除掉,<口>干掉",2
1853,host,"[计算机]主机,主人，东道主,节目主持人,酒店业主,当主人,主办宴会，主持节目,款待，做东,做主人，做东道主",2
1854,hall,"过道，走廊,大厅，前厅,娱乐中心，会所",2
1855,trust,"信任,信托,照管,受托基金机构,相信， 信任,对…有信心，依赖于,盼望，自信地期待，设想,相信,让他人照管，托管",2
1856,ocean,"洋,海洋,大海,（地球上划分出的）洋",2
1858,row,"行，排,划船,吵闹,路，街,使…成排,与…进行划船比赛,〈口〉争吵，吵闹",2
1859,producer,"生产者，制造者,制片人,煤气发生炉,自养有机体",2
1860,afford,"买得起,担负得起,提供,给予",2
1861,meanwhile,"同时，其间,其时，其间",2
1862,regime,"政治制度，政权，政体,管理，方法,[医]养生法,（病人等的）生活规则",2
1863,division,"分开，分隔,[数]除法,部门,[军]师",2
1864,confirm,"[法]确认，批准,证实,使有效,使巩固",2
1865,fix,"固定,准备,修理,使牢固,固着,变硬,安定,困境,定位于,受操纵的事,应急措施",2
1866,appeal,"上诉,[体育]诉请,呼吁,（迫切的）要求（帮助、同情等）恳求,（迫切）要求,有吸引力,求助（于）,提请注意,将…移交上级法院审理",2
1867,mirror,"镜子，反光镜,真实的写照,反映，借鉴,榜样,反映,反射",2
1868,tooth,"牙,齿,齿状部份,给…装齿,啮合",2
1869,smart,"聪明的,敏捷的,漂亮的,整齐的,疼痛,感到刺痛,难过,创伤,刺痛,痛苦,引起…的疼痛（或痛苦、苦恼等）,聪明伶俐地，轻快地，漂亮地",2
1870,length,"长度，长,时间的长短,（语）音长,一段，一节",2
1871,entirely,"完全地,完整地,全部地,彻底地",2
1872,rely,"依靠，倚赖，仗恃,信任，信赖",2
1873,topic,"主题,话题，论题,标题，细目",2
1874,complain,"抱怨，诉苦,申诉，控诉，抗议,诉说，申诉，控告[后面常跟从句]",2
1876,variable,"变化的，可变的,[数]变量的,[生]变异的,可变因素，变量,易变的东西",2
1879,telephone,"电话,电话机,（电话机的）话筒,受话器,以电话传送（消息），给（某人）打电话,用电话与（某人）交谈",2
1880,perception,"知觉,觉察（力）,观念,（农作物的）收获",2
1881,attract,"吸引,诱惑,引起…的好感（或兴趣）,具有吸引力,引人注意",2
1882,confidence,"信心,信任,秘密,骗得信任的,欺诈的",2
1883,bedroom,"卧室，寝室,<美>城郊住宅区的,两性关系的，男女性爱的",2
1884,secret,"秘密，机密,秘诀,奥秘,秘密的，机密的,神秘的,隐秘的",2
1885,debt,"债务,负债情况,义务,罪，过失",2
1886,rare,"罕见的，特殊的,优秀的，不寻常的,稀薄的，经过稀化的",2
1888,tank,"油[水]箱,坦克,贮水池,酒量大的人,把…贮放在柜内,打败",2
1889,nurse,"护士，看护,奶妈，保姆，阿妈，保育员,保护人，培养者，养成所，发祥地,[植]保护树，[虫]保护虫，保育虫，[动]世代交替的无性期的个体,护理,照料,喂,吃奶,培育,怀抱,搂抱,调治",2
1890,coverage,"范围，规模,保险项目,（新闻）报导,[植]优势度",2
1891,opposition,"（强烈的）反对，敌对,（政府的）反对党，在野党,对抗，抵抗,相对，对照,反对的，对抗的",2
1892,aside,"在旁边，在一边，到旁边，到一边,撇开（…暂且不谈），留存,[戏]独（白），旁（白）,（用于名词后）除…以外,[戏]旁白，独白,低声说的话，离题话,在…旁边",2
1893,anywhere,"什么地方,任何地方,无论何处,〈口〉（用于否定句〕根本(不）",2
1894,bond,"纽带,联系,债券,保释金,使结合,建立互信关系,与…紧密联系,与…黏合",2
1896,pleasure,"愉快,娱乐,令人高兴的事,使高兴,使满意,觉得高兴，享受,寻欢作乐",2
1897,master,"硕士,主人（尤指男性）,大师,男教师,精通，熟练,作为主人，做…的主人,征服,使干燥（染过的物品）,主要的,主人的,精通的，优秀的,原版的",2
1898,era,"纪元，年代,历史时期，时代,重大事件",2
1899,requirement,"要求,必要条件,必需品，需要量,资格",2
1902,fun,"乐趣,娱乐活动,嬉戏，嬉闹,有趣的事,使人愉快的,开心的,嬉闹,开玩笑",2
1903,expectation,"期待,预期,前程,[数]期望值",2
1904,wing,"翅膀，翼,飞翔,派系，派别,飞行,为…装上翼,使或使能飞行,飞过",2
1905,separate,"分开,（使）分离,区分,隔开,分离（混合物）,分居,分类,割开,分手,断裂,（夫妻）分居,断绝关系",2
1910,somewhat,"稍微,有点,达到某种程度,少量,某些数量,某种程度",2
1911,pour,"涌出,倾，倒,涌流,泛滥，涌出,斟，倒,倾泻",2
1912,stir,"（使）移动,搅拌,（使）行动,（使）微动,使打起精神,使奋起,叫醒,唤起,苏醒,奋起,传播,发生,搅动,骚乱,激动,微动",2
1913,judgment,"判断，鉴定,辨别力，判断力,意见，看法,判决书",2
1916,beer,"啤酒，麦酒,（一般）发酵饮料,[印，纺]比尔",2
1918,reference,"参考,参考书,提及，涉及,证明人，介绍人,引用,参照",2
1919,tear,"撕裂,拉掉,挣开,拉伤,破洞,裂口",2
1920,doubt,"怀疑，疑虑,未确定,怀疑，疑惑,不确定，不能肯定或怀疑",2
1921,grant,"承认,同意,准许,授予,拨款,补助金,授给物（如财产、授地、专有权、补助、拨款等）",2
1922,seriously,"认真地,严肃地,严重地",2
1924,minister,"大臣,部长,公使,牧师,辅助，服侍,执行牧师职务",2
1925,totally,"完全，整个地，全部地,百分之百,干净",2
1926,hero,"英雄，勇士,男主角,（古代神话中的）神人，半神的勇士",2
1927,industrial,"工业的，产业的,从事工业的,供工业用的,来自勤劳的,工业股票,工业工人",2
1928,cloud,"云,云状物,一团,阴影,布满云,显得阴沉,看起来忧愁）,使难以理解,使…朦胧不清,使减少乐趣,混淆",2
1929,stretch,"伸展,延伸,持续,包括,弹性,一片,一段时间,可伸缩的,弹性的",2
1930,winner,"获胜的人,胜券在握,制胜的一记入球,成功的东西",2
1931,volume,"量，大量,体积,音量,卷,大量的,成团卷起,把…收集成卷",2
1933,seed,"种子,子孙,起源,（尤指网球比赛）种子选手,播种,抽出种子选手,除去…之种子,确定（某人）为种子选手,结籽,（种子）繁殖",2
1934,surprised,"惊奇的,惊讶的,觉得奇怪的,感觉意外的",2
1936,fashion,"时尚，时装,时装领域，时尚界,方式，方法,制作，塑造,使适应",2
1937,pepper,"胡椒,辣椒,胡椒粉,在…上撒胡椒粉,使布满",2
1939,busy,"忙碌的,占线,繁华的,爱管闲事的,忙着做某事,使奔走,使经营,〈英俚〉侦探,包打听",2
1940,intervention,"介入，干涉，干预,调解，排解",2
1941,copy,"复制品,一份,（报刊等的）稿件,准备排印的书面材料,复制,抄写,容许复制的,模仿,仿造…的样式或图案",2
1942,tip,"小窍门,小费,末梢,给小费,倾斜，翻倒,装顶端,翻倒,倾覆",2
1944,cheap,"便宜的，廉价的,劣质的，低劣的,小气的，可鄙的,便宜地,卑鄙地",2
1945,aim,"瞄准,对准,踢向,挥向,旨在,以…为目标,致力于,决定,目的,目标",2
1946,cite,"引用，引证,[法]传讯,表扬,[军事]传（或通）令嘉奖,<口>例证，引文",2
1947,welfare,"福利,幸福,繁荣,安宁",2
1948,vegetable,"蔬菜,植物人,蔬菜的,植物的",2
1949,gray,"灰色,灰马,灰色颜料,暗淡的光线,灰色的,灰白头发的,阴暗的,（指脸因恐惧、生病等）苍白的,（使）变灰色,成为灰色或灰白",2
1950,dish,"盘,餐具,一盘食物,外貌有吸引力的人,盛于碟盘中,分发,使某人的希望破灭,说（某人）的闲话,成碟状",2
1951,beach,"海滩，海滨,岸上的沙子和卵石,将…拖上岸,将滑艇拖到小屋前面的岸边",2
1952,improvement,"改进，改善，改良，增进，进步,（美）装修，改良措施,利用，活用,更优秀的人，更进步的人",2
1953,everywhere,"到处，处处，无论什么地方,四下里,漫,匝地",2
1954,opening,"开幕，开始,空缺的职位,[商]开盘，交易开始时间,（职位的）空缺,首次的，开始的,（打）开( open的现在分词),开始,睁开,启动",2
1955,overall,"全部的,全体的,一切在内的,综合的,全面地,总地,总的说来,工装裤,罩衫,〈英〉（军官的）紧身军裤",2
1956,divide,"分,划分,分离,（使）产生分歧,分水岭，分界线,分配",2
1957,initial,"最初的,开始的,首字母的,首字母,[语音学]声母,特大的大写字母,用姓名的首字母签名",2
1958,terrible,"可怕的,危害极大的,<非正>很糟的,劣质的,口〉非常，很，极,可怕的人",2
1959,oppose,"反对，抗争,使相对,使对照,抵制",2
1960,contemporary,"当代的，现代的,同时代的，同属一个时期的,同代人,同辈人,同龄人,当代人",2
1961,route,"路,（公共汽车和列车等的）常规路线,航线,渠道，途径,按某路线发送,给…规定路线[次序，程序]",2
1962,multiple,"多重的,多个的,复杂的,多功能的,<数>倍数,[电工学]并联,连锁商店,下有多个分社的旅行社",2
1963,essential,"基本的,必要的,本质的,精华的,必需品,基本要素,必不可少的东西",2
1965,league,"联盟,社团,（运动）联合会、联赛,里格（长度单位，约等于 3 英里）,使…结盟，使…结合",2
1966,criminal,"罪犯，犯人,刑事的,犯罪的,可耻的",2
1967,careful,"仔细的，小心的,周到的,慎,心细",2
1968,core,"中心，核心，精髓,果心，果核,[地质学]地核,[计] 磁心,去（果）核，挖去…的果心,提取岩芯（样品）",2
1969,upper,"地位较高的,上面的,内地的,地表层的,鞋帮，靴面,兴奋剂,令人兴奋的经历",2
1970,rush,"（使）急速行进，仓促完成,猛攻,急速流动，奔腾,突袭,（使）仓促行事,催促,（为物色、招募目的）特别关注,冲,匆忙,繁忙的活动,涌动",2
1971,necessarily,"必要地,必需地,必定地,必然地",2
1972,specifically,"特有地，明确地,按种别地,按特性地",2
1973,tired,"疲倦的,困倦的,对…不耐烦的,陈旧的,（使）疲劳（ tire的过去式和过去分词）,对（做）某事感到厌倦",2
1976,employ,"雇用,使用，利用,受雇,服务,工作",2
1977,holiday,"假日，休息日,节日,度假，休假",2
1979,vast,"广阔的,巨大的,大量的,巨额的,浩瀚,广大无边的空间",2
1980,resolution,"决心,解决,坚决,分辨率",2
1981,household,"家庭，户,（集合词）全家人，（包含人在内的）家眷，家属，家里人,家庭,（英）王室,家庭的，家内的，一家的,日常的，家常的，普通的,家喻户晓的,王室的",2
1982,fewer,"（动词用复数）较少数,较少的,不多的( few的比较级 ),很少,（与复数名词和复数动词连用）有些,几个",2
1983,abortion,"流产,流产的胎儿,畸形,夭折",2
1984,apart,"相隔，相距,分散地，分开地,成部分，成碎片,分辨,分离的，隔离的",2
1985,witness,"目击者，见证人,[法]证人,证据,出席或知道,作记录,提供或作为…的证据,做证人,见证",2
1986,match,"比赛,对手,相配的人（或物）,火柴,相同,适应,使较量,使等同于,使相配，使相称",2
1987,barely,"仅仅，勉强，好容易才,几乎不，几乎没有,赤裸裸地，无遮蔽地,公然地，露骨地，公开地",2
1988,sector,"部门,领域,防御地区,扇形",2
1989,representative,"代表,继任者,议员,类似物,典型的,有代表性的,代议制的,相当[类似]（另一种属）的",2
1991,beneath,"在…的下方,（表示等级）低于,（表示状态）在…掩饰之下,（表示环境）在…影响之下,在下面,在底下",2
1992,beside,"不中（目标），不对（题），与…无关,（表示排斥）除…之外,（表示位置）在…旁边，，在…一侧，在…附近,（表示关系）与…无关，和…相比，比起…来，比得上,〈古〉同“besides”",2
1994,incident,"事件，事变,小插曲,敌对行动,骚乱,[法]附带的,[光]入射的,易有的，附随的",2
1995,limited,"有限的,（君主权力）受宪法限制的,〈美〉乘客名额有限制的,（智力，能力等）有限的,高级快车,直达的火车或汽车",2
1996,proud,"自豪的，得意的,光荣的，高尚的,傲慢的,有自尊心的",2
1997,flow,"流,垂,流出,（谈话、文体等）流畅,流动,滔滔不绝,涨潮,连贯,使泛滥,淹没,排出",2
1998,faculty,"能力，才能,全体教职员,<英>（大学的）专科，系,特权，特许",2
1999,increased,"增加的，增强的,增加，增大，增多( increase的过去式和过去分词 ),增强，增进,[缝纫]放（针）,增强",2
2000,waste,"浪费，白费，挥霍钱财,废料，废品，废物,荒地，荒芜,消耗（量），损耗,徒劳,（使）损耗,（使）消瘦,浪费,破坏,干掉,（游戏或比赛中）大胜,废弃的， 无用的， 荒芜的",2
2001,merely,"仅仅，只不过,只是,纯粹,全然",2
2002,mass,"大量，大多,块，堆，团,[物理学]质量,弥撒曲,（使）集中，聚集,群众的,大规模的,整个的,集中的,聚集起来,使集合",2
2003,emphasize,"强调，着重,加强语气,使突出",2
2004,experiment,"实验，试验,尝试,做实验，进行试验",2
2005,definitely,"明确地,确切地,一定地,肯定地,（表强烈的肯定）当然",2
2006,bomb,"炸弹,彻底的失败,[橄榄球] 长传,高压贮罐,轰炸，投弹于,投弹,[俚语] 惨败,[俚语] 涂鸦",2
2007,enormous,"巨大的,庞大的,极恶的,凶暴的",2
2008,tone,"[语]声调，语调,[画]色调，色泽，明暗,[乐]乐音，全音，全音程,[医]（正常的）健康状态,使更健壮,定调,使变调子,[摄影术]给…上色,带有某种腔调,呈现某种色彩,（颜色）调和（与 with 连用）",2
2009,liberal,"自由主义者,自由党党员,开明的,自由的,慷慨的,不拘泥的",2
2010,massive,"大的，重的,大块的，大量的,魁伟的，结实的,大规模的",2
2011,engineer,"工程师，技师,（轮船的）机师,〈美〉（火车的）司机，,（陆军的）工兵,设计，策划,安排或处理,改变…的基因（或遗传）结构",2
2012,wheel,"轮子,旋转,Wheels 汽车,有…轮子的汽车（或自行车等）,转动，旋转,突然转变方向,推,拉（车）,使变换方向,（使）迅速转身",2
2014,decline,"下降,（力量、健康、品格、权力、价值等的）衰退,下倾,（人、生命等的）衰退期,辞谢，谢绝（邀请等）,（道路、物体等）下倾,（太阳）落下,（在品格、价值上）降低,衰落，谢绝,谢绝，婉拒",2
2015,invest,"投资,花费,授予，使就职,给…穿衣，装饰,使充满,覆盖",2
2017,cable,"缆绳，绳索,[电学]电缆,（系船用的）缆绳,（船只、桥梁等上的）巨缆,发电报至,电传,固定系牢,拍发电报",2
2018,towards,"朝，向,对于,接近,为了",2
2019,expose,"揭露，揭发,使暴露,使遭受,使曝光",2
2020,rural,"乡下的，农村的,田园的,地方的,农业的",2
2021,aids,艾滋病，获得性免疫缺乏综合症（Acquired Immune Deficiency Syndrome）,2
2022,jew,"犹太人,犹太教徒,守财奴,欺骗,杀价",2
2023,narrow,"狭隘的,狭窄的,（种类或数目）有限的,仔细的，精确的,限制，限定,（使）变窄,变得更窄,收缩,海峡,狭路，隘路,狭窄的水道,变窄",2
2024,cream,"乳霜,精英,奶油色,乳脂，奶油,把…搅成糊状（或奶油状）混合物,彻底打败，狠揍",2
2025,secretary,"秘书,干事，书记员,部长，大臣",2
2026,gate,"门,闸门,登机门,入场费,给…装大门,[电子学] 电波传送",2
2027,solid,"固体的,实心的,结实的，可靠的,可信赖的,固体,立体图形,立方体",2
2028,hill,"小山，山冈,斜坡,把…堆成小山,培土于…周围",2
2029,typically,"典型地,代表性地,通常",2
2030,noise,"噪音,嘈杂声，喧闹声,声音，声响,杂音,谣传,哄传,传说,发出声音,大声议论",2
2031,grass,"草，青草,草地，草坪,告密者,〈俚〉龙须菜,用草覆盖,使…长满草,使…吃草,渐渐被草覆盖,放牧",2
2032,unfortunately,"不幸地，遗憾地,可惜,不巧",2
2033,hat,"帽子,（帽子所表示的）职位，职务,给…戴上帽子，为…提供帽子,供应帽子,制造帽子",2
2034,legislation,"立法，制定法律,法律，法规",2
2035,succeed,"成功,继承,继承，继任，继位,随…之后",2
2037,celebrate,"庆祝,祝贺,举行宗教庆典,歌颂",2
2038,achievement,"完成，达到,成就，成绩",2
2039,fishing,"捕鱼，钓鱼,渔业,捕鱼术,捕鱼权,捕鱼(fish的现在分词),钓鱼的,钓鱼用的",2
2041,accuse,"指责，谴责,指控",2
2043,useful,"有用的，有益的，有帮助的,令人满意的",2
2046,reject,"拒绝,抛弃，扔掉,排斥,吐出或呕吐,被拒绝或被抛弃的人或事物",2
2047,talent,"天资，才能,天才，人才,塔兰特，古代的一种计量单位，可用来记重量或作为货币单位,<旧，非正式>性感的人",2
2048,taste,"体验,滋味,味觉,风味,尝，品尝,吃,喝,浅尝,尝味,略进（饮食）,（少量地）吃,有某种味道",2
2049,characteristic,"特有的,独特的,表示特性的,显示…的特征的,特性，特征，特色，[数]（对数的）首数,独特性,性质",2
2050,milk,"奶,乳液,母乳,挤奶,榨取",2
2051,escape,"逃脱,逃离,躲过,泄露,逃走,逃跑工具或方法,野生种,泄漏,使逃避困难的,使规避问题的",2
2052,cast,"铸造,投掷,投射,脱落，脱皮,铸型,演员表,轻微的斜视,投，掷骰,掷，投,计算，加",2
2053,sentence,"句子,宣判,宣判，判决",2
2054,unusual,"不常见的，不普通的，难得的，罕有的,异乎寻常的，例外的，奇异的,独特的,与众不同的",2
2055,closely,"接近地,紧密地,严密地,亲近地",2
2056,convince,"使相信，说服，使承认,使明白,使确信,使悔悟，使认错[罪]",2
2057,height,"高度，海拔,高地,身高,绝顶，顶点",2
2058,physician,"医生，内科医生,<口>医学博士,（精神创伤的）医治者，抚慰者",2
2059,assess,"评定,估价,对（财产、收入等）进行估价（作为征税根据）,确定（损害赔偿金、税款、罚款等）的金额",2
2061,plenty,"丰富，大量,充足，充裕，充分,相当地，充分地,（口）十分，充分,足够的，很多的，充裕的,很多的",2
2063,virtually,"实际上，实质上，事实上，几乎,无形中,无形",2
2065,addition,"加，增加，附加,[数]加法,增加的人或事物",2
2066,sharp,"敏锐的,锋利的,狡猾的，聪明的,尖锐的,猛烈地,尖锐地,尖利地,偏高地,升半音,尖头,骗子,内行，专家,[音乐]把（音调）升高（半音）,[音乐]升音演奏（或演唱）",2
2067,creative,"创造性的，有创造力的,有创意的，创新的，创造的,（非正式）创意人士",2
2068,lower,"下方的,在底部的,较低级的,降低,减少,缩小",2
2070,approve,"赞成，同意,批准,认可,核准,为…提供证据,赞同,称许,称赞,满意、喜欢(of)",2
2071,explanation,"解释,说明,辩解,（消除误会后）和解",2
2073,gay,"快乐的，愉快的,同性恋的,艳丽的，华丽的,放荡的，无法无天的,同性恋者（尤指男性）",2
2074,campus,"校园,校区",2
2075,proper,"适当的，相当的，正当的，应该的，正式的，正常的,固有的，特有的，独特的,本来的，真正的，严格意义上的,〈古〉漂亮的，优美的,〈方〉适当地，好好地，非常，很，完完全全地，彻底地,[宗教][常用P-]特定节日等用的仪式，弥撒（祈祷、礼仪等）书的章节，特赞",2
2077,guilty,"内疚的,有罪的",2
2079,acquire,"获得，取得,学到",2
2080,compete,"竞赛,竞争,比得上,参加比赛（或竞赛）",2
2081,technical,"技术（性）的，工艺的，学术（上）的，专门（技术）的，艺术的,[法]根据法律的，法律上的,[商]人造的，用工业方法制造的，由市场内部因素（如投机等）引起的,〈美俚〉外表的，表面上的，浅薄的",2
2082,plus,"（表示运算）加,（表示包容）外加,[口语]和,（表示数目）在零（度）以上,加号,[数学]正量,好处,附加物,加的,正的,附加的,比所示数量多的",2
2085,immigrant,"移民，侨民,从异地移入的动物[植物],移民的，移来的,侨民的",2
2086,weak,"柔弱的，虚弱的,无力的，软弱的,不中用的，愚钝的,淡薄的",2
2087,illegal,"不合法的，违法的,违反规则的,非法移民，非法劳工,间谍",2
2088,hi,"（用作问候语）嘿，喂,夏威夷群岛的书面缩写,（=high intensity）高强度",2
2089,alternative,"替代的,备选的,其他的,另类的,可供选择的事物",2
2090,interaction,"一起活动,合作,互相影响,互动",2
2091,column,"纵队，列,圆柱,专栏",2
2092,personality,"生而为人,人格，人品，个性,人物,名人",2
2093,signal,"信号，暗号,预兆，征象,动机,导火线,向…发信号,用动作（手势）示意,以信号告知,发信号,显著的，优越的,暗号的，作信号用的",2
2094,curriculum,全部课程，课程,2
2096,honor,"尊敬,敬意,荣誉,光荣,尊敬，给以荣誉,[英国英语] =honour",2
2097,passenger,"乘客，旅客,行人，过路人,碍手碍脚的人",2
2098,assistance,"帮助，援助,〈古〉出席，出席者,辅助设备",2
2099,forever,"永远,不断地，无休止地,老是，经常,永恒,极长的一段时间",2
2101,regard,"认为,注视,涉及,尊敬,凝视,留意,问候",2
2102,israeli,"以色列的,以色列人，以色列国民",2
2103,association,"协会，社团,联合，联系,联想",2
2104,twenty,"二十，二十个,二十多岁,二十年代,许多，大量,二十,二十的",2
2105,knock,"短促的敲打（声）,爆震声,敲击声,敲门（或窗等）声,猛烈敲击,与某物相撞,撞到了桌子,（心）怦怦跳,把…撞击成（某种状态）,批评",2
2107,wrap,"包,缠绕,用…包裹（或包扎、覆盖等）,掩护,膝毯，披肩，围巾，围脖，头巾，罩衫，外套，大衣,包装纸,〈俚〉机密,缠绕，盘绕（通常与 over, around 等连用）,包上，裹上,穿上（衣服等）",2
2108,lab,"实验室，研究室,Lab,英国政治工党,分析室,暗室",2
2110,display,"展览，陈列,陈列品，展览品,显示器,炫耀,显示,陈列,展开，伸展,夸示，炫耀,（计算机屏幕上）显示",2
2111,criticism,"批评，批判,鉴定，审定，考证，校勘,苛求，[哲]批判主义,评论，评论文章",2
2112,asset,"资产，财产,有价值的人或物,有用的东西,优点",2
2113,depression,"萎靡不振，沮丧,下陷处，坑,衰弱,减缓",2
2114,spiritual,"精神的,心灵的,高尚的，崇高的,宗教的,圣歌（尤指美国南部黑人的）,教会事物",2
2115,musical,"音乐的，用于音乐的,喜爱[精通]音乐的,音调优美的,悦耳的,（社交性的）音乐会,[影视]歌舞片,音乐（喜）剧 = musical comedy",2
2116,journalist,"新闻工作者，新闻记者,记日志者",2
2117,prayer,"祈祷,祈祷（习惯）,祈祷文,经文",2
2118,suspect,"猜疑（是）,怀疑，不信任,怀疑…有罪,嫌疑犯,怀疑",2
2119,scholar,"奖学金获得者,学者,聪颖勤奋的学生,〈俚〉有文化的人，有某种文科知识的人",2
2120,warning,"警告,征候，预兆,前车之鉴,警告的,告诫的,引以为戒的,警告( warn的现在分词),提醒,告诫,预先通知",2
2121,climate,"气候,氛围,状况,局势",2
2122,cheese,"奶酪,<俚>微笑,<俚>停止",2
2123,observation,"观察,观察力,评论,观察所得",2
2124,childhood,"童年，儿童时代,早期",2
2125,payment,"付款，支付,报酬，报答,偿还,惩罚，报应",2
2126,sir,"先生,（用于姓名前）爵士,（中小学生对男教师的称呼）先生,老师",2
2127,permit,"许可，准许,默许，放任,允许，容许,许可，允许,许可证，执照",2
2128,cigarette,纸烟，香烟,2
2129,definition,"定义,规定，明确,[物]清晰度,解释",2
2130,priority,"优先，优先权,（时间，序上的）先，前,优先考虑的事,[数]优先次序",2
2131,bread,"面包,食物,营养，营养物,生计,在…上撒面包屑",2
2132,creation,"制造，创造,创造物，产物,（尤指<圣经>所述由上帝）创造天地，宇宙,（爵位等的）封授",2
2133,graduate,"渐变,渐渐变为（与into连用）,渐渐消逝（与away连用）,取得资格（与as连用）,授予学位或毕业证书,从…接受学位,分成等级,标以刻度,<美>毕业生,<英>大学毕业生,（已经取得学士学位正在攻读高级学位的）研究生,量筒,<美>毕业了的，研究生的,有（学士）学位的",2
2134,request,"要求,需要,所请求的事物,申请书,（下级对上级的）请求,请求得到,索取,邀请[常接不定式或从句]",2
2135,emotion,"情感，感情,情绪,感动，激动",2
2136,scream,"尖声喊叫，拼命叫喊,喊叫着说出,尖叫得使变…,尖叫,发出尖锐刺耳的声音,尖叫声，惊叫声,拼命的叫喊声,极其滑稽可笑的人",2
2137,dramatic,"戏剧的，戏剧性的,引人注目的,激动人心的",2
2138,universe,"宇宙,天地万物,经验领域",2
2139,gap,"缺口,分歧,间隔,美国休闲服饰品牌,造成缝隙,使成缺口,使豁裂,豁开,张开,有缺口,露出裂口",2
2140,excellent,"卓越的,杰出的,优秀的,太好了",2
2141,deeply,"在深处,浓浓地,强烈地,精心地",2
2142,prosecutor,"起诉人,实行者,检举人",2
2145,lucky,"运气好的，侥幸的,兆头好的，吉祥的,〈俚〉难得,很恰当的",2
2146,drag,"拖拽,吃力地往前拉,拖地而行,沿地面拖动,落后,缓慢前进,打捞,拖，拉,累赘,阻力",2
2147,airline,"航线,航空公司",2
2148,library,"图书馆，藏书楼,藏书,书屋，书斋,图书出租处",2
2149,agenda,"议事日程,待议诸事项一览表,日常工作事项,议程（ agendum的名词复数）",2
2150,recover,"恢复,重新获得,找回,<正>恢复（适当的状态或位置）,恢复健康（体力、能力等）,恢复开始时姿势",2
2151,factory,"工厂，制造厂,<古>代理店",2
2152,selection,"选择,被选中者,可供选择的事物",2
2153,primarily,"首先,首要地，主要地,根本上,本来",2
2154,roof,"屋顶，房屋,最高部，顶部,最高限度,口腔顶部,给…盖顶,覆盖,保护，庇护",2
2155,unable,"不能的，不会的,无能力的，不熟练的,不能胜任的,〈罕，诗〉弱，无力的",2
2156,expense,"费用,花费的钱,消耗,花钱的东西,向…收取费用,把…作为开支勾销",2
2157,initiative,"主动性,主动精神,倡议,主动权,自发的,创始的,初步的",2
2158,diet,"日常饮食,规定饮食,（使）节制饮食,节食,进规定饮食",2
2159,arrest,"逮捕，拘捕,止住，阻止，抑制,吸引（注意）,心跳停止,拘留,停止，阻止,制动（装置）",2
2160,funding,"用发行长期债券的方法来收回短期债券,提供资金,“fund”的现在分词",2
2161,therapy,"治疗，疗法，疗效,心理治疗,治疗力",2
2162,wash,"洗，清洗,浸湿,冲刷，冲击,洗去罪名,耐洗,被洗掉（通常与 out 和 away 连用）,（波涛等）拍打,（尤指船过后划出的）水流,要洗的衣物的数量,薄涂层（尤指涂料）,弄湿,使受洗礼,（光）布满,（猫等）舔净（自身）,可洗的，耐洗的,（证券交易）虚假的",2
2163,schedule,"时刻表，进度表,清单，明细表,预定计划,目录,排定，安排,将…列表,为…作目录",2
2164,sad,"悲哀的,糟糕的,可悲的,令人遗憾的",2
2165,brief,"短暂的,（衣着）短的,简洁的,简明的,向…介绍基本情况,（尤指事前）向…介绍基本情况,向…下达简令,在…事先向…做简要指点,概要,短文,简短声明,（争议一方的情况或论点）要点摘录",2
2166,housing,"房屋,供给住宅,掩护,外罩",2
2167,post,"邮件,邮政,柱，桩，杆,岗位,张贴,宣布,设岗,邮寄,快速行进,有关赛跑（或赛马，赛狗）起点标志的,〈外〉在后,用急件[驿马],赶紧地，火速地",2
2168,purchase,"购买,采购,换得,依靠机械力移动,购买行为,购置物,紧握",2
2169,existing,"目前的,现存的,存在( exist的现在分词),持续存在",2
2171,steel,"钢，钢铁,钢制品,兵器,钢铁工业,包上或镀上钢,使坚定,钢制的,钢铁业的,坚强的,[色彩]青灰色的",2
2172,regarding,"关于,就…而论,至于,regard的现在分词",2
2173,shout,"呼喊，叫喊,高声说或发出喊叫声,大叫,大叫着说,呐喊",2
2174,remaining,"剩余的，剩下的,剩余，剩下(remain的现在分词),保持,停留，逗留",2
2175,visual,"视觉的，看得见的,光学的，视力的,形象化的,光学的,画面，图象",2
2176,fairly,"适当，相当地,公平地,完全，简直,清楚地",2
2177,chip,"碎片,缺口,（作赌注用的）筹码,（足球）高球,刻，削成,凿,从…上削下一小片,剥落,碎裂",2
2178,violent,"暴力引起的,剧烈的，（风，爆炸等）猛烈的，狂暴的,感情强烈的,颜色强烈的",2
2179,silent,"沉默的，无言的,寂静的，无声的,静止的,[语]不发音的,无声电影",2
2180,suppose,"假定,猜想，推测,认为,让（用于祈祷语气）,想象，猜想",2
2181,self,"自己,本人,本性,私利,同一的,纯净的,单一的,使自花授精,使近亲繁殖,自花授精",2
2182,bike,"自行车,摩托车,电动自行车,骑自行车,“motorbicycle”的变体",2
2183,tea,"茶水,茶,茶树,午后小吃,给…沏茶,喝茶",2
2184,perceive,"意识到,察觉，发觉,理解",2
2185,comparison,"比较，对照,[语]比喻,比较级",2
2186,settlement,"解决,结算,<律>金钱或财产的转让（契约）,沉淀,定居点",2
2187,layer,"层，层次,膜,[植]压条,放置者，计划者,把…分层堆放,借助压条法,生根繁殖,将（头发）剪成不同层次,形成或分成层次,[植]通过压条法而生根",2
2188,planning,"计划,规划,“plan”的现在分词,设计",2
2190,description,"描述,形容,种类,类型",2
2193,slide,"滑落,下跌,打滑,[棒球]滑垒,衰落（成）,逐渐降低,使悄悄转动,（使）快捷而悄声地移动,幻灯片,降低",2
2194,widely,"广泛地,普遍地,到处,大量地",2
2195,wedding,"婚礼,婚宴,结婚纪念日,结合,与…结婚,使完婚,使紧密结合,把形式与作用紧密结合的风格,结婚",2
2196,inform,"通知,使活跃，使充满,预示,告发",2
2197,portion,"一部分,一份遗产（或赠与的财产）,嫁妆,分得的财产,把…分成份额,分配,把…分给(to),命运注定",2
2198,territory,"领土，版图,领地,领域，范围,[商]势力范围",2
2199,immediate,"立即的,直接的，最接近的,目前的，当前的,直觉的",2
2200,opponent,"对手,反对者,敌手,对立的,敌对的",2
2201,abandon,"放弃，抛弃,离弃，丢弃,使屈从,停止进行，终止,放任，放纵,完全屈从于压制",2
2204,lake,"湖,深红色颜料,胭脂红,[化]色淀,血球溶解,使（血液）发生血球溶解",2
2205,transform,"改变,改观,变换,[数]变换式",2
2206,tension,"紧张，不安,紧张气氛,[物]张力，拉力,矛盾,紧张,使紧张",2
2208,leading,"重要的，主要的,前列的,首位的,行距,铅框,领导（lead的ing形式）",2
2209,bother,"烦扰，打扰,使…不安，使…恼怒,使迷惑,烦恼,操心,麻烦,麻烦，操心,累赘,烦扰，吵闹,讨厌的人",2
2210,consist,"由…组成,在于,符合",2
2211,alcohol,"乙醇，酒精,含酒精的饮料",2
2212,enable,"使能够，提供做…的权利[措施],使可能,授予权利或方法",2
2213,bend,"（使）弯曲，屈身,拉弯,使成形，强行,集中全力于,偏向,使变曲，成角度,弯身，弯腰,专心,弯曲（处）,（尤指道路或河流的）拐弯,弯道,（潜水员过快浮出水面造成的）减压病",2
2214,saving,"节约,节俭,储蓄金,挽救,拯救( save的现在分词),收集,保留,避免,除…以外,可取的，保存的,节省的，节约的,补偿的,救助的",2
2216,desert,"沙漠,荒地,应得的赏罚,功劳，美德,沙漠的,荒芜的，不毛的,无人的",2
2217,shall,"将要,必须,可以,应该",2
2218,error,"错误，过失,[法]误审，违法,[数]误差",2
2220,cop,"〈俚〉警察,管纱,〈英方〉（山）顶,偷盗,抓住，获得,取走",2
2221,arab,"阿拉伯人,街头流浪儿,阿拉伯的，阿拉伯人的",2
2222,double,"双的,两倍的,两面派的,双人用的,使加倍,把…对折,重复,加倍，加倍努力,快步走,两倍地,双重地,两倍,双精度型",2
2224,sand,"沙,沙滩,沙色,撒沙于,用砂纸磨光",2
2225,spanish,"西班牙的,西班牙人的,西班牙语的,西班牙式的,西班牙语,西班牙人,〈美〉新墨西哥州的别名,[地名] [加拿大] 西班牙村",2
2228,print,"（由底片印出的）照片,印刷字体,印痕,印成的图画,（在松软的表面）压印,把…付印,用印刷体写,冲洗（照片）,登载,在纸上印",2
2229,preserve,"保护,保持，保存,腌制食物,防腐处理,保鲜,保持原状,做蜜饯,禁猎,蜜饯,防护用品,禁猎地,独占的事物（或范围）",2
2230,passage,"（文章的）一段,经过,通路，通道,旅程，行程",2
2231,formal,"（学校教育或培训）正规的,方式上的,礼仪上的,<美>须穿礼服的社交集会,<口>夜礼服",2
2232,transition,"过渡，转变，变迁,[语]转换,[乐]变调",2
2233,existence,"存在，实在,生活，生活方式,实体，存在物",2
2234,album,"相册,集邮簿,签名册,唱片",2
2235,participation,"参加，参与,分享",2
2236,arrange,"把…（系统地）分类,整理,改编（剧本等）,达成…的协议,（就某事与某人）达成协议，（与某人）商定（某事）(with a person about 或 for a thing),[音乐]（尤指专业）改编乐曲",2
2237,atmosphere,"大气，空气,大气层,风格，基调,气氛",2
2238,joint,"共同的，联合的,共享的,两院的,连带的，共同的,[解]关节,接合处,下流场所,一块烤肉（英式英语）,结合，联合,为…装上接头，使…有接缝",2
2239,reply,"回答，答复,反应,报复（行动）,[法律]答辩,[法律]（原告对被告）答辩,反响,作答,（以行动）做出反应,回应，作出反应",2
2240,cycle,"循环，周期,自行车,时代，一段时间,整套,周而复始，循环,骑自行车,轮转,运转，循环,使轮转",2
2241,opposite,"相对的,对面的,对立的,[数学]（顶、边等）对的,（表示位置）在…的对面,与…在一排,（表示方式）与…联合主演,在对面，对过,对立面，对立物，相反的人[事物]",2
2242,lock,"锁,水闸，船闸,（机器部件等的）锁定,一把，一撮,锁上,锁好，关好,使固定,隐藏,卡住，不动,纠结,僵硬不动",2
2244,deserve,"应受,应得,值得,应受报答,应得报酬,应得赔偿,应受惩罚",2
2245,consistent,"一致的,连续的,不矛盾的,坚持的",2
2246,resistance,"抵抗,阻力,抗力,电阻",2
2247,discovery,"发现，发觉,（剧情的）发展,被发现的事物,[法]显示证据",2
2249,exposure,"暴露,揭发,公开,（商品等的）展出",2
2250,pose,"使摆姿势,以…身份出现,招摇,炫耀,提出,造成（威胁、问题等）,引起,产生,姿势,姿态,装腔作势,伪装",2
2251,stream,"河流，小河，川，溪,潮流，趋势，倾向,（事件等的）连续，（财富等的）滚滚而来,流出，流注，一连串,流，流动,飘扬,招展,鱼贯而行,一个接一个地移动,按能力分班（或分组）",2
2252,sale,"卖，出卖,销售额，销售,销路,拍卖",2
2255,pot,"罐,一罐,（某种用途的）容器,陶盆,把…栽入盆中,种盆栽,台球、普尔和斯诺克击（球）入袋,射杀,随手射击",2
2256,grand,"宏大的，宏伟的,（最）重要的,豪华的,一千美元,大钢琴",2
2257,mine,"(I的所有格)我的（东西）,矿,矿井,地雷,水雷,在…中开采，开采,在…中[下]布雷,以地雷[水雷]炸毁",2
2258,hello,"哈喽，喂,你好，您好,表示问候,打招呼,“喂”的招呼声或问候声,喊“喂”",2
2259,coalition,"结合体,联合,同盟,（两党或多党）联合政府",2
2260,tale,"传说，传言,（尤指充满惊险的）故事,坏话，谣言,〈古〉计算，总计",2
2261,knife,"刀,匕首,刃部,手术刀,切割，刺,伤害,劈开,划过",2
2262,resolve,"决定,决心,使消释,使分解，使解体,（指委员会或集会）表决,消退（炎症等）,下决定,分解,决意，决定,（会议等的）决议",2
2263,racial,"种族的,人种的,存在或发生于种族之间的",2
2264,phase,"相，周相,阶段,[物理学]相位,方面，侧面,分阶段实行,调整相位,分阶段进行",2
2266,joke,"笑话，玩笑,笑柄，笑料,开玩笑,戏弄,闹着玩,说着玩",2
2267,coat,"上衣，外套,给…穿上上衣[外套],盖上",2
2268,mexican,墨西哥人,2
2269,symptom,"症状,征兆",2
2271,manufacturer,"制造商，制造厂,厂主,[经]厂商",2
2272,philosophy,"哲学,哲学体系，哲学思想,生活信条,哲理",2
2273,potato,"马铃薯， 土豆，洋芋,土豆块茎",2
2275,foundation,"地基,基础,基金（会）,粉底",2
2276,quote,"引述，引用,报价,引述,引用,引号",2
2277,online,"在线的,联网的,联机的",2
2279,negotiation,"协商，谈判,转让,通过",2
2281,urge,"催促,推进，驱策,力劝，规劝,极力主张,刺激，冲动,推动力,强烈要求，竭力主张",2
2282,occasion,"机会，时机,场合,理由,需要,惹起，引起",2
2283,dust,"灰尘,（建筑物内、家具或地板等上的）灰尘,遗骸，尸体，人体，人,〈口〉金粉，粉末，粉剂，花粉,拂（一拂），掸（一掸）,撒（粉）于,擦去…的灰尘,擦灰,撢去",2
2284,breathe,"呼吸,活着，生存,小憩一会儿，歇歇气,散发香气,吸进（如香气）,尤指平静地吐露，低语,使…明显的，暗示",2
2285,elect,"选举,挑出，挑选,决定,选择，挑选,进行选举,精选的，选出的,选中的，当选而尚未就职的,被选的人",2
2286,investigator,"调查者,研究者,侦查员",2
2287,jacket,"短上衣，夹克,土豆皮,书籍的护封,文件套，公文夹,给…穿夹克,给…装护套,给…包上护封,〈口〉打",2
2288,glad,"高兴的，乐意的,令人高兴的，使人愉快的,（风光）明媚的，（景色）美丽的,充满欢乐的，兴高采烈的,使高兴",2
2289,ordinary,"普通的,平常的,一般的,平庸的",2
2290,reduction,"减少,降低,[数学]约简,[摄影术]减薄",2
2291,rarely,"很少地,罕有地,极精彩地,珍奇地，绝佳地",2
2293,pack,"一群,包裹,（纸牌的）一副,一组,（把…）打包,塞进,拥进,（使）聚集成团,挑选,压紧,携带,拧紧,包装,紧挤在一起,便于折叠收藏的,匆忙离去（有时与 off 连用）",2
2294,suicide,"自杀,自杀者,自杀行为,自杀的",2
2295,numerous,"很多的，许多的,数量庞大的数量庞大的,数不清的",2
2297,substance,"物质，材料,实质，内容,[神]灵,（织品的）质地",2
2298,discipline,"训练,使有纪律,处罚,使有条理,纪律,学科,符合行为准则的行为（或举止）",2
2299,elsewhere,"在别处，到别处,他",2
2300,iron,"铁器，铁制品,熨斗，烙铁,坚强,脚镣,铁制的，含铁的,坚强的，顽强的,残酷的,坚忍不拔的,熨烫,给…上脚镣手铐,给…装铁具,用铁铸成,熨衣,（衣服等）被烫平",2
2301,practical,"实践的，实际的,可实现的，实用的,注重实际的,可用的",2
2302,moreover,"再者,此外,而且,同时",2
2303,passion,"激情，热情,热心，爱好,热恋,酷爱,[诗歌用语]表露强烈感情，显示巨大热情",2
2304,volunteer,"志愿者，志愿兵,[军]义勇军,[植]自生植物,[林]先锋树种,自愿的，志愿的,自愿去做,当志愿兵[义勇军],志愿，义务服务,志愿提供",2
2305,implement,"实施，执行,使生效，实现,落实（政策）,把…填满,工具，器械,家具,手段,[法]履行（契约等）",2
2306,essentially,"本质上，根本上,本来,“essential“的派生",2
2307,gene,"<生>基因,遗传因子",2
2308,enforcement,强制，实施，执行,2
2309,vs,"[]  [],versus 对",2
2310,sauce,"调味汁,酱汁,〈非〉莽撞无礼,〈俚〉烈酒,调味或加沙司于…,给…增加趣味或风味,〈非〉对…无礼",2
2311,independence,"独立，自主,足够维持闭居生活的收入,独立心,自恃心",2
2312,marketing,"销售，经销，行销，商品销售业务,市场学,商品自生产者转移到消费者手中的一系列有关机能,〈集合词〉市场购买的货品，适合市场上销售的货品,出售,为出售提供,卖,买",2
2313,priest,"神父，牧师,司铎，司祭,领导者,神甫,使成为神职人员",2
2314,amazing,"令人惊异的,使大为吃惊，使惊奇( amaze的现在分词),使惊异：感到非常好奇,吃惊,好奇",2
2315,intense,"热情的，强烈的，紧张的,热烈的，热情的，认真的,[摄]（底片）明暗度强的,有强烈感情（或意见、想法）的",2
2316,advance,"（使）前进,将…提前,预付,提出,（数量等）增加,向前推（至下一步）,上涨,增长,借款,（价格、价值的）上涨,预付款,预先的,先行的",2
2317,employer,"雇主，老板,雇佣者",2
2318,shock,"休克,震惊,震动,打击,使休克,使震惊,使震动,使受电击,感到震惊,受到震动,堆成禾束堆,浓密的,蓬乱的",2
2319,inspire,"鼓舞,激励,赋予灵感,启迪,吸，吸入",2
2320,adjust,"（改变…以）适应，调整，校正,调准（望远镜等），对准，校正，校准（机械等）,核算（盈亏）,[保]评定（赔偿要求）",2
2321,retire,"退休,撤退,后退，退却,退休，退隐,使撤退,收回,退隐,退兵信号",2
2323,visible,"看得见的,明显的，显然的,手头的，可得到的,可察觉到的",2
2324,kiss,"接吻,轻拂,轻微碰撞,轻触,吻,小糖果,蛋白甜饼，球形饼干",2
2325,illness,"疾病,某种具体疾病,不健康",2
2326,cap,"盖,帽子,军帽,求交运算,脱帽致意,覆盖,给…戴帽,Common Agricultural Policy （欧共体）共同农业政策",2
2327,habit,"习惯，习性,气质,宗教服装,给…穿衣服,打扮",2
2328,competitive,"竞争的，比赛的,（价格等）有竞争力的,（指人）好竞争的,[生化] 抑制酶作用的",2
2329,juice,"果汁,肉汁,胃液",2
2330,congressional,"会议的,委员会的,国会的,议会的",2
2331,involvement,"牵连，参与,加入,财政困难,牵连的事务，复杂的情况",2
2332,dominate,"支配，影响,占有优势,在…中具有最重要的特色,在…中拥有最重要的位置",2
2333,previously,"事先,以前,仓促,“previous”的派生",2
2334,whenever,"究竟什么时候,不论何时,无论什么时候,随时,无论何时,每当",2
2335,transfer,"使转移,使调动,转让（权利等）,让与,转让,转学,转乘,转会（尤指职业足球队）,转移,调动,换乘,（运动员）转会",2
2336,analyze,"<美>分析,分解,解释,对…进行心理分析",2
2338,attach,"贴上，系,附上,（有时不受欢迎或未受邀请而）参加,把…固定,把…归因于,（使）与…有联系,从属,附着,伴随而来,联在一起(to, upon)",2
2341,disaster,"灾难,彻底的失败,不幸,祸患",2
2342,parking,"（车辆等的）停放,停车场所，停车位,停车(park的ing形式)",2
2343,prospect,"前景,期望,眺望处,景象,勘探,勘察,（矿等）有希望,有前途,找矿,对…进行仔细调查",2
2344,boss,"老板，上司,领袖，首领,[机]轴套，套筒,当…的首领,管理，指挥,当首领,发号施令,<俚>很好的，一流的",2
2345,complaint,"抱怨，控诉,委屈，怨言,平平的来由,痛苦根源",2
2346,championship,"锦标赛,锦标，优胜，冠军称号,拥护者[支持者，提倡者]的身分,保持冠军称号的时期",2
2349,fundamental,"基础的，基本的，根本的，重要的，原始的，主要的，十分重大的,[物]基频的，基谐波的,[乐]基音的,原理，原则，基本，根本，基础,[乐]基音,[物]基频，基谐波",2
2350,severe,"严峻的,严厉的,剧烈的,苛刻的",2
2351,enhance,"提高，增加,加强",2
2352,mystery,"秘密，谜,神秘，神秘的事物,推理小说，推理剧,常作 mysteries 秘技，秘诀",2
2353,impose,"强加,征税,以…欺骗,利用,欺骗,施加影响",2
2354,poverty,"贫穷,缺乏，不足,贫瘠，不毛,低劣",2
2356,entry,"进入，入场,入口处，门口,登记，记录,参加比赛的人",2
2358,spending,"开销，花费,用钱，花钱( spend的现在分词 ),花费,消耗,花（时间）",2
2359,king,"国王,（纸牌中的）老K,（国际象棋的）王,…之王,立…为王,巨型的",2
2360,evaluate,"评价,求…的值（或数）,对…评价,[数学、逻辑学]求…的数值,评价，估价",2
2361,symbol,"象征,标志,符号,记号,用符号代表",2
2364,maker,"制造者，制造商,[法] 签署本票的一方,上帝,〈古〉诗人",2
2365,mood,"心情,语气,气氛,坏心境",2
2366,accomplish,"完成,达到（目的）,走完（路程、距离等）,使完美",2
2367,emphasis,"强调,着重,（轮廓、图形等的）鲜明,突出，重读",2
2368,illustrate,"说明,表明,给…加插图,（用示例、图画等）说明,举例说明",2
2369,boot,"长靴，皮靴,防护罩,[多用于英国]行李箱,[俚语]解雇，激动,穿（靴）,踢,[俚语]解雇,[计算机科学]引导,帮助或益处",2
2370,monitor,"显示屏，屏幕,[计]显示器,监测仪,监控人员，班长,监控，监听,搜集，记录,测定,监督,监视",2
2371,asian,"亚洲人,亚洲的，亚洲人的",2
2372,entertainment,"娱乐，消遣,招待，款待,娱乐节目",2
2373,bean,"豆,豆形种子,毫无价值的东西,将（球）击中击球员头部,胡说！呸！不可能！",2
2374,evaluation,"估价,<数>赋值,估计价值,[医学]诊断",2
2375,creature,"生物，动物,人,创造物,（他人的）工具",2
2376,commander,"指挥官，司令官,[海]中校，副舰长,木槌",2
2377,digital,"数字的,数据的,手指的,指状的,手指,（钢琴等的）琴键,数字",2
2378,arrangement,"安排,排列,约定,改编",2
2379,concentrate,"专心于,注意,集中,聚集,浓缩，（使）浓缩,[采矿]汰选,选矿，精选，富集,凝缩，浓缩，提纯,浓缩物,集中起来的，经过浓缩的",2
2381,usual,"通常的，常有的，常见的,平常的，普通的,平时的，平日的,一向的，老是那一套的",2
2382,anger,"生气,愤怒,怒气,愤懑,激怒,使发怒,[医]〈旧，非正式〉使（伤口）炎或疼痛,恼火,发怒",2
2383,psychological,"心理的,精神上的，精神（现象）的,心理学（上）的,关于心理学的",2
2384,heavily,"在很大程度上,沉重地,大量地,缓慢又高声地",2
2385,peak,"山峰,最高点,尖端,帽舌,达到高峰，达到最大值,消瘦,变憔悴,最高的,最大值的",2
2386,approximately,"近似地，大约,许",2
2387,increasing,"增加，增大，增多( increase的现在分词 ),增强，增进,[缝纫]放（针）,增强",2
2388,disorder,"混乱，凌乱,动乱，骚乱,不正当行为,（身心机能的）失调,使混乱，使凌乱,扰乱,使（身心等）失调,使（神经等）错乱",2
2389,missile,"导弹,投射物,导弹的,可投掷的,用以发射导弹的",2
2390,equally,"相等地,平等地,公正地,平均",2
2391,vary,"变化,不同，偏离,[生]变异,使不同,使多样化,[音乐]变奏",2
2392,wire,"金属丝,电线,电报,（木偶的）牵线，操纵绳，背后操纵的势力，秘密引线，秘密策略,拍电报,给…装电线",2
2393,round,"圆形的,弧形的,丰满的，肥胖的,整数的,到处,在周围,迂回地,朝反方向,大约,绕过，环绕,（表示位置）在…四周,附近,圆，圆形,循环,圆形物，球状物,（会议的）一回合,使成圆形,绕行,拐过，绕过,把…四舍五入",2
2394,distribution,"分配，分布,[法]（无遗嘱死亡者的）财产分配,[无线]频率分布,[电]配电",2
2395,transportation,"运送，运输,运输系统,运输工具,流放",2
2396,holy,"神圣的,值得尊敬的，值得推崇的,圣洁的，圣徒般的,宗教的",2
2398,twin,"孪生儿之一，双胞胎之一,两个相像的人或物之一,孪晶,双人床,尤用于英国)使结成姊妹城市,使（两人或两事物）紧密结合,使偶合,使相连,成对的,成双的,双重的,双联的",2
2399,command,"命令，指挥,司令部，指挥部,[计算机]指令,控制力,指挥，控制，命令,命令,应得，值得,给出命令,命令，指令,指挥的，根据命令（或要求）而作的",2
2400,commission,"委员会，委员,[商]佣金，手续费,任命，委任,委任状,委任，授予,使服役,使（船）服役",2
2401,interpretation,"解释，说明,翻译,表演，演绎,理解",2
2402,breakfast,"早餐，早饭,早餐食物,吃早餐,供给…早餐",2
2404,strongly,"强烈地,坚强地,坚固地,强有力地",2
2405,engineering,"工程（学）， 工程师行业,操纵，管理,土木工程，工事,开车技术",2
2406,luck,"运气,好运,机遇,命运,交好运，走运,侥幸成功",2
2407,so-called,所谓的，号称的,2
2408,constant,"不断的，持续的,永恒的，始终如一的,坚定,忠实的,[数]常数，常量,不变的事物,永恒值",2
2410,clinic,"诊所，门诊部,特殊病例分析,临床讲授,临床实习课",2
2411,veteran,"经验丰富的人，老兵,退伍军人,有作战经验的,老兵的,[美国英语]退伍军人的,老练的，资深的，经验丰富的",2
2412,smell,"嗅觉,气味,臭味,发出臭气的人[东西],嗅，闻,闻出，发觉，查出,发出…的气味",2
2413,tablespoon,"大汤匙，大调羹,一大汤匙的量",2
2414,capable,"能干的,有才能的,有才华的,能胜任的,有才能的，能干的",2
2415,nervous,"焦虑的,紧张不安的,神经质的",2
2416,tourist,"旅行者，观光客,〈美〉冬季到南部做工的流动工人",2
2418,toss,"（轻轻或漫不经心地）扔,（使）摇荡,摇匀,（为…）掷硬币决定,掷硬币决定,向上甩头,猛仰头（尤指表示恼怒或不耐烦）,（尤指比赛或游戏中）投掷",2
2419,crucial,"关键性的，极其显要的,决定性的,十字形的",2
2420,bury,"埋葬，葬,为…举行葬礼,隐藏，埋藏，遮盖，掩蔽,专心致志于，埋头于，沉溺于,布里",2
2421,pray,"祈祷，祷告,请求，恳求,央求,祈祷,请,恳求",2
2422,tomato,"番茄，西红柿,[俚语] 美女",2
2423,exception,"例外，除外,反对，批评,[法律]异议，反对",2
2424,butter,"黄油,黄油状的食品,奉承话,焊膏,抹黄油于…上,用黄油煎食物,讨好",2
2425,deficit,"不足额,赤字,亏空,亏损",2
2426,bathroom,"浴室,盥洗室,（带抽水马桶的）厕所,卫生间",2
2427,objective,"客观的，实体的,目标的,[语]宾格的,[医]他觉的,目标，任务,[光]物镜,[语]宾语，宾格,[事]出击目标",2
2429,electronic,"电子的,电子操纵的,用电子设备生产的,用电子设备完成的",2
2430,ally,"同盟国，同盟者,助手，支持者,协约国,联盟,（使）联盟，（使）同盟,（使）结盟，（使）联姻",2
2431,journey,"旅行，旅程行期,历程，过程,旅行，出游,在…旅行或旅行到过…",2
2432,reputation,"名气，名声,好名声,信誉，声望,荣誉，名望",2
2433,mixture,"混合，混杂,混杂的事物[人群],混合（状态）",2
2434,surely,"无疑,一定，确实,（回答）当然，好,保管",2
2435,tower,"塔，楼塔,要害地,〈罕〉（负伤鸟的）笔直向上飞,〈美〉铁路信号所,远远高于，远远超过,高耸，超越,“Towers“的变体",2
2436,smoke,"烟,吸烟,冒烟,抽烟,快速,用烟熏制,吸（烟），抽",2
2437,confront,"面对,使面对面，使对质,碰到，遇到,比较",2
2438,pure,"纯的,单纯的,纯真的,干净的,清晰的，纯正的",2
2439,glance,"一瞥,闪微光,掠过，擦过,随便提到，简略地触及,浏览,闪光,歪斜，一掠",2
2440,dimension,"尺寸,[复]面积，范围,[物]量纲,[数]次元，度，维,（石料，木材）切成特定尺寸的,把…刨成（或削成）所需尺寸,标出尺寸",2
2441,toy,"玩具，玩物,小装饰品,无实用价值的东西,玩弄,不认真地考虑,玩具的,作玩具的,个头很小的,小体型品种的",2
2442,prisoner,"囚犯,犯人,俘虏,刑事被告",2
2443,fellow,"同伴,男子,（大学的）研究员,（某些学院或大学的）董事,同伴的,同事的,同类的,同情况的,使…与另一个对等,使…与另一个匹敌",2
2444,smooth,"光滑的,流畅的,柔软的,温和的，安详的,使平滑,排除，消除,安抚，平息,使优雅,变平和，变缓和,平地，平面",2
2445,nearby,"在附近的，位于附近的,附近地，不远地",2
2446,peer,"凝视,盯着看,隐退，若隐若现,同等，比得上,同辈，同等的人,贵族,同伴，伙伴,贵族的,（年龄、地位等）同等的,相匹敌的",2
2447,designer,"设计师,设计者,构思者,由专门设计师设计的,标有设计师名字的,时尚的,时髦的",2
2448,personnel,"全体员工,（与复数动词连用）人员，员工,人事部门",2
2450,educator,"（尤指作为一种职业的）教育工作者，教员，教师,教育学家，教育家,教学管理者",2
2451,relative,"相关的,相对的,相互有关的,比较而言的,亲属，亲戚,相关物,亲缘植物（或动物）,[语法学]关系词",2
2452,immigration,"移居,移民人数,移民局检查站",2
2453,belt,"腰带,区域,传送带,带状物,环绕，包围,用带做记号,用力打,绕着系上带子",2
2454,teaspoon,"茶匙,一茶匙的量",2
2455,birthday,"生日,诞辰,成立纪念日",2
2456,implication,"含义,含蓄，含意，言外之意,卷入，牵连，牵涉，纠缠,[逻辑学]蕴涵，蕴含",2
2457,perfectly,"完美地,理想地,完全地,无瑕疵地",2
2458,coast,"海岸,滑坡,（汽车或自行车）（尤指不用动力向山坡下）滑行,（做事）不出力,不费力地取得成功,（不用多少动力）快速平稳地移动,沿海岸航行",2
2459,supporter,"支持者，拥护者,支持物,赡养者，抚养者",2
2460,accompany,"陪伴，陪同,附加，补充,与…共存,为…伴奏,伴奏",2
2461,silver,"银,银币,银制品,银色,银制的,像银的,银色的,银白色的,（在某物上）镀银,使具有银色光泽，使变成银色",2
2462,teenager,"十几岁的青少年,十三岁到十九岁的少年",2
2463,recognition,"认识，识别,承认，认可,褒奖,酬劳",2
2464,retirement,"退休，退职,引退，隐居,退隐处",2
2465,flag,"旗,旗帜,信号旗,菖蒲,标示,疲乏，变弱，热情衰减",2
2466,recovery,"恢复，复原,重获,痊愈,矫正",2
2467,whisper,"低声说,私语,密谈，密谋坏事,私下说,沙沙地响,耳语,密谈,低语，耳语,飒飒声,[医]嗫音,传闻",2
2469,gentleman,"先生,绅士,有身份地位的人",2
2470,corn,"<英>谷物,<美>玉米,鸡眼",2
2471,moon,"月亮，月球,卫星,月状物，新月状物,闲逛,出神,[俚语] 露出屁股以戏弄,虚度",2
2472,inner,"内部的，内心的,精神的,秘密的,内部，里面,射中接近靶心部分的一发",2
2473,junior,"较年幼的，较年小的,三年级的，低年级的,资历较浅的,后进的,年少者，青少年,晚辈,三年级生,职位较低者",2
2475,throat,"咽喉,颈前部,[植物学]管颈,用沙哑的声音或嗓音发音",2
2476,salary,"薪水，薪金，薪俸,给…加薪,给…薪水,发…薪水,付…薪水",2
2477,swing,"（使）摇摆,（使）摇荡,摇摆，摆动,摆程，振幅,秋千,音律,使旋转,使做曲线运动,挥舞,悬吊,悬摆,迅速打击,侧转，转弯,轻快摇摆地走",2
2478,observer,"遵守者，观察者,观察团,观察员",2
2481,publication,"出版,出版物,公布,发表",2
2483,crop,"农作物,产量,庄稼,平头,种植,收割,修剪,剪短,收成,收获",2
2484,dig,"（如用铲、锨或推土机等）挖掘,探究，发掘,刺，戳,喜欢，欣赏,挖掘，松土,整理,〈俚〉已理解,一拳，一推,挖苦，讽刺,考古发掘",2
2486,permanent,"永久（性）的，永恒的，不变的，耐久的，持久的，经久的,稳定的,常务的，常设的,电烫发，烫发",2
2488,phenomenon,"现象，事件,奇迹,非凡的人",2
2489,anxiety,"焦虑，忧虑,切望，渴望,令人焦虑的事,挂念",2
2490,unlike,"（表示属性）与…不同,不像,不同的,相异的,不相似的",2
2491,wet,"湿的,下雨的,懦弱的,（儿童）尿湿尿布的,湿地,液体,窝囊废,雨天,使潮湿,把…弄湿",2
2492,literally,"逐字地,照字面地,确实地，真正地,[口语]差不多，简直（用于加强语意）",2
2493,resist,"抵抗，抗拒,忍耐,反对，抵制,防染剂,防腐剂",2
2494,convention,"会议,全体与会者,国际公约,惯例，习俗，规矩",2
2495,embrace,"拥抱,包括,包含,接受,信奉,拥抱，怀抱",2
2497,assist,"帮助,援助,机器助手,辅助装置,帮助某人做某事,搀扶（某人）上下车,出席,参加",2
2498,exhibition,"陈列，展览,展览品，陈列品,表明,[法]（证据等的）提出",2
2499,construct,"修建，建造,构成,创立,[数]作图,结构（物）,构想,概念",2
2500,viewer,"电视观众,观看者，观察者,阅读器,看片机（把幻灯片等放大观看的装置）",2
2501,pan,"平底锅,盘状的器皿,淘盘子，金盘，秤盘,淘金,在浅锅中烹调（食物）,[非正式用语]严厉的批评,在淘洗中收获金子",2
2502,consultant,"（受人咨询的）顾问,会诊医生，（顾问）医生,求教者，（与人）商议者，征求意见者，查阅者，咨询者",2
2505,administrator,"管理者,有管理（或行政）才能的人,[法]（由遗嘱检验法庭指定的）遗产管理人,地产管理人",2
2507,occasionally,"偶尔,偶然,有时候",2
2508,mayor,"市长,镇长,（英格兰、威尔士和北爱尔兰由议员选举产生的）镇长,（民选的）市长",2
2509,consideration,"考虑，考察,照顾，关心,报酬,尊敬",2
2510,ceo,"Chief Executive Officer 执行总裁,首席执行官",2
2511,secure,"安全的,牢固的,有把握的,安心的,保护,（使）获得,使安全,担保,获得安全，变得安全,安全，保险,承保，担保,[航海学]停止工作",2
2512,pink,"粉红色的,淡红色的,略带左翼政治观点的,与同性恋者有关的,粉红色,典范,香石竹,顶点，极度,刺、扎,打出小孔图案,戳",2
2515,buck,"（美）钱，元,雄鹿,花花公子,（马等）猛然弓背跃起,抵制,猛然震荡",2
2516,historic,"在历史上重要的，有历史影响的,历史的，历史上的",2
2517,poem,"诗,韵文,诗一样的作品,富有诗意的东西",2
2518,grandmother,"（外）祖母,老奶奶,女祖先,当…的祖母,当祖母",2
2519,bind,"约束,装订,捆绑,（用长布条）缠绕,（使）结合,窘境，困境,植物的藤蔓",2
2520,fifth,"第五,五分之一,第五音，五度音程,<美>五分之一加仑（瓶）",2
2521,constantly,"不断地，时常地,时刻,常川,历来",2
2522,enterprise,"企（事）业单位,事业，计划,事业心，进取心",2
2523,favor,"好感,宠爱,关切,欢心,支持,赞成,照顾,促成",2
2524,testing,"测试,与试验有关的，试验的,棘手的,测验(test的现在分词)",2
2525,stomach,"胃,腹部,食欲,欲望,容忍,吃…吃得津津有味,〈古〉对…发怒",2
2526,apparent,"易看见的，可看见的,显然的，明明白白的,貌似的，表面的,显见",2
2527,weigh,"称…的重量,权衡，考虑,用手掂估,使吃重,具有重要性,重量为,起锚,成为…的重荷,权衡,称重量",2
2528,install,"安装,安顿，安置,任命,使…正式就职",2
2529,sensitive,"敏感的,感觉的,[仪]灵敏的,易受影响的,敏感的人,有灵异能力的人",2
2530,suggestion,"建议，意见，暗示,联想，启发,微量",2
2531,mail,"邮件，邮政,邮政（制度）,邮务员，邮递员,〈古〉袋，旅行包,邮寄,给…穿盔甲,投邮",2
2532,recipe,"食谱,处方,秘诀",2
2533,reasonable,"合理的，公道的,明白道理的,适当的,有理性的",2
2534,preparation,"准备，预备,准备工作,配制品,制剂",2
2535,wooden,"木制的,木头的,僵硬的,呆板的",2
2536,elementary,"基本的,初级的,[化]元素的,初等",2
2537,concert,"音乐会,一致，和谐,通过双方协议来计划或安排,调整，解决,协调一致行动",2
2538,aggressive,"侵略的，侵犯的，攻势的,（美）有进取心的，积极行动的,有进取心的，有闯劲的,好争斗的，借故生端的，爱打架的，要打架的",2
2539,false,"虚伪的,不正的，非法的,假造的，摹造的,临时的,欺诈地,叛卖地",2
2540,intention,"意图，目的,意向,意义，意旨,[医]愈合",2
2541,channel,"频道，波道,渠道,途径,海峡,引导，开导,形成河道",2
2542,extreme,"极端的，过激的,极限的，非常的,末端的,（政治上）急进的,极端,困境,[数]极限值,[常用复数]在两末端的事物",2
2543,tube,"管，管状物,电子管,地铁,电视机,把…装管,把…弄成管状,用管输送,乘地铁,不及格",2
2544,drawing,"绘画,制图,图画,图样,绘画(draw的现在分词),拖,拉,拔出",2
2545,protein,"[化]朊，蛋白（质）,蛋白质的",2
2546,quit,"离开,放弃，抛弃,停止，中断,偿清,停止,放弃斗争,辞职,自由的,摆脱了责任或义务的",2
2547,absence,"缺席，缺勤,缺乏，缺少，无,心不在焉，不注意",2
2549,latin,"拉丁文,拉丁语，拉丁文学,拉丁美洲人,拉丁姆人,拉丁的，拉丁语的,古罗马的,拉丁姆的,拉丁美洲的",2
2550,rapidly,"很快地，迅速地,立即",2
2551,jail,"监狱,拘留所,监禁,拘留",2
2553,diversity,"多样化，（人在种族、民族、宗教等方面的）多样性,差异,分歧",2
2554,honest,"诚实的,坦诚的,老实的,辛勤挣得的",2
2555,palestinian,"[]  [],巴勒斯坦的,巴勒斯坦人[居民]",2
2556,pace,"一步,长度单位,步幅，步调,快步,踱步，走来走去,步测,调整步调,训练马溜蹄,踱,溜蹄,蒙…恩准，怀着对…的敬意",2
2557,employment,"雇用,使用,职业,有益的活动",2
2558,speaker,"说话者,演讲者，发言人,讲某种语言的人,扬声器",2
2559,impression,"印象，感觉,影响，效果,盖印，印记",2
2560,essay,"散文,随笔，杂记文,尝试，企图,试验,尝试",2
2561,respondent,"回答者,[法]（特指离婚诉讼的）被告,[生]反应，反射,应答的,有反应的,[法]被告的",2
2562,giant,"巨人，大汉,巨兽，巨物,卓越人物,特大的，巨大的,伟大的",2
2563,cake,"蛋糕,糕饼,块状物,沉积物,（使）结块,（使）胶,涂厚厚的一层",2
2564,historian,历史学家，史学工作者,2
2565,negotiate,"谈判，协商，交涉,谈判达成,成功越过,议价出售",2
2566,restore,"归还,交还,使恢复,修复,恢复（某种情况或感受）,使复原,使复位,使复职",2
2567,substantial,"大量的,结实的，牢固的,重大的,本质,重要材料",2
2568,pop,"（意外地、突然地）出现,突然出现,发出爆裂声,（突然地）行动,（突然地）伸出,（突然地）提出问题,（把准备好的东西）突然拿出来,敲击,流行音乐,汽水,（尤用作称呼）爸,（迅速打上的）记号,流行音乐的,通俗风格的,通俗的,现代的,爆炸；砰地,邮局协议(post office protocol)",2
2570,specialist,"专家,行家,专科医生",2
2571,origin,"起源，根源,出身,[数]原点，起点,[解]（筋，神经的）起端",2
2572,approval,"同意,批准,赞成",2
2574,quietly,"平静地,静止地,轻声地,在暗中",2
2575,advise,"（商业）通知，报告,提议，建议,接受劝告，商量,建议，提供意见",2
2576,conventional,"传统的,习用的，平常的,依照惯例的,约定的",2
2579,depth,"深度,深处，深海,深奥，奥妙,进深",2
2580,wealth,"财产，财富,富豪（阶级）,丰富，大量,繁荣",2
2581,disability,"无力，无能,残疾,[法]无能力，无资格",2
2582,shell,"（贝、卵、坚果等的）壳,外壳,炮弹,（人的）表面性格,去壳，脱落,炮击,剥皮,炮轰",2
2584,criticize,"分析，评估,批评,挑剔",2
2587,effectively,"有效地,实际上，事实上",2
2588,biological,"生物学的,生物的,与生物学相关的,有血亲关系的,[药]生物制品，生物制剂",2
2590,onion,洋葱（头）,2
2591,deputy,"副手,代理人,代表,副的,代理的",2
2592,flat,"平的,单调的,不景气的,干脆的,（尤指贴着另一表面）平直地,断然地,水平地,直接地，完全地,平地,公寓,平面,使变平,[音乐]使（音调）下降，尤指降半音,逐渐变平,[音乐]以降调唱（或奏）",2
2593,brand,"[商]商标，牌子,烙印,〈比喻〉污名，耻辱,燃烧着的木头,污辱,铭刻于,加商标于,打烙印于",2
2594,assure,"向…保证,使…确信,<英>给…保险",2
2595,mad,"疯狂的,猛烈的,着迷的,〔口语〕愤怒的，生气的,使疯狂",2
2596,award,"授予，奖给，判给,判归，判定,奖品,（仲裁人、公断人的）裁定,（法院、法官的）判决,裁定书",2
2597,criteria,"（批评、判断等的）标准，准则( criterion的名词复数 ),(criterion的复数)",2
2598,dealer,"商人,发牌人，庄家,以某种方式待人的人,经销商",2
2599,via,"经过,通过，凭借,取道",2
2601,utility,"功用，效用,有用的物体或器械,公用事业公司,公用事业,有多种用途的,各种工作都会做的,能在数个位置作替补的,为获得经济价值而饲养",2
2602,precisely,"精确地,恰好地,严谨地，严格地,一丝不苟地",2
2603,arise,"产生,出现,起身，起立,起源于，产生于",2
2604,armed,"武装的,有把手的,有防卫器官的,“arm”的过去式和过去分词",2
2605,nevertheless,"然而,尽管如此,不过,仍然",2
2606,highway,"公路,公用通道,干线,途径，方法",2
2607,clinical,"临床的,诊所的,冷静的,简陋的",2
2608,routine,"常规,例行程序,生活乏味,（演出中的）一套动作,例行的,常规的,日常的,普通的",2
2610,wage,"工资,报应,实行，进行，作（战等）,〈方〉雇佣,〈古〉打赌，抵押，担保",2
2611,normally,"正常地,通常地，一般地,按说,论理",2
2612,phrase,"<语>短语,成语,说法,乐句,叙述，措词,划分乐句，分乐节（尤指为奏乐或歌唱）",2
2613,ingredient,"（混合物的）组成部分,（烹调的）原料,（构成）要素,因素",2
2614,stake,"桩,刑柱,股份,（在公司、计划等中的）重大利益,用桩支撑,以…下注[打赌],用桩区分，界分",2
2615,muslim,"穆斯林，伊斯兰教信徒,穆斯林的，伊斯兰教信徒的",2
2617,fiber,"光纤,（织物的）质地,纤维，纤维物质",2
2618,activist,"激进主义分子,积极分子,积极行动者,激进主义的,激进主义分子的",2
2619,islamic,"[]  [],伊斯兰教的,清真",2
2620,snap,"猛地咬住,呵斥,折断,拍照,用子母扣扣,[棒球]快速传（球）,拍…的快照,（树枝等的）突然折断,严厉的话,突然的撕咬,尤指关上或断裂的声音)啪嗒声,啪啪作响,（目光）闪耀,（牙齿等）咯咯作响,（精神）突然崩溃,容易的,喀嗒一声扣下的,仓促的,噼啪作响地,啪嗒一声,猛然",2
2621,terrorism,"恐怖主义，恐怖手段,威吓，胁迫,恐怖状态,恐怖统治",2
2622,refugee,避难者，难民,2
2623,incorporate,"组成公司,包含,使混合,使具体化,吸收,合并,混合",2
2624,hip,"臀部,[建筑学]屋脊,臀围（尺寸）,臀部…的,（衣服、音乐等方面）时髦的，赶时髦的,使…的髋关节脱臼，损伤…的髋部,[建筑学]给（房屋）建屋脊,使知晓，使了解，告诉,使消息灵通",2
2625,ultimate,"最后的,极限的,首要的,最大的,终极,顶点,基本原理,基本事实",2
2626,switch,"开关,转换，转换器,软鞭子,[信]接线台,转变，改变,转换,关闭电流,鞭打,挥动（棍棒、鞭子等）,迅速转动,交换,调换",2
2627,corporation,"公司,法人,社团，团体,〈口〉（凸出的）大肚子",2
2628,valuable,"贵重的，宝贵的,有价值的,可评估的,贵重物品，财宝",2
2629,assumption,"假定，假设,承担,想当然,采取",2
2630,gear,"齿轮,排挡,传动装置,衣服,接上,调和,使适应,装上齿轮,用齿轮连接",2
2632,barrier,"障碍,屏障,栅栏,分界线,把…关入栅栏,用栅栏围住",2
2633,minor,"较小的，少数的，小…,未成年的,[乐]小调的，小音阶的,（两同姓男孩中）年幼的,未成年人,副修科目,小公司,[逻辑学]小前提,[主美国英语]副修，选修，兼修",2
2634,provision,"规定，条项，条款,预备，准备，设备,供应，（一批）供应品,生活物质，储备物资,为…提供所需物品（尤指食物）",2
2635,killer,"凶手，杀人者,止痛药,宰杀的器具,〈俚〉鬼门关",2
2636,assign,"分派，选派，分配,归于，归属,[法律] 把（财产，权利、利息）从一人转让给另一人,把…编制,[常用复数][法律]受让人，接受财产等转让的人，受托者",2
2637,gang,"帮派，团体,盗贼等的)一帮,（工具，机械等的）一套,〈美俚〉棒球队,使结成一帮,成群地袭击,结伙行动",2
2638,developing,"发展中的,显色,开发,显像",2
2639,classic,"典型的,传统式样的,著名的,有趣的,文豪,文学名著,优秀的典范,古希腊与古罗马的文化研究（尤指对其语言与文学的研究）",2
2640,chemical,"化学的,用化学方法制造的，化学作用的,化学药品，化学制品",2
2642,label,"标签,称标记，符号,[建] 门或窗户上面的线脚,贴标签于,把…称为,把…列为,[化]用放射性元素使（元素或原子等）示踪",2
2643,teen,"青少年（等于teenager）,伤害，损坏,痛苦，悲伤,愤怒,十几岁的,13-19岁的",2
2644,index,"索引,<数>指数,指示,标志,给…编索引,把…编入索引,[经济学]按生活指数调整（工资、价格等）,[机械学]转位",2
2645,vacation,"假期，休假,[古] 空出，撤出，辞去,度假",2
2646,advocate,"提倡,拥护,鼓吹,为…辩护,（辩护）律师,提倡者,支持者",2
2647,draft,"汇票,草稿,选派,（尤指房间、烟囱、炉子等供暖系统中的）（小股）气流,起草,制定,征募,拟稿,绘样,作草图,初步画出或（写出）的,（设计、草图、提纲或版本）正在起草中的，草拟的,以草稿形式的,草图的",2
2648,extraordinary,"非凡的,特别的,非常奇特的",2
2649,heaven,"天,天堂,上帝,极乐",2
2650,rough,"粗糙的，崎岖不平的,粗鲁的,狂暴的，汹涌的,未经加工的,粗暴地对待,使粗糙,草拟,粗糙的部分,艰难，苦难,（高尔夫球场的）深草区,粗暴地,举止粗野",2
2651,yell,"叫喊，大声叫,叫喊着说,（拉拉队鼓动运动员的）呼喊声",2
2652,pregnant,"怀孕的,孕育着…的,富于想象的,富于成果的",2
2653,distant,"遥远的,冷漠的，冷淡的,远离的，远隔的,不太清晰的",2
2654,drama,"戏剧，剧本,戏剧效果,戏剧文学[艺术],戏剧性事件[场面]",2
2655,satellite,"卫星,人造卫星,卫星国,卫星区,通过通讯卫星播送[传播]",2
2656,personally,"亲自地,就个人而言,个别地,私人地（与工作相对）",2
2658,clock,"钟，时钟,计时器,秒表,仪表,记录（时间或速度）,测…的速度,打卡,记下时间",2
2659,chocolate,"巧克力,巧克力糖,巧克力色,（含有）巧克力的,巧克力色的",2
2660,italian,"意大利人,意大利语,意大利国民,意大利的,意大利人的,意大利语的,意大利文化的",2
2661,canadian,"加拿大人的,加拿大的,加拿大语言的,加拿大文化的,加拿大人",2
2662,ceiling,"天花板,最高限度,云幕高度,隔板，舱室垫板",2
2663,sweep,"打扫，清理,扫除,彻底搜索,掠过,打扫,扫过,蜿蜒,大范围伸展,延伸,挥动,全胜",2
2664,advertising,"广告,做广告，登广告,广告业,广告的,广告业的,公告,为…做广告(advertise的ing形式)",2
2665,universal,"普遍的，一般的,通用的，万能的,全世界的,宇宙的,[逻辑学]全称命题,[哲学]一般概念,一般性",2
2666,spin,"纺纱,吐（丝），作（茧），结网,快速旋转,眩晕,纺（线）,吐丝，将…抽成丝,讲述，尤指通过想象地,使延长，使延伸,旋转的行为,快速的旋运动,疾驰",2
2668,button,"按钮，电钮,纽扣，扣子,扣状物,[植]芽,用纽扣扣紧,用纽扣装饰，钉钮扣于,在…上装钮扣,扣住,装有钮扣,扣上钮扣",2
2669,bell,"钟，铃,钟声，铃声,钟状物,[建]圆屋顶,敲钟,系铃于，给…装上铃,使成铃状,把…放在钟形罩内,使象钟状地张开,鸣钟",2
2670,rank,"阶层，等级,军衔,次序，顺序,行列,排列，使成横排,把…分类,排列,超过，高于,把…分等级,位于,使成横排,抱怨,吹毛求疵，揭疮疤,讨厌的,极端的,繁茂的,恶臭的",2
2671,darkness,"黑暗,阴郁,模糊,无知",2
2673,clothing,"衣服,服装,[航]帆装,覆盖(clothe的现在分词),给…提供衣服",2
2674,super,"超级的，极度的，过分的，超等的，极好的,面积的，平方的,特级品，特大号商品,非常，过分地,用上浆纱布装（书脊）,担任跑龙套角色",2
2675,yield,"屈服，投降,生产,获利,不再反对,放弃，屈服,生利,退让，退位,产量，产额,投资的收益,屈服，击穿,产品",2
2676,fence,"栅栏，篱笆,围墙,防护物,剑术,用篱笆围住,防护,练习剑术,练习击剑,搪塞,围以栅栏,跳过栅栏",2
2677,portrait,"肖像，肖像画,模型，标本,半身雕塑像,人物描写",2
2679,survival,"幸存，生存,幸存者,遗物,遗风",2
2680,roughly,"粗略地,大体上,大致上,粗暴地",2
2681,lawsuit,"诉讼,诉讼案件",2
2683,testimony,"（法庭上证人的）证词,证明，证据,表示，表明,声明，宣言",2
2684,bunch,"束，串，捆,一串，一群,一帮，一伙,[非正式用语]大量,聚成一串，形成一串,聚成一组,使起褶：使（织物）起褶,形成一串，形成一组,打褶,膨胀，凸出",2
2687,found,"创办，成立，建立,发现（ find的过去式）,找到,到达,发觉",2
2688,burden,"负担，包袱,责任，义务,载货量,（诗歌，发言等的）重点,使烦恼，劳累,向（车，船等）上装货",2
2689,react,"反应，作出反应,影响,起反作用,使发生相互作用,使起化学反应,反抗,再演，重演",2
2690,chamber,"室，卧室，会客室,内庭,[多用于英国]律师的办公室,议事厅,限制，幽禁，封闭或限制,使备有房间",2
2691,furniture,"家具,设备,附属品",2
2692,cooperation,"合作,协作,协助,配合",2
2693,string,"绳子，带子,线丝，植物纤维,串,[计算机科学]字符串,上弦，调弦,使排成一行或一系列,绑，系或用线挂起,延伸或扩展",2
2694,ceremony,"典礼，仪式,礼仪，礼节,虚礼，客气",2
2695,communicate,"传达，表达,显示：清晰地揭示,表明,传染：扩散,通讯,交际,相连,相通",2
2697,cheek,"脸颊，脸蛋,无礼而放肆的行为，厚颜,半边屁股,两侧相对的物体,对…无礼地说话",2
2698,lost,"失去的,迷路的,不知所措的,遗失，失去（ lose的过去式和过去分词）,（使）失去（所需要的东西，尤指钱）,（因事故、年老、死亡等）损失,浪费",2
2699,profile,"侧面，半面,外形，轮廓,[航]翼型,人物简介,描…的轮廓,给…画侧面图,为（某人）写传略,[机]铣出…的轮廓",2
2700,mechanism,"[生]机制，机能，[乐]机理,（机械）结构，机械装置[作用]，（故事的）结构,[艺]手法，技巧，途径,机械作用",2
2701,disagree,"不同意,不一致,不适合,不符",2
2703,penalty,"惩罚,刑罚,害处,足球点球",2
2705,ie,"[]  [],Ireland 爱尔兰共和国",2
2707,resort,"求助于或诉诸某事物，采取某手段或方法应急或作为对策,求助，凭借，诉诸,热闹场所，娱乐场，度假胜地,采用的办法,常去，人多，人群",2
2708,destruction,"破坏，毁灭，消灭，灭亡，扑灭，驱除,摧毁,毁灭的原因，破坏手段,杀害",2
2710,unlikely,"未必的，不一定有把握的,不太可能的,不可能发生的,不像是真的",2
2711,tissue,"薄纸，棉纸,[生]组织,一套",2
2712,constitutional,"宪法的，符合宪法的,本质的,体质上的,保健的,保健运动,保健散步",2
2713,pant,"喘气，喘息,气喘,喷气声,喘着气说，气喘吁吁地讲,热望，渴望，想,（机车等）喷气",2
2714,stranger,"陌生人，不认识的人,外地人,局外人,门外汉,不熟悉的，陌生的(strange)的比较级",2
2715,infection,"<医>传染，感染,传染病，染毒物,影响",2
2716,cabinet,"内阁,柜橱,（有特殊用途的）小房间,展览艺术品的小陈列室,内阁的,秘密的,通常陈列于柜橱内的，可保存的,细木工制作的",2
2717,broken,"破碎的，打碎的,（腿，臂等）已骨折的,（线条）虚线的，断续的,被打断的,打破，折断(break的过去分词),打破（纪录）,损坏",2
2718,apple,"苹果,苹果树,苹果公司",2
2719,electric,"电的，带电的,发电的，导电的,令人激动的,电动的,电动车辆,带电体",2
2720,proceed,"进行,前进,（沿特定路线）行进,（尤指打断后）继续说,收入，获利",2
2722,bet,"打赌，赌博，赌注,被下赌注的对象,可能性,当然，的确,打赌(on,against,with),赌博,与…打赌,下赌注,确信",2
2723,literary,"文学（上）的,精通文学的,爱好文学的,从事文学研究（或写作）的",2
2724,virus,"病毒,病毒性疾病,毒素，毒害,[计算机科学]计算机病毒",2
2725,stupid,"愚蠢的,迟钝的,乏味的,晕眩的，昏迷不醒的,<口>傻子，笨蛋",2
2726,dispute,"辩论，争论,就…进行争论，辩论,对…的真实或有效进行争论，怀疑,争夺，竞争,抵抗，抵制,辩论,争端,（劳资）纠纷,罢工,激烈争辩,争执,争吵,吵架",2
2727,fortune,"（某人的）命运,富有,幸运,[常作复数]（人生事件中的）时运,给予财富,偶然发生",2
2728,strategic,"战略（上）的,战略性的,有战略意义的,至关重要的",2
2729,assistant,"助手，助理,[化学]（染色的）助剂,辅助物,店员，伙计,助理的,辅助的,有帮助的,副的",2
2730,overcome,"战胜，克服,压倒，制服，…不堪,被（烟、感情等）熏[压]倒，使受不了,受到…的极大影响",2
2731,remarkable,"异常的，引人注目的，,卓越的,显著的,非凡的，非常（好）的",2
2732,occupy,"占领,使用，住在…,使从事，使忙碌,任职",2
2733,statistics,"统计，统计学，统计法，统计资料,统计数字,“statistic”的复数",2
2734,shopping,"购物，买东西,工作室，制作室,车间,家庭作坊,选购：为寻找商品或便宜货而逛商店,到处寻找：为得到某物而寻找它,逛（某一个商店）或（在某一个商店）买东西",2
2735,cousin,"堂[表]兄弟姊妹,远亲，同辈",2
2736,encounter,"不期而遇,遭遇,对抗,相遇，碰见,遭遇战,对决，冲突,碰见，尤指不期而遇",2
2737,wipe,"擦，拭,擦去，消除,涂上,刷卡,抹布，毛巾,用力打,擦，抹,打，揍",2
2738,initially,"开始,最初",2
2739,blind,"失明的,盲目的，轻率的,供盲人用的,隐蔽的,弄瞎，使失明,蒙蔽，欺瞒,使变暗,使昏聩,掩饰,借口,百叶窗,盲目地,看不见地",2
2741,port,"港口,（事情的）意义,（计算机与其他设备的）接口,（船、飞机等的）左舷,举枪,持枪,左转舵,转向左舷,左舷的，左侧的,转舵（向左），把（舵）转向左边,向左舷，向左",2
2743,electricity,"电力,电流，静电,高涨的情绪,紧张",2
2744,genetic,"遗传的,基因的,起源的，起因的,演变的",2
2745,adviser,"顾问，劝告者,（美大学）指导教授，导师",2
2747,spokesman,发言人，代言人,2
2748,retain,"保持,留在心中，记住,雇用,付定金保留",2
2749,latter,"后者的,末了的,较后的",2
2750,incentive,"动机,刺激,诱因,鼓励,刺激性的,鼓励性质的",2
2751,slave,"奴隶,…。的奴隶，耽迷于…的人,奴隶般受控的人，苦工,[机]从动装置,奴隶般地工作，做苦工,买卖奴隶，运输奴隶",2
2753,translate,"翻译,解释,转化,被翻译",2
2754,accurate,"精确的，准确的,正确无误的",2
2755,whereas,"鉴于,然而,反之,“鉴于…”：正式文件的介绍性陈述，开场白,条件性陈述",2
2756,terror,"恐怖,恐怖的缘由,恐怖行为,令人讨厌的人",2
2758,expansion,"扩大,扩张,扩张物,膨胀物",2
2759,elite,"<法>精华,精锐，精英,上层集团,（统称）掌权人物",2
2760,olympic,"奥林匹斯山的，奥林匹亚的；奥林匹克的,奥林匹克运动会比赛项目,[用复数][the Olympic] = Olympic Games",2
2761,dirt,"泥土,污垢，污泥,下流想法,恶意中伤的话",2
2762,odd,"古怪的,奇数的,剩余的,临时的,奇特的事物,怪人,[高尔夫球]多于对方的一次击球",2
2763,rice,"稻,稻米， 大米,筛选",2
2764,bullet,"子弹，弹药,弹丸,[印]着重号",2
2765,tight,"紧的，牢固的,绷紧的,不漏的,密集的，紧凑的,紧紧地,牢固地",2
2766,bible,"圣经,有权威的书",2
2767,chart,"图表,航海图,排行榜,绘制地图,记录,记述,跟踪（进展或发展）",2
2768,solar,"太阳的，日光的,利用太阳能的,根据太阳决定或测定的,日光浴室",2
2772,square,"正方形,广场,平方,方格,成直角的,平方的,（尤指在生意上）公平的,正方形的,四四方方地,成直角地,正直地,坚定地,使成正方形,使成直角,检测…的角度,调整，改正,一致,成方形",2
2774,concentration,"集中,专心,关注,浓度",2
2775,complicated,"结构复杂的,混乱的，麻烦的,使复杂化( complicate的过去式)",2
2776,gently,"温柔地,轻轻地,有礼貌地,文雅地",2
2777,champion,"冠军,捍卫者，拥护者,战士,为…而斗争，捍卫，声援,优胜的,第一流的",2
2778,scenario,"（行动的）方案,剧情概要,分镜头剧本",2
2779,telescope,"望远镜,（使某物）变短（叠缩在一起）,（使某物）叠缩，嵌入,压缩某物使其少占空间或时间",2
2780,reflection,"反映,（关于某课题的）思考,（声、光、热等的）反射,映像",2
2781,revolution,"革命,彻底改变,旋转,运行，公转",2
2782,strip,"剥光,表演脱衣舞,剥除,除去，剥去,剥夺,删除,清除，拆除,长条，条板,带状地带（或森林、湖面等）,（足球队员的）运动服",2
2783,interpret,"解释,理解,诠释，体现,口译,作解释,作口译",2
2784,friendly,"友好的，亲密的,有帮助的,互助的,友好地，朋友般地",2
2785,tournament,"锦标赛，联赛,中世纪的骑士比武,锦标赛",2
2786,fiction,"小说，虚构的文学作品,虚构的或想像出的事，并非完全真实的事,编造，虚构",2
2787,detect,"查明，发现,洞察,侦察，侦查,[电子学]检波",2
2790,tremendous,"极大的，巨大的,可怕的，惊人的,极好的",2
2791,lifetime,"一生，寿命,有生之年,存在期，有效期,终生,终身保障,[核]寿命",2
2792,recommendation,"推荐,推荐信,建议,可取之处",2
2794,senator,参议员,2
2796,hunting,"打猎,搜索，追寻,[电]（同步电动机的）速度偏差,打猎(hunt的现在分词)",2
2797,salad,色拉,2
2798,guarantee,"保证，担保,保证人，保证书,抵押品",2
2799,innocent,"无辜的，无罪的,清白的,天真无邪的,无知的,无辜者,头脑简单的人,天真无邪的人",2
2800,boundary,"分界线,范围,（球场）边线",2
2801,pause,"暂时的停顿,犹豫,（诗中）节奏的停顿,[乐]延长号,暂停，中止,逗留，停滞,（按暂停键）暂停放音",2
2802,remote,"（时间上）遥远的,远离的,远程的,微小的,远程操作,遥控器,使…向远方延伸，把…延展到远处",2
2803,satisfaction,"满足，满意，舒服,妥善处理,（债务的）清偿,（伤害的）赔偿",2
2804,journal,"日报，日志，日记,定期刊物，期刊，杂志,[会计]分类账",2
2805,bench,"（木制）长凳，工作台,法官，法官席,（英国议会的）议员席,场边的运动员休息区,给…以席位,为…设置条凳",2
2806,lover,"爱好者，嗜好者,情人,情妇，情夫,情侣",2
2807,raw,"生的，未加工的,无经验的,新近完成的,发炎的，疼痛的,擦伤,使赤身露体,（身体的）擦伤部位,红肿部位,半成品,原料",2
2808,awareness,察觉，觉悟，意识,2
2809,surprising,"使人惊讶的，出人意料的，惊人的,惊人的，意外的,奇怪的，不可思议的,使惊奇，使诧异( surprise的现在分词),意外发现[撞见]，出其不意获得",2
2810,withdraw,"撤走,拿走,撤退,（从银行） 取 （钱）,（从活动或组织中） 退出",2
2812,deck,"甲板，舱板,[建]平屋顶，桥面,[铁路]客车车顶,〈俚〉地面,装饰,给…铺上甲板,打扮",2
2813,similarly,"相似地,类似地",2
2814,newly,"新近，最近,重新，又，再度,以新的方式,乍",2
2815,pole,"[物]极点，顶点,地极,杆,两极端,用篙撑船，摆船,[航海] 用一根杆来推动,以杆推进,以杆支撑（植物）,用杆子击打、戳、或搅拌,用滑雪杖加速",2
2816,testify,"作证,声明,证明,证实,证明，为…提供证明,公开宣称，宣布",2
2817,mode,"方式,状况,时尚，风尚,调式",2
2818,dialogue,"对话,（文学、戏剧、电影等中的）对话,对白,意见分歧者之间的意见交换,用对话表达,进行非正式的意见交换",2
2819,imply,"暗示,意味,隐含,说明，表明",2
2820,naturally,"自然地，表现自然地，顺理成章地,合理地，当然，不用说,生来，天然地,自自然然，不做作地",2
2821,mutual,"共有的,共同的,相互的,彼此的",2
2822,founder,"失败,倒塌,沉没：沉到水下,摔倒：跌倒,破坏,使摔倒,使沉没,创始人,建立者,翻砂工,蹄叶炎",2
2824,advanced,"先进的,高等的，高深的,年老的,晚期的,前进(advance的过去式和过去分词),增加,上涨",2
2825,pride,"自尊,骄傲,自满,（狮）群,以…而自豪， 得意于…,自豪，骄傲，得意",2
2826,dismiss,"解雇，把…免职,遣散，解散（队伍等）,驳回，拒绝受理,搁置,解散",2
2827,aircraft,飞机，航空器，,2
2828,delivery,"传送，投递,[法]（正式）交付,分娩,讲演",2
2829,mainly,"大部分地,主要地,基本上",2
2830,bake,"烤，烘焙,（将某物）烤硬,（变得）灼热，炎热,烤，烘,烘干,烘烤食品,<美>烧烤会餐",2
2831,freeze,"使结冰，使冻僵,冷藏,吓呆,冻结（存款，工资等）,凝固，结冰,冻伤，冻死,冻结,严寒时期",2
2832,platform,"台,站台,平台,纲领,把…放在台上,为…设（平）台,（在台上）演讲",2
2833,finance,"财政,金融,财源,资金,为…供给资金， 从事金融活动,赊货给…,掌握财政",2
2834,sink,"淹没,下落,退去,渐渐进入,使下沉,使下垂,砸入地面,使败落,水池,洗涤槽,污水坑",2
2835,attractive,"有魅力的,引人注目的,迷人的,招人喜爱的",2
2837,diverse,"不同的，多种多样的,变化多的,形形色色的",2
2838,relevant,"有关的，中肯的,相关联的,确切的,有重大意义[作用]的，实质性的",2
2839,ideal,"理想的，完美的,被认为是最好的,完全或相当令人满意的,想象的，假设的,理想,典范，典型,目标，高尚的、有价值的原则或目标",2
2840,joy,"喜悦，快乐，高兴,令人高兴的事（或人）,成功,好运,因…而高兴,高兴，使快乐",2
2842,regularly,"有规律地，按时，照例，按部就班地,整齐地，有条不紊地,经常，不断地,定期地",2
2843,working,"（涉及）工作的,（人）有工作的,（时间）用于工作上的,（想法等）可作为基础的,（使）工作( work的现在分词),（使）运作,运转,（使）产生效果,工作,活动,制作,操纵",2
2844,singer,"歌手,歌唱家,诗人,鸣禽",2
2845,evolve,"使发展,使进化,设计，制订出,发出，散发,发展,[生]通过进化进程发展或发生",2
2846,shooting,"射击，发出,投篮,摄影,射杀，枪杀,shoot的现在分词",2
2847,partly,"在一定程度上,部分地,不完全地,半",2
2848,unknown,"未知的,不出名的,从未发生的,从不存在的,不知名或不出名的人,未知的事物,<数>未知数,未知数",2
2850,offense,"进攻,（球队的）前锋,进攻方法,攻势",2
2851,counter,"柜台,对立面,计数器,（某些棋盘游戏的）筹码,相反的,反击，还击,反向移动，对着干,反驳，回答,逆向移动，对着干,反驳,反方向地,背道而驰地",2
2852,dna,"脱氧核糖核酸(deoxyribonucleic acid),（美国）国防部核子局(Defense Nuclear Agency)",2
2854,potentially,"潜在地,可能地,<古>强有力地,权威地",2
2856,thirty,"三十,三十个,三十年代,三十的记号,三十的，三十个的",2
2857,justify,"证明…有理,为…辩护,对…作出解释,整理版面,证明合法",2
2858,protest,"抗议,反对,申明",2
2859,crash,"碰撞,使发出巨响,暴跌,睡觉,碰撞声,崩溃,应急的,速成的",2
2860,craft,"手艺,诡计,飞行器,船,手工制作,精巧地制作",2
2861,treaty,"条约,协议，协商,谈判",2
2862,terrorist,"恐怖主义者，恐怖分子，恐怖分子,恐怖主义的",2
2863,insight,"洞察力，洞悉,直觉，眼光,领悟,顿悟",2
2864,possess,"拥有,掌握，懂得,主宰,缠住，迷住",2
2865,politically,政治地，政党地,2
2866,tap,"开发,（从容器等）汲取（液体）,割[打]开…取[放]液体,轻声走,跳踢踏舞,龙头，阀门,塞子,电话窃听,（补鞋的）掌子",2
2868,extensive,"广阔的，广大的,范围广泛的,[物]广延的,[逻]外延的",2
2869,episode,"插曲,片段,一集,一段经历",2
2871,swim,"游泳,游动,旋转,眩晕",2
2872,tire,"使…疲惫,使…厌烦,厌烦,疲劳,轮胎,头饰",2
2873,fault,"缺点，缺陷,过错，责任,[电]故障,（猎狗的）失去嗅迹,挑剔，找…的缺点,批评,做错，在…中出错,[地质学]产生断层,找错误，挑剔,[地质学]变动从而产生断层",2
2874,loose,"松的，宽的,模糊的,散漫的,自由的,释放,不受约束地表达,松开,射出（子弹、箭等）,变得松散,发射导弹,开火,散漫地,解放,放任,发射",2
2876,shortly,"立刻，马上,简单地，扼要地,唐突地，简慢地,在即",2
2877,originally,"起初，原来,独创地，独出心裁地,自来,本",2
2878,considerable,"相当大（或多）的,该注意的，应考虑的",2
2879,prior,"优先的,占先的,在…之前,小修道院院长，大修道院的副院长,（隐修院）会长,[史]行政长官,普赖尔,在前,居先",2
2880,intellectual,"智力的,有才智的,需用智力的,智力发达的,知识分子,脑力劳动者,有极高智力的人,凭理智（而非感情）办事的人",2
2882,assault,"攻击,袭击，进攻,威胁，殴打,侵犯人身,袭击,强暴,使（感官）难受,发起攻击,动武",2
2883,relax,"（使）轻松,（使）松弛,放宽,（使）放松,缓和，减轻,（使大便等）通畅,变得轻松,变得随和,变得和蔼,通便",2
2884,stair,"楼梯,（楼梯的）一级",2
2885,adventure,"冒险活动,冒险经历,奇遇",2
2886,external,"外面的，外部的,表面上的,外用的,外国的,外部，外面,外观,外部情况",2
2887,proof,"证明,校样,检验,（酒的）标准酒精度,防…的,抗…的,能抵御,能防范,给（织物）做防护处理，使防水（或防火等）,印…的校样,[印刷术] 校对,发酵",2
2888,confident,"确信的，深信的,有信心的，沉着的,大胆的，过分自信的,厚颜无耻的,知己,心腹朋友",2
2889,headquarters,"（机构，企业等的）总部,总店,司令部,指挥部",2
2890,sudden,"突然的，未预见到的,急躁的，仓促的,快的，迅速的,急剧",2
2891,dirty,"恶劣的,肮脏的,卑劣的,下流的,弄脏，污染,使名声受玷污,变脏，污染",2
2892,violation,"违反，妨碍，侵犯,违犯，违背,[体]违例，犯规,强奸，亵渎，污辱",2
2893,tongue,"舌头，喙,语言，方言,演说，鞋舌,[复]口才,用舌吹,舔,嵌接,[古]批评，指责,吹奏（管乐器）,运用舌法发音,突出",2
2894,license,"许可证，执照,特许,同意,发许可证",2
2896,shelter,"居所,避难所,（无家可归者或受虐待者的）收容所,遮蔽,掩蔽,庇护,保护,躲避,避难",2
2897,rub,"擦，摩擦,用…擦,触怒,（使）相互磨擦,接触，摩擦,擦伤,在困境中持续下去,摩擦的动作,表面不平,阻碍，困难",2
2898,controversy,"公开辩论,论战",2
2899,entrance,"入口，进口,进入,进入方法，进入方式,入场权,使出神，使入迷,使喜悦，使狂喜",2
2902,properly,"适当地,恰当地,正确地,完全，非常",2
2903,fade,"褪去，失去光泽,逐渐消逝,凋谢，衰老,使褪色,乏味的，平淡的",2
2904,defensive,"防御用的，防守的,辩护的,自卫的,守势,辩护",2
2905,tragedy,"悲剧，惨剧,悲剧文学,悲剧理论，悲剧表演艺术,悲剧式作品",2
2906,net,"网,网状织物,球网,网罩,用网捕,捕获,净赚,踢入球门,净的,净得的,最后的",2
2907,characterize,"描述（人或物）的特性,具有…的特征,塑造人物",2
2908,funeral,"葬礼，丧礼,〈比喻〉不愉快的事，操心的事，有关系的事,葬礼的,出殡用的，出殡时的",2
2909,profession,"职业，专业,同行,宣称,信念，信仰",2
2910,alter,"改变,更改,改建（房屋）,（人）变老,修改",2
2912,constitute,"构成，组成,制定，设立,等同于,指派",2
2913,establishment,"企业,建立,（通常反对变革的）当权派,反对改革的保守当权派",2
2914,squeeze,"挤，榨，捏,压迫，压榨,榨取，汲取,轻轻地捏,向…勒索（或榨取）,在强压下屈服,施加压力,挤过去,挤压，压榨,抱紧，拥挤,拥挤的人群,<口>压力",2
2915,imagination,"想像，想像力,空想，妄想,想像出来的事物",2
2917,mask,"面具,假面具,用作掩饰的事物,护肤膜,掩饰,戴面具,用面具遮住，掩盖，掩饰,隐瞒，掩饰",2
2918,convert,"（使）转变,使皈依,兑换，换算,侵占,经过转变,被改变,[橄榄球] 触地得分后得附加分,皈依者,改变宗教信仰者",2
2919,comprehensive,"广泛的,综合的,有理解力的，悟性好的,[保险业]总体担保的,[常用复数]专业综合考试,综合学校,综合性中学",2
2920,prominent,"突出的，杰出的,突起的,著名的",2
2921,presentation,"提交,演出,陈述，报告,颁奖仪式",2
2922,regardless,"不顾后果地,不管怎样，无论如何,不惜费用地,不重视的，不尊敬的,不顾虑的，不关心的,不受注意的，毫无价值的",2
2924,load,"负荷,负担,装载,工作量,使担负,装填,把…装入或装上,装满，堆积,加载,装货",2
2925,stable,"稳定的,沉稳[持重]的,[物理学]稳定平衡的,持久的,厩，马厩，马棚，牛棚,畜舍,统称某人拥有（或训练的）赛马,在同一地方工作或训练的)一批人,使关进畜舍（或马厩、牛棚等），使放入马厩般的室内,被关在畜舍内，（人）生活在厩一般的地方",2
2926,introduction,"介绍,引言，导言,采用，引进,新采用的东西",2
2928,pretend,"假装，伪装,假称,装扮,扮演,自称,假装，矫作,仿制的",2
2930,elderly,"上了年纪的,过了中年的,较老的,老人",2
2931,representation,"表现,陈述,表现…的事物,有代理人",2
2932,deer,鹿,2
2933,split,"分裂,分开,<俚>（迅速）离开,分担,划分,分歧,裂缝,劈叉,<俚>走开,揭发,被撞碎,<美>[证券]（股票）增加发行,裂开的，劈开的，分离的，分裂的",2
2934,violate,"违反,妨碍,侵犯,亵渎，强奸",2
2935,partnership,"伙伴关系,合伙人身份,合作关系,合营公司",2
2936,pollution,"污染（作用）,腐败,堕落,沾污",2
2937,emission,"排放，辐射,排放物，散发物（尤指气体）,（书刊）发行，发布（通知）",2
2938,steady,"稳定的，不变的,镇定的，沉着的,坚定的,使稳定，使坚定,关系固定的情侣",2
2939,vital,"维持生命所必需的,至关重要的,生死攸关的,生气勃勃的",2
2941,fate,"命运，宿命,灾难，死亡,命中注定的事（尤指坏事）,注定",2
2942,earnings,"收入，所得,工资，报酬,收益，利润",2
2943,oven,烤箱，烤炉，灶,2
2944,distinction,"区别,荣誉,特质,卓越",2
2945,segment,"部分，段落,环节,[计算机]（字符等的）分段,[动物学]节片,分割，划分,[生]使分裂",2
2946,nowhere,"任何地方都不，无处,毫无结果,无处,任何地方,无名之地,不存在的,毫无结果的,不知名的",2
2947,poet,"诗人,空想家,古典芭蕾舞大师",2
2948,mere,"仅仅，只不过,小的，轻微的,纯粹的,小湖，池塘,〈英〉边境（线）",2
2949,exciting,"使人兴奋的，令人激动的,刺激（excite的现在分词）",2
2950,variation,"变化，变动,变异，演变,变奏曲,变量",2
2951,comfort,"安慰,舒适,使人舒服的事物,给予援助或安慰的人或事,安慰，使舒适,使（痛苦等）缓和",2
2952,radical,"根本的，基本的,激进的,彻底的,[植]根生的,激进分子,根基，原子团,[数学]根数",2
2954,adapt,"适应于，适应不同情况（或环境）(to),改编，改写,改变…以适合(for)",2
2955,irish,"爱尔兰的，爱尔（人[语，文化…）的,爱尔兰人,爱尔兰语",2
2956,honey,"蜂蜜,<口>宝贝,可爱的人,蜜的,心爱的,加了蜜的,（蜜一样）甘美的,给…加蜜,对…甜言蜜语",2
2957,correspondent,"通讯员，记者,通信者",2
2958,pale,"苍白的,无力的,暗淡的,浅色的,变得苍白,失色,变得暗淡,用栅栏围,使失色,使变苍白,栅栏，围篱,桩,境界，范围",2
2959,musician,音乐家,2
2960,significance,"意义,意思,重要性",2
2963,vessel,"容器,船，飞船,血管，管束,…的化身",2
2964,storage,"贮存,贮藏,储藏处，仓库,贮存器，蓄电（瓶）",2
2965,flee,"逃走，逃掉,消失,逃离，逃避",2
2967,leather,"皮，皮革,皮革制品,用皮革包盖,（口）（用皮带等）抽打,制成皮，蒙上皮,皮的，皮革的，皮革制的",2
2968,distribute,"分配，散布,散发，分发,把…分类,[电]配电",2
2969,evolution,"演变,进化,发展",2
2970,ill,"不好的,恶意的,有病的,不吉利的,坏,不利地,令人不满地,伤害,困难,问题,弊端",2
2971,tribe,"部落，部族,[生]族,一帮，一伙,大群",2
2972,shelf,"架子，搁板,棚,沙洲，暗礁,格，层",2
2974,grandfather,"（外）祖父,始祖,新规定限制,不受新条例",2
2975,lawn,"草地，草坪,上等细麻布",2
2976,buyer,"买主,买方,采购员",2
2977,dining,"进餐,吃饭，进餐( dine的现在分词 ),设宴款待，请客",2
2978,wisdom,"智慧，明智,常识，好的判断力,知识，学问,古训",2
2979,council,"委员会,（郡、镇等）政务会,（尤指旧时讨论特定步骤的）协商会议,市政（或地方管理）服务机构",2
2980,vulnerable,"（地方）易受攻击的,易受伤的,易受批评的,[桥牌]已成局的",2
2981,instance,"例子，实例,情况,要求，建议,[法]诉讼手续,举…为例",2
2982,garlic,"大蒜,蒜头",2
2983,capability,"才能，能力,容量,性能,生产率",2
2984,poetry,"诗，诗歌,诗意，诗情,作诗,诗歌艺术",2
2985,celebrity,"名人，知名人士,名流,名声,名誉",2
2986,gradually,"逐步地，渐渐地,按部就班地,日趋,冉冉",2
2987,stability,"稳定（性），稳固,坚定，恒心",2
2989,fantasy,"幻想,空想的产物,幻想作品,非正式的货币,想像,奏幻想曲",2
2990,scared,"恐惧的,惊恐的,担心的,使害怕（scare的过去分词）",2
2992,plot,"地基，基址图,（戏剧、小说等的）情节,一块地,测算表,以图表画出，制图,密谋,把…分成小块,为（文学作品）设计情节,设计作品情节,标示于图表上,密谋，暗中策划",2
2993,framework,"构架,框架,（体系的）结构,机构，组织",2
2994,gesture,"手势，姿势,举止，动作,〔古语〕仪态,[计算机]光笔指令,做手势,用手势表现，表达或指导",2
2995,depending,"依靠( depend的现在分词 ),依赖,信赖,决定于",2
2996,ongoing,"不间断的，进行的,前进的,前进，发展,行为，举止",2
2997,psychology,"心理学,心理特点,心理状态,心理影响",2
2999,counselor,"顾问,<律>律师,（使馆等的）参赞,（协助学生解决问题的）指导老师",2
3001,chapter,"章，回,（俱乐部、协会等的）分会,人生或历史上的重要时期,把…分成章节",3
3003,divorce,"离婚,分离,与…离婚,与（某人）离婚，判（某人）离婚",3
3004,owe,"欠…债,感激,应归功于,怀有情感",3
3005,pipe,"管子,烟斗,管乐器,（管风琴的）音管,以管输送,用管乐器演奏,尖声唱,吹奏管乐器,尖叫,尖声地说（或唱），尖声啼鸣,[航海] 吹长哨",3
3006,athletic,"运动员的,运动的,体格健壮的,行动敏捷的",3
3007,slight,"微小的,细小的,不结实的,无须重视的,轻蔑，忽视，冷落,轻蔑，忽视，怠慢",3
3008,math,数学（等于mathematics）,3
3009,shade,"遮阳，遮棚,挡风物,玻璃罩,（画的）阴暗部分,遮蔽,险胜,加灯罩,画阴影于…之上,逐渐变化",3
3010,tail,"尾,尾部,燕尾服,尾随者,跟踪,装上尾巴,队伍单行行进时拉长或产生间隔,侦察队两两散开,[建筑学] 嵌上，搭上",3
3011,sustain,"维持,支撑，支持,遭受，忍受,供养",3
3012,mount,"登上,骑上,增加,上升,安装，架置,镶嵌，嵌入,准备上演,成立（军队等）,山峰,攀，登,运载工具,底座",3
3013,obligation,"义务，责任,证券，契约,债务,恩惠",3
3014,angle,"角,[比喻]（考虑、问题的）角度,观点,轮廓鲜明的突出体,使形成（或弯成）角度,把…放置成一角度,调整（或对准）…的角度,使（新闻、报道等）带有倾向性,垂钓,斜移,弯曲成一角度,从（某角度）报道",3
3015,palm,"手掌,手心,棕榈树,由Palm公司发明的一种PDA上的操作系统,将…藏于掌中",3
3016,differ,"不同，相异,不同意，意见相左,争吵",3
3017,custom,"习惯，惯例,海关，关税,经常光顾,[总称]（经常性的）顾客,（衣服等）定做的，定制的",3
3019,economist,经济学家，经济专家,3
3020,fifteen,"十五,十五个人组成的橄榄球队",3
3021,soup,"汤，羹,浓雾,硝化甘油炸药,困境,加大马力",3
3022,celebration,"庆祝,庆祝会（仪式）,颂扬",3
3023,efficient,"有效率的,（直接）生效的,能干的,（因省钱、省时或省力等而）收效大的",3
3025,composition,"作文，作曲,创作,构图，布置,妥协，和解",3
3026,satisfy,"使满意，满足,使确信,符合，达到（要求、规定、标准等）,消除,履行,使满足或足够,使满意",3
3027,pile,"桩,一堆,绒头,摞,堆起,堆叠,放置,装入,蜂拥，拥挤",3
3028,briefly,"短暂地,简单地,简略地,略略",3
3029,carbon,"[化学]碳,（一张）复写纸,[电]碳精棒[片，粉]，碳精电极,复写的副本,碳的,碳处理的",3
3030,closer,"靠近的,关闭者,砌墙边之砖石,最后的节目",3
3031,consume,"消耗，消费,耗尽，毁灭,吃光，喝光,烧毁",3
3032,scheme,"策划，图谋,计划,体系,阴谋,设计，计划,谋划，图谋,密谋，制定计划",3
3033,crack,"破裂，打开,（使…）开裂,说（笑话）,开瓶,断裂，折断,碎裂声，爆裂声,镜子破裂了,失去控制，衰退,裂缝,试图,缝隙,（可听到响声的）重击,训练有素的,技艺高超的,优秀的,一流的",3
3034,frequency,"频繁性,[数][物]频率，次数,频率分布",3
3035,tobacco,"烟草，烟叶,烟草制品,卷烟,纸烟",3
3036,survivor,"幸存者，残存者,生还者,遗物，残存物,重新正常生活的人",3
3037,besides,"而且,此外,以及,更,（表示排斥）除…之外（还有）,在…之外（还有），…之余兼",3
3039,psychologist,心理学研究者，心理学家,3
3040,wealthy,"富有的,充分的,富人，有钱人，阔人",3
3041,galaxy,"星系,银河系,一群显赫的（出色的）人物",3
3042,given,"指定的，确定的,假设的，假定的,有…倾向的,赠送的,（表示原因）考虑到,（表示假设）倘若，假定,假设,给予，赠送( give的过去分词)",3
3044,ski,"滑雪,滑雪板,滑水橇,滑行装置,滑雪，滑冰",3
3045,limitation,"限制,局限,极限,起限制作用的规则（或事实、条件）",3
3047,trace,"跟踪，追踪,追溯，探索,探索,查找,沿着一小径或道路前进,可以追溯的,痕迹，踪迹,微量，极少量,[植]（脉）迹,痕迹",3
3048,appointment,"约会,任命,职务,职位",3
3049,preference,"偏爱,优先权,偏爱的事物,（债权人）受优先偿还的权利",3
3050,meter,"计量器,计量仪,用仪表测量",3
3051,explosion,"爆炸，炸裂,爆发,扩张，激增,（感情，尤指愤怒的）突然爆发",3
3053,publicly,"公开地,由公众（或政府）,为公众所同意,以公众名义",3
3054,incredible,"不可思议的,惊人的,难以置信的,未必可能的",3
3055,fighter,"战士（尤指士兵或拳击者）,[航]战斗机，歼击机,斗争者，奋斗者,好斗的人",3
3056,rapid,"快速的,[摄]感光快的,险峻的,急流,高速交通工具，高速交通网",3
3057,admission,"准许进入,承认,坦白,入场费",3
3058,hunter,"猎人,猎犬,猎狐马，猎食其他动物的野兽,亨特",3
3059,educate,"教育，教导,训练，培养,使理解或接受",3
3060,painful,"痛苦的,（肉体）疼的,费力的，（工作）困难的,讨厌的，使人厌烦的",3
3061,friendship,"友情，友谊,友善的关系,友善，好意",3
3062,aide,"助手,副官,侍从武官",3
3063,infant,"婴儿，幼儿,未成年人,初学者，生手,婴儿的，幼儿的,幼稚的，幼小的,初期的,未成年的",3
3064,calculate,"计算,估计,打算，计划,旨在,预测，推测",3
3065,fifty,"五十个人,五十岁,五十年代,编号为五十的东西,五十,五十个,五十的,五十个的,许多的",3
3066,rid,使摆脱，解除，免除,3
3067,porch,"门廊,游廊，走廊",3
3068,tendency,"倾向，趋势,（话或作品等的）旨趣，意向,性情,癖好",3
3069,uniform,"制服,军服,通讯中用以代表字母 u 的词,（形状，性质等）一样的,规格一致的,始终如一的,使规格一律,使均一,使穿制服",3
3070,formation,"形成,构成，结构,形成物,编队，队形",3
3071,scholarship,"奖学金,学术,学识",3
3072,reservation,"保留,预订，预约,保留地，专用地",3
3073,efficiency,"效率，效能,实力，能力,[物]性能,功效",3
3075,qualify,"（使）具有资格,有权,达标,限定，修饰,描述，形容,使合适,证明…合格,合格或成为合格,取得…的资格",3
3076,mall,"购物中心,林荫路,铁圈球场",3
3077,derive,"得到，导出,源于，来自,（从…中）提取",3
3078,scandal,"丑闻，丑名，丑事，丑行，丢脸的事件，舞弊案件，耻辱,流言蜚语,闲话,诽谤",3
3079,pc,"personal computer 个人计算机,巡逻车(Patrol Car)",3
3080,helpful,"给予帮助的，有益的,愿意帮忙的",3
3081,impress,"印,给…以深刻印象,使铭记,印象,印记",3
3082,heel,"脚后跟，踵,（鞋、袜等的后跟）,（四足动物的）后脚,踵状物,（使）倾斜,给（鞋等）修理后跟",3
3083,resemble,与…相像，类似于,3
3084,privacy,"隐私，秘密,隐居,私事,不受公众干扰的状态",3
3085,fabric,"织物,布,构造,（建筑物的）结构（如墙、地面、屋顶）：质地",3
3087,contest,"竞争，为…而奋争,辩驳,争斗,竞争,争夺",3
3088,proportion,"比，比率,[数学]比例（法）,面积,相称，平衡,使成比例,使相称,使均衡",3
3089,guideline,"指导方针,指导原则",3
3090,rifle,"步枪,来福枪,快速搜寻,匆忙翻找,偷窃,盗取",3
3091,maintenance,"维持，保持,保养，保管,维护,维修",3
3092,conviction,"定罪,说服,确信,信念",3
3093,trick,"戏法，把戏,计谋，诀窍,骗局,恶作剧,哄骗，欺骗,打扮,弄虚作假的,有诀窍的,欺诈的",3
3094,organic,"有机（体）的,有组织的，系统的,器官的,根本的",3
3095,tent,"帐篷,帐篷状物,塞子,住帐蓬,用帐蓬遮盖,向…供应帐逢,将塞条嵌进（伤口）,观察，看护，照料",3
3096,examination,"检查,考试,询问，审问",3
3097,publisher,"出版者，出版商，出版社,公布者，发表者,〈美〉办报者",3
3098,strengthen,"加强，巩固,勉励，激励,增加…的艺术效果,（价格）上涨,变强,变坚挺",3
3100,proposed,"被提议的，所推荐的,提议，建议( propose的过去式和过去分词 ),打算,提供（解释）,提出（行动，计划或供表决的方案等）",3
3101,myth,"神话,神怪故事,奇人，奇事,虚构的人，虚构的事,使神话化",3
3102,sophisticated,"复杂的,精致的,富有经验的,深奥微妙的,使变得世故,使迷惑,篡改(sophisticate的过去分词形式)",3
3103,cow,"奶牛，乳牛,母兽,雌（象，鲸等）,<侮辱>对女性的蔑称,恐吓,吓唬,威胁",3
3104,etc,"等等及其他,诸如此类,[拉丁语]et cetera（常读作 and so forth）",3
3105,standing,"起立，站立,身份，地位,持续时间,长期有效的,直立的,固定的,站立,坚持不变",3
3106,asleep,"睡着的,休眠的,麻木的,已死的,熟睡地,处于麻木不仁的状态,长眠",3
3107,tennis,网球（运动）,3
3108,nerve,"神经,勇气，胆量,[植] 叶脉,中枢,鼓励，激励,鼓起勇气",3
3109,barrel,"桶,一桶之量,圆筒，活塞筒，滚筒,圆筒,桶状的,装进桶里，放进桶里,高速行驶",3
3110,bombing,"轰炸，投弹,轰炸，投弹于( bomb的现在分词 ),失败，不及格,快速前进",3
3111,membership,"会员资格,会员身份,会员全体",3
3112,ratio,"比，比率,比例,系数,求出比值，除，使…成比例,将（相片）按比例放大[缩小]",3
3113,menu,"菜单,菜，菜肴",3
3115,controversial,"有争议的，引起争议的，被争论的,好争论的",3
3116,desperate,"绝望的,由绝望而引起的,铤而走险的，孤注一掷的,急切的，极度渴望的",3
3118,lifestyle,生活方式,3
3119,humor,"幽默，心情，诙谐,迎合，牵就，顺应",3
3120,loud,"响亮的，大声的，高声的,响亮的，洪亮的，高亢的,高声的，激烈的,刺眼的，太招摇的,大声地，高声地，响亮地",3
3121,glove,"手套,棒球手套,拳击手套,给…戴手套,用…的手套",3
3123,sufficient,"足够的,充足的,充分的",3
3124,narrative,"记叙文,故事,叙述，记事,叙述手法,叙述的，叙事体的,善于叙述的",3
3125,photographer,"摄影师,摄影家,照相师",3
3126,helicopter,"直升机，直升飞机,用直升飞机载送,乘直升飞机",3
3128,modest,"谦虚的，谦逊的,适度的，适中的,端庄的,羞怯的",3
3129,provider,供应者，提供者，（尤指）维持家庭生计者,3
3130,delay,"延迟，拖延,耽搁,被耽搁或推迟的时间,延期，推迟,延缓，延期",3
3131,agricultural,"农业的，耕种的,农艺的，农学的",3
3132,explode,"爆[突]发，发怒,激增，迅速扩大,（使）爆炸,突然（发出巨响，活跃起来，迸发感情）,推翻,驳倒",3
3133,stroke,"一击,击球,划水动作,中风,划掉,轻抚,轻触,敲击,作尾桨手，指挥划桨",3
3134,scope,"（处理、研究事务的）范围,眼界，见识,（活动或能力的）余地,广袤，地域,审视，仔细研究",3
3135,punishment,"刑罚，惩罚,严厉对待,<口>给吃苦头",3
3136,handful,"少数，少量,一把（的量）,难以控制的人（或动物）,棘手事",3
3137,badly,"非常，在很大程度上,坏，拙劣地,不利地，有害地",3
3138,horizon,"地平线,范围,界限,眼界",3
3139,curious,"好奇的,好求知的,奇妙的,稀奇的",3
3140,downtown,"市中心区,（市中）商业区,商业区的，闹市区的,在商业（闹市）区,到闹市区",3
3141,girlfriend,"女朋友,女性朋友",3
3142,prompt,"敏捷的,迅速的,立刻的,准时的,促使,导致,鼓励,提示,激励,提示符,提词,准时地",3
3144,cholesterol,胆固醇,3
3145,absorb,"吸收（液体、气体等）,吸引（注意）,吞并，合并,忍受，承担（费用）",3
3146,adjustment,"调解，调整,调节器,调解，调停,（赔偿损失的）清算",3
3147,taxpayer,"纳税人，纳税的机构,所收租金只够支付地产税的建筑物",3
3148,eager,"渴望的,热切的，热情洋溢的,热心的,急切",3
3149,principal,"最重要的,主要的,资本的,本金的,首长，负责人,主要演员，主角,[法]委托人，当事人,本金",3
3150,detailed,"详细的，明细的,精细的,复杂的,详尽的,详细说明(detail的过去分词)",3
3151,motivation,"动机,动力,诱因,![motivation](../images/courage-motivation-defeated.jpg)",3
3152,assignment,"分给，分配,任务，工作，（课外）作业,<美>任命,指定，委派",3
3153,restriction,"限制，限定,拘束，束缚,管制",3
3156,laboratory,"实验室,实验课,研究室,药厂",3
3157,workshop,"车间,专题讨论会，研究会,创作室,实习班，实验班",3
3158,differently,不同地，相异地,3
3159,auto,"<美>汽车,乘汽车",3
3160,romantic,"浪漫的，谈情说爱的，多情的，风流的，香艳的,空想的，虚构的，怪诞的，想入非非的，不实际的，难实行的（计划等）,传奇（式）的，小说般的，情节离奇的,浪漫主义的,富于浪漫气息的人,浪漫主义作家[画家等]，浪漫派诗人[艺术家],浪漫思想[行为]",3
3161,cotton,"棉,棉线,棉织物,（其他植物所生的绒毛状的）棉状物,喜欢,赞成,一致,交往",3
3162,motor,"马达，发动机，[火箭]助推器,原动者，原动力,汽车,[解]运动肌，运动神经,开[乘]汽车,用汽车运送,有引擎的,由发动机推动的,机动车的,肌肉运动的",3
3163,sue,"控告，控诉，和…打官司,请求,起诉,提起（诉讼）要求判决",3
3164,flavor,"味,韵味,特点,香料,给…调味,给…增添风趣",3
3165,overlook,"忽视，忽略,瞭望,检查,远眺,从高处眺望到的景色,可眺望四周的高地",3
3166,float,"（使）浮动,（使）漂浮,自由浮动,游荡,提出，提请考虑,（股票）上市,彩车,漂浮物,浮板,浮有冰淇淋的饮料",3
3167,undergo,"经历，经验,遭受，承受",3
3168,sequence,"[数]数列，序列,顺序,连续,片断插曲,使按顺序排列，安排顺序,[生化]确定…的顺序，确定…的化学结构序列",3
3169,demonstration,"游行示威,示范,证明,表露",3
3170,jet,"喷嘴，喷雾,喷气式飞机,喷射流,煤玉,乘喷气式飞机,射出,黑玉制的或黑玉似的,象炭一般黑的,喷射，喷出",3
3171,orange,"桔子，橙子,[植]桔树,橙色,桔色,橙色的,橘色的,桔红色的",3
3172,consumption,"消费,肺病,耗尽,[医学]消耗性疾病",3
3173,assert,"声称，断言,维护，坚持,坚持自己的主张,生效",3
3174,blade,"刀片，剑,（壳、草等的）叶片,桨叶,浮华少年",3
3175,temporary,"临时的，暂时的,短暂的,临时工，临时雇员",3
3176,medication,"药物，药剂,药物治疗,药物处理,加入药物",3
3178,cabin,"<美>小木屋,客舱,（轮船上工作或生活的）隔间,把…关在小屋里,使受拘束,住在小屋里",3
3179,bite,"咬,叮,咬伤,疼痛,受骗,刺痛,咬饵,有咬（或叮）的习性,（人）上当,（辣椒，胡椒等）刺激,（齿轮，螺丝，钳子，锚等）咬住,（利器等）刺进,（寒风等）刺骨,机内测试设备(Built-In Test Equipment)",3
3181,edition,"版次，版本,（报纸、杂志的）一份,（广播、电视节目的）一期,（书、报、杂志等的）一版印刷总数",3
3182,valley,"山谷，溪谷，峡谷，谷地，深谷,流域,[建筑]屋顶排水沟，屋面斜沟",3
3183,yours,"你（们）的东西,你的责任[义务],你的家属,来信，尊函,你（们）的（东西）,信末署名前用语",3
3184,pitch,"场地,最高点,音高,说教,用沥青涂,扔，投,树起，搭起,定位于,抛，扔,[棒球]当投手,搭帐篷,向前跌或冲",3
3185,pine,"松树,松木,凤梨，菠萝,憔悴,痛苦,渴望,为…悲哀,哀悼,消瘦,渴望，渴慕,似松的,松木的",3
3186,brilliant,"明亮的,<非正式>美好的,闪耀的,才华横溢的,宝石,钻石",3
3187,versus,"（表示两队或双方对阵）对,（比较两种不同想法、选择等）与…相对,对抗",3
3188,manufacturing,"制造业，工业,制造业的，制造的,（大规模）制造( manufacture的现在分词 ),捏造,加工,粗制滥造（文学作品）",3
3192,absolute,"绝对的，完全的,不受任何限制[约束]的,无条件的,有无上权力或权威的,绝对,绝对事物",3
3193,chef,厨师，大师傅,3
3194,discrimination,"歧视,辨别，区别,辨别力，识别力,不公平的待遇",3
3195,offensive,"无礼的，冒犯的，唐突的,讨厌的，令人不快的,进攻（性）的，攻击的，攻势的,进攻，攻势",3
3198,boom,"发出隆隆声,快速发展,暴涨,以低沉而有回响的声音发出,使繁荣,使迅速发展,隆隆声,繁荣,激增",3
3199,register,"登记，注册,记录,登记簿,自动记录器,（仪表等）指示,表示，表达,（感情）流露,留下印象,完全符合,[印刷]对齐",3
3200,appoint,"任命，委派,约定，指定,装设，布置",3
3201,heritage,"遗产,继承物,传统,文化遗产",3
3202,god,"[]  [],神,上帝,神像,偶像,使神化,天啊！啊呀！（用于表示怀疑、失望、烦恼、厌烦等）",3
3204,dominant,"占优势的,统治的，支配的,[生]显性的,高耸的,[生]显性性状，显性基因,优势物种,[乐]全阶第五音,主因，要素",3
3205,successfully,"顺利地,成功地",3
3206,shit,"屎，粪便,拉屎，排便,胡说八道,不幸或麻烦,大便，拉屎,拉屎弄脏（某物），排便于…,取笑,欺骗，哄骗,对…胡扯,胡扯！放屁！讨厌！[用以表示厌恶、轻蔑、失望、愤怒等]",3
3207,lemon,"柠檬,柠檬树,柠檬黄,柠檬色的",3
3208,hungry,"饥饿的,渴望的，渴望得到,（统称）饥民,荒年的，不毛的",3
3211,wander,"漫步，漫游,游荡，漫游，闲逛，慢走，漫步,离开原路，离群，失散,（道路或河流）蜿蜒曲折,（人的思想等）走神，胡思乱想,游荡,溜达,闲逛,失散",3
3212,submit,"顺从，服从,甘受，忍受,使服从，使顺从,提交，呈送,[法]主张，建议",3
3213,economics,"经济学,经济，国家的经济状况",3
3214,naked,"裸体的，裸露的,率直的，赤裸裸的,缺乏保护,不加掩饰的",3
3215,anticipate,"预感,预见,预料,先于…行动,过早地提出,过早地考虑（或说、做）一件事,（在口头或用文字）预言,预测",3
3216,nut,"螺母，螺帽,坚果，坚果果仁,难对付的人,[乐]弓根,采坚果,拾坚果",3
3217,legacy,"遗产,遗赠",3
3218,extension,"伸展，扩大,延长，延期,[医]牵引,电话分机",3
3219,shrug,"耸肩（以表示冷淡，怀疑等）,耸肩，提高肩膀,耸肩,女式短茄克衫或前开襟毛线衫",3
3221,battery,"[电]电池，蓄电池,[军]炮台，炮位,一组,[法]殴打",3
3222,arrival,"到达，抵达,出现，登场,新生婴儿,到达者",3
3223,legitimate,"合法的，合理的,正规的,合法婚姻所生的,真正的，真实的,使合法,给予合法的地位,通过法律手段给（私生子）以合法地位,正式批准，授权",3
3224,orientation,"方向，定位，取向，排列方向,任职培训,（外交等的）方针[态度]的确定,环境判定",3
3225,inflation,"膨胀,通货膨胀,夸张,自命不凡",3
3226,cope,"成功地应付，对付,对抗,长袍,斗篷状覆盖物,墙帽,笼罩,给…盖墙压顶",3
3227,flame,"火焰,热情，激情,〈俚〉爱人，情人,激动,燃烧，发出火焰,面红,闪光,烧,激起，激怒",3
3228,cluster,"丛,簇，串,群,[语言]辅音群,丛生,群聚,使密集，使聚集",3
3230,wound,"创伤,伤口,伤害,伤,“wind”的过去式和过去分词",3
3231,dependent,"依靠的,依赖的,取决于…的,有瘾的,受抚养人,受赡养者,依赖他人者,扈从，侍从",3
3232,shower,"阵雨,淋浴,淋浴器,一大批,下阵雨,似阵雨般降落,洒落,纷纷降落,大量地给予,抛洒，使纷纷降落",3
3233,institutional,"由来已久的,习以为常的,公共机构的,慈善机构的",3
3234,depict,"描绘，描画,描述",3
3235,operating,"操作的,营运的,业务上的,外科手术的,操作( operate的现在分词),运转,管理,做外科手术",3
3236,flesh,"肉,肉体,果肉,皮肤,用肉喂养,长胖",3
3237,garage,"车库,汽车修理站,飞机库,把…送入车库,把（汽车）开进车库",3
3238,operator,"经营者,操作员,电话接线员,运算符",3
3239,instructor,指导者，教师,3
3240,collapse,"折叠,倒塌,崩溃,（尤指工作劳累后）坐下,使倒塌,使坍塌,使瓦解,垮台,（身体的）衰弱",3
3241,borrow,"借入,借钱，借用,[数]由上位借,抄袭,借，借用,担保物，抵押,[英史]什一税",3
3242,furthermore,"此外,而且,与此同时,再者",3
3243,comedy,"喜剧,喜剧性,喜剧体裁,有趣的事情",3
3244,mortgage,"抵押,抵押单据，抵押证明,抵押权，债权",3
3245,sanction,"制裁，处罚,批准，认可,约束力,鼓励,批准,鼓励，容忍",3
3246,civilian,"平民，百姓,市民,文官,民法学者,民用的,平民的",3
3247,twelve,"十二,十二个,十二点钟,十二岁,十二的,十二个的,十二；十二个",3
3248,weekly,"一周一次的[地]，每周的,周刊的,周刊，周报,一星期一次，每周",3
3249,habitat,"（动物的）栖息地，住处,产地,经常发现某种事物的地方",3
3250,grain,"谷物，粮食,（沙，金，盐等的）颗粒,谷粒，籽粒,（木材，大理石等的）纹理,把…作成细粒,把…漆[画]成木纹,染透,刮去（皮上的）毛,成谷粒",3
3251,brush,"刷子，画笔,灌木丛,小冲突,刷,掠过,擦,轻触,擦过",3
3252,consciousness,"意识，观念,知觉,觉悟,感觉",3
3253,devote,"把…奉献（给），把…专用（于）,奉献",3
3255,measurement,"量度,份量，尺寸,测量法,（量得的）尺寸",3
3256,province,"省份,大行政区,范围,职责",3
3257,ease,"轻松，舒适,容易,安逸,不拘束，自在,解除痛苦,减轻,延缓,松弛,缓解，减少,轻松前进",3
3258,seize,"抓住,逮捕,捉拿,俘获,夺取,占领,起获,没收",3
3259,ethics,"伦理学,道德规范,伦理学著作,道德规范( ethic的名词复数 ),道德体系,行为准则",3
3260,nomination,"任命,提名,被提名",3
3261,permission,"允许,批准，正式认可，认可",3
3262,wise,"聪明的，有智慧的,博学的，博识的,明白的,像智者的,使知道，使懂得,教导,指点,了解，知道",3
3263,actress,"女演员,女表演者",3
3264,summit,"顶点,高层会议,最高阶层,最高级的,政府首脑的",3
3265,acid,"酸味的,尖刻的,酸的,酸性的,<化>酸,酸味物质",3
3266,odds,"希望，可能性,几率，胜算,掣肘的事情,逆境",3
3267,gifted,"有天赋的,有才华的",3
3268,frustration,"挫折,失败,挫败,失意",3
3269,medium,"中等的，中级的,普通的,平均的,半生熟的,媒介物，媒质,中间，中庸，[生]培养基，培养液，颜料溶解液，[数]中数，平均，[逻]中名辞,手段，方法,中间物",3
3271,physically,"体格上，身体上,物理上,<非正>完全地",3
3273,distinguish,"区分，辨别，分清,辨别是非,辨别出，识别,引人注目，有别于,使杰出，使著名",3
3274,shore,"岸,滨,国家（尤指濒海国家）,支柱,支撑,支持",3
3275,repeatedly,"反复地，重复地,再三地,屡次地,不停地",3
3276,lung,"肺,呼吸器官,[医]辅助呼吸的装置,〈英〉可供呼吸新鲜空气的地方",3
3278,running,"跑步,运转,流出,跑着的,流动的,连续的,操作中的，运转着的,跑,运转(run的ing形式)",3
3280,distinct,"明显的，清楚的,卓越的，不寻常的,有区别的,确切的",3
3281,artistic,"艺术的,有美感的,风雅的,（尤指）有美术才能的",3
3282,discourse,"论述，交谈,正式的讨论,演说,谈论,叙述,讨论",3
3283,basket,"篮,一篮,（篮球运动的）篮,投篮得分,把…装入篮内,把…丢入字纸篓里",3
3284,ah,啊,3
3285,fighting,"战斗的,好战的,作战用的,适于打斗的,战斗,斗志,宣战言论,微小但值得一搏的机会,战斗( fight的现在分词 ),斗争,打架,吵架",3
3286,impressive,"给人印象深刻的，感人的,引人注目的,可观的,显赫",3
3287,competitor,"竞争者,对手",3
3288,ugly,"难看的,丑陋的,有敌意的,不祥的,丑陋的人（东西）",3
3289,worried,"困恼的，为难的,担心的,担心( worry的过去式和过去分词)",3
3290,portray,"画像,描述,描绘,描画",3
3291,powder,"粉，粉末,粉状物质,在…搽粉,涂粉，变成粉末",3
3292,ghost,"鬼，幽灵,（尤指可怕事物的）记忆,隐约的一点点,（电视屏幕上的）重影,悄悄地行进,替人代笔",3
3293,persuade,"说服,劝说,使相信,使信服",3
3294,moderate,"有节制的,稳健的，温和的,适度的，中等的,<美俚>慢吞吞的,使和缓,主持,节制,变缓和,作主持人",3
3295,subsequent,"后来的,随后的,作为结果而发生的,附随的",3
3296,continued,"继续的，延续的,继续，连续( continue的过去式和过去分词 ),持续,逗留,停留",3
3297,cookie,"饼干,小甜点,吸引人的年轻妇女,甜面包",3
3298,carrier,"搬运人,运输公司,搬运器,[医学]带菌者",3
3299,cooking,"烹饪术,如火如荼地进行,热火朝天,在干什么,烹调用的（水果，锅，炉等）,烹调( cook的现在分词),编造,篡改,密谋",3
3300,frequent,"频繁的，时常发生的，常见的,（脉搏等）急促的，快的",3
3301,ban,"禁止，下令禁止,剥夺权利,[古]诅咒,禁止，禁令,谴责,诅咒，诅骂,革出教门",3
3304,awful,"糟糕的,可怕的,非常的,极坏的,非常，极",3
3305,admire,"赞赏,称赞,欣赏,<美口>想要",3
3306,pet,"宠物,宠儿,受宠的人,生气,宠爱的，溺爱的,表示亲昵的,宠爱,爱抚，亲抚,<非正>亲吻,爱抚",3
3307,miracle,"奇迹，圣迹，神迹,令人惊奇的人（或事）",3
3308,exceed,"超过,超越,胜过,越过…的界限,突出，领先",3
3309,rhythm,"[诗]节奏，韵律,[医]节律，规律,[乐]节拍,[艺]调和",3
3310,widespread,"分布广的,普遍的,广泛应用,普及的",3
3311,killing,"谋杀，杀人,猎物,暴利,致死的，致命的,令人精疲力尽的,吸引人地,杀死( kill的现在分词),使停止[结束，失败],破坏，减弱，抵消,使痛苦，使受折磨",3
3312,lovely,"可爱的,令人愉快的,亲切友好的,慷慨大方的,美女，美人，佳人,漂亮的东西",3
3313,sin,"违背宗教[道德原则]的恶行,罪恶，罪孽,过错，罪过,愚蠢的事，可耻的事,犯罪，犯过错,犯罪",3
3314,charity,"慈善（行为）,施舍，捐助,慈善机关,仁爱，宽容",3
3315,script,"脚本，手迹,书写体铅字,剧本、广播稿或者电影剧本,为电影（或戏剧等）写剧本,编造",3
3316,tactic,"手段,策略,战术,战略,按顺序的,依次排列的",3
3317,identification,"鉴定，识别,验明,身份证明,认同",3
3318,transformation,"变化,<核>转换,<语>转换,<电>变换",3
3319,everyday,"日常的，平常的,普通的,每天的,经常",3
3320,headline,"大字标题,新闻提要,头条新闻,给…加标题,担任主角",3
3322,venture,"冒险事业,冒险,冒险行动,商业冒险,冒…的危险,拿…冒险,用…进行投机,以…做赌注,冒险前进，冒险行事,猜测（常与at连用）",3
3323,invasion,"入侵，侵略,侵害，侵犯,侵袭,[医]发病",3
3325,nonetheless,虽然如此，但是,3
3326,adequate,"足够的,适当的，恰当的,差强人意的,胜任的",3
3327,piano,"钢琴,<美俚>囚犯工作席,轻奏乐段",3
3328,grocery,"食品杂货店,食品杂货业",3
3329,intensity,"强烈,（感情的）强烈程度,强度,烈度",3
3330,exhibit,"陈列，展览,呈现,证明,[法]提交证据,公开展览某物,展出,展览，陈列,展览品,公开展示,[法]证据",3
3332,blanket,"毛毯，毯子,毯状物,厚的覆盖层,总括的,全体的,无大差别的,用毯覆盖,覆盖，掩盖,（规则等）适用于",3
3333,margin,"边缘，范围,极限,利润，盈余,（版心外）的空白,留边,成为…的边,加边于，围绕,为…加旁注",3
3335,quarterback,"（美式足球）（指挥进攻的）四分卫，枢纽前卫,（美式足球）打四分卫，担任枢纽前卫,指挥，组织",3
3336,mouse,"老鼠,鼠标,羞怯[胆小]的人,[非正式用语] 眼部青肿,捕鼠,窥探，偷偷地寻找",3
3337,rope,"粗绳,绳索,一串,学会决窍，知道决窍,（用绳子）捆,用绳子系牢,捆紧,用套索抓捕（动物）,成索状或绳状",3
3338,concrete,"具体的，有形的，实在的，实际的,固结成的，混凝土制的,图案诗歌的,混凝土,具体物,（图案式）有形诗,〔建〕钢筋混凝土,使凝固,用混凝土修筑,萃取,凝固,固结,变坚固,使用混凝土",3
3339,prescription,"[医]药方，处方,处方药,训令，指示,法规",3
3340,african-american,非裔美国人；美国黑人,3
3341,chase,"追捕,追求,追寻,镂刻,打猎,猎物（指鸟兽等）,槽,追逐，追赶,追求（常与after连用）,[口语] 奔跑",3
3343,brick,"砖，砖块,砖块状物体,一砖的厚度,〈口〉大好人,用砖建造、砌或铺,用砖围住或堵住,用砖做的,似砖的",3
3344,recruit,"新兵,（机构中的）新成员,新学生,招聘，征募,吸收某人为新成员,动员…（提供帮助）,雇用,征募新兵,得到补充，得到补偿,恢复健康",3
3345,patch,"补丁，补片,眼罩,斑点,小块,修补，拼凑,暂时遮掩一下,修理，平息（吵架等）,用美人斑装饰（脸）,打补丁",3
3346,consensus,"一致,舆论,一致同意，合意",3
3347,horror,"恐怖，可怕的事物,嫌恶，痛恨,讨厌的人或事,〈口〉非常丑恶",3
3348,recording,"记录，录音,唱片,录了音的磁带,录音的节目,记录的，录音的，录影的,自记的,记录用的,记录，录音，拍摄( record的现在分词),显示，自动记下,标明,发表正式（或法律方面的）声明",3
3349,changing,"替换,变换,转换,变化",3
3350,painter,"画家，着色者,油漆匠,（系船的）缆绳,破诡计",3
3351,colonial,"殖民地的,殖民地化的,[生]群体的，集群的,英领殖民地时期的,殖民地居民,殖民时代建筑",3
3352,pie,"馅饼，派,爱说话的人,[动]喜鹊,<美俚>容易得到的称心东西，容易的工作,使杂乱,弄乱（铅字，版面）",3
3353,sake,"缘故,理由,日本米酒,目的",3
3354,gaze,"凝视，注视,凝视，端详",3
3355,courage,"勇气,胆量,魄力,肝胆",3
3356,pregnancy,"怀孕，妊娠,丰富，多产,意义深长",3
3357,swear,"发誓,咒骂,发誓，宣誓",3
3358,defeat,"击败，战胜,挫败,[法]宣告无效，作废,战胜,失败,[法]废除,![defeat](../images/courage-motivation-defeated.jpg)",3
3359,clue,"线索,提示,（帮助警方破案的）线索,（纵横填字谜、游戏或问题的）提示词语,<非正>为…提供最新情况（消息等）",3
3360,reinforce,"加固,强化,增援,求援,得到增援,给予更多的支持,加强,加固物,加固材料",3
3362,confusion,"混乱,混淆,困惑",3
3363,slice,"切成片,切下,划分,薄片,一部分,（因失误而打出的）曲线球,斜击",3
3364,occupation,"职业，工作,占有，占领,（土地、房屋、建筑等的）使用",3
3365,dear,"亲爱的,敬爱的,昂贵的,严厉的,亲爱的人,宠物,哎,高价地,疼爱地,贵",3
3366,coal,"煤,煤块,煤堆,木炭,上煤,加煤,给…加煤,把…烧成炭",3
3367,sacred,"宗教的,神圣的,受崇敬的，值得崇敬的,有宗教性质的",3
3369,formula,"公式，准则,客套话,方案,婴儿食品",3
3370,cognitive,"认知的,认识的",3
3371,collective,"集体的,共同的,集合的,集体主义的,[统]集体,[语]集合名词,集团",3
3372,exact,"准确的,严密的,精密的，精确的,要求,苛求,迫使,强求",3
3373,uncle,"叔叔,伯父,舅父,姑父，姨父",3
3375,captain,"船长，机长,领袖，首领,上尉,（美国警察局的）副巡长,当首领,统帅或指挥",3
3376,sigh,"叹气,悲叹，悲鸣,叹气地说,叹气，叹气声",3
3377,attribute,"认为…是,把…归于,把…品质归于某人,认为某事[物]属于某人[物]",3
3378,dare,"敢,敢做,激（某人做某事）,问（某人）有没有胆量（做某事）,敢于,大胆,无畏于,敢，竟敢,激将，挑战",3
3380,homeless,"无家可归的,露宿风餐",3
3382,gallery,"画廊，走廊,（教堂，议院等的）边座,旁听席,大批观众",3
3383,soccer,"<美>足球,〈口〉英式足球",3
3384,defendant,"[法]被告人,[法]被告的,辩护的",3
3385,tunnel,"隧道,地道,烟道,（动物栖息的）穴,打通隧道,挖掘隧道,在…挖掘隧道,在…打开通道",3
3386,fitness,"健康,适当，适合,合情理",3
3387,lap,"折叠,包裹，缠绕,使搭接,磨亮，磨平,部分重叠,舔,包围,膝,下摆,一圈跑道,范围",3
3388,grave,"重大的，重要的,严重的,[音乐]沉重的,（颜色等）朴素的,沉重地，庄重地,极慢地,坟墓，墓穴,埋葬…的地方,下场,死亡,雕刻,铭记",3
3389,toe,"脚趾，脚尖,（鞋，袜的）足尖部,[体]高尔夫球棒的尖端,轴踵,用脚尖触,[体]用高尔夫球棒尖端击,斜钉（钉子）,动脚尖，脚尖朝（方向）,动脚尖,用足尖跳舞",3
3390,container,"容器,箱，匣,集装箱，货柜",3
3391,virtue,"美德,德行,价值,长处",3
3392,abroad,"到国外，在海外,广为流传地,往国外的,海外，异国",3
3393,architect,"建筑师，设计师,创造者，缔造者,造物主",3
3394,dramatically,戏剧性地，引人注目地,3
3395,makeup,"化妆,补充,构造,体格",3
3396,inquiry,"调查，审查,询问，质问，质询，追究,探究,打听",3
3397,rose,"玫瑰,粉红色,蔷薇（花）,粉红色的葡萄酒,玫瑰花的,玫瑰色的,粉红色的,带有玫瑰香味的,使成玫瑰色，使（面颊）发红,使有玫瑰香味,起义（ rise的过去式）,升起,（数量）增加,休会",3
3398,surprisingly,惊人地，出人意外地,3
3399,highlight,"（图画或照片的）强光部份,最重要的事情,最精彩的部分,强调，突出,把…照亮,标示记号,为…中最突出的事物",3
3400,decrease,"减少，减小,减少量",3
3401,indication,"指示,象征,表明,标示",3
3402,rail,"围栏,轨道，钢轨,扶手,[动]秧鸡,责备,抱怨,责骂,将…围起来,铺铁轨,坐火车旅行,用围栏围",3
3403,anniversary,"周年纪念日,周年的,周年纪念的,年年的,每年的",3
3404,couch,"长沙发椅，睡椅,（病人受检查时躺的）长榻,麦芽床,涂底，涂层,表达,使躺卧,播撒谷物使发芽,躺卧,隐蔽，埋伏,使成堆",3
3405,alliance,"（国家、政党等的）结盟，同盟，联盟，联合,联姻,同盟条约,同盟者",3
3406,hypothesis,"假设，假说,[逻]前提",3
3407,boyfriend,"男朋友,情郎",3
3408,compose,"组成，构成,调解,[印刷]排（字）,使安定,创作（乐曲、诗歌等）,为…谱曲,构图，构成",3
3410,mess,"混乱,食堂,肮脏,困境,弄脏,搞砸,给…供膳,把事情弄糟,制造脏乱",3
3412,legend,"传说,传奇人物,铭文,图例",3
3413,regulate,"调节，调整,校准,控制，管理",3
3414,adolescent,"少年，少女,青春期的,青少年的,未成熟的",3
3415,shine,"发出光,反射光，闪耀,出类拔萃，表现突出,露出,照射，把光射后,〈口〉通过擦拭使…变得有光泽或光亮,光亮，光泽,好天气,擦皮鞋,鬼把戏或诡计",3
3416,norm,"标准,规范,准则,（劳动）定额",3
3417,upset,"打翻，弄翻,打乱，打搅,打乱，搅乱,推翻，弄翻,使心烦意乱,使翻倒,翻倒，颠覆,心烦意乱,混乱,难过的,失望的,沮丧的,（肠胃）不舒服的",3
3418,remark,"注意，观察,话语,评论，谈论，,评论,觉察",3
3419,resign,"辞职,放弃,屈从,勉强接受",3
3420,reward,"报酬,报答,赏金,酬金,酬谢，奖赏,报答，惩罚",3
3421,gentle,"温和的,文雅的,高尚的,使温和,使驯服,蛆,饵",3
3422,related,"有关系的,叙述的,叙述(relate过去式和过去分词)",3
3423,organ,"机构,器官,风琴,元件",3
3424,lightly,"轻轻地，轻巧地,轻松地，轻快地,轻易地，容易地，不费力地,轻率地",3
3425,concerning,"（表示论及）关于，就…而论,“concern”的现在分词,涉及,关心,顾虑，忧虑",3
3426,invent,"发明，创造,虚构",3
3427,laughter,"笑，笑声,〈古〉好笑的事,〈美俚〉力量悬殊得可笑的体育比赛,大笑",3
3429,northwest,"西北，西北方向,西北部,在西北的,西北部的,向西北的,（风、光线）来自西北方的,自西北地",3
3430,counseling,（对个人，社会以及心理等问题的）咨询服务,3
3432,receiver,"接受者，收款员,接收器,无线电接收机,（破产公司的）官方接管人",3
3433,ritual,"（宗教等的）仪式,例行公事，老规矩,典礼,作为仪式的一部分的,礼节性的,例行公事的",3
3434,insect,"虫，昆虫,卑鄙的人,微贱的人，小人,昆虫的,卑劣的",3
3435,interrupt,"打断（别人的话等）,阻止,截断,暂停,中断,打扰,妨碍,打断",3
3436,salmon,"鲑鱼,鲑鱼肉,大马哈鱼,三文鱼",3
3438,trading,"贸易,买卖,交易,股票交易,贸易的，交易的,交易，经商( trade的现在分词 ),交换,经营…交易，做…的买卖",3
3440,magic,"魔法,巫术,戏法,不可思议的魔力,魔术的,幻术的,不可思议的,有奇异魔力的,用魔法变出,用魔法摆脱,用魔法得到,使中邪",3
3441,superior,"（级别、地位）较高的,（在质量等方面）较好的,（数量）较多的,上等的,上级,较好的人[事物]，优胜者,修道院院长,方丈",3
3442,combat,"格斗，搏斗，战斗,〈美〉竞赛，比赛,论战,与…战斗,与…斗争,防止,减轻",3
3443,stem,"（花草的）茎,词干,（高脚酒杯的）脚,烟斗柄,遏制[阻止]（液体的流动等）,阻止,封堵,遏止",3
3444,surgeon,"外科医生,[军]军医",3
3445,acceptable,"可接受的,合意的,（社会上）认同的,（礼物等）令人满意的",3
3446,physics,"物理学,物理现象,物理成分",3
3447,rape,"掠夺，强夺,强奸,[法]强奸,[植]油菜,葡萄渣",3
3448,counsel,"协商，讨论,建议,策略,法律顾问，辩护人,劝告，建议,提供专业咨询",3
3450,jeans,"牛仔裤,瘦腿紧身裤",3
3451,hunt,"打猎,猎取,追捕，猎杀,在…处狩猎,搜索,追逐猎物,寻找,前后摆动,积极地寻找,狩猎旅行,参加狩猎旅行的人",3
3452,continuous,"连续的,延伸的,绵,联绵",3
3453,log,"记录,日志,原木,伐木,把…载入正式记录,行驶",3
3454,echo,"回声，共鸣,（言语、作风、思想等的）重复,重复者,[无线电]回波,重复，效仿,随声附和,类似,发射（声音等）,被重复,产生回响,充满回声",3
3455,pill,"药丸,弹丸,口服避孕药,讨厌鬼,使服用药丸,把…制成药丸,投票反对,抢劫,服用药丸,制成药丸,起球",3
3456,excited,"兴奋的，激动的,活跃的,激发的,受刺激的,使兴奋（ excite的过去式和过去分词）",3
3457,sculpture,"雕刻（术），塑像,雕刻品,刻纹,雕塑,以雕刻装饰,侵蚀,雕刻",3
3458,compound,"场地,复合物,（筑有围墙的）院子,复合词",3
3459,integrate,"使一体化,使整合,使完整,使结合成为整体,成为一体,结合在一起,合并,[数学]作积分运算,整体的,完整的,完全的,综合的",3
3460,flour,"面粉,撒上粉",3
3461,bitter,"苦的,尖锐的,严寒的,怀恨的，愤愤不平的,苦,苦味物,苦啤酒,[航]系缆柱上的一圈缆索,激烈地,痛苦地,严厉地,使变苦",3
3462,bare,"光秃秃的,（房间、柜子等）空的,赤裸的,刚好够的,使赤裸,使露出,揭开,脱（衣服）",3
3463,slope,"斜坡,斜面,倾斜,斜率,有斜度,悄悄地走,潜行,使倾斜",3
3464,rent,"租金,地租,（意见等的）分裂，分歧,（衣服等的）裂缝,出租,付地租,“rend”的过去式和过去分词,租借,撕碎的,分裂的",3
3465,presidency,"总统,总统的任期,管辖,支配",3
3466,serving,"服务,（食物或饮料的）一份,上菜,用于上菜的,（为…）服务( serve的现在分词),任（职）,提供,端上",3
3467,subtle,"微妙的,敏感的,狡猾的,巧妙的",3
3468,greatly,大大地，非常,3
3469,bishop,"（基督教某些教派管辖大教区的）主教,（国际象棋的）象,香甜葡萄酒",3
3470,drinking,"喝饮料，喝酒,喝（酒）( drink的现在分词 ),饮,喝酒,（尤指）酗酒",3
3473,acceptance,"接受，接纳,[金融]承兑,无怨接受（逆境、困境等）,赞成",3
3476,pump,"泵,打气筒,轻软舞鞋,轻便帆布鞋（英式英语）,用抽水机汲水,给…打气,用泵（或泵样器官等）输送,涌出,用泵抽,注入，似用泵来拉、转或倒,抽水，从。。除去水,骑自行车的人上下蹬踏板",3
3477,candy,"糖果,冰糖,〈美俚〉古柯碱，可卡因,巧克力,（用糖煮过以）保存,使结晶为砂糖,〈美俚〉（服饰）花哨的,甜言蜜语的",3
3478,evil,"邪恶的，罪恶的,有害的,不幸的，不吉的,品行坏的,邪恶，罪恶,坏事，恶行,邪恶的力量、势力或化身,灾祸",3
3481,pleased,"高兴的,自鸣得意,（用于初次见面握手时）很高兴认识您,称心满意,（使…）高兴( please的过去式),（使…）满意,想要,喜欢",3
3482,medal,"奖章，奖牌,勋章,纪念章,证章,获奖：赢得一枚奖章,授予…奖章",3
3483,beg,"乞讨,恳求（原谅）,回避（问题）",3
3484,sponsor,"发起者，主办者,担保者,倡议者，提案人,后援组织,赞助",3
3485,ethical,"伦理学的,道德的，伦理的,凭处方出售的,凭医师处方出售的药品",3
3486,secondary,"第二的，中等的,助手，副手,中等教育的,间接的,副手，代理人,[天]双星中较小较暗的一个，卫星,[语]次重音",3
3487,slam,"砰地关上（门或窗）,猛烈抨击,使劲一推,猛劲一摔,砰然关上,猛力打击，碰撞,撞到了一辆卡车上,猛然关闭的声音,猛击",3
3488,export,"出口，输出,传播，输出（思想或活动）",3
3489,experimental,"实验的,根据实验的,试验性的,试验性的东西",3
3490,melt,"熔化，溶解,逐渐融合,逐渐消失,感动，软化，感情上变得温和,使混合在一起,逐渐消散,使变得温和或温柔",3
3491,midnight,"子夜，午夜,漆黑,一段黑暗阴暗的时间,漏夜",3
3493,curve,"弧线，曲线,曲线状物,弯曲物,[棒]曲线板,使弯曲,使成曲线,使成弧形,弯曲,弯成曲线，弯成弧形,沿曲线行进,弯曲的,曲线形的",3
3494,integrity,"正直，诚实,完整,[计算机]保存,健全",3
3495,entitle,"使有资格,给…定名,给与…权利,称做",3
3496,evident,"明显的，明白的,昭著,彰",3
3497,logic,"逻辑，逻辑学,（做某事的）道理,推理方法,威力，压力，强制（力）,逻辑的",3
3498,essence,"本质，实质,精华，精髓,香精",3
3500,exclude,"排除，不包括,排斥,驱除，赶出",3
3501,harsh,"粗糙的,刺耳的,严厉的，严格的,残酷的",3
3502,closet,"壁橱,盥洗室,议事室，密室,贮藏室,隐蔽的，暗藏的,不公开的,秘密的，私下的,空谈的,把…关在房间里,把…引入内室密谈",3
3503,suburban,"城郊的，在郊区的，城郊住宅区的,土气的,见闻不广的,郊区居民",3
3504,greet,"欢迎，迎接,致敬，致意,打招呼,（景象，声音等）映入眼帘",3
3506,interior,"内部,内地,内政,内心,内部的,内地的，国内的,内面的",3
3507,corridor,"走廊，通道,走廊（一国领土通过他国境内的狭长地带）,[建]覆道",3
3509,retail,"零售,零卖,转述,传播,零售的,以零售方式",3
3510,pitcher,"大水罐,投掷的人",3
3511,march,"（坚定地向某地）前进,行军，进军,游行示威,进展，进行,使前进,使行军,行进，前进,行军,进行曲",3
3512,snake,"蛇,奸险的人,卑劣的人,蛇形浮动汇率制,沿…曲折前进（或延伸）,<美>/<口>拖，拉（木材等）,曲折前进（或延伸）,蛇行，悄悄地爬行",3
3514,excuse,"原谅,为…申辩,免除，宽免,给…免去,借口，托辞,道歉，歉意,辩解,请假条,作为借口,请示宽恕,表示宽恕",3
3516,weakness,"弱点，缺点,软弱，优柔寡断,弱，衰弱，虚弱,〈口〉偏爱，癖好",3
3517,pig,"猪,猪肉,令人不快（或讨厌）的人,金属块（锭）,生小猪,像猪一样过活,举止像猪,贪吃,吃得过量，大吃特吃",3
3519,classical,"古典的，经典的,传统的,古典文学的,第一流的,古典音乐",3
3520,estimated,"估计的,预计的,估算的,估计，评价，评估( estimate的过去式和过去分词 ),（粗略）估计（…的距离、价值、数目、大小、重量、费用等），估量，预算",3
3521,t-shirt,"T恤，短袖汗衫,样式类似T恤的外衣",3
3523,unemployment,"失业,失业率,失业状况,失业人数",3
3524,civilization,"文明，文化,开化，教化,修养,文明社会",3
3525,fold,"折叠,合拢,抱住,笼罩,折叠起来,彻底失败,折痕,信徒,羊栏,（起伏地的）凹处，洼",3
3529,reverse,"（使）反转,（使）颠倒,掉换，交换,[法]撤消，推翻,倒退,[桥牌]逆叫,反面的,颠倒的,倒开的,[生]倒卷的,倒转，反向,[机]回动,失败",3
3530,missing,"失去的,下落不明的,错过( miss的现在分词)",3
3531,correlation,"相互关系,相关性",3
3532,humanity,"人类,人性,人道,人文学科",3
3533,flash,"使闪光，使闪烁,拍出，发出（电报等）,〈口〉炫耀,闪光,闪光灯下摄成的照片,一瞬间,浮华,闪光的，闪耀的，一闪而过的,浮华的,庞大的",3
3534,developer,"开发者,<摄>显影剂，显像剂",3
3535,reliable,"可靠的,可信赖的,真实可信的,可靠的人",3
3536,excitement,"兴奋，激动,令人兴奋的事,刺激，振奋",3
3537,beef,"牛肉,菜牛（饲养以供肉食的牛）,体力,怨言，牢骚,抱怨，大发牢骚",3
3538,islam,"伊斯兰教,伊斯兰教徒,伊斯兰教义,伊斯兰教国家",3
3539,roman,"古罗马的,罗马人的,罗马基督教会的,天主教的,古罗马共和国或帝国的人,罗马市民,天主教教徒",3
3541,architecture,"建筑学,建筑风格,体系结构,（总体、层次）结构",3
3542,occasional,"偶尔的，不经常的,特殊场合的,临时的",3
3543,administrative,"管理的，行政的,行政职位,非战斗性行政勤务的",3
3544,elbow,"肘部,弯头，扶手,肘形管，弯管,用肘推挤（另一人或另一些人）,用手肘推开,用肘推搡着前进,在拐角处转弯",3
3545,deadly,"极端的，非常的,致命的，致死的,非常有效的,如死一般的,极其，非常,死了一样地",3
3547,hispanic,"西班牙的,西班牙和葡萄牙的,西班牙及其他说西班牙语国家的,拉丁美洲的",3
3548,allegation,"陈述，主张,宣称,陈词，陈述,指控",3
3550,confuse,"使困窘,使混乱,使困惑,使更难于理解,使糊涂",3
3551,airplane,<美>飞机,3
3552,monthly,"每月的,每月一次的,按月的,月刊,月经,每月,每月一次",3
3553,duck,"鸭子，野鸭,鸭肉,（表示友好的称呼）乖乖,（板球）零分,躲避，回避,潜入,忽然低下头（或弯下腰）,迅速行进",3
3554,dose,"剂量，药量,（药的）一服，一剂,（处罚等）一回，一次，一番,（酒中的）配料，增味剂,服药,给药,给…服药,把（药等）配分剂量,在（酒）中加料",3
3555,korean,"朝鲜人，朝鲜国民,朝鲜语,朝鲜的,朝鲜人的,韩国（人）的,韩国（语）的",3
3556,plead,"恳求,辩论,以…为理由,陈述案情,申辩，认罪，辩护,申诉，答辩，为…辩护",3
3557,initiate,"开始，发起,传授,创始，开辟,接纳新成员,新加入某组织（或机构、宗教）的人，新入会的人,被传授初步知识的人,被传授初步知识的,新入会的",3
3558,lecture,"演讲,训斥，教训,作演讲,给…作演讲,教训（通常是长篇大论的）",3
3559,van,"先锋,厢式货车,增值网,先驱，前驱，领袖，领导人,用车搬运,〈外〉同“from”",3
3560,sixth,"第六,第六感觉,特别感应,直觉,（英国中学的最高年级）六年级,[乐]六度音程",3
3561,bay,"湾，海湾,犬吠声,月桂树,吊窗，凸窗,（尤指猎犬等）吠，叫，咆哮,筑堤遏（水）,穷追，使陷入绝境,阻止（敌人）不使前进,赤褐色的，栗色的,向…吠叫",3
3562,mainstream,"（思想或行为的）主流,主要倾向，主要趋势",3
3563,suburb,"郊区，城郊,边缘,附近，周围",3
3564,sandwich,"三明治,夹心面包,状似三明治的东西,把…夹在…之间,把…做成三明治",3
3566,trunk,"树干,象鼻,躯干,汽车车尾的行李箱",3
3567,rumor,"<美>传闻,[古]名誉,咕哝,[古]喧嚷,谣传,传说",3
3568,implementation,"成就,贯彻,implement的变形,安装启用",3
3569,swallow,"吞，咽,忍耐，忍受,不流露,<口>忍受，轻信,[鸟]燕子,胃管，食道,一次吞咽的量,（滑车等的）通索孔",3
3570,motivate,"使有动机，促动，激发，诱导,刺激,激发…的积极性",3
3571,render,"使成为,递交,给予,表达",3
3572,longtime,"（已持续）长时间的，为时甚久的,长久",3
3573,trap,"诱骗,使受限制,困住,使（水与气体等）分离,圈套,（对付人的）计谋,（练习射击用的）抛靶器,（捕捉动物的）夹子,设陷阱,装捕捉机,设圈套",3
3574,restrict,"限制，限定,约束，束缚",3
3575,cloth,"布，织物,一块布,用作某种用途的布，桌布，擦布，揩布,（统称）牧师",3
3576,seemingly,"看来似乎,表面上看来,貌似",3
3577,legislative,"（关于）立法的,立法决定的,有权立法的，用以立法的,立法机构的,立法权,立法机关",3
3578,effectiveness,"有效，有力,有效性,效益,效用",3
3579,enforce,"强迫服从,实施，执行,加强",3
3580,lens,"透镜，镜头,眼睛中的水晶体,隐形眼镜,汽车的灯玻璃",3
3582,inspector,"检查员,（英国公共汽车或火车上的）查票员,（警察）巡官,检阅官",3
3583,lend,"把…借给,贷（款）,贡献，给予,适于,增加,增添,给…增加,给予",3
3584,plain,"平原,平地,[纺织业]平针,朴实无华的东西,平的,素的,清晰的,相貌平平的,清楚地，明白地,平易地,[用以加强语气]显然,完全地,发牢骚,诉苦",3
3585,fraud,"欺诈,骗子,伪劣品,冒牌货",3
3586,companion,"同伴,[天]伴星(=~star),（用于书名）指南,同甘共苦的伙伴,同行,陪伴",3
3587,contend,"争夺,竞争,奋斗,争斗,声称，主张,争论，争辩,斗争，战斗",3
3588,nail,"钉子,指甲，趾甲,钉状物,纳尔,钉住,抓住,使固定,揭露",3
3589,array,"队列，阵列,数组,一大批,衣服,排列,部署兵力,打扮，装饰",3
3590,strict,"精确的,绝对的,严格的，严谨的,[植]笔直的",3
3591,assemble,"集合，收集,装配，组合",3
3592,frankly,"直率地（说），坦诚地,真诚地,坦白地,平心而论",3
3593,rat,"大老鼠,似鼠动物,<非正式>鼠辈，卑鄙小人,捕鼠,<俚>背叛，告密",3
3594,burst,"爆裂，炸破,使爆炸,充满，塞满,爆发,冲破，胀破,分帧，分页，分隔,爆炸,爆裂,突发",3
3595,hallway,"走廊，过道,门厅,玄关",3
3596,cave,"洞穴,〈方〉地窖,（使）塌陷，倒塌,暗中破坏,屈服",3
3597,inevitable,"不可避免的,必然发生的,<非正>总会发生的,必然发生的事",3
3598,southwest,"西南，西南方，,西南部,向西南,西南的，西南部的",3
3599,monster,"巨大的，庞大的,（建筑物）巍峨的,怪物,恶魔，恶人,庞然大物,畸形，畸胎",3
3602,unexpected,"想不到的，料不到的,意外的,忽然的,突然的",3
3603,obstacle,"障碍（物）,障碍物（绊脚石，障碍栅栏）",3
3604,facilitate,"促进，助长,使容易,帮助",3
3606,rip,"裂口,废物,[美国俚语]偷窃,浪子,扯破，撕坏,撕成,锯,猛地扯开,拆（衣服）,裂开，绽线",3
3607,herb,"草，草本植物,药草，香草,牧草",3
3608,overwhelming,"势不可挡的，压倒一切的，巨大的,压倒一切的欢乐",3
3609,integration,"结合,整合,一体化,（不同肤色、种族、宗教信仰等的人的）混合",3
3610,crystal,"结晶（体）,晶体,水晶,水晶饰品,水晶的,水晶般的,透明的,清楚的",3
3611,recession,"经济衰退，不景气,后退，撤退,凹处,退场",3
3614,written,"书面的,写成文字的,明显受到…影响,（感情）全挂在脸上,写( write的过去分词),写信",3
3615,motive,"动机，主旨,（艺术作品的）主题，题材,运动的,动机的,发动的,促使",3
3617,flood,"洪水,泛滥,溢流,探照灯,涌出,为水淹没,淹没",3
3618,pen,"笔，笔尖,笔法，文笔,作家,围栏,写,把…关入栏中,关押，囚禁",3
3619,ownership,"物主身份,所有权,所有制,所有",3
3620,nightmare,"噩梦,<口>可怕的事情，无法摆脱的恐惧,泛滥成灾,紧张,可怕的，噩梦似的",3
3622,inspection,"检查,检验,视察,检阅",3
3623,supervisor,"监督者，管理者,镇长",3
3624,consult,"商议，商量,[医]会诊,咨询,充当顾问,请教,翻阅,求教于,顾及",3
3625,arena,"表演场地，舞台,竞技场,活动或斗争的场所或场面,古罗马圆形剧场中央的竞技场",3
3627,diagnosis,"诊断,诊断结论,判断,结论",3
3628,possession,"有，所有，拥有,领地,财产，所有权，占有物，所有物,持有违禁物",3
3629,forgive,"原谅,饶恕,对不起,请原谅,免除",3
3631,consistently,"一贯地，坚持地，固守地,总",3
3632,basement,"地下室,[建]基底，底部",3
3634,drift,"流动,随意移动,漂泊,浮现,漂流,堆积成堆,漂移，偏移,趋势，动向,大意,放任自流",3
3635,drain,"排水,流干,喝光，喝干,使（精力、金钱等）耗尽,使流出,排掉水,下水道,排水系统,[医]引流",3
3637,prosecution,"控告，起诉，检举,原告及其律师的总称,实施，实行，执行，贯彻，营业,从事",3
3638,maximum,"最大值的，最大量的,最大的量、体积、强度等",3
3639,announcement,"通告,布告,预告,宣告",3
3640,warrior,"武士，勇士,军人,鼓吹战争的人",3
3641,prediction,"[气]预测，预报,预言,预言的事物",3
3642,bacteria,细菌(bacterium的名词复数),3
3643,questionnaire,"调查表,调查问卷",3
3644,mud,"泥，泥淖,没价值的东西，污物,<美俚>咖啡,诽谤的话,抹泥,钻入泥中",3
3645,infrastructure,"基础设施,基础建设",3
3646,hurry,"仓促（做某事）,催促,（朝某方向）迅速移动,迅速处理,匆忙，急忙",3
3647,privilege,"特权,（因财富和社会地位而仅有部分人享有的）权益,免责特权,特殊荣幸,给与…特权，特免",3
3648,temple,"庙，寺,耶路撒冷古神殿,[犹太教] 犹太教聚会,太阳穴",3
3650,outdoor,"户外的，露天的,喜欢户外活动的,（医院等）院外的,室外",3
3651,suck,"吮吸,吸入,卷进入,吸取,舐，吮吸,通过吸吮的动作产生声音,<俚>巴结,吸力,吸入物",3
3653,broadcast,"广播,播放,使广为人知,尤指用手播（种）,播放节目,参加电台、电视节目的演出,发送传递信号，传播,电台、电视节目,播放时间,播种,广播的,播音的,广泛散布的",3
3654,re,"关于,[化]元素铼（rhenium）的符号，铼",3
3655,leap,"跳,冲动的行动,跳过，跃过,使跳跃,跳跃，飞跃,跳跃的距离",3
3656,random,"任意的,随机的,胡乱的,随意,偶然的行动",3
3658,wrist,"腕，手腕,腕关节,（衣袖等的）腕部",3
3659,curtain,"窗帘，门帘,帐幕之物，幕布,启幕，落幕,给（窗户或房间）装上帘子,掩蔽",3
3661,pond,"池塘,筑成池塘",3
3662,domain,"范围，领域,领土，疆土,管辖范围,[计]域名",3
3663,guilt,"有罪，犯罪行为，罪恶,[法律] 轻罪，过失,内疚，知罪,自责",3
3664,cattle,"（总称）牛，牲口,畜生,无价值的人,〈美俚〉女学生",3
3666,walking,"步行，散步,步法，步态,道路状态,步行（用）的,（能）行走的,解雇的，被免职的,走，步行( walk的现在分词)",3
3667,playoff,（双方得分相等时的）最后决赛,3
3668,minimum,"最低限度,最小量,最低消费,[数]极小值,最低的,最小的,最少的",3
3669,fiscal,"（美）财政上的，会计的,国库的,财政年度，会计年度,财政部长，（苏格兰等的）检察官，（西班牙及葡萄牙的）检察长,印花税票",3
3670,skirt,"裙子,边缘,（连衣裙、外衣等的）下摆,（车辆或机器基座的）挡板,位于…的边缘,沿…的边缘走,绕开,避开",3
3671,dump,"倾倒,丢下，卸下,摆脱，扔弃,倾销,突然跌倒或落下,卸货,转嫁（责任等）,垃圾场,仓库,无秩序地累积",3
3672,hence,"因此，所以,从此,从此处,<诗>去",3
3673,database,"数据库,资料库,信息库",3
3674,uncomfortable,"不舒服的,令人不舒服的,不自在的,不安的",3
3676,execute,"执行,处死，处决,履行,完成",3
3677,limb,"肢，翼,大树枝,分支,枝干,割断…的四肢，肢解,砍树枝",3
3678,ideology,"思想（体系），思想意识,意识形态,观念学,空想，空论",3
3681,tune,"曲调，曲子,和谐，调谐,语调,心情,调整,使和谐，使一致,调整（频率）,为…调音,协调,[无线]调谐",3
3682,continuing,"继续的，连续的，持续的,继续，连续( continue的现在分词 ),持续,逗留,停留",3
3683,harm,"损害,伤害,危害",3
3684,railroad,"铁路，铁道,铁路系统，铁路公司,迫使…仓促行事,强使…草率通过,强迫…做,轻率判处",3
3685,endure,"忍耐,容忍,持续，持久",3
3686,radiation,"辐射,放射物,辐射状,分散",3
3687,horn,"角，触角,号角，喇叭,角质,角状物,不请自来,闯入",3
3688,chronic,"慢性的,长期的,习惯性的,痼",3
3689,peaceful,"和平的,爱好和平的,安静的,平静的",3
3690,innovation,"改革，创新,新观念,新发明,新设施",3
3691,strain,"拉紧，拉伤,用力拉,血统，家族,性格，脾气,语气,一段音乐,拉紧，拽紧或扯紧,尽量使力,扭伤,歪曲,不懈,受到强大的压力,拉紧，紧绷",3
3692,guitar,"吉他,六弦琴,弹吉他",3
3693,replacement,"代替,归还，，复位,替代者,补充兵员",3
3694,behave,"表现,举止端正,自然反应,使守规矩",3
3695,administer,"管理,治理（国家）,给予,执行,执行遗产管理人的职责,给予帮助,担当管理人",3
3696,simultaneously,"同时地,一壁,齐,一齐",3
3697,dancer,"跳舞者，舞蹈演员,舞女,舞蹈家",3
3698,amendment,"修正案,修改，修订",3
3700,pad,"给…装衬垫， 加垫子,填塞,踏平,步行，放轻脚步走,垫，衬垫,护具,便签本,发射台",3
3701,transmission,"播送,传送,（电台或电视）信息,传动装置",3
3702,await,"等候,等待,期待",3
3703,retired,"退休的，退职的，退役的,偏远的，幽静的,与世隔绝的,退休,退职，退役，（使）退休( retire的过去式)",3
3704,trigger,"（枪）扳机,起动装置，扳柄,引发其他事件的一件事,[电子学]触发器，触发电器,引发，触发,扣…的扳机,发射或使爆炸（武器或爆炸性弹药）",3
3705,spill,"溢出,泼出,涌出,蜂拥而出,使跌落,泄露机密,洒出（量）,泼出（量）,溢出（量）,小塞子",3
3706,grateful,"感激的，感谢的,令人愉快的,宜人的,荷",3
3707,grace,"恩泽,优雅,慈悲,魅力,使优美,惠赐",3
3708,virtual,"实质上的，事实上的,（计算机）虚拟的,<物>有效的，虚像的,（粒子）实际存在的",3
3710,colony,"殖民地,聚居地,群体,聚居人群",3
3711,adoption,采用，收养,3
3713,indigenous,"土生土长的,生来的，固有的,本地的,根生土长",3
3714,closed,"关闭着的，封闭着的,密闭着的，保密的,<美>准备好了的，定了契约的,“close”的过去式和过去分词",3
3715,convict,"宣判有罪,证明…有罪,使知罪,定…的罪,罪犯",3
3717,towel,"毛巾，手巾,纸巾,用毛巾擦,用毛巾擦干身体",3
3718,modify,"被修饰,修改,改变,减轻，减缓,[语]修饰，（用变音符号）改变",3
3719,particle,"微粒，颗粒,[数，物]粒子，质点,极小量,小品词",3
3722,prize,"奖赏,战利品,值得努力争取的东西,珍视，珍惜,估价,获奖的，有望获奖的,理应获奖的",3
3723,landing,"登陆，着陆,终点,登陆处,楼梯的过渡平台,（使）登陆(land的现在分词)",3
3726,boost,"促进，提高,增加,吹捧,向上推起,宣扬,[美国俚语]（尤指在商店）行窃，偷窃,提高，增加,帮助,加速[助推]器",3
3727,bat,"蝙蝠,短棍，（棒球等的）球棒，（网球等的）球拍,白话，口语，成语，俗话,（口）打击，猛击，（海上）导弹,用球板击球，用球棒击球（尤指板球或棒球运动）",3
3728,alarm,"惊恐,警报,闹铃,动员令,使惊恐,警告,给（门等）安装警报器",3
3729,festival,"节日,节期,贺宴，会演,节日的，喜庆的",3
3730,grip,"紧握，抓牢,握力,掌握，理解,能力，胜任,握紧，抓牢,吸引住：吸引…的兴趣或注意力,引起,抓牢，紧握：保持紧握",3
3731,weird,"怪诞的，超自然的,奇怪的，奇异的,<古>命运的，宿命的,不可思议的,命运，宿命,厄运,<古>命运女神",3
3732,undermine,"逐渐削弱,使逐步减少效力,从根基处破坏,挖…的墙脚",3
3733,freshman,"（中学或大学的）一年级学生,新手",3
3734,sweat,"流汗，渗出,发酵,做苦工,〈非〉烦恼，焦急,使出汗,使流出，使排出,使过度工作,逼问,汗水,湿气,繁重、耗力的劳动,担心，焦虑",3
3735,outer,"外面的，外部的,远离内部（中心）的,[哲]客观外界的，物质的,环外命中",3
3737,drunk,"醉的,陶醉的,沉醉,飘飘然,醉汉，酒鬼，酗酒者,喝（酒）( drink的过去分词),饮,喝酒,（尤指）酗酒",3
3740,separation,"分离，分开,间隔，距离,[矿]分选,（夫妇）分居",3
3741,traditionally,传统上，传说上,3
3743,govern,"统治,管理,治理,支配（词或短语的形式或用法）,控制，支配,操纵",3
3744,southeast,"东南，东南方，（美国）东南部,东南地区,在东南,从东南,向东南,来自东南,东南的,向东南的,位于东南的,东南部的",3
3745,intelligent,"聪明的,理解力强的,有智力的,[计]智能的",3
3746,wherever,"（究竟）在哪儿,无论什么地方,各处，处处",3
3747,ballot,"投票,投票用纸,投票总数,投票权,投票表决,抽签决定,使投票表决,拉选票,通过投票[抽签]选出,抽签",3
3748,rhetoric,"修辞学,辩论法，雄辩术,华丽的文词,花言巧语",3
3749,convinced,"确信的,深信的,有坚定信仰的,使确信(convince的过去分词),说服",3
3750,driving,"操纵，驾驶,推进的,强劲的,雨、雪等猛烈的,倾泻而下的,强迫( drive的现在分词),驱使,驱赶,消除",3
3751,vitamin,"维生素,维他命,“vitamine“的变体",3
3752,enthusiasm,"热情，热忱,热衷的事物,宗教的狂热",3
3753,accommodate,"容纳,使适应,向…提供住处,帮忙,[后面省去反身代词]适应于,（眼）作调节，调节眼球的晶状体（使其变得适应不同距离的物体）,调解，调停",3
3754,praise,"赞扬，称赞,崇拜,赞词,赞扬，赞美,歌颂",3
3755,injure,"损害，毁坏,伤害（名誉、自尊等）,（尤指事故中）伤害,伤害（感情，自尊心等）",3
3756,wilderness,"荒野,（草木丛生的）荒地,不再当政（或掌权）,令人困惑的东西",3
3758,endless,"无尽的，无边的,没完没了的,永久的,环形的，无端的",3
3759,mandate,"授权,任期,委任,命令,托管,批准,强制执行,委托办理",3
3762,respectively,"各自地,各个地,分别地",3
3763,uncertainty,"无把握，不确定,不可靠,不确实知道，半信半疑,无把握、不确定的事物",3
3764,chaos,"混乱，紊乱,（天地未出现的）浑沌世界,〈古〉无底深渊,一团糟",3
3766,mechanical,"机械的，机械学的,呆板的,体力的,手工操作的",3
3767,canvas,"帆布,油画（布）,用帆布覆盖,帆布制的",3
3768,forty,"四十,四十几,四十的",3
3770,lobby,"门厅，大厅,休息室,游说团,投票厅,为了支持或抵制某项特定目标游说,对…进行游说,陈情（试图努力影响某人采取有利行动）",3
3771,profound,"深厚的,意义深远的,严重的,知识渊博的,〈诗〉深海，大洋,深渊,（灵魂）深处",3
3772,format,"（出版物的）版式,[自]（数据安排的）形式,电视节目的总安排（或计划）,使格式化,安排…的格局,设计…的版面,设计一个版式",3
3773,trait,"特点，特性,少许",3
3774,currency,"货币,通用，流通，流传，传播,市价，行情,流通时间",3
3775,turkey,"火鸡,蠢货,失败之作",3
3776,reserve,"储备,保护区,保留,替补队员,预约,预订,保留的,预备的",3
3777,beam,"梁，栋梁,束,光线,（电波的）波束,发出光与热,面露喜色,播送,以梁支撑,用…照射,流露,笑容满面，眉开眼笑,发射电波，播送,放出束状的光（或热）",3
3779,astronomer,天文学者，天文学家,3
3780,corruption,"腐败,贪污,贿赂,变体",3
3781,contractor,"订约人，承包人,收缩物",3
3782,apologize,"道歉，认错,辩解，辩护",3
3783,doctrine,"教条，教义,法律原则,声明,古语] 所教的东西，教育",3
3784,genuine,"真正的,坦率的，真诚的,血统纯粹的，纯种的,[医学]真性的",3
3785,thumb,"拇指,（手套的）拇指部份,翘起拇指请求搭乘（过路汽车），示意请求搭便车,翻阅,作搭车手势,用拇指翻脏[翻坏]（书页等）",3
3786,unity,"统一体,（艺术等）完整,（文学、戏剧）（情节、时间和地点的）统一性,团结一致",3
3787,compromise,"妥协,（名誉等的）损害,妥协（或折中）方案,折中物,折中解决,妥协，退让,违背（原则）,连累,（尤指因行为不很明智）使陷入危险",3
3788,horrible,"可怕的,极不友好的,极讨厌的,令人震惊的",3
3789,behavioral,动作的,3
3790,exclusive,"专用的,高级的,排外的,单独的,独家新闻,专有物,独家经营的产品（或项目、设计等）,排外者",3
3791,scatter,"（使）散开，（使）分散，驱散,撒开,分散,撒布，散播",3
3792,commonly,"通常地,一般地,平凡地,粗俗地",3
3793,convey,"传达，传递,运送，输送,[法]让与，转让（财产等）,表达",3
3795,twist,"扭成一束,搓，捻,绕，卷,连结，交结,被搓揉,蜿蜒，曲折,扭曲身体，扭动,旋转，转动,揉搓之物,丝线,烟草卷,旋转",3
3796,complexity,"复杂性，错综复杂的状态,复杂的事物,复合物",3
3797,fork,"叉（挖掘用的园艺工具）,餐叉,叉状物,（自行车或摩托车的）车叉子,分叉,分歧,走岔路,叉，耙",3
3798,disk,"磁盘,唱片,圆盘,光盘,把…录成唱片,使成圆盘状,用圆盘耕地",3
3799,relieve,"解除,缓解,换班,（去厕所的一种委婉说法）方便",3
3800,suspicion,"怀疑,嫌疑,疑心,〈口〉一点儿",3
3803,residence,"住处，住宅,居住时间，居住,公馆,驻地",3
3804,shame,"羞愧,羞辱,可耻的人,羞愧感,使蒙羞,玷辱,使感到羞愧,使相形见绌",3
3805,meaningful,"意味深长的,有意义的,有意图的,隽",3
3806,sidewalk,人行道,3
3807,olympics,"奥林匹克运动会(=Olympic games),奥林匹克运动会的( Olympic的名词复数 )",3
3808,technological,"技术上的,工艺（学）的,因技术革新而造成的",3
3809,signature,"签名,署名,识别标志，鲜明特征,[医]药的用法说明",3
3810,pleasant,"可爱的,令人愉快的,有趣的,晴朗的",3
3811,wow,"哇！呀！,一鸣惊人,音符失真，声音走音,魔兽世界（游戏）,<俚>使惊叹，使佩服,使热烈叫好",3
3812,suspend,"暂停,延缓,挂,悬",3
3813,rebel,"反政府的人,反叛者,造反者,叛逆者,反抗的,造反的",3
3814,frozen,"冷冻的,冰封的,冻硬的,呆若木鸡的,结冰（ freeze的过去分词）,冷藏,冻结,冻住",3
3816,spouse,"配偶，夫或妻,和…结婚",3
3817,fluid,"液体，流体,流体的，流动的，流体的，液体的,易变的，不固定的,（动作、设计、音乐等）流畅优美的",3
3818,pension,"退休金，养老金,膳宿费,生活津贴,寄宿学校,发给…养老金[退休金],准予退休，强迫退休（并发给退休金）",3
3819,resume,"重新开始,继续,恢复职位",3
3820,theoretical,"理论的,推想的，假设的,空论的",3
3821,sodium,<化>钠(11号元素，符号 Na),3
3823,promotion,"促进，增进,提升，升级,（商品等的）推广,发扬",3
3824,delicate,"微妙的,熟练的,纤弱的,易损的",3
3825,forehead,"额,前部",3
3826,rebuild,"重建,重新组装,再形成某事物,恢复",3
3827,bounce,"跳，反弹,急促地动,拒付，退票,弹跳,使弹起,（使）上下晃动,弹性,活力",3
3828,electrical,"用电的，与电有关的，电学的,令人激动的，紧张的，惊人的",3
3829,hook,"钩，铁钩,弯曲部分，有钩部分,圈套，陷阱,〈俚〉锚,用钩挂,〈俚〉偷，扒,钩，钩住,引上钩,牢牢抓住,弯成钩状",3
3830,detective,"侦探的,适于探测的,用于探测的,侦探",3
3831,traveler,"旅行支票,旅行信用卡,（常）出远门的人,巡回推销员",3
3832,click,"喀哒声,爪，掣子,[计]（鼠标）点击,[语言学]吸气音,使发出喀哒声,发出喀哒声,极成功,合得来，一见如,[计]鼠击",3
3833,compensation,"补偿，赔偿,修正,补救办法",3
3835,exit,"出口，通道,退场,退去，退出,死亡,离开,退出,去世",3
3836,attraction,"吸引,[物]引力,魅力,引人注意的东西，有趣的东西",3
3837,dedicate,"奉献，献身,（为表示感情或敬意将著作、乐曲、艺术作品等）题献给（某人、某事业等）(to),（在书、音乐或作品的前部）题献辞,以…供奉",3
3838,altogether,"全部地,完全地,总共,总而言之,〈口〉裸体",3
3839,pickup,"收集,<口>搭车（者）,唱机唱头,小卡车,临时凑成的，偶然认识的",3
3840,carve,"切，切开,雕刻,创制，开创,切片,雕塑",3
3841,needle,"针,针状物,<口>刺激性言行,用针缝，刺,刺激，激怒,<俚>增加（饮料的）酒精含量,缝纫",3
3842,belly,"肚子，腹部,（物体的）圆形或凸起部份,胃口，食欲,腹部…形的,膨胀",3
3844,scare,"使惊恐，惊吓,使害怕，使恐惧,把…吓跑,受惊吓,感到害怕,惊恐，惊吓,恐惧,恐慌,骇人的，令人恐惧的,引起恐慌的,用以吓唬人的",3
3845,portfolio,"公文包,代表作品集,证券投资组合,部长[大臣]的职位",3
3846,shuttle,"（织机的）梭子,航天飞机,（缝纫机的）滑梭,短程穿梭运行的飞机（或火车，汽车）,穿梭般来回移动,以短程往复方式运送（货物等）,以短程往复式运行",3
3847,invisible,"看不见的,不易为视线所见的，隐匿的,无形的（指银行、旅游等服务）,不引人注目的,看不见的人",3
3848,timing,"时机掌握,配光,记时,定时",3
3849,engagement,"订婚，婚约,约会,约定，契约,雇用",3
3850,ankle,"踝，踝关节,脚脖子",3
3851,transaction,"交易，业务，事务,办理，处理,（一笔）交易，（一项）事务,（学会等的）会议记录，学报",3
3852,rescue,"营救，救援，使免遭损失,[法律] 非法劫回,营救，救援,营救[救援]行动",3
3853,counterpart,"配对物,副本,相对物,极相似的人或物",3
3854,historically,"从历史角度,在历史上,以历史观点,根据历史事实",3
3855,firmly,"坚固地,稳固地,坚定地,坚决地",3
3856,mild,"温柔的,温暖的,轻微的,（味道）不浓的,淡味麦芽啤酒",3
3857,rider,"骑手，骑马的人，善于骑马的人，骑师,（精密天平上的）游（动砝）码,附文，附加条附加条款款,扶手",3
3858,doll,"（口技演员使用的）木偶,玩偶,纨绔子弟,漂亮的姑娘,把…打扮漂亮",3
3859,noon,"正午，中午,全盛期，顶点,〈古〉午夜,晌午",3
3861,amid,"（表示位置）在…中间,（表示环境）处于…环境中,由于存在…情况,（表示让步）尽管有…的情况",3
3862,identical,"同一的,完全同样的，相同的,恒等的,同卵的,完全相同的事物,同卵双胞",3
3863,precise,"清晰的,精确的,正规的,精密",3
3864,anxious,"焦急的,渴望的,令人焦虑的,流露出忧虑的",3
3865,structural,"结构（上）的，构架（上）的,建筑的,构造上的,组织上的",3
3866,residential,"住宅的，适于作住宅的,与居住有关的,适宜作住宅的",3
3868,diagnose,"诊断,判断,做出诊断",3
3869,carbohydrate,"碳水化合物，糖类,淀粉质或糖类食物",3
3870,liberty,"自由,许可权,放肆，无礼,解放，释放",3
3871,poster,"海报，招贴，公告,招贴画,张贴者,[古语]急行的人，匆忙赶路的人",3
3872,theology,神学,3
3873,nonprofit,非营利的,3
3874,crawl,"爬行,缓慢行进,巴结,缓慢的爬行,〈美俚〉跳舞，自由式游泳,养鱼（龟）池",3
3875,oxygen,[化]氧，氧气,3
3876,handsome,"英俊的，健美的,美观的,大方的,数量大的",3
3878,sum,"总数,算术,金额,概略，要点,总计,总结，概括,归纳",3
3879,provided,"如果,假如,在…的条件下,提供，供给( provide的过去式和过去分词)",3
3880,businessman,"商人,实业家",3
3881,promising,"有前途的,有希望的,光明,有为",3
3882,conscious,"有意识的，神志清醒的,自觉的，有意的,（痛苦，感情，冷气等）感觉得到的,同“self-conscious“",3
3883,determination,"决心,决定，确定,[物]测定，计算",3
3884,donor,"捐赠者，[医]供血者，输血者,[医]供血者，输血者,[物]施主",3
3885,hers,"她的,属于她的",3
3886,pastor,"牧师,作…的牧师",3
3887,jazz,爵士乐，爵士舞（曲）,3
3888,opera,"歌剧,歌剧艺术， 歌剧业,作品( opus的名词复数 ),砌",3
3893,acquisition,"获得,购置物,获得物,收购",3
3894,pit,"井,煤矿,麻子,（赛车道旁的）修理加油站,使有麻子,使有凹陷,凹陷,起凹点",3
3895,hug,"热烈地拥抱，抱住，紧抱,紧靠…走,抱有，持有,紧抱，热烈拥抱,缠紧，缚紧（某物，尤指人体）",3
3896,wildlife,"野生的鸟兽等,野生生物的",3
3897,punish,"处罚,严厉对付,贪婪地吃喝",3
3900,equity,"公平,公道,公正裁决,公平合理（或公正）的事,股票的,股市的",3
3902,doorway,门口，门道,3
3903,departure,"离开，离去,起程,背离,东西距离",3
3904,elevator,"电梯,升降机（美）,谷仓",3
3905,teenage,"十几岁的,青少年的,青少年时期",3
3906,guidance,"指导，引导,导航,领导",3
3907,happiness,"幸福,高兴,恰当,合适",3
3908,statue,"雕像，塑像,用雕像装饰",3
3909,pursuit,"追赶,工作",3
3910,repair,"修理,纠正,恢复,弥补,修理工作,维修状态,经修理的东西",3
3911,decent,"正派的,得体的,（服装等）相称的，合宜的,相当好的",3
3912,gym,"<非正>健身房,体育馆,室内健身操,体操",3
3913,oral,"口头的，口述的,口服的,属于或关于嘴的,构成或使用言语的,（尤指外语考试中的）口试",3
3914,clerk,"店员,办事员，职员,书记员,<古>牧师，教士,当职员,当销售员",3
3916,envelope,"信封，封皮,壳层，外壳,包裹物,[生物学]膜，包袋",3
3917,reporting,"报告,报告的",3
3918,destination,"目的，目标,目的地，终点,[罕用语]预定，指定",3
3919,fist,"拳，拳头,〈口〉笔迹,掌握,[印]指标参见号,紧握,握成拳,用拳打",3
3920,endorse,"支票的背书，签名,签署，批准：签署（签名），,开发票，开证明文件,支持，核准",3
3921,exploration,"探测，勘探，探险,搜索，研究,[医]探查术",3
3922,generous,"慷慨的，大方的,丰盛的,肥沃的,浓厚的",3
3923,bath,"沐浴,洗澡,浴缸，澡盆,浸，泡，洗澡水,（给…）洗澡",3
3925,thereby,"由此，从而,在那附近",3
3927,indicator,"指示器,[化]指示剂,指示者",3
3928,sunlight,阳光,3
3929,feedback,"反馈,反应,反馈噪音",3
3930,spectrum,"光谱,波谱,范围,系列",3
3931,purple,"紫色的,帝王的,词藻华美的,紫色,紫（红）衣，紫袍,帝位，皇权,皇族,使成紫色,变紫",3
3932,laser,"激光,激光器，镭射器",3
3933,bold,"明显的，醒目的,勇敢的，无畏的,莽撞的,陡峭的,粗体字,黑体字",3
3934,reluctant,"不情愿的，勉强的,顽抗的,难处理的,厌恶的",3
3935,starting,"出发，开始,出发，启程( start的现在分词 ),起动,提出（问题）,开办",3
3936,expertise,"专门知识或技能,专家的意见,专家评价，鉴定",3
3937,practically,"实际上,几乎,事实上",3
3941,eating,"吃,食物,食用的,可生食的,吃，喝，吃饭（ eat的现在分词 ）,（食物）吃起来感到,咬,（人）感到苦恼（或烦恼）",3
3944,hint,"线索，迹象,提示，注意事项,暗示,微量,暗示，提示",3
3945,sharply,"严厉地,明确地,锋利地,突然地",3
3946,parade,"游行,展览,招摇过市,接受检阅,检阅,一系列,炫耀",3
3948,realm,"领域，范围,王国,（学术的）部门，界,（动植物分布的）圈，带",3
3951,cancel,"取消，注销,抵消，偿还,〈数〉约去,抵消，中和,撤销，注销,〈数〉（相）约",3
3952,blend,"混合,把…掺在一起,（使）调和,协调,掺杂,结合,相配，相称,混合色，合成语,混合物",3
3953,therapist,治疗专家，特定疗法技师,3
3955,peel,"剥皮,覆盖层脱落，剥落,剥落,脱落,揭掉,表面起皮,果皮，蔬菜皮,长柄木铲,[英史]堡寨，堡宅",3
3956,pizza,意大利薄饼，比萨饼,3
3957,recipient,"接受者,容器,容纳者,容易接受的,感受性强的",3
3958,hesitate,"犹豫，踌躇,不愿,支吾,停顿,对…犹豫,不情愿",3
3959,flip,"轻弹，轻击,按（开关）,快速翻转,急挥,发疯,急动,捻,蹦蹦跳跳,浏览,空翻,（射击时枪管的）跳跃,轻抛,[口语]无礼的，轻率的，油腔滑调的,冒失的，鲁莽的",3
3960,accounting,"会计,会计学,记账,记述，报告(account的现在分词)",3
3962,bias,"偏见,偏爱，爱好,倾向,斜纹,使倾向于,使有偏见,影响,加偏压于,斜纹的,斜的，倾斜的,斜裁的,偏斜地，倾斜地,对角地",3
3963,huh,嘿（表示疑问、惊讶或异议）,3
3964,metaphor,"隐喻，暗喻,象征",3
3965,candle,"蜡烛,烛光,蜡烛状物,对光检查",3
3968,judicial,"司法的,法庭的,明断的,公正的",3
3969,entity,"实体,实际存在物,本质",3
3970,suffering,"受苦，遭难,苦楚，苦难,令人痛苦的事,受苦(suffer的现在分词),蒙受,受苦的,患病的",3
3971,full-time,"全部时间的,全日制的,专职的，专任的",3
3973,lamp,"灯,发热灯，照射灯",3
3974,garbage,"垃圾,脏东西,丢弃的食物,无用的数据",3
3975,servant,"仆人，佣人，雇工,[美]奴仆，奴隶,官吏，公务员，服务员,随员，献身…的人",3
3977,regulatory,"调整的,具有监管权的，监管的",3
3978,diplomatic,"外交上的,外交人员的,有手腕的,策略的",3
3979,elegant,"（人或其举止）优美的,漂亮的,简炼的,简洁的",3
3981,reception,"接待,欢迎,招待会,接待处",3
3982,vanish,"消失,突然不见,消亡，消灭,[数]化为零,使消失，使不见,[语音学]消失音，弱化音",3
3983,automatically,"自动地,无意识地,不自觉地,机械地",3
3984,chin,"（尤指人的）颏，下巴,聊天,引体向上动作,用下巴夹住,作引体向上动作",3
3986,necessity,"必要（性）,（迫切）需要,必需品,自然规律",3
3987,confess,"供认,坦白,承认,悔过",3
3988,racism,"种族主义,种族偏见,种族歧视[隔离，迫害],人种偏见",3
3989,starter,"（发动机的）启动装置,参赛人,（主菜之前的）开胃小吃,（赛跑等的）发令员",3
3991,banking,"银行业务,银行家的职业,筑堤,堆积( bank的现在分词),筑（堤）,将（钱）存入银行,（转弯时）倾斜飞行",3
3992,casual,"偶然的,临时的,随便的,非正式的,临时工人,[军]待命士兵,没有固定工作的劳动者,不定期领取救济金的人",3
3993,gravity,"重力,万有引力，地心引力,重要性，严重性,严肃，庄重",3
3994,enroll,"注册,登记,加入,招收",3
3995,diminish,"（使）减少，缩小,减弱…的权势,[乐]减半音,变小或减少,逐渐变细",3
3996,prevention,"预防，预防法,阻止，制止，妨碍，阻碍物,[谚]治病不如防病",3
3999,minimize,"把…减至最低数量[程度],对（某事物）作最低估计，极力贬低（某事物）的价值[重要性],极度轻视",3
4000,chop,"切碎，砍,向下猛击,降低,终止,砍，剁,排骨,掌劈,嘴周围的地方",3
4001,performer,"执行者,演奏者,演员，歌手,完成者",3
4002,intent,"意图，目的,意思，含义,专心的，专注的,意愿坚决的,急切的,一心想…的",3
4003,isolate,"使隔离，使孤立,[电]使绝缘,[化]使离析,[微]使细菌分离,隔离，孤立,[微]分离菌,隔离种群,隔离的，分离的,孤立的",3
4005,inventory,"存货清单,财产目录，财产目录的编制,存货总值,清查,编制…的目录,开列…的清单,盘存,总结",3
4006,productive,"富有成效的,多产的,生产性的,具有创造性的",3
4007,assembly,"立法机构,议会,集会,装配",3
4008,civic,"城市的,公民的，市民的",3
4009,silk,"丝，蚕丝,丝绸，丝织物,（用于缝纫的）丝线,王室法律顾问,（玉米）处于长须的阶段中,丝的,丝绸的,丝制的",3
4010,magnitude,"巨大，广大,重大，重要,量级,（地震）级数",3
4011,steep,"陡峭的，险峻的,过分的，夸张的,极高的,急剧升降的,浸泡,使渗透或沉溺,使浸透,在液体中浸泡,泡的行为或过程,被浸泡的状态,浸泡液",3
4012,hostage,"人质,抵押品",3
4013,collector,"收藏家，采集者,收集器,收税员,[电子学] 集流器",3
4014,popularity,"普及,流行,名气，名望，通俗性，大众性,人望",3
4016,alien,"外国的,相异的,异已的,不相容的,外国人,外侨,局外人,外星人,让渡，转让,疏远,离间",3
4017,dynamic,"动态的,动力的，动力学的,充满活力的，精力充沛的,不断变化的，充满变数的,动态,动力，推动变化的力量,动力学,活力",3
4018,scary,"使人惊慌的,胆小的，容易受惊的,可怕的，吓人的",3
4019,equation,"方程式,等式,相等,[化学] 反应式",3
4020,angel,"天使，天使般的人,守护神,善良可爱的人,安琪儿",3
4022,offering,"提议,课程,贡品，祭品,奉献物,提供(offer的ing形式)",3
4023,rage,"愤怒,激烈，猛烈,渴望，疯狂,〈口〉战争狂,大发脾气，动怒,流行，风行",3
4024,photography,"摄影，摄影术,一组照片",3
4026,toilet,"洗手间,坐便器,梳洗",3
4027,disappointed,"失望的,沮丧的，失意的,使（人）失望( disappoint的过去式和过去分词),使破灭，使落空",3
4028,precious,"宝贵的，珍贵的,贵重的,矫揉造作的,可爱的，宝贝的,<口>很，非常,珍爱的人,可爱的人",3
4029,prohibit,"禁止，阻止，防止,不准许",3
4032,realistic,"现实的,[艺] 现实主义的，[哲]实在论（者）的,逼真的,栩栩如生的",3
4034,hidden,"隐藏的,神秘的,秘密的,隐藏( hide的过去分词)",3
4036,tender,"纤弱的,嫩的,温柔的,疼痛的,（正式）提出,投标,供应船，联络船,照看者,正式提出,使变脆弱,<古>温柔地对待",3
4038,gathering,"聚集,集会,采集,积累,（使）聚集( gather的现在分词),集合,推断,了解",3
4039,outstanding,"杰出的,显著的,凸出的,未完成的",3
4040,stumble,"跌跌撞撞地走，蹒跚,结巴,弄错，失足,偶然碰见,绊脚，失足,差错，失误,过失，失败",3
4041,lonely,"孤独的，孤单的,寂寞的,荒凉的，幽静的,在孤单中度过的",3
4042,automobile,"<美>汽车,开汽车，坐汽车",3
4043,artificial,"人造的,人工的,虚假的，非原产地的,人为的,人造肥料,<美>假花",3
4044,dawn,"黎明，拂晓,开端,醒悟,破晓，（天）刚亮,开始出现,变得明朗,（开始）被理解，被领悟,被看清，被想到",3
4045,abstract,"抽象的，理论上的,难解的,抽象派的,茫然的,抽象概念,抽象派艺术作品,摘要,[化]萃取物,提取，分离,转移（注意等）,概括，摘录,<婉辞>剽窃",3
4046,descend,"下来，下降,下斜,降临,突然造访",3
4047,silly,"蠢的,糊涂的,不明事理的,没头脑的,（常用于向孩子指出其愚蠢行为）傻孩子，淘气鬼,傻子，蠢货",3
4049,tide,"潮汐,潮流，趋势,时机,时期，季节,顺应潮水航行,使随潮水漂行",3
4050,shared,共享的，共用的,3
4051,hopefully,"有希望地,有前途地,抱有希望地",3
4052,readily,"乐意地,快捷地,轻而易举地,便利地",3
4053,cooperate,"合作，配合，协助,合群,互助,结合",3
4054,revolutionary,"革命的,革命性的，创新的,旋转的,革命者，革新者",3
4055,romance,"浪漫史,爱情小说,恋爱,传奇色彩,虚构,渲染,谈情说爱,追求某人",3
4056,hardware,"五金器具,计算机硬件,武器装备",3
4057,pillow,"枕头,垫子,花边垫子,搁于枕上,当作枕头用,以…为枕",3
4058,kit,"衣物和装备,成套用品,配套元件,（为特定活动而）使某人装备起来",3
4061,continent,"大陆，陆地,欧洲大陆,<美>北美洲大陆,自制的，克制的,节欲的,贞洁的,禁欲的",3
4062,seal,"密封,印章,海豹,封条,盖章,决定,封上（信封）",3
4063,circuit,"电路，线路,巡回,唤醒，环形道,〔电〕电流,巡回，周游",3
4065,ruling,"统治的,支配的,管辖的,流行的,统治,支配,裁定,[法]判决",3
4066,shortage,"不足，缺点,缺少,缺少量,不足额",3
4067,annually,"每年，每年一次,一年一度",3
4068,lately,"近来，最近,不久以前",3
4070,scan,"<计>扫描,细看,细查,（雷达）对…进行扫描,扫描,浏览,审视,（雷达）（屏面上的）光点,（光束、雷达等）扫描,扫略,（诗歌）符合韵律,标出诗歌的格律",3
4071,fool,"愚人，傻瓜,受骗者,有癖好的人,受愚弄的人,愚弄，欺骗,浪费，虚度,闹笑话,游手好闲,开玩笑,欺骗,戏弄,愚蠢的,傻的",3
4072,deadline,"最后期限,截止期限,死线,原稿截止时间,通过设定一时间期限来统治",3
4073,rear,"饲养,养育,抚养,抬起,后部，背面，背后,臀部,（舰队或军队的）后方，后尾，殿后部队,〈英口〉厕所,直立,高耸,后面的，后部的",3
4074,processing,"[]  [],（数据）处理,整理,配置,工艺（生产方法）设计,加工( process的现在分词 ),处理,审阅,审核",3
4075,ranch,"大牧场，大农场,牧场工作人员,经营牧场,在牧场工作,在牧场饲养…",3
4076,coastal,"临海的，沿海的,海岸的,沿岸",3
4077,undertake,"承担，从事,保证,同意，答应,承诺",3
4078,softly,"柔软地,静静地,温和地,柔和地",3
4080,burning,"燃烧的,发热的,急切的,（欲望等）炽烈的,燃烧(burn的现在分词),使用某物为燃料",3
4081,verbal,"词语的,言语的,口头的,动词的",3
4082,tribal,"部落的，部族的,种族的",3
4083,ridiculous,"可笑的，荒谬的,荒唐的，愚蠢的,胡枝扯叶",3
4084,automatic,"自动的,不假思索的，无意识的,必然发生的,自动化机器或设备,自动手枪",3
4085,diamond,"钻石，金刚石,菱形,方块,镶钻石于,用钻石装饰,金刚石的,菱形的,用钻石装饰的",3
4086,credibility,"可靠性，可信性,确实性",3
4087,import,"进口，进口商品,输入,重要性,意义,输入，进口,对…有重大关系,意味着,具重要性",3
4088,sexually,"性别上地,按性别地,性欲地,两性之间地",3
4091,divine,"神的， 天赐的,极好的,神圣的,占卜，预言,猜测， 预测,（用丫形杖）探测（地下水）,牧师,神学家",3
4092,sentiment,"感情，情绪,情操,意见，观点,感伤",3
4093,cart,"运货马车，手推车,一车之量,用推车或卡车运送,费力搬运,强行带走，抓走",3
4094,oversee,"监督，监视,俯瞰,错过，宽恕，省略",3
4096,elder,"年长的，资格老的,头人，长辈,长老,年纪较大的,资格老的,老练的",3
4097,pro,"赞成者,赞成的意见,赞成票，投赞成票者,赞成地,肯定地",3
4098,inspiration,"灵感,鼓舞人心的人或事,启发灵感的人（或事物）,吸气",3
4099,dutch,"荷兰人的，荷兰的，荷兰语的,荷兰,荷兰语,各付各的账,酒后之勇,[电影]小鬼精灵",3
4100,quantity,"量，数量,定量，大批,数目,[语音学、韵律学]音量（指元音或音节的长短）",3
4101,trailer,"拖车,追踪者,<美>拖车式活动房屋,（电影或电视节目的）预告片,用拖车运,乘拖带式居住车旅行",3
4102,mate,"（工人间的）伙伴，同事，老兄，老弟〔工人，水手间的亲密称呼〕,配偶〔男女任何一方〕，动物之偶（尤指鸟类），（一对中的）一只，配对物,[医学]（军医等的）助手,[航海]（商船的）大副，驾驶员,（使）成为配偶,（使）交配,（一对动物或鸟）交配,交尾(~ with sth)",3
4104,greek,"希腊人,希腊语,难懂的事,希腊的，希腊人的,希腊语的",3
4105,genius,"天才,天赋,天才人物,（特别的）才能",3
4106,monument,"纪念碑,遗迹,遗址,丰碑",3
4107,bid,"出价，投标,努力争取,喊价,叫牌,出价， 投标,恳求,命令,说（问候话）,邀请，致敬,投标,力求，企图得到或赢得某物,企图(for)",3
4108,quest,"探索,追求,远征,验尸陪审团,寻找,进行探求,（猎犬等）跟踪搜寻",3
4109,sacrifice,"牺牲,献祭，供奉,牺牲行为,[宗]基督的献身,牺牲，把…奉献给…,廉价卖出,牺牲，献祭,[棒]作牺牲打,献祭,奉献,亏本出售",3
4110,invitation,"招待，邀请,请柬，请帖,引诱，吸引，诱惑",3
4111,accuracy,精确（性），准确（性）,3
4112,juror,"陪审员,审查委员,宣誓人,评委",3
4113,officially,"官方地,正式地,公务上",3
4114,broker,"（股票、外币等）经纪人,中间人，代理人,旧货商人,〈口〉婚姻介绍人,作为权力经纪人进行谈判,作为中间人来安排、设法",3
4115,treasure,"金银财宝,宝藏,珍宝,不可多得的人才,重视,珍惜,珍视,储存",3
4116,loyalty,"忠诚，忠实,忠心,忠于…感情",3
4119,talented,"有才能的，有才干的,能干的",3
4120,gasoline,汽油,3
4121,stiff,"严厉的,僵硬的，坚硬的,呆板的，拘谨的,顽固的,<口>极度地，非常,死尸,笨蛋，傻瓜,流动工人,吝啬鬼穷光蛋,诈骗,失信",3
4122,output,"产量,输出,作品,[计]输出信号",3
4123,nominee,"被提名者，候选人,被任命者,代名人",3
4124,extended,"延伸的,伸展的,延长的,扩大的,延伸(extend的过去式和过去分词),伸展,延长",3
4126,diabetes,"<医>糖尿病,多尿症,中消",3
4127,slap,"掌掴,掌掴声,侮辱,猛打,用力放置,尖刻批评、侮辱,拍击,直接地,猛然地",3
4128,toxic,"有毒的,中毒的,因中毒引起的,毒物,毒剂",3
4129,alleged,"声称的，所谓的,被断言的,可疑的，靠不住的,宣称，断言( allege的过去式和过去分词)",3
4130,jaw,"下巴,颌,唠叨,狭窄入口,闲谈,唠唠叨叨，喋喋不休,教训",3
4131,grief,"悲伤,悲痛,悲伤的事",3
4132,mysterious,"神秘的，诡秘的,难以理解的，不可思议的,魔,玄妙",3
4133,rocket,"火箭,火箭发射器,火箭发动机,芝麻菜,飞快地移动,急速上升,用火箭运送,用火箭攻击",3
4134,donate,"（尤指向慈善机构）捐赠,献（血）,捐（血）,捐献（器官）,捐赠,捐献",3
4135,inmate,"同居者,居民,（监狱里的）犯人",3
4136,tackle,"用具，装备,索具,阻挡,阻截队员,着手处理,[橄榄球]擒住并摔倒（一名对方球员）,给（马）配上挽具,擒住并摔倒一名对手",3
4137,dynamics,"动力学、力学,（音乐中的）力度变化,力度强弱法,动态,动力( dynamic的名词复数 ),力学,力度,活力",3
4138,bow,"弓,鞠躬,船头,艏",3
4139,ours,我们的,3
4141,dignity,"尊严,高尚,自豪,自尊",3
4142,carpet,"地毯，桌毯,毛毯，绒毯,地毯状覆盖物,（装在飞机上的）雷达电子干扰仪,在…上铺地毯,把地毯铺在…上,斥责",3
4143,parental,"父母的,亲代的,[生]（杂种）亲本的,作为来源[渊源]的",3
4144,bubble,"泡，水泡,冒泡，起泡,泡影，妄想,（欲表达的）一点感情,起泡，使冒气泡,使冒泡，发出冒泡的声音,洋溢着（某种感情）,滔滔不绝地讲,兴奋，欢闹",3
4146,buddy,"密友，好友,同伴，搭档,互相帮助的朋友,[名]巴迪,交朋友,做朋友",3
4147,barn,"谷仓，粮仓,牲口棚,（公共汽车、卡车等的）车库,一种特别大且空荡的房屋",3
4148,sword,"剑，刀,武力，战争,兵权，权力",3
4150,seventh,"第七（个）,七分之一,[乐]七度音程,第七的,七分之一的,居第七位地",3
4151,glory,"光荣，荣誉,壮观，壮丽,（对上帝的）赞颂,非常美的事物,得意，自豪,骄傲",3
4152,tightly,紧紧地，坚固地，牢固地,3
4153,protective,"保护的，防护的,保护贸易的",3
4154,tuck,"<英俚>吃，喝,折叠（衣服的）褶,包起，裹起,挤进,鼓声，喇叭声,活力，精力,（袖子等上的）褶皱,卷起，盖住",3
4155,drum,"鼓,鼓状物,鼓声,石首鱼,击鼓,连打,反复讲,鼓吹,拍翅",3
4156,faint,"微弱的，模糊的,软弱的,无勇气的,将昏倒似的,头晕，昏过去,渐渐不明，消失,昏厥，昏倒",3
4158,queen,"女王,王后,杰出女性,（纸牌中的）王后， （国际象棋中的）后,立…为王后（或女王）,使…成为国王的妻子,[国际象棋]使（兵）成为后",3
4159,dilemma,"窘境，困境,进退两难",3
4160,input,"输入，投入,输入电路,<电>输入端,输入的数据,把…输入电脑,[自][电子] 输入,输入，给料",3
4161,specialize,"专门从事,专攻,详细说明,特化,使专门化,使适应特殊情况,列举",3
4162,northeast,"东北，东北方向,东北部,在东北的,东北部的,向东北的,（风、光线）来自东北方向的,自东北地",3
4163,shallow,"浅的，肤浅的,表面的，皮毛的,（水，器物等）浅的,（呼吸）浅的,浅处,浅滩,使变浅,使变浅薄",3
4164,liability,"责任,倾向,债务,<口>妨碍",3
4165,sail,"航行,起航,驾驶帆船,开船,（水禽）游泳,驾驶（船）,帆船,帆状物,航行距离",3
4166,merchant,"商人,批发商,店主,零售商,商人的,商业的",3
4167,stadium,"运动场,体育场,[医]（疾病的第…）期",3
4168,improved,"改良的,改善，改进，提高( improve的过去式和过去分词 ),提高（土地、地产）的价值,利用（机会）,抓紧（时间）",3
4169,bloody,"血腥的，残忍的,血一样的,血染的,嗜杀的，残忍的,非常，很,血污，血染,使流血",3
4171,associated,"合伙，合营,联合，结合,联想,联系(associate的过去式和过去分词),联盟,陪伴,合伙人,伴侣，同志,联想物，附随物,会员集体,（用于联合企业的名称）联合的,有关联的,联合的",3
4172,withdrawal,"移开,撤回，撤退，撤开,收回，取回，撤回",3
4173,refrigerator,"冰箱,冷藏库,制冰机，冷冻机",3
4174,nest,"（鸟）窝,温床,（套叠在一起的）一套物件,藏匿处,筑巢,嵌套",3
4176,thoroughly,"彻底地,认真仔细地,完全地,非常",3
4177,lane,"小路，小巷,航道，空中走廊，规定的单向行车道,车道,[篮球]罚球区",3
4178,ancestor,"祖先，祖宗,被继承人,原型,（动物的）原种，先祖",3
4179,condemn,"（通常因道义上的原因而）谴责,宣判,宣布…不能使用,迫使…陷于不幸的境地",3
4180,steam,"蒸汽，雾,〈口〉精神，精力,轮船，乘轮船旅行,冒蒸汽,快速行走，疾行,动力,成蒸汽上升,汽动,[非正式]发怒,蒸煮",3
4181,accent,"重音,口音,腔调,重音符号（标在字母上）",3
4183,optimistic,乐观的，乐观主义的,3
4184,unite,"（使）联合，合并，统一,并有，兼备,混合，化合,（为某事）联合，联手，团结",3
4185,cage,"笼子,牢房,升降车,[棒]练球场,把…关入牢中,把…关进笼内,把（冰球等）打入球门",3
4186,equip,"装备，配备,使具备，使有准备",3
4187,shrimp,"虾，小虾,矮小的人,捕虾",3
4188,homeland,"祖国，家乡,（南非种族隔离制度下的）黑人住宅区",3
4190,rack,"行李架,支架,刑架,（羊、猪等带前肋的）颈脊,使痛苦，使焦虑,剥削，榨取,用刑拘折磨",3
4191,costume,"（戏剧或电影的）戏装，演出服,服装，衣服,泳装，常用于英式英语,（某地或某历史时期的）服装,给…穿上服装,给…提供服装",3
4192,wolf,"狼,贪婪的人,有害的幼虫,狼吞虎咽",3
4193,courtroom,法庭，审判室,3
4194,statute,"法令，法规,规则，条例",3
4195,cartoon,"漫画,讽刺画,动画片,草图,为…画漫画,画漫画",3
4197,productivity,"生产率，生产力,[经济学] 生产率,[生态学]生产率",3
4198,grin,"露齿而笑,露齿笑着表示,咧嘴笑，露齿而笑",3
4199,symbolic,象征的，象征性的,3
4201,bug,"昆虫,陷，瑕疵,细菌，病菌,窃听器,在…装窃听器,打扰，烦恼,折磨，使痛苦,（使眼球）暴突或变大,变大,凸出",3
4202,bless,"祝福,保佑,赞美,为…祈福",3
4203,aunt,"阿姨,姨母，姑妈,舅妈,婶娘",3
4204,agriculture,"农业,农耕,农业生产,农学",3
4206,hostile,"敌人的，敌对的,怀有敌意的,不利的,敌对者，敌对物,敌方",3
4208,conceive,"怀孕,构思,想像，设想,持有,设想,考虑",3
4209,combined,"结合的,<化>化合的,[数]组合的,（使）联合(combine的过去式和过去分词)",3
4210,instantly,"立即，马上，立刻,马上地,即刻地,立即地,一…就",3
4211,bankruptcy,"破产，倒闭,彻底失败,（勇气）完全丧失",3
4212,vaccine,"疫苗，痘苗,痘苗的，疫苗的",3
4213,bonus,"奖金，额外津贴,红利，额外股息,退职金,额外令人高兴的事情",3
4214,collaboration,"合作，协作,通敌，勾结",3
4215,mixed,"混合的，混杂的,男女混合的,〈口〉头脑混乱的,形形色色的,混合(mix的过去式和过去分词),（使）结交",3
4216,opposed,"和…起冲突,和敌军起冲突,反抗，抗拒,相对：放在某事物对面以对比或平衡,对抗，对立,强烈反对某事物的,（表示对比）而，相对于,相反的,敌对的",3
4217,orbit,"轨道,势力范围,眼眶,（人生的）旅程，生活过程,在…轨道上运行，环绕轨道运行,盘旋,绕轨道运行,绕轨道而行,进入轨道",3
4218,grasp,"抓住,了解,急忙抓住,急切（或贪婪）地抓住,控制,控制力,能力所及,攫取（常与 at 连用）,急于接受,急切地寻求（常与 for 连用）",3
4219,patience,"耐心，耐性,忍耐,单人纸牌游戏",3
4220,spite,"恶意,怨恨,恶事,向…表示恶意,欺负,刁难,泄愤",3
4221,tropical,"热带的,炎热的,热情的",3
4222,voting,选举，投票,3
4223,patrol,"巡逻，巡查,巡逻队，侦察队,童子军小队",3
4224,willingness,自愿，乐意,3
4226,revelation,"[宗]天启，启示,揭发，暴露,被揭露出来的事物,意外的发现",3
4228,calm,"镇定的,平静的,（海洋，天气等）安静的，平静的,（人）从容不迫的,（使）平静，（使）镇定,（使）镇静,平静,镇定,安定,无风,使安静,使冷静,使镇定,使（疼痛等）减轻,安静下来，平静下来，镇静下来",3
4229,jewelry,<美>珠宝，首饰,3
4230,cuban,"古巴人,古巴（人）的",3
4231,haul,"拖，拉,运送,传讯,拖,大批赃物,一网的捕获量,拖运货物的距离,强迫（某人）去某处",3
4232,concede,"承认,让步，容许,承让",3
4234,wagon,"四轮的运货马车,<英>铁路货车,<美>小手推车,囚车,用运货马车运输货物,“waggon”的变体",3
4235,afterward,<美>以后，过后,3
4236,spectacular,"场面富丽的，壮观的,引人注意的,惊动一时的,惊人的,壮观的场面，精彩的表演,〈美〉一小时半以上的大场面电视节目,特大霓虹灯广告",3
4237,ruin,"破坏，毁灭,使破产,使没落，使堕落,变成废墟,毁灭，灭亡,废墟，遗迹,[灭亡]的原因，祸根,损失,被毁灭,破产,堕落",3
4238,sheer,"（使）偏航，（使）转向,完全地，全然,垂直地，陡峭地,舷弧,单锚系泊的船位,偏离的方向,船体型线,完全的，全然的,极薄的,几乎垂直地，陡峭的,绝对的",3
4240,immune,"免疫的,有免疫力的,不受影响的,免除…的",3
4241,reliability,可靠，可信赖,3
4242,ass,"驴子,屁股,愚蠢的人",3
4243,alongside,"在…的侧面,在…旁边,与…并排,横靠,傍着",3
4244,bush,"灌木（丛）,[机械学]（金属）衬套,[电学]（绝缘）套管,类似灌木的东西（尤指浓密的毛发或皮毛）,丛生,灌木般丛生,浓密（或茂密）地生长,生密枝,加（金属）衬套于,加套管于,用耙耙平（耕地）,以灌木（或灌木丛）装饰（或覆盖、围绕、围住、支撑、标志、保护等）,（豆科植物等）如灌木般长得低矮的,粗野的,粗鲁的,粗糙但实用的",3
4245,exotic,"异国的,外来的,异乎寻常的，奇异的,吸引人的,舶来品，外来物,脱衣舞女",3
4246,fascinating,"迷人的，有极大吸引力的,使人神魂颠倒的,使…陶醉(fascinate的ing形式)",3
4248,clip,"（塑料或金属的）夹子,回纹针,修剪,剪报,用别针别在某物上，用夹子夹在某物上,剪,剪掉,缩短,给…剪毛（或发）,剪下报刊上的文章（或新闻、图片等）,迅速行动",3
4249,thigh,"股，大腿,食用的鸡（等的）腿",3
4250,bull,"公牛,股市看涨的人,力大如牛的人,大型雄性动物,[证券]从事投机使（证券等）价格上涨,推，强迫,强力实现,对…施加压力，强使…通过,[证券]（证券、股票等）价格上涨,哄抬证券价格,走运，提高身价,猛推，猛挤，猛力向前,公的，雄的,力大如牛的,价格上涨的",3
4251,drawer,"抽屉,开票人，出票人,起草者,酒馆侍者",3
4253,sheep,"羊，绵羊,胆小鬼,易受人摆布的人,缺乏主见或轻易盲从的人",3
4254,discourage,"使气馁,使沮丧,阻碍,劝阻",3
4255,coordinator,"协调者,同等的人（或物）",3
4256,ideological,"思想的,意识形态的",3
4257,runner,"[体育运动]赛跑者,[棒球]跑垒者，[橄榄球]带球者,逃亡者,送信人，跑腿者",3
4258,secular,"现世的，俗界的,长期的，长久的,不朽的,一世纪一次的,牧师,[宗]俗僧，俗人,〈美〉（黑人中间流行的）俗歌",3
4259,intimate,"亲密的，亲近的,私人的，个人的,内部的,直接的,至交,密友,暗示，提示,宣布，通知",3
4260,empire,"帝国，帝国领土,帝权，君权，最高统治权,大企业组织,新古典风格的",3
4261,cab,"出租车,（公共汽车、火车等的）司机室,驾驶室,出租马车,乘出租车",3
4263,exam,"<口>考试,测验",3
4264,documentary,"纪录片,记录的,文书的,纪实的",3
4265,neutral,"中立的,（化学中）中性的,暗淡的,不带电的,（汽车或其他机器的）空挡位置,中立人士,中立国,素净色",3
4266,biology,"生物学,生物",3
4267,flexible,"灵活的,易弯曲的,柔韧的,易被说服的",3
4268,progressive,"不断前进的,进步的,进行的,改革论者,进步分子",3
4269,web,"蜘蛛网，网状物,[机]万维网,织物,圈套,在…上织网,用网缠住,使中圈套,形成网状",3
4270,conspiracy,"阴谋,反叛,共谋",3
4272,casualty,"伤亡（人数）,事故，横祸,受害者，死伤者,损坏",3
4273,republic,"共和国,共和政体,（成员具有平等权利的）团体",3
4274,execution,"依法处决,实行，执行,演奏",3
4275,terrific,"极好的,异乎寻常的,很大的,了不起的",3
4276,whale,"[动]鲸，鲸鱼,巨大的事物,捕鲸,击打，猛击",3
4277,functional,"功能的,[数]函数的,有多种用途的,机能性",3
4280,instinct,"本能，天性,冲动,天资，天才,深深地充满着",3
4281,teammate,队友，同队队员,3
4282,aluminum,<美>铝,3
4283,whoever,"（引导名词性从句）谁,无论谁，任何人,不管谁…",3
4284,ministry,"（政府的）部,神职,牧师职位,神职任期",3
4285,verdict,"（陪审团的）裁决,裁定,（经过试验、检验或体验发表的）决定,意见",3
4286,instruct,"教，讲授,教导，指导,通知,命令",3
4287,skull,"颅骨，头盖骨,脑袋,脑子,[冶]渣壳，熔铁上的浮渣",3
4288,self-esteem,"自尊,自大,傲骨",3
4290,cooperative,"合作的,协助的,共同的,〈美〉（大学文科）有关[包含]各种实习活动的,合作社，联合体",3
4291,manipulate,"操作，处理,巧妙地控制,操纵,[医] 推拿，调整",3
4292,bee,"蜜蜂,（集工作、竞赛、娱乐为一体的）聚会",3
4293,practitioner,"从业者,执业医生,习艺者,专门人才",3
4294,loop,"圈，环,[医]宫内避孕环,回路,弯曲部分,（使）成环，（使）成圈,以环连结,使翻筋斗",3
4295,edit,"剪辑（影片，录音）,编辑,校订,主编",3
4296,whip,"鞭打，抽打,严厉地折磨、责打或责备，迫使,把…打起泡沫,烤，烘,烘干,鞭子,鞭伤，鞭痕,鞭状物,组织秘书，立法机构的一员",3
4297,puzzle,"使迷惑，使难解,为难，伤脑筋,智力测验，智力玩具,难题,令人费解的事[人],谜一般的事物",3
4298,mushroom,"蘑菇,蘑菇状物，蘑菇形物体,（女用）蘑菇形草帽,暴发户,蘑菇的,蘑菇形的,迅速生长的,雨后蘑菇似的,迅速增长,采蘑菇,迅速增加,（火）猛然的扩大",3
4299,subsidy,"补贴,津贴,助学金,奖金",3
4300,boil,"煮沸，沸腾,疔，疖子,[医]疡肿，脓肿,（使）沸腾，开,用开水煮，在沸水中煮,怒火中烧，异常气愤",3
4301,tragic,"悲剧的,悲惨的",3
4302,mathematics,"数学,〈诗〉同“ripen”,算学",3
4303,mechanic,技工，机修工,3
4304,jar,"罐子,（啤酒）杯,缸,猛然震动,发出刺耳的声音,不和谐,不一致,（对…）产生不快的影响,使震动",3
4306,earthquake,"地震,大变动,动乱",3
4307,pork,"猪肉,〈美俚〉支持政党上台所分到的好处，政治分肥,〈古〉猪",3
4308,creativity,创造性，创造力，创作能力,3
4309,safely,"安全地,平安地",3
4310,underlying,"潜在的，含蓄的,基础的,表面下的，下层的,[法]优先的,优先于(underlie的ing形式),构成…的基础（或起因），引起",3
4311,dessert,"餐后甜食,甜点",3
4312,sympathy,"意气相投，同感,同情，同情心,慰问,和谐的一致",3
4313,fisherman,渔夫，渔民,3
4314,incredibly,难以置信地，很，极为,3
4315,isolation,"隔离,隔离状态,孤独,孤立状态,孤立主义的,孤立主义者的",3
4316,sock,"短袜,（尤指用拳头）猛击，重击,重击,给…穿袜",3
4319,eleven,"十一,十一个,第十一,十一的,十一个的",3
4320,sexy,"性感的，色情的,引起性欲的,诱人的，迷人的,时髦的",3
4321,entrepreneur,"<法>企业家,主办人,承包人",3
4322,syndrome,"综合征,综合症状,典型表现",3
4323,bureau,"局,（提供某方面信息的）办事处,（美国政府部门）局,（附抽屉及活动写字台的）书桌",3
4325,workplace,"工作场所，车间,工厂",3
4326,ambition,"抱负,渴望得到的东西,追求的目标,夙愿,追求,有…野心",3
4327,touchdown,"触地得分,<空>着陆，降落",3
4328,utilize,利用，使用,3
4329,breeze,"微风,轻而易举的事,吹微风,逃走",3
4330,costly,"昂贵的,代价高的",3
4331,ambitious,"有雄心的,有野心的,费力的,耗资的",3
4332,christianity,"基督教,基督教徒,基督教教义",3
4333,presumably,"据推测,大概,可能,想来",3
4334,influential,"有影响的,有权势的,有影响力的人物",3
4335,translation,"翻译,译本,转变,转化",3
4336,uncertain,"不确定的,不稳定的,不明确的,无常的",3
4337,dissolve,"使溶解,使（固态物）溶解为液体，使液化,使消失，使消逝，消除,使终止,溶解,融化，液化,解散，散去,分裂，分解",3
4339,statistical,"统计的,统计学的",3
4340,gut,"勇气,内脏,直觉,肠,本能的，直觉的,毁坏（建筑物等）的内部,取出…的内脏",3
4341,metropolitan,"大都会的,大城市的,宗主国的,大主教教区的,大城市人,大主教,宗主国的公民,有大城市气派的人",3
4342,rolling,"旋转的,波动的,起伏的,旋转,动摇,轰鸣",3
4343,aesthetic,"美的，美学的,有关美的,审美的,具有审美趣味的,美学标准，美感,审美观",3
4344,spell,"拼写,导致，意味着,组成（一个词）的字母是…,轮替,符咒，咒语,魅力,一段时间,轮班",3
4345,insert,"插入,嵌入,（在文章中）添加,加插,添入物（尤指一页印刷品图中插入或套印的小图）,（书报的）插页,插入物,添加物",3
4346,booth,"售货棚，摊位,公用电话亭,隔开的小间,（选举）投票站",3
4347,helmet,"头盔,钢盔,盔形物，盔状物,[植]盔状花冠,给…戴上头盔",3
4348,waist,"腰，腰部,（衣服的）腰身,船腰,（女人，小孩子的）背心",3
4349,expected,"（用作定语）预期要发生的，期待中的,期望( expect的过去式和过去分词 ),预料,要求,认为（某事）会发生",3
4350,lion,"狮子,名人,[天文学、占星术]狮子（星）座,勇士，名流",3
4351,accomplishment,"成就,完成,技能,履行",3
4352,royal,"王国的，王室的,高贵的，庄严的,盛大的,敕许的，敕定的,<口>王室成员,[航海]顶桅帆",3
4353,panic,"恐慌，惊慌,（金融方面）大恐慌,成功,〈俚〉非常滑稽的人,使恐慌,十分惊慌,恐慌的，惊慌失措的",3
4355,crush,"压破，压碎,镇压,弄皱,挤榨，榨出,挤,被压碎，被起皱,粉碎，被压碎的状态,（特指女子对男性的）迷恋,拥挤的人群,果汁饮料",3
4356,actively,活跃地，积极地,3
4357,cliff,悬崖，峭壁,3
4358,minimal,"<正式>最小的，极少的,极小的,最简单派艺术作品",3
4359,cord,"（细）绳,灯心绒裤,用绳子捆绑,堆积（柴薪）",3
4360,fortunately,幸运地,3
4361,cocaine,"<药>可卡因,古柯碱",3
4362,illusion,"错觉,幻想,错误观念,假象",3
4363,anonymous,"无名的,假名的,匿名的,没有特色的",3
4364,tolerate,"容许,承认,忍受,容忍（不同意或不喜欢的事物）",3
4365,appreciation,"欣赏；鉴赏,感谢,评估,增值",3
4366,commissioner,"专员,委员,长官,职业运动组织的行政管理员",3
4368,flexibility,"柔韧性，机动性，灵活性,伸缩性,可塑度,柔度",3
4369,instructional,指导的，教育的,3
4370,scramble,"攀登，爬,争夺，抢夺,（植物）蔓延,[航]紧急起飞,把…搅乱,炒（蛋）,攀登,抢夺,混乱",3
4371,casino,"赌场,俱乐部，娱乐场,小别墅",3
4372,tumor,瘤,3
4373,decorate,"装饰,点缀,粉刷,授予（某人）勋章,布置",3
4376,pulse,"脉搏,[无线电]（电磁波等）脉动,活力,有节奏的跳动（或拍打）,（心脏）跳动,脉动,搏动,震动,使跳动,有节奏地驱动（机器等）,[电子学]施以脉冲,[无线电]脉冲地调节（电磁波）",3
4377,equivalent,"相等的，相当的，等效的,等价的，等积的,[化学]当量的,对等物,[化学]当量",3
4378,fixed,"固定的，不变的,不易挥发的,处境…的，常作复合词,（比赛等）通过作弊预先安排好结果的,固定( fix的过去式和过去分词)",3
4379,experienced,"有阅历的,有见识的,老练的，熟练的,有经验的，有丰富经验的,“experience”的过去式和过去分词",3
4380,donation,"捐赠，赠送,捐款,捐赠物",3
4381,diary,"日记，日志,日记簿",3
4382,sibling,"兄弟，姐妹,[生]同科，同属,[人]氏族成员",3
4383,irony,"反语,讽刺，冷嘲,具有讽刺意味的事,[语]反语法,铁的,似铁的,含铁的",3
4384,spoon,"匙，调羹,一匙的量,匙状物，匙桨,用汤匙舀取,向上击,轻轻向上击,用匙状假饵钓鱼,痴爱，迷恋",3
4385,midst,"中部，中间，当中,在…中间（等于amidst）,在中间，在中央",3
4386,alley,"胡同，小巷,小径,球道",3
4388,interact,"相互作用,互相影响,互动",3
4389,soap,"肥皂,肥皂剧,[化]皂，脂肪酸盐,抹肥皂,用肥皂擦洗,<俚>拍…的马屁，吹捧（某人）",3
4390,cute,"漂亮的,娇小可爱的,机灵的，精明的,矫揉造作的",3
4391,rival,"对手,竞争者,与…竞争,比得上某人,竞争,竞争的",3
4392,short-term,短期的,3
4393,punch,"用拳猛击,打孔,（用压穿器）穿孔，冲孔,用肘推,冲压机，冲床,打洞器,钻孔机,剪票铗",3
4394,pin,"钉,别针，扣针，饰针,大头针,没价值的东西,压住,（用钉等）钉住，钉住，别住，扣住,用障壁等)围住，关住（俚语）抓住,[军]牵制,针的,钉的,销的,大头针的",3
4395,hockey,"曲棍球,冰球",3
4396,passing,"经过的，路过的,短暂的,及格的,正在发生的,非常地,无以伦比地,经过，通过,经过之处，通过的手段,死亡,走过( pass的现在分词)",3
4397,persist,"坚持,固执,存留,继续存在",3
4398,supplier,"供应商,供应国,供应者，供给者,补充者",3
4399,known,"大家知道的,已知的,知名的,向某人作自我介绍,知道( know的过去分词 ),看到过,听到过,经历过",3
4400,momentum,"[物]动量,势头,动力,要素，契机",3
4401,purse,"钱包，钱袋,财力，财源,和包或钱袋相似的东西,女用小提包,使皱起，噘起",3
4402,shed,"棚，库,分水岭,流出,流下,蜕皮,树叶脱落,脱落,散布",3
4403,liquid,"液体,流音,液体的,清澈的,（声音）流畅的,易转换成现款的",3
4404,icon,"偶像，崇拜对象,图标，图符,[宗]圣像,肖像",3
4405,elephant,象，大象,3
4406,consequently,"所以，因此,因此，因而,终于，这样,合乎逻辑的推论是",3
4407,legislature,"立法机关,立法机构,立法部,（特指）州议会",3
4409,franchise,"选举权,参政权,特许权,经销权,赋予特权,赋予公民权",3
4410,correctly,"正确地，得体地,实事求是",3
4411,mentally,"心理上，精神上,智力上",3
4412,foster,"培养,抚育,促进,代养,寄养的,代养的",3
4413,bicycle,"自行车,脚踏车,骑自行车",3
4414,encouraging,"鼓励的，赞助的，促进的,鼓励( encourage的现在分词),支持,促进,鼓动",3
4415,cheat,"欺骗，诈骗,误导，愚弄,躲避，逃脱,作弊，行骗,犯规,俚〉不忠,消磨，解（闷），消除（疲劳）,欺骗（行为）,骗子,雀麦,〈美俚〉反光镜",3
4417,heal,"恢复健康的状态,使恢复正常,使（某人）精神恢复健康,变得完整和健全",3
4418,fever,"发热，发烧,热病,一时的狂热,激动不安,引起发热,使狂热,使患热病,发热或变得发热,狂热,患热病",3
4419,filter,"滤波器,滤光器,滤色镜,[化] 过滤器,过滤,透过,渗透,滤除",3
4420,rabbit,"兔子，野兔,兔子皮毛,兔子肉,〈俚〉新手，弱手,猎兔（通常作 go rabbiting）,（兔子似的）聚拢在一起,<英俚>唠叨，喋喋不休（常与on about连用）,让…见鬼去吧",3
4421,coin,"硬币,金属钱币,[建筑]拐角，墙角石,制造硬币,杜撰,创造",3
4422,exploit,"开采,开拓,利用（…为自己谋利）,剥削,功绩,功劳,勋绩",3
4423,accessible,"易接近的,可理解的,易相处的,易感的",3
4424,organism,"有机体,生物体,微生物,有机体系，有机组织",3
4425,sensation,"感觉,直觉,知觉,轰动",3
4426,partially,"部分地,<古>偏袒地，偏爱地,一部分",3
4428,upstairs,"在楼上，往楼上,在高空,楼上的,楼上",3
4429,dried,"干燥的，干缩的,变干，把…弄干(dry的过去式和过去分词)",3
4432,conservation,"保存,保护,避免浪费,对自然环境的保护",3
4433,shove,"推，猛推,〈口〉乱放，乱塞,随手扔,推，推开",3
4434,backyard,后院,3
4435,charter,"许可证,纲领,宪章,包租,发给…许可证,发给特许执照",3
4436,stove,"炉，火炉,窑,干燥室，烘房,用火炉烤",3
4437,consent,"准许，赞同,同意,（意见等的）一致,赞成，赞同,允许",3
4438,comprise,"包含，包括,由…组成,由…构成",3
4439,reminder,"令人回忆起…的东西,提醒…的东西,（告知该做某事的）通知单,提示信",3
4440,alike,"同样的，相似的,同样地,两者都，同样地,类似于",3
4441,placement,"安置，放置,实习工作，实习课,定位，[足]定位球",3
4442,dough,"生面团,〈美俚〉钱",3
4443,grandchild,"孙子,孙女,外孙",3
4444,dam,"水坝，堰,水库,（牙科用的）橡皮障,〈比喻〉障碍,用水坝阻止,阻塞，抑制",3
4445,reportedly,据报道，据传说,3
4446,well-known,"出名的，众所周知的，熟悉的,鼎鼎大名,闻",3
4447,surrounding,"环境，周围的事物,周围的，附近的,包围( surround的现在分词 ),与…紧密相关,围绕,喜欢结交（某类人）",3
4448,ecological,生态（学）的,3
4449,outfit,"全套装备,一套服装,集体,组织,装备,配置设备,供给服装,得到装备",3
4450,unprecedented,"前所未有的，无前例的,空前的,无比的,新奇的，崭新的",3
4451,columnist,专栏作家,3
4452,workout,"锻炼,练习,试验",3
4453,preliminary,"初步的，初级的,预备的,开端的,序言的,准备工作,预赛,初步措施,（对学生等的）预考",3
4454,patent,"专利,专利品,专利权,专利证,专利的,显然，显露,明摆着的,获得…专利，给予…专利权,取得专利权",3
4455,shy,"害羞的,怕羞的,害怕（做）,<美>缺乏的,惊退，畏缩,避开（某人）,（用石子，球等）乱投,投掷,（马）惊退，惊逸,投扔，乱丢",3
4457,trash,"垃圾，废物,断枝，碎块,废话,社会渣滓,废弃,拆毁,搞垮，贬低,从…上除去细枝或枝条",3
4458,disabled,"残废的，有缺陷的,使无能力( disable的过去式和过去分词),使残废,使伤残,使无效",3
4459,gross,"总的,粗俗的,显而易见的,恶劣的,总额,总共收入",3
4460,damn,"非常,（表示厌烦）该死,讨厌,十足,诅咒,谴责，指责,使…失败,[永世受罚，定罪,咒骂,一点也不，丝毫,该死的,（表示厌烦）可恶的",3
4461,hormone,"荷尔蒙,激素",3
4462,texture,"质地,结构,本质,使具有某种结构",3
4464,pencil,"铅笔，彩色铅笔,笔状物,画风，画法,[物]光线锥,用铅笔写,用画笔画",3
4466,frontier,"边疆，边境,边界，边缘,尚待开发的领域,边疆的，边界的,新垦地的，边地的,开拓的",3
4467,spray,"喷,喷射,喷雾,喷雾器,浪花,（用作装饰的）小树枝",3
4469,disclose,"公开,揭露,使显露,使暴露",3
4470,custody,"监管,拘留，羁押,抚养权，监护权",3
4471,banker,"银行家,银行主,银行经理,庄家",3
4472,beast,"野兽,人面兽心的人,讨厌的人（或事物）,老顽固，坏蛋",3
4473,interfere,"干预，干涉,调停，排解,妨碍，打扰",3
4474,oak,"栎树,橡木色,栎木，橡木,橡木家具,栎树的,栎木制的",3
4476,eighth,"第八，八号,八分之一,第八,<音>八分音符,第八个,（每月的）第八日",3
4477,notebook,"笔记簿,笔记本电脑,手册,笔记本",3
4478,outline,"梗概，大纲，提纲，草稿，要点，主要原则,外形，轮廓，轮廓线，轮廓画法，略图（画法）,概述,略述,画轮廓，打草图，描略图",3
4480,attendance,"出席，参加,出席率,出席者，出席人数",3
4481,speculation,"投机买卖,思考,投机活动,推断",3
4482,uncover,"揭开…的盖子,揭露，发现,拿下（头上）戴的东西，脱（帽）,将（狐）赶出,发现，揭示",3
4483,behalf,"利益,维护,支持",3
4484,innovative,"革新的,创新的,富有革新精神的,创新立异",3
4485,shark,"鲨鱼,坑蒙拐骗的人，诈骗者,[俚]老手,骗取,榨取,用不正当手段攫取,勒索,诈骗",3
4487,mill,"磨坊,磨粉机,榨汁机,工厂,研磨，粉碎,搅拌,磨，铣,轧花边（在纸币上）,惊跑，乱闯,经研磨",3
4488,installation,"安装,装置,永久性军事基地,就职",3
4489,stimulate,"刺激,激励，鼓舞,使兴奋,起兴奋作用,起促进作用,起刺激作用",3
4490,tag,"加标签于,附加,起诉,紧跟,跟在…后面,随从,标签,附属物,口头禅,称呼",3
4491,vertical,"垂直的，竖立的,[解]头顶的,顶点的,[植]纵长的，直上的,垂直线，垂直面,[建]竖杆,垂直位置",3
4492,swimming,"游泳,眩晕,游泳( swim的现在分词),漂浮,浸，泡,旋转",3
4493,fleet,"舰队,船队,车队,港湾，小河,快速的，敏捷的,转瞬即逝的,疾驰,飞逝,使（时间）飞逝,消磨",3
4494,catalog,"目录，目录册，目录簿,[美]大学概况一览,登记，记载,产品样本,登记,为…编目,编目录,记载,把…按目录分类,把…编目",3
4495,outsider,"局外人，圈外人,无取胜希望者,（比赛中的）冷门选手",3
4497,desperately,"绝望地,不顾一切地,<口>极度地,猛烈地",3
4498,stance,"态度，立场,站姿，被放置的姿势,位置,（运动员的）始发姿势",3
4499,compel,"强迫，迫使,强制发生，使不得不",3
4500,sensitivity,"敏感，感受性,仪器等的)灵敏性,[摄]感光度",3
4501,someday,将来有一天,3
4502,instant,"瞬间，顷刻,此刻,当月,速食食品，即溶饮料,立即的,迫切的,正在考虑的，目前的,即食的",3
4503,debut,"初次露面，初次表演，首次出场，处女秀,初次表演，初次登台,首张的，首场的，首次的",3
4504,proclaim,"宣告，公布,表明,赞扬，称颂",3
4505,worldwide,"全世界的,遍及全球地",3
4506,hike,"徒步旅行,远足,提高，涨价,<口>（数量、价格等）增加，上升,上升,提高（价格等）,拉起,使…高涨",3
4507,required,"必须的，<美>（学科）必修的,要求( require的过去式和过去分词 ),需要,想要,命令",3
4508,confrontation,"对抗,面对,遭遇,对峙",3
4509,colorful,"富有色彩的,鲜艳的,多姿多彩的,富有趣味的",3
4511,constitution,"建立，组成,体格,构成方式,宪法",3
4512,trainer,"运动鞋,教员,驯兽师",3
4513,thanksgiving,"（常小写）（对神的）感谢，感恩祈祷,感恩节",3
4514,scent,"香味，气味,嗅觉,（动物的）臭迹,痕迹，踪迹,闻到,察觉，发觉,使充满…的气味,发出气味,发出…的气味,有…的迹象,嗅着气味追赶",3
4515,stack,"垛，干草堆,（一排）烟囱,层积,整个的藏书架排列,堆成堆，垛,堆起来或覆盖住,洗牌作弊,秘密事先运作",3
4516,eyebrow,"眉毛,为…描眉",3
4517,sack,"麻袋,洗劫,<英俚>解雇,解雇,把…装进袋里,掠夺",3
4518,cease,"停止，终止，结束,终止，停止,永不停止的过程,停止行动,停止",3
4519,inherit,"继承,经遗传获得（品质、身体特征等），继任",3
4520,tray,"盘子,托盘,浅盘,满盘",3
4521,pioneer,"拓荒者,开发者,先驱者,创始者,开拓，开发,做（…的）先锋,提倡",3
4522,organizational,"组织的,编制的",3
4523,textbook,"教科书,课本,教材,规范的,标准的",3
4524,uh,"upper half 上半部,utility helicopter 通用直升机",3
4525,nasty,"肮脏的,下流的，令人讨厌的,恶劣的，艰险的,严重的,令人不愉快的事物",3
4526,shrink,"收缩，皱缩,（使）缩水,退缩，畏缩,收缩,畏缩,<俚>精神病学家",3
4528,emerging,"[]  [],（用作定语）新兴的,出现( emerge的现在分词 ),露头,形成,事实",3
4529,dot,"点，小圆点,打点于,散布于,点缀,以小圆点标出",3
4530,wheat,小麦,3
4531,fierce,"凶猛的，残忍的,猛烈的,狂热的",3
4532,envision,想像，预见，展望,3
4533,rational,"神智清楚的,理性的,理智的,合理的,合理的事物,[数]有理数,懂道理的人，人类,〈英〉合理的服装",3
4534,kingdom,"王国,界,领域",3
4535,aisle,"过道，通道,侧廊，耳堂,狭长的通路",3
4536,weaken,"（使）削弱,（使）变弱,衰减,变得优柔寡断",3
4537,protocol,"礼仪,（外交条约的）草案,（数据传递的）协议,科学实验报告（或计划）,把…写入议定书，在议定书中拟定（或颁布）,拟定议定书，拟定草案",3
4538,exclusively,"唯一地,专门地，特定地,专有地,排外地",3
4539,vocal,"声音的，嗓音的,由嗓音发出或产生的,有声音的，能发出声音或语言的,畅所欲言的,元音,[音乐]声乐作品",3
4540,marketplace,"市场，集市,商业界",3
4541,openly,"公开地,公然地,直率地,当众",3
4542,unfair,"不公正的，不公平的,违反规则或准则的",3
4543,terrain,"地形，地势,地面，地带,[地理]岩层,（知识的）领域范围",3
4544,deploy,"（尤指军事行动）使展开,施展,有效地利用",3
4545,risky,"冒险的，危险的,大胆的,<口>近乎猥亵的",3
4546,pasta,面团（用以制意大利通心粉，细面条等），意大利面食,3
4547,genre,"类型，种类,体裁，样式,风俗画",3
4548,distract,"使分心,使混乱",3
4549,merit,"价值，优点,[宗教]（行善得到的）功德,功绩，功勋,荣誉,值得，应获得,[宗教]（因行善而）应得（善报）,值得，应得,[宗教]积德",3
4550,planner,"计划者,规划者，策划人,设计者",3
4551,depressed,"情绪低落的，沮丧的,萧条的,下陷的，低的,中间凹下的,压下(depress的过去式和过去分词),使愁苦,降低（价格）,使跌价",3
4552,chunk,"厚厚的一块,（某物）相当大的数量或部分,强壮、结实的马",3
4553,closest,最靠近的,3
4554,discount,"打折扣，减价出售,减息贷款,削价出售，打折,减价，减量,折扣,贴现率,贴现,数目,（任何面值上的）扣除额,（考虑到故事、报告、报道等的夸张或偏见等）不全信",3
4556,ladder,"梯子，阶梯,梯状物,途径,（紧身裤袜或长筒袜的）滑丝,使（袜子）发生抽丝现象,像长筒袜一样抽丝",3
4557,jungle,"（热带）丛林,丛林音乐,乱七八糟的一堆事物,尔虞我诈的环境",3
4558,migration,迁移，移居,3
4559,breathing,"呼吸,（空气、花香等的）飘动,微风,短暂休息,呼吸着的,活的,栩栩如生的,逼真的,呼吸( breathe的现在分词 ),轻声说话,低语,低声说",3
4560,invade,"侵入，侵略,进行侵略,蜂拥而入，挤满,（疾病，声音等）袭来，侵袭,涌入,侵袭,侵犯,干扰",3
4561,hurricane,"飓风，十二级风,飓风般猛烈的东西,（感情等的）爆发,<英>飓风式战斗驱逐机",3
4562,retailer,"零售商，零售店,传播的人，处散布闲话的人",3
4563,classify,"分类，归类,把…列为密件",3
4565,coup,"机敏的策略,政变,棒击",3
4567,ambassador,"大使，使节,（派驻联合国等国际组织的）代表,特使,[比喻]使者",3
4568,density,"密度,稠密，浓厚,[物]浓度，比重,愚钝",3
4569,supportive,支持的，拥护的，赞助的,3
4570,curiosity,"好奇心，爱打听的癖性,奇人,奇物，古玩,奇特性",3
4571,skip,"跳,跳绳,悄悄溜走,快速转移,略过,跳过,漏过,不做（应做的事等）,跳，蹦跳,废料桶（装工地废料，由卡车拖走）,跳跃",3
4572,aggression,"侵略，侵略行为,攻击，进攻",3
4573,stimulus,"刺激物,刺激因素,激法物",3
4574,journalism,"新闻业,新闻学,新闻工作,报章杂志",3
4575,robot,"机器人,遥控装置,自动机,机械呆板的人",3
4577,dip,"浸,（把烛芯浸在融蜡里）制造（蜡烛）,把（汽车前灯）的远光调为近光,洗药水浴,（使）微降，（使）下沉,（使）向下再向上,浏览,（通常指暂时的）减少,洗澡,倾斜,浸水,提取,（轻度或暂时地）减少",3
4578,likewise,"同样地,也，而且",3
4579,informal,"（语言） 非正式的,口语体的,不拘礼节的,友好随便的",3
4580,persian,"波斯（现称伊朗）的，波斯人的，波斯语的,波斯人，波斯语,波斯绸,百叶窗",3
4581,feather,"羽毛，翎毛,状态，心情,种类,桨叶的水平运动,给装上羽毛，用羽毛装饰,使（桨）与水面平行,长羽毛",3
4582,sphere,"球（体）,（兴趣或活动的）范围,势力范围,天体，如行星或恒星,形成球体,包围，围绕,置于球面内部",3
4583,tighten,"收紧,（使）变紧,（使）绷紧,加紧",3
4584,boast,"自夸，自吹自擂,夸口说,以有…而自豪,自负有,夸口，自负,自负的事物，引以为傲的东西,自夸的话,扬言",3
4585,pat,"轻拍，爱抚,拍成，拍至,轻拍,轻拍某物发出的声音,小团，小块,恰好的，适当的,熟练的,过于巧合的，人为的,快活的，活泼的,表扬，称赞（某人/自己）",3
4586,perceived,"[]  [],感觉( perceive的过去式和过去分词 ),视为,认为,理解为",3
4587,sole,"单独的,惟一的,专有的，独占的,鞋底,有…底的 -soled,脚底,鳎（可食用比目鱼）,给（鞋）换底",3
4588,publicity,"公众信息,宣传效用,宣传,公诸于众的状况",3
4590,unfold,"展开，打开,摊开,展现，披露,逐渐显露,开展，发展",3
4592,well-being,"幸福,生活安宁,福利,康",3
4593,validity,"有效，合法性,效力,正确，正当,正确性",3
4594,ecosystem,<生>生态系统,3
4595,strictly,"严格地,完全地",3
4596,partial,"部分的,偏爱的,偏袒的,钟爱的,[数学]偏微商",3
4597,collar,"衣领,领子,（狗等的）项圈,（管子或机器部件的）圈,抓住，逮住,扭住领口,拉用，扯用,给…套上颈圈",3
4598,weed,"杂草,大麻,废物,烟草,给…除杂草,除（草）,消除,除草",3
4599,compliance,"服从，听从,承诺,柔软度,顺度",3
4600,streak,"（与周围有所不同的）条纹,（通常指不好的）特征（倾向）,（不断经历成功或失败的）一段时期,快速移动,加上条纹,使布满条纹",3
4601,supposedly,"据认为,据推测,据称,一般相信",3
4602,added,"更多的,附加的,额外的,加,加入,增加,添加",3
4603,builder,"建设者，建筑者,创建者,经营建筑业者,增洁剂，促净剂",3
4604,glimpse,"一瞥，一看,（古语）闪光,隐约的闪现,模糊的感觉,瞥见",3
4605,premise,"前提,[复数]房屋,[复数][合同、契约用语]上述各点,（逻辑学中的）大[小]前提,预述（条件等）,提出…为前提,假设,作出前提",3
4606,specialty,"专业，专长,特点，特别事项,特性，特质,<律>盖印的契约,特色的,专门的,独立的",3
4607,deem,"认为，视为,主张，断定,认为，视为，以为,作某种评价",3
4608,artifact,"人工制品，手工艺品，加工品,石器",3
4609,sneak,"潜行,偷偷溜走,（儿童向成人）打小报告,告状,偷窃,鬼鬼祟祟的人,溜走，偷偷摸摸的举动,小偷,告密的人,鬼鬼祟祟的，诡秘的，偷偷摸摸的",3
4610,monkey,"猴,猿,淘气鬼,小淘气,胡闹,捣蛋,嘲弄",3
4611,mentor,"（无经验之人的）有经验可信赖的顾问,做…的良师；指导",3
4612,two-thirds,三分之二,3
4613,listener,"听众，倾听者，收听者,〈俚〉耳朵",3
4614,lightning,"闪电般的，快速的,闪电，雷电,打闪",3
4615,legally,法律上，合法地,3
4616,sleeve,"[机]套筒，套管,袖子，袖套,唱片套,给…装袖子,给…装套筒",3
4617,disappointment,"失望，扫兴,令人失望的行为（人）",3
4618,disturb,"打扰，妨碍,使骚动,使不安，使烦恼,妨碍睡眠（休息等）",3
4619,rib,"肋骨,（船或屋顶等的）肋拱,肋骨状的东西,（织物的）凸条花纹,嘲笑，逗弄，开（某人的）玩笑,装肋于，给…装肋材",3
4620,excessive,"过度的，极度的,过分的,过多的,过逾",3
4621,high-tech,高科技,3
4622,debris,"碎片，残骸,残渣,[地]岩屑,垃圾，破片",3
4624,rod,"杆，拉杆,惩罚，体罚,（责打人用的）棍棒,手枪",3
4625,logical,"逻辑（上）的,符合逻辑的,推理正确的,合乎常理的",3
4627,ash,"灰，灰烬,灰色，苍白,骨灰,废墟",3
4628,socially,"在社交方面,善于交际地,在社会（地位）上,在全社会中",3
4629,parish,"教区以下的地方行政区,（英国）郡以下的行政区",3
4630,slavery,"奴隶身份,奴隶制度,苦役，奴隶般的劳动,奴役，束缚，屈从，耽迷（酒色等）",3
4631,blank,"空白的,空的，无信息的，未填写的,茫然的,空虚的,空的空间或地点,填空处，空白表格,坯,无用的东西,消失,挡住通路,[体育运动] 阻止（对手）得分,打孔，盖印,走神,逐渐消失",3
4632,commodity,"商品,日用品,有价值的物品,有利，有益",3
4633,cure,"治愈,矫正,解决,消除,受治疗,被加工处理,药物,疗法,措施",3
4634,mineral,"矿物,矿石,矿物质,汽水,矿物的，似矿物的",3
4635,hunger,"饿，饥饿,欲望,（使）饥饿,渴望",3
4636,dying,"<口>渴望，切盼,垂死的，临终的,会死的,快熄灭的,“die”的现在分词",3
4637,developmental,"发展的,促使成长的,进化的",3
4638,faster,"更快的,快的( fast的比较级 ),走得快,感光快的,[摄影术]快动作的（镜头）,更快地",3
4639,spare,"节省，俭省,不用，抽出，省掉,宽恕，饶（命），救命，使某人免遭（麻烦等）,出让，割爱，分让,多余的，剩下的（钱等），空闲的（时间等）,预备的，备用的，替换用的,多余的，瘦的，少量的,薄弱的，简陋的，粗陋的,备用零件，备用轮胎,〈美〉（头两个球把十柱打得）全倒,预备品，替换品,节约,节省,饶恕,宽容",3
4640,halfway,"在中途,到一半,在中间,大致上",3
4642,equality,"同等，平等,[数]相等，等式",3
4643,cemetery,墓地，公墓,3
4644,harassment,"骚扰，扰乱,折磨人的东西,烦恼，忧虑,袭扰",3
4645,deliberately,"故意地,深思熟虑地,从容不迫地",3
4646,fame,"名声,名望,传闻,传说,使闻名,使出名,使有名望,<古>盛传",3
4647,regret,"后悔，悔恨,遗憾，抱歉,悼念，哀悼,感到后悔，感到抱歉,遗憾，惋惜,哀悼",3
4648,striking,"显著的,引人注目的,容貌出众的,妩媚动人的,打( strike的现在分词),击,敲响,报时",3
4649,likelihood,"可能，可能性,[数]似然，似真",3
4650,carrot,"胡萝卜,〈非正式〉好处，回报,不能兑现的报酬",3
4651,atop,在（…）顶上,3
4652,toll,"通行费,伤亡人数,钟声,长途电话费,鸣钟,敲钟",3
4653,rim,"（圆形器皿的）边，缘，框,轮缘,环绕（圆形或环形物的）边缘,镶边,形成…的边沿，给…镶边",3
4654,embarrassed,"局促不安的,为难的,尴尬的,窘迫的,（使）窘迫，（使）局促不安( embarrass的过去式和过去分词)",3
4655,fucking,"该死的,非常的,低劣的,性交( fuck的现在分词),使受害",3
4656,cling,"附着于，紧贴,抓紧或抱住,坚持,沿（岸）前进，贴着（墙）走,依恋，依附于",3
4657,isolated,"隔离的,孤独的,单独的,偏远的,使隔离(isolate的过去式和过去分词),使孤立,使绝缘,脱离",3
4658,blink,"眨眼睛,闪亮，闪烁,眨眼,一瞬间,闪亮,闪烁",3
4659,suspicious,"可疑的,猜疑的，怀疑的,多疑的，不信任的,多心",3
4660,wheelchair,轮椅,3
4661,squad,"（军队中的）班,（暗杀）小组,体育运动的运动（代表）队,（对付某类犯罪活动的）警察队伍,把…编成班,把…编入班",3
4662,eligible,"合适的,在（法律上或道德上）合格的,有资格当选的,称心如意的,合格者,合适者,称心如意的人,合乎条件的人（或东西）",3
4663,processor,"加工,数据处理机,（计算机的）中央处理器,加工机（或工人）",3
4664,plunge,"用力插入,使陷入,跳入,全心投入,突降，俯冲,投入，陷入,游泳，跳水",3
4669,demographic,"人口统计学的,人口统计的",3
4671,chill,"（使）变冷,使很冷,使冰冷,使恐惧,寒冷，发冷,冷漠,扫兴,[冶金学]激冷,冷的,冷漠的,令人失望的,令失望,使沮丧,使扫兴,使消沉",3
4672,refuge,"避难,避难所,庇护者,[医]救急疗法,给予…庇护,接纳…避难,躲避",3
4673,steer,"驾驶,操纵，控制,引导,掌（舵）,行进,阉公牛，肉用公牛,〈美俚〉建议,关于行路（或驾驶）的指示",3
4674,legislator,"立法委员,立法者",3
4675,rally,"召集，集合,重整,重振，恢复,聚集,集合,反弹，反败为胜,恢复（元气等）,重新集合,重整的信号,反败为胜",3
4676,programming,"规划，设计,编程,训练( programme的现在分词 ),培养,预调",3
4677,cheer,"欢呼,使高兴,为…喝彩,为…加油,欢呼，喝彩,兴致勃勃，愉快,心情,令人愉快的事,感到高兴",3
4678,outlet,"出口，出路,批发商店,排水口，通风口,发泄（情感）的方法",3
4679,intact,"完整无缺的，未经触动的，未受损伤的,原封不动的,完好无缺,完好无损",3
4680,vendor,"摊贩，小贩,卖主,[贸易]自动售货机,<正式>供应商",3
4681,thrive,"兴盛，兴隆,长得健壮,茁壮成长",3
4682,peanut,"花生,微不足道的人，小人物,很少的钱,微不足道的",3
4683,chew,"咀嚼，咬,深思，考虑,咀嚼,咀嚼物",3
4684,elaborate,"详尽说明,变得复杂,详细制定,详尽阐述,[生理学]加工,尽心竭力地做",3
4686,conception,"受精，怀孕,胚胎,概念,设想，构想",3
4687,auction,"拍卖,竞卖,标售,（桥牌）拍卖玩法",3
4688,steak,"牛排,肉排,鱼排,碎牛肉",3
4689,comply,"遵从,依从，顺从,应允，同意",3
4690,triumph,"胜利,巨大的成就,（成功的）典范,（巨大成功或胜利的）心满意足,获胜,克服,打败,战胜",3
4691,shareholder,"股东,股票持有者",3
4692,comparable,"可比较的,比得上的",3
4693,transport,"运送，运输,流放,使欣喜若狂,运输,运输船（机），运输系统,狂喜,流放犯",3
4694,conscience,"良心,道德心",3
4695,calculation,"计算，盘算,估计,计算的结果,深思熟虑，慎重的计划",3
4696,considerably,相当，非常，颇,3
4697,interval,"间隔,幕间休息,（数学）区间",3
4698,scratch,"擦，刮,擦痛，擦伤,在…处搔痒,抓破,发出刮擦声,擦红，擦伤,搔痒,抓，扒,刮擦声,搔痕,乱写乱画,打草稿用的，随便写用的,碰巧的，侥幸的,东拼西凑的,平等比赛的",3
4699,awake,"醒着的,警惕的,唤醒,唤起,觉悟",3
4700,jurisdiction,"司法权,管辖权,管辖范围,权限",3
4701,inevitably,"不可避免地，自然而然地,必然地，无疑的,难免,终于只好",3
4702,feminist,男女平等主义者，女权扩张论者,3
4703,constraint,"强制,限制,约束",3
4704,emotionally,感情上，情绪上，冲动地,3
4705,expedition,"考察，远航,考察队，远征军,（短途的）旅行,迅速（办理）",3
4706,allegedly,"依其申述,据说",3
4709,similarity,"类似,相像性,相仿性,类似性，相似物",3
4710,butt,"烟蒂，屁股,笑柄,（武器或工具的）粗大的一端,大酒桶,用头撞或顶,碰撞",3
4711,lid,"盖子,限制,[口]果盖,[口]遮盖,给…盖盖子",3
4712,dumb,"哑的，无说话能力的,不说话的，无声的,沉默的，无言的,口齿不清的，（在政府中）无代言人的，政治上无发言权的",3
4713,bulk,"（大）体积,大块，大量,大多数，大部分,主体,变得越来越大（或重要）,显得庞大,形成大块,堆积起来,使凝聚成一团或形成一堆,大批的，大量的,散装的",3
4714,sprinkle,"洒，撒,用…点缀,下小雨,小雨,少量",3
4715,mortality,"死亡数，死亡率,必死性，必死的命运",3
4716,philosophical,"哲学上的，哲学（家）的,冷静的，沉着的,明达的,达观的",3
4717,conversion,"变换，转变,改装物,财产转换，兑换,[逻] 换位（法）",3
4718,patron,"赞助人，资助人,顾客，老主顾,保护人,[宗]守护神",3
4719,municipal,"市的，市政的,地方自治的,都市的，市营的，市制的,内政的,市政债券",3
4721,liver,"肝脏,（食用）肝,深赤褐色,生活者,肝味的,深赤褐色的",3
4722,harmony,"协调,融洽，一致,和谐,[音]和声",3
4723,solely,"唯一地,仅仅,独一无二地,纯粹",3
4724,tolerance,"宽容，容忍,限度,公差,耐药量，耐药性",3
4726,goat,"山羊,色鬼,替罪羊",3
4728,blessing,"（上帝的）祝福,好事,福分,因祸得福,祝圣( bless的现在分词),称颂上帝,求神赐福于,（表示惊奇）",3
4729,banana,"香蕉,芭蕉属植物,喜剧演员",3
4731,palace,"宫，宫殿,（主教）邸宅，宏伟大厦,华丽的娱乐场所",3
4732,formerly,"原来，原先,以前，从前,刚才,先头",3
4733,peasant,"农民,农夫,佃农,粗俗的人",3
4734,neat,"整洁的，干净的,灵巧的,匀整的,未搀水的",3
4735,grandparent,"祖父或祖母,外祖父或外祖母",3
4736,lawmaker,立法者,3
4737,supermarket,"超级市场,自动售货商店",3
4738,cruise,"巡游,漫游,巡航,（军舰等）巡逻，巡航,〈口〉游览，旅行，周游",3
4739,mobile,"可移动的,行动自如的,易变的,流动性的,风铃,手机",3
4742,calendar,"日历,历法,日程表,（一年之中的）重大事件（或重要日期）一览表,把…记入日程表中,把…列入表中,为（文件等）作分类索引,将…排入日程表",3
4743,widow,"寡妇,遗孀,[牌]放在一边的几张牌,[印]未排足的行,使成寡妇,从…夺走,杀死…的丈夫",3
4744,deposit,"储蓄，存款,保证金,沉淀物,寄存，寄存品,储蓄,寄存,放置，安置,付保证金,沉淀",3
4745,beard,"胡须,[虫]口鬃，[动]颌毛,（牡蛎等的）鳃,[植]芒,使有胡须（颌毛，芒刺）,抓（捋）住…的胡子，拔…的胡子,公然反对，勇敢地对抗",3
4746,brake,"制动器，闸,刹车,阻碍,刹（车）",3
4748,screening,"放映，播放,筛查,筛（煤、矿石等）( screen的现在分词 ),审查,放映（电影）,庇护",3
4749,impulse,"凭冲动行事,突如其来的念头,[电子]脉冲,[医]冲动，搏动,冲动的,推动",3
4750,forbid,"禁止,阻止,阻碍,妨碍",3
4751,fur,"毛皮,软毛,毛皮衣服,人造毛,含羊毛的,用毛皮覆盖,除去（锅上的）水垢",3
4752,brutal,"野蛮的,残忍的,不讲理的,无情的",3
4753,predator,"以掠夺为生的人,捕食其他动物的动物，食肉动物",3
4754,poke,"戳，捅,推,拨火,〈美俚〉打，殴,刺，戳,刺探，干涉,伸出,闲逛,殴打,袋子,懒汉",3
4755,opt,选择，挑选,3
4756,voluntary,"自愿的，自发的,志愿的,故意的，有意的,[法]无偿的,自愿者,自愿行动,即兴演奏，自选节目,自愿地做的工作",3
4758,valid,"有效的,有法律效力的,正当的,健全的",3
4759,forum,"论坛，讨论会，专题讨论节目,集会的公共场所,提供公开讨论的媒体,法庭",3
4760,dancing,"跳舞,雀跃,闪亮，闪动,dance的现在分词,参加或表演（舞蹈）,使跳舞,因跳舞而…,舞蹈，舞步,舞蹈艺术,舞会,舞曲",3
4761,happily,"快乐地,幸运地，幸福地,巧合地，适当地,〈古〉偶然",3
4762,soar,"高飞,飞腾,猛增，剧增,高耸，屹立,高涨,高飞范围,上升高度,高飞越过,飞升到",3
4763,removal,"免职,除去,移走,搬迁",3
4764,autonomy,"自治，自治权,自主权,自治国，社区，或集团等,人身自由",3
4765,enact,"制定法律,规定,颁布，颁布,担任…角色",3
4767,thread,"线,线索,线状物,螺纹,穿成串,将（针、线等）穿过…,用…线缝,给…装入（胶片、狭带、绳子）",3
4769,landmark,"[航]陆标,界标,里程碑,纪念碑,有重大意义或影响的",3
4770,unhappy,"不幸的，悲惨的,不快乐的,不恰当的,不凑巧的",3
4771,offender,"罪犯,得罪人的人,犯规者,妨害…的人（或事物）",3
4772,coming,"即将到来的,下一个的,将要遭到报应,自食恶果,（尤指新事物的）到来,到达,来( come的现在分词),达到（认识、理解或相信的程度）,出生",3
4773,privately,"私下地，不公开地,私自,背地里",3
4774,fraction,"[数]分数,一小部分，些微,不相连的一块，片段,[化]分馏",3
4775,distinctive,"有特色的，与众不同的,区别的，鉴别性的,独特,特异",3
4776,tourism,"旅游，观光,旅游业",3
4777,threshold,"门槛，入口，开始,[物理学]临界值,<英>级限协定,[航空学]跑道入口,阈值的，临界值的,<英>按物价指数变动工资的，工资极限的，级限的",3
4779,routinely,"例行公事地,常规地，惯常地,老一套地",3
4780,suite,"[计]（软件的）套件,（房间，器具等）一套，一副,[乐]组曲,随从",3
4782,regulator,"校准者，[机]调整器，校准器，调节器，[化]调节剂，[无线]稳定器，调节基因，（钟表的）整时器，标准钟,管理者，调整者，整理者,原则，标准,[英史]选举调查[监视]委员，监管者",3
4783,straw,"稻草,麦秆,吸管,毫无价值的东西,稻草的，麦秆的,稻草[麦秆]做的,假的，假想的,无价值的",3
4784,theological,"神学的，神学上的,研究神学的",3
4786,exhaust,"用尽，耗尽,使精疲力尽,排出,彻底探讨,排气,（排出的）废气,排气装置",3
4787,globe,"球，球状物,地球，世界,天体,地球仪,（使）成球状",3
4788,fragile,"易碎的，脆的,虚弱的",3
4789,objection,"反对,反对的话，异议,反对的理由",3
4790,chemistry,"化学,物质的化学组成（或性质），化学作用（现象）,（常指有强烈性吸引力的）两人间的关系,〈比喻〉神秘的变化（过程）",3
4791,old-fashioned,"老式的，过时的,老派的，守旧的,村女蛾眉,陈旧",3
4792,crowded,"水泄不通的,拥挤的,肩摩踵接",3
4794,blast,"爆炸,一阵（疾风等）,（吹奏乐器、哨子、汽车喇叭等突然发出的）响声,突如其来的强劲气流,击毁，摧毁,尖响,裁判高声吹哨,枯萎：使枯萎,吼叫,枯萎：枯萎,攻击：严厉批评或猛烈攻击",3
4795,prevail,"流行，盛行,获胜，占优势,说服，劝说",3
4796,overnight,"在晚上,在夜里,突然,很快,一整夜的,晚上的,突然的,很快的,前一天的晚上,一夜的逗留,过一夜",3
4797,denial,"否认，否定,克制,拒绝，拒绝接受",3
4798,rental,租费，租金额,3
4799,fantastic,"极好的,很大的,怪诞的,不切实际的",3
4800,fragment,"碎片,片段，未完成的部分,（将文件内容）分段,（使）碎裂，破裂，分裂,破碎，碎裂",3
4802,screw,"螺丝钉,螺旋桨，螺旋状物,（螺丝的）转，扭,吝啬鬼,用螺丝拧紧,扭曲（某人的面孔）,〈俚〉占便宜，诈骗,扭转，扭歪,旋紧,（和某人）性交",3
4803,warmth,"温暖，暖和,热情，热心,激动,诚恳",3
4804,undergraduate,"（未获学士学位的）大学生，大学肄业生,大学生的，大学的",3
4806,headache,"头痛,令人头痛的事",3
4807,policeman,"（男）警察，警员,看守矿井的人,[化] 淀帚",3
4809,projection,"预测,规划，设计,[心]投射,突起物",3
4811,suitable,合适的，适当的，适宜的，恰当的,3
4813,graduation,"毕业,毕业典礼,刻度，分度,分等级",3
4814,drill,"操练,钻头,军事训练,（应对紧急情况的）演习,钻（孔）,打（眼）,训练,作…演习，操练",3
4815,cruel,"残酷的，残忍的,使人痛苦的，让人受难的,无情的，严酷的",3
4816,mansion,"大厦,宅第，公馆",3
4818,grape,"葡萄,深紫色，葡萄紫",3
4819,authorize,授权，批准，委托,3
4820,cottage,"小屋，村舍,（农舍式的）小别墅,（郊外的）新式住宅，（大院内的）单幢住宅,乡下房子，小房子",3
4821,driveway,"马路，汽车道,马车道",3
4822,charm,"魔力,魅力,咒文,（表链等的）小装饰品,使陶醉,诱惑,对…行魔法,令人陶醉",3
4823,sexuality,"性别，有性状态,性欲,性生活,性兴趣",3
4824,loyal,"忠诚的，忠心的,忠贞的,效忠的臣民,忠实信徒",3
4825,clay,"黏土，泥土,（相对于灵魂而言的）人体，肉体,似黏土的东西,克莱（男子名， Clayton 的昵称）,用黏土处理",3
4827,balloon,"气球,热气球,[建]球饰,膨胀，涨大,乘热气球飞行,使激增,气球状的,（货物等）分量轻而体积大的,（分期付款）最后一笔大数目的,乘气球飞行,膨胀,激增",3
4828,invention,"发明,发明物,捏造：内心捏造的东西，特指谎言,发明才能",3
4829,ego,"自我,自负,自尊心,自我意识",3
4830,fare,"费,票价,乘客,食物,吃,进食,进展,遭遇",3
4831,homework,"家庭作业,功课",3
4832,disc,"圆盘,唱片,磁盘",3
4833,sofa,沙发,3
4835,availability,"有效,有益,可利用性,可得到的东西（或人）",3
4836,radar,"雷达,雷达装置,无线电探测器",3
4837,frown,"皱眉,不同意,蹙额,皱眉，蹙额",3
4838,regain,"复得，重回,回收,恢复（失物、失地、健康等）,收复，取回",3
4841,sweater,"毛衣，运动衫,出汗（过多）的人，发汗剂,榨取别人血汗的人（或工厂、公司等）,运动衫的,运动衫式的",3
4842,rehabilitation,"修复,复兴,复职,恢复名誉",3
4843,rubber,"橡胶,橡皮,决胜局,避孕套,橡胶制成的,涂橡胶于,用橡胶制造,扭转脖子看,好奇地引颈而望",3
4844,retreat,"撤退，后退,撤销，作罢,（眼睛等）凹进,[航]向后倾斜,撤回,静居处,引退期间,静思，静修",3
4845,molecule,"分子,微小颗粒",3
4846,freely,"自由地，随意地，免费地,直率地,免费地,慷慨地",3
4847,favorable,"赞同的,称赞的,有利的,讨人喜欢的",3
4848,steadily,"稳定地,持续地,稳固地",3
4850,integrated,"完整的,整体的,结合的,（各组成部分）和谐的,使一体化( integrate的过去式和过去分词 ),使整合,使完整,使结合成为整体",3
4851,ha,（表示惊讶、欢乐、怀疑等）哈，嘿,3
4852,youngster,"年轻人,小孩子,少年",3
4854,premium,"额外费用,保险费,附加费,高昂的,优质的",3
4855,accountability,"有责任，有义务，可说明性,会计责任,可计量性,责任制",3
4856,overwhelm,"淹没,压倒,覆盖,压垮",3
4858,contemplate,"注视，凝视,盘算，计议,周密考虑,沉思，深思熟虑",3
4859,update,"更新，使现代化,校正，修正,现代化,更新的信息,更新的行为或事例",3
4860,spark,"燃烧的颗粒,火星，火花，余火,（金属的）发光的颗粒,电火花,发出火星，发出闪光,热烈赞同,正常运转,发动，触发,激起运动，鼓舞",3
4861,ironically,"嘲讽地，挖苦地,具有讽刺意味地",3
4862,fatigue,"疲劳，疲乏,劳务杂役,（士兵穿的）工作服,使疲劳,使疲乏,疲劳",3
4864,speculate,"思索，猜测，推测,投机,推测,思索",3
4865,marker,"标识，标记,记号笔，阅卷人,防守队员,特征",3
4867,preach,"布道，讲道,宣扬,说教,讲（道）,〈口〉讲道，说教",3
4868,bucket,"水桶,一桶（的量）,大量,〈俚〉交通工具,用桶装，用桶运,倾盆而下,〈美俚〉骗,猛开车，猛划船",3
4870,blond,"亚麻色的，金色的,浅色的,白肤金发碧眼的,肤色白皙的金发女人,白肤金发碧眼人",3
4871,confession,"承认，自首,忏悔,供认状,信条，教义",3
4872,provoke,"激起，挑起,煽动,招致,触怒，使愤怒",3
4873,marble,"大理石,大理石制品,弹子游戏,理智，常识,大理石的,冷酷无情的,有大理石花纹的,把（书边）弄上大理石花纹",3
4874,substantially,"本质上，实质上,大体上,充分地,相当多地",3
4876,defender,"防御者，守卫者,辩护人,拥护者,卫冕者",3
4878,explicit,"明确的，清楚的,直言的,详述的,不隐瞒的",3
4880,disturbing,"烦扰的,令人不安的,打扰(disturb的现在分词)",3
4881,surveillance,"盯梢，监督,[法]管制，监视",3
4882,magnetic,"有磁性的，有吸引力的,磁性的,有吸引力的,有魅力的",3
4883,technician,"技术人员,技师,技巧纯熟的人",3
4884,mutter,"轻声低语，咕哝地抱怨,含糊地说,自言自语地说,咕哝,小声低语，小声抱怨,怨言",3
4885,devastating,"毁灭性的，灾难性的,惊人的，可怕的,迷人的,强大的,彻底破坏( devastate的现在分词),摧毁,毁灭",3
4886,depart,"离开，出发,去世,离职,脱轨",3
4887,arrow,"矢，箭,箭状物,箭头记号,[天]天箭座",3
4888,trauma,"创伤（由心理创伤造成精神上的异常）,损伤,痛苦经历,挫折",3
4889,neighboring,"邻近的,<美>邻居，邻国( neighbor的现在分词 ),邻近的，邻接的",3
4890,soak,"浸泡，浸透,吸入,沉浸在（工作或学习中）,湿透,浸泡,渗透或浸透，渗出,讲话者暂停了一下,[俚语] 酗酒,酒鬼,浸湿性,[俚语]醉汉",3
4891,ribbon,"带,（打印机的）色带,绶带,带状物,把…撕成条带,用缎带装饰,形成带状",3
4892,meantime,"其时，其间,同时，其间",3
4893,transmit,"传输,传送，传递,发射,传染,发送信号",3
4895,harvest,"收割,收获季节,收成,结果,收割，收成,收到,收割（庄稼），捕猎（动物、鱼）",3
4896,consecutive,"连续的，连贯的,[语]表示结果的",3
4898,coordinate,"使协调，使调和,整合,使（身体各部份）动作协调,（衣服、布料等）搭配,协调,协同,成为同等,被归入同一类别",3
4901,spy,"间谍,密探,看见,秘密监视,精心调查,当间谍,从事间谍活动,暗中监视,详察",3
4902,slot,"位置,狭槽，水沟,[人名] 斯洛特,硬币投币口,跟踪，跟着足迹追赶,开槽于",3
4903,riot,"骚乱，暴动，暴乱，骚动，混乱,放荡，闹饮，嘈闹的宴会，喝酒狂闹,五色缤纷，喧嚣嘈杂,（想像，感情等的）奔放,暴动，闹事,放荡,浪费,挥霍",3
4904,nutrient,"营养物，营养品，养分，养料,滋养物,营养的，滋养的",3
4905,citizenship,"公民身份,公民权",3
4906,severely,"严格地,严重地,严厉地,严肃地",3
4907,sovereignty,"国家的主权,君权，最高统治权,独立自主,主权国家",3
4908,ridge,"背脊，峰，隆起线,山脊，山脉，海脊,高压脊,皱摺，田埂,使成脊状，使隆起,使成脊状",3
4909,brave,"勇敢的,需要勇气的,华丽的,漂亮的,勇敢面对，不怕，不顾,勇士,美洲印第安武士",3
4910,lighting,"照明，照明设备,点火,舞台灯光,布光，灯光安排,照明,点燃(light的ing形式)",3
4911,specify,"指定,详述,提出…的条件,使具有特性,明确提出，详细说明",3
4912,contributor,"贡献者,捐助者,投稿者",3
4913,frustrate,"挫败,阻挠,使受挫折,无益的，无效的",3
4915,articulate,"发音清晰的,善于表达的,有关节的,清晰地发（音）,言语表达,（用关节）连接,清楚地和清晰地讲,发音,[解剖学] 连接",3
4916,importantly,重要地,3
4917,transit,"通过,搬运,转变,运输线,横越,运送,使（望远镜）水平横轴回转,通过，经过",3
4918,dense,"密集的，稠密的,浓密的，浓厚的,愚钝的",3
4919,seminar,"研讨班，讲习会,研讨小组,研讨会,培训会",3
4920,electronics,"电子学,电子学应用，电子器件,电子工业,电子流行音乐",3
4921,sunny,"和煦的：照到阳光的,快活的，性情开朗亲切的",3
4922,shorts,"（从事运动或天气炎热时穿的）短裤,<美>男人的短内裤,电影短片,短裤( short的名词复数 ),短路,缺乏",3
4923,swell,"增强,肿胀,膨胀,充满（激情）,汹涌,重要人士,（尤指身体部位）凸起的形状,声音渐强,极好的,了不起的,非常棒的",3
4924,accusation,"指责，谴责,指控，控告,（被告发、控告的）罪名",3
4925,soften,"（使）温和,使缓和,减轻,变柔和,变软",3
4927,straighten,"变直，把…弄直,整理，整顿,使…改正,使…好转,变好起来",3
4928,terribly,"很,非常,极,非常糟糕地",3
4929,cue,"暗示，提示,线索,[台]球杆,情绪，心情,把…插入演出,给…暗示",3
4931,bride,"新娘，即将（或刚刚）结婚的女子,姑娘",3
4932,biography,"传记,档案,传记体文学,个人简介",3
4933,hazard,"冒险,使遭受危险,危险,冒险的事,机会,双骰子游戏",3
4934,compelling,"引人入胜的,扣人心弦的,非常强烈的,不可抗拒的,强迫，使不得不( compel的现在分词)",3
4935,seldom,"很少，罕见,难得,不大",3
4936,tile,"瓦片，瓷砖,空心砖,麻将牌,用瓦片、瓷砖等覆盖",3
4937,economically,"节约地,节省地,经济地,在经济上",3
4938,honestly,"诚实地,正直地,老老实实,老实说",3
4939,troubled,"焦虑的,担忧的,混乱的,存在诸多问题的,费神，费心( trouble的过去式和过去分词)",3
4941,twentieth,"二十分之一,（某月的）二十日,第二十的,二十分之一的,第二十",3
4942,balanced,"平稳的，平衡的,和谐的，有条不紊的,安定的,“balance”的过去式和过去分词",3
4943,foreigner,"外国人,外人，陌生人,外来物，进口货物,（非本土的）外来动植物",3
4945,convenience,"方便，便利,便利设施,个人的舒适或利益,（公共）厕所",3
4946,delight,"快乐，高兴,使人高兴的东西或人,使高兴，使欣喜,感到高兴[快乐]",3
4947,weave,"编，织,迂回行进,穿行（以避开障碍）,编排,（把…）编成,纺织，织布,织物,织法，编法,编织式样",3
4948,timber,"木材，木料,（用于建筑或制作物品的）树木,用材林，林场,素质,用木料支撑,备以木材",3
4949,till,"直到…时（为止）,在…之前,耕种,耕作,钱柜，钱箱,放钱的抽屉,[地]冰碛土（物）,直到",3
4950,accurately,"正确无误地，准确地,精确地,如实",3
4951,plea,"恳求，请求,（被告或被告律师的）抗辩，答辩,借口，托辞,请愿",3
4952,bulb,"球茎，块茎植物,电灯泡,[解剖学]肿块",3
4954,flying,"飞行的,会飞的,迅速的,飞行,驾驶飞机,飞(fly的现在分词)",3
4955,sustainable,"可持续的,可以忍受的,可支撑的",3
4956,devil,"魔鬼,家伙,淘气鬼,冒失鬼,虐待，折磨,（用扯碎机）扯碎,（替作家，律师等）做助手,抹辣味料烤制或煎煮",3
4957,bolt,"螺栓，螺钉,闪电，雷电,门闩,弩箭,筛选,囫囵吞下,（把门、窗等）闩上,突然说出，脱口说出,（门窗等）闩上，拴住,冲出，跳出,（马等的）脱缰,突然地,像箭似地,直立地",3
4958,cargo,"（船或飞机装载的）货物,负荷，荷重",3
4959,spine,"脊柱,脊椎,（动植物的）刺,书脊",3
4960,seller,"卖者，卖方,销售者，销售商,销售物",3
4961,skilled,"熟练的，有技能的,需要技能的,娴",3
4962,managing,"管理的，节约的,使用( manage的现在分词 ),完成（困难的事）,经营,明智地使用（金钱、时间、信息等）",3
4964,marine,"海的,海产的,海军的,海事的,水兵,海军陆战队士兵,海事，海运业",3
4965,dock,"码头,被告席,草本植物,尾巴的骨肉部份,（使）船停靠码头,剪短（尾巴等）,削减，缩减（工资等）,在…设置船坞,入船坞",3
4966,organized,"有组织的，有条理的,组织( organize的过去式)",3
4967,fog,"雾,烟雾,迷惑,割后再生的草,以雾包围,使模糊,使迷惑,为雾笼罩,朦胧,照片（模糊）",3
4968,diplomat,"外交官,有外交手腕的人,善于交际的人,处事圆滑机敏的人",3
4969,boring,"无聊的，无趣的,令人厌烦的,单调的，乏味的,钻孔,钻屑,令人厌烦(bore的现在分词)",3
4970,sometime,"将来某个时候,过去某个时候,改天,来日,（指某人曾经是…）从前的，一度的,某一时间的",3
4971,summary,"摘要，概要,总结，一览,概括的，总结的,即刻的，立即的",3
4972,missionary,"传教士,宣传者,传教（士）的",3
4973,epidemic,"流行病,迅速的传播、生长或发展,风尚等的流行,流行性的,极为盛行的",3
4974,fatal,"致命的，攸关的,毁灭性的，严重的,命中注定的,重大的",3
4975,trim,"修剪,整理,装饰,整齐的，整洁的,修长的,苗条的,整齐,健康状态,装束,削减",3
4976,warehouse,"仓库，货栈,批发商店,福利库,把…放入或存入仓库,把…存入保税仓库,不良安置",3
4977,accelerate,"（使）加快，（使）增速,加速，催促,促进,速度增加,加快，加速",3
4978,butterfly,"蝴蝶,蝶泳,轻浮的人,游手好闲的人,切开摊平",3
4979,bronze,"青铜,青铜色,铜牌,青铜艺术品,深红棕色的，青铜色的,青铜制的,镀青铜于,变成青铜色，被晒黑",3
4980,drown,"淹死,浸没,麻痹某人对…的意识,（一声音）淹没（另一声音）",3
4981,inherent,"固有的，内在的,天生",3
4983,nationwide,"全国范围的,全国性的,在全国范围内,就全国而论",3
4984,spit,"吐，吐出,唾沫,口水,烤肉叉,吐痰，吐口水,发出劈啪声",3
4986,kneel,跪，下跪,3
4987,vacuum,"真空,空白,空虚,清洁,用真空吸尘器清扫",3
4988,selected,"经由选择的，挑选的,选择，挑选( select的过去式和过去分词 )",3
4989,dictate,"口述,命令，指示,使听写,控制，支配,命令",3
4990,stereotype,"陈规旧习，旧规矩,固定的形式,铅版,铅版制版法，铅板印刷,使成陈规,把…浇铸成铅版,使用铅版,使固定",3
4991,sensor,传感器，灵敏元件,3
4992,laundry,"洗衣店，洗衣房,洗好的衣服,待洗的衣服,洗熨",3
4993,manual,"用手的,手制的，手工的,[法]占有的,体力的,手册,指南,[乐]键盘,[军]刀枪操练",3
4994,pistol,"手枪,用手枪射击",3
4995,naval,（有）海军的，军舰的，船的,3
4996,plaintiff,<律>原告,3
4998,middle-class,"[]  [],中层社会的，中产阶级的",3
4999,apology,"道歉认错，愧悔,正式辩解，正式辩护,解释,〈口〉临时凑合的代用品",3
5001,bore,"令人厌烦,钻孔,用钻、挖或掘的方式打通,挖洞,稳步前进,挤过去,使人讨厌的人[物],高潮,膛径，口径,钻子",3
5002,beloved,"被热爱的,亲爱的,为…所爱的,心爱的人，可爱的人,情人,亲爱的教友",3
5003,website,[通信]网站,3
5004,entertain,"热情款待,使有兴趣,抱着，怀有,考虑",3
5006,smoking,"吸烟，抽烟,冒烟( smoke的现在分词),抽烟,用烟熏制,吸（烟）",3
5007,bizarre,"离奇的,奇特的（指态度，容貌，款式等）,奇怪的,奇幻",3
5008,overseas,"在[向]海外，在[向]国外,（在）海外的，（在）国外的,（向或来自）外国的",3
5009,tribute,"致敬,悼念,贡品,体现",3
5010,retrieve,"取回,恢复,[计]检索,重新得到,找回猎物,恢复，挽回",3
5011,devise,"设计,发明,策划,想出,遗赠,遗赠的财产,遗赠的条款",3
5012,bomber,"轰炸机,投弹手",3
5014,nominate,"提名…为候选人,任命,挑选,指定（时间、日期、名称等）",3
5015,bargain,"契约，协定,交易,特价商品,便宜货,做交易,讨价还价,达成协议",3
5016,skeptical,怀疑性的，好怀疑的，<口>无神论的,3
5017,scrutiny,"细看，细阅,仔细的观察,监督",3
5018,suppress,"镇压，压制,止住，忍住,禁止发表,阻止…的生长（或发展）",3
5020,brass,"黄铜,铜管乐器,钱,黄铜饰品（尤指马挽具上的黄铜圆片）,〈英〉付（款）,[冶]把…包铜,〈口〉无耻地胡搞",3
5021,considering,"考虑到，就…而论,〈口〉细想起来，认真说，委实,考虑( consider的现在分词)",3
5023,unfortunate,"不幸的，倒霉的,不吉利的,不成功的,可惜的，可叹的,不幸的人",3
5024,anchor,"锚,锚状物,靠山,压阵队员,抛锚，抛锚泊船,使固定，使稳固,使稳定,在…任节目主持人,抛锚，停泊,固定,[体]任主要运动员,主持节目,最后一棒的，末捧的",3
5026,zero,"（数字）0,零度,全无的，没有的,聚焦，集中",3
5027,extract,"提取,（费力地）拔出,选取,获得",3
5028,intensive,"加强的，强烈的,[农]精耕细作的,[语]加强语意的,（农业方法）集约的,加强器,[语]强义词，强调成份",3
5029,betray,"对…不忠,背叛,出卖,泄露",3
5030,consistency,"连贯,符合,前后一致,浓度",3
5032,videotape,"录像带，录影带,把…录在录像磁带上",3
5033,developed,"先进的,发达的（国家或地区）",3
5034,bureaucracy,"官僚主义,官僚机构,官僚政治",3
5035,clever,"聪明的，灵巧的,英俊的，风采优雅的,性情温良的,油腔滑调的",3
5036,interactive,"互相作用的，相互影响的,[计]交互式的,互动的,交互式视频设备",3
5037,loser,"受损失者,失败者,屡屡失败的人（尤指评价较低者）,屌丝",3
5038,challenging,"挑战性的,引起兴趣的,令人深思的,挑战，质疑(challenge的现在分词)",3
5039,skiing,"滑雪（运动）,滑雪( ski的现在分词 )",3
5040,critique,"评论文章，评论,批评，批判,发表评论,批判",3
5041,congregation,"（教堂里的）会众,集会,集合,人群",3
5042,delicious,"美味的，可口的,有趣的,喷香",3
5043,aboard,"在（船、飞机、车）上，上（船、飞机、车）,上车,在船（或飞机、车）上，上船（或飞机、车）,靠船边,在船上,在火车上",3
5044,reproduce,"复制，重现，再版,生殖，繁殖,使再次发生,再现",3
5046,compassion,"怜悯，同情,恻隐之心",3
5047,iranian,"伊朗的,伊朗人",3
5050,gop,Grand Old Party 大老党（美国共和党的别称）,3
5051,worm,"虫，蠕虫,（昆虫的）幼虫,寄生虫,懦夫,蠕动，曲折行进,给（动物）驱肠虫,使缓慢前进",3
5052,beneficial,"有利的，有益的,[法]可享受利益的",3
5053,awkward,"令人尴尬的,难对付的,不方便的,笨拙的",3
5054,legendary,"传说的,传奇的,极其著名的,传说集,[宗]圣徒传",3
5055,complication,"[医]并发症,错杂，纠纷,混乱，精神错乱",3
5056,marijuana,"大麻，大麻毒品,野生烟草",3
5057,restoration,"（规章制度等的）恢复,复原,（遗失等物的）归还原主,整修",3
5058,composer,"（尤指古典音乐）作曲家,调停人,设计者",3
5059,concession,"让步，迁就,（尤指由政府或雇主给予的）特许权,租借地,承认或允许",3
5060,militia,民兵组织，民兵,3
5061,authentic,"真的，真正的,可信的，可靠的,有根据的,[法]认证了的",3
5062,tenure,"占有（职位，不动产等）,占有期,终身职位",3
5063,rejection,"拒绝,摒弃,剔除物,<医>排斥",3
5064,thief,"小偷，盗贼,<口>（使蜡外流的）蜡烛心结的烛花",3
5065,dome,"圆屋顶,像圆屋顶一样的东西,圆顶体育场,加圆屋顶于…上,成圆顶状",3
5066,inadequate,"不充足的,不适当的,不足胜任的,信心不足的",3
5067,locker,"寄物柜,上锁的人,小橱,冷藏间",3
5068,editorial,"编辑的，主笔的,〈美〉社论的,社论（美）",3
5069,autumn,"秋,秋天,成熟期,渐衰期,秋天的,秋季的",3
5070,subsequently,"其后，随后，接着,“subsequent”的派生,嗣后,尔后",3
5071,faithful,"忠实的,忠诚的,正确的,信徒",3
5072,merger,"（两个公司的）合并,联合体,吸收",3
5073,haunt,"时常萦绕心头，使困窘,常去,以鬼魂形式出现,时常出现在，弥漫,尤指鬼魂重回或常去,〈方〉鬼或其它超自然物体,常去的地方",3
5074,crude,"粗糙的，粗杂的,粗鲁的,天然的，未加工的,简陋的,原[生]材料，天然物质,原油",3
5075,sheriff,"州长,执行吏,治安官",3
5076,vague,"模糊的,（思想上）不清楚的,（表达或感知）含糊的,暧昧的,模糊不定状态",3
5077,trader,"商人,商船,交易者",3
5078,evoke,"产生，引起,唤起",3
5079,pal,"朋友,老兄，兄弟,小子,（对男子的不友好的称呼）家伙,（和某人）结伴，共度时光,成为（某人的）朋友",3
5081,completion,"完成，结束,实现,[数]求全法,期满",3
5082,vein,"静脉,[地]矿脉，岩脉,[植]叶脉,气质，倾向,使有脉络,使有纹理,象脉络般分布于",3
5083,scar,"伤痕,精神上的创伤,有损外观的地方,砏岩，露岩，断崖，峭壁,使留下伤痕,使留下长久性伤害的痕迹,结疤,留下疤痕",3
5085,surrender,"投降,屈服,自首,使投降,放弃,交出,听任,（保险的）解约",3
5086,surge,"汹涌,大浪，波涛,起大浪，蜂拥而来",3
5087,affirmative,"肯定的,赞成的，同意的,积极的，乐观的,肯定词，肯定语,正方,确言，赞成",3
5088,inspect,"检查，检验,视察,进行检查,进行视察",3
5090,commentary,"解说词,评论，评注,注释，注解,个人生平传记",3
5091,sailor,"水手，海员,驾船人",3
5092,variance,"变化，变动,不一致,分歧,<数>方差",3
5093,follower,"追随者，拥护者,信奉者，信徒,仆人,属下",3
5094,imperial,"帝国的，皇帝的,皇家的，庄严的,特级的,度量衡英制的,纸张尺寸，通常是23×23英寸,特大号，特级品,一小绺胡须,马车的车顶",3
5095,suspension,"悬浮,暂停,悬架,悬浮液",3
5097,caller,"呼叫者,召集者,访问者,打电话者,新鲜的",3
5098,ranking,"社会地位，社会阶层,顺序，次序,行列,军队,头等的,高级的,超群的",3
5099,compensate,"补偿，赔偿,报酬,抵消,补偿，弥补",3
5100,making,"制造,产生的过程,成功改进的手段,原料，材料,“make”的现在分词",3
5101,fossil,"化石,僵化的事物,老顽固，食古不化的人,习语中保存的旧词,化石的,陈腐的，守旧的",3
5103,stunning,"令人晕倒（吃惊）的，震耳欲聋的,极好的，出色的,令人震惊的,击晕(stun的现在分词)",3
5104,hover,"盘旋,徘徊,犹豫",3
5106,trout,"鲑鳟鱼,钓[捕]鳟鱼",3
5107,inappropriate,"不恰当的，不适宜的,不合适,不宜,不妥",3
5108,fuck,"与（某人）性交,（表示气愤、厌恶、惊奇的粗话）他妈的,性交,杂种，讨厌透顶的人,一丁点儿,鬼混,乱弄（常与with连用）,不公道地（或粗暴地、生硬地）对待,欺骗,（笨手笨脚地）搞坏,粗制滥造（常与up连用）,他妈的，滚开，混账（常后接you）",3
5109,viable,"切实可行的,能养活的,能自行生产发育的,有望实现的",3
5110,ray,"（热或其他能量的）射线,光束，光线,微量,伞形花序柄,放射,照射,（思想，希望等）闪现,发光",3
5111,cowboy,"牛仔,牧童,富有冒险精神的英雄,[俚语]莽撞的人",3
5112,sketch,"草图,素描,梗概,草拟,速写,简述",3
5113,clarify,"使清楚，澄清,（尤指通过加热使黄油）纯净,说明,使（头脑、神智等）清醒,（液体）变得澄清,净化,变得清楚",3
5114,chat,"聊天,闲谈,参加网络闲聊,（尤指非正式的）谈话,鸣禽,[植] 柔荑花序（如柳絮）,与…攀谈,与…搭讪（或调情）",3
5115,countless,"无数的，多得数不清的,恒河沙数,指不胜屈,数不胜数",3
5117,copper,"铜,铜币,紫铜色,警察,铜制的,镀铜",3
5118,upcoming,"即将来到的，即将出现的,即将到来",3
5119,ninth,"第九,九分之一,第九的,九分之一的",3
5120,pupil,"学生,[解]瞳孔,未成年人,[法]被监护人",3
5123,strive,"努力奋斗，力求,斗争，力争",3
5124,lyrics,歌词,3
5125,neglect,"疏忽,忽略,遗漏,疏于照顾,玩忽,被忽略的状态,怠慢",3
5126,gambling,"赌博，赌钱,冒险,投机,赌博，冒风险(gamble的现在分词)",3
5127,ward,"病房，病室,监视，监督,保卫,[法]受监护人,监护，守护,挡住，架住,避开,收容",3
5128,warfare,"战争，战争状态,斗争，冲突,军事行为,兵火",3
5129,mound,"土堆，土丘,堆,[考古学] 坟墩,[棒球] 投球区土墩",3
5130,medieval,中古的，中世纪的,3
5131,rob,"抢劫,抢夺，掠夺,非法剥夺,使丧失,掠夺",3
5132,learner,学习者，初学者,3
5133,reasonably,"明辨道理地,合理地,有理性地,相当地",3
5135,bang,"猛击,猛撞,巨响,爆炸声,猛击，猛撞,发出砰的一声，砰砰作响，砰地敲[推，扔],男性和（女性）性交,正好，完全地",3
5136,knot,"结，绳结，结节，（装饰用的）花结，蝴蝶结,[航]节(=浬/小时)，浬，海里,（树木或木材上的）节疤，（人或动物身上的）硬块，节，瘤,难事，难题，麻烦事，（问题的）要点，（戏剧，小说的）情节的征结,把…打结，把…连结，捆扎，包扎,使密切结合,使纠结,皱（眉）",3
5138,dragon,"龙，龙船,[D-][天文学]天龙（星座）,[口语、贬义]脾气暴躁的人",3
5139,advocacy,"支持,辩护,辩护术,辩护业",3
5140,tilt,"使倾斜,（在马上）拿枪扎,抨击，攻击,倾斜,〈美〉有倾向性，偏袒,抨击,倾斜，歪斜,斜坡，坡度,马上刺枪比赛,跳动锤，落锤",3
5141,monetary,"货币的，金钱的,钱的（尤指一国的金融）,金融的,财政的，财政（上）的",3
5142,prosperity,"繁荣,兴旺，昌盛,成功",3
5143,antibiotic,"抗生素,抗菌素,抗生的,抗菌的,抗菌作用的,抗生素的",3
5147,creator,创造者，创作者,3
5148,accumulate,"堆积，积累,（数量）逐渐增加，（质量）渐渐提高",3
5149,biologist,生物学家,3
5150,electoral,"选举的，选举人的,[史]选帝侯的",3
5151,fishery,"渔业，水产业,渔场,水产公司,捕鱼权",3
5152,prosecute,"控告,起诉,继续从事,担任控方律师",3
5153,embody,"表现，象征,包含，收录,使具体化,[军]组编",3
5155,rug,"小块地毯,〈英〉（围盖膝的）围毯，车毯,〈美俚男子假发",3
5156,dull,"钝的,迟钝的,呆滞的,阴暗的,缓和,减轻,使阴暗",3
5157,intervene,"阻碍,出面,插嘴,介于…之间",3
5158,raid,"（骑兵队等的）急袭，突然袭击，突击，（军舰等的）游击,劫掠，劫夺，（盗贼，狐等的）侵入,突然查抄[搜捕]，围捕,对…进行突然袭击,进行奇袭,突然袭击[抢劫],突然搜查,劫掠,打劫",3
5159,glow,"发光，灼热,脸红,洋溢，喜形于色,白热，炽热,色彩鲜艳，尤指红光,激情,热烈",3
5160,crown,"王冠,花冠（有时象征胜利）,王权,（某物的）顶部,（尤指通过增添成就、成功等）使圆满,为…加冕,使圆满完成,给…以荣誉,露顶",3
5161,fake,"伪造,篡改,对…做手脚,仿造,假装,骗子,冒牌货，赝品,[体]假动作,冒充，诈骗,假的，冒充的",3
5162,illustration,"说明,例证,图解,插图",3
5163,crab,"蟹，蟹肉,阴虱,脾气乖戾的人,[植]沙果，沙果树,捕蟹,发牢骚，抱怨,偏航,发脾气,破坏,使偏航",3
5164,creep,"爬行，匍匐,缓慢地行进,爬行，蠕动,虫爬着似的感觉，毛骨悚然,卑鄙小人，谄媚者",3
5165,worthy,"应得某事物,值得做某事,可尊敬的,配得上的，相称的,杰出人物，伟人",3
5166,satisfied,"满意的，满足的,清偿过的,确信的，毫无疑问的,使满意( satisfy的过去式和过去分词)",3
5167,hydrogen,<化>氢,3
5168,capitalism,"资本主义（制度）,资本（或财富）的拥有,资本（私人占有和生产盈利）的支配地位",3
5169,farming,"农事，耕作,饲养（家禽）,（租税等的）包收,耕种，出租(farm的ing形式)",3
5170,probability,"可能性,几率，概率,或然性",3
5171,vinegar,"醋,乖戾，尖酸刻薄,<口>充沛的精力",3
5172,advisory,"劝告的，忠告的,提供咨询的,顾问的,报告,公告",3
5173,organizer,"组织者，编制者，发起人,[生]形成体,〈口〉公文柜，（分类记事的）备忘记事簿,[计]整理器",3
5175,remedy,"治疗法,补救办法,纠正办法,（硬币的）公差,改正，纠正，改进,补救,治疗",3
5176,manuscript,"手稿,原稿,底稿,手写本,手写的，手抄的",3
5177,inability,"无能，无力,无才能,无能为力",3
5178,smash,"打碎,撞击,猛扣（球等）,被击碎,扣球，抽杀",3
5179,hopeful,"抱有希望的,给人以希望的,有成功希望的人",3
5180,disagreement,"分歧，意见不合,异议，争论,不一致,不适合",3
5181,fancy,"想像,设想,想要,猜想,想像力,爱好,怪想,（构思者）奇特的,昂贵的,（价格等）高价的,[美国俚语]真棒,想象，幻想",3
5182,mandatory,"强制的,命令的,受委托的,受托者",3
5183,morality,"道德,道德准则,品德高尚的行为,道德观",3
5184,dive,"潜水,跳水,急剧下降,（头朝下）跳入水中,俯冲，（潜艇）下潜,（气温，股价等的）暴跌，跳水,突然下降，暴跌",3
5185,purely,"完全地，十足地,纯粹地,纯洁地，贞淑地",3
5186,soda,"苏打,碳酸钠,苏打水，汽水,苏打点心",3
5188,advertise,"做广告，做宣传,通告，通知,宣扬,登广告，做广告,做宣传",3
5190,shiny,"发光的，光亮的,闪耀的,磨亮的,磨损的",3
5191,bass,"低音歌唱家，低音乐器,[鱼]欧洲鲈鱼,[植]椴树，椴属树木，美洲椴木,低音的",3
5192,memo,"备忘录,（美）内部通知",3
5193,lesser,"较小的,较少的,次要的",3
5194,stun,"击晕，使昏厥,使震聋,使目瞪口呆,使大吃一惊,打击，刺激",3
5195,junk,"废旧物品，破烂物,中国式平底帆船,便宜货，假货,废话，哄骗,丢弃，废弃,把…分成块",3
5196,devoted,"献身的,忠诚的,挚爱的,专心的,献身于…,致力于…(devote的过去分词)",3
5197,manufacture,"制造，生产,捏造，虚构,加工,从事制造,制造,制成品，产品,工业，工厂,（文学作品等的）粗制滥造",3
5199,poorly,"穷困地,差劲地,看不起地,身体不舒服的,健康欠佳的",3
5200,affection,"喜爱，慈爱,情感或感情,意向,疾病，病情",3
5201,mature,"（人、树木、鸟或动物）成熟的,仔细考虑过的,到期（应该支付）的,成年人的,成熟，长成,（票据等）到期,使…成熟,使…长成,慎重拟定（计划等）",3
5202,stamp,"邮票,标志，印记,跺脚,特征,盖章于…,贴邮票于…,标记,用脚踩踏,捣碎",3
5204,silently,"寂静地，沉默地,闷头儿",3
5206,colored,<美>有色的，彩色的,3
5207,warming,"（比赛前的）准备动作的，热身的,加温，升温,（使）变暖，被加热，暖和起来( warm的现在分词 ),（使）变得更友好，变得更可爱",3
5208,philosopher,"哲学家，哲人,思想家，学者,豁达的人,爱卖弄大道理者",3
5209,clutch,"抓紧,紧握,抓住,抓取,试图抓住,踩离合器,紧要关头的,没有手提带的,紧抓,控制,离合器,紧要关头",3
5210,breakdown,"崩溃，倒塌,损坏，故障,分解,垮，衰竭",3
5211,conceal,隐藏，隐瞒，遮住,3
5214,monitoring,"监视,控制,监测,追踪",3
5215,kidney,"肾，肾脏,（可食用的动物的）腰子,脾气，性格",3
5216,curl,"一绺鬈发,卷曲物,螺旋状物,（指头发）拳曲,（使）弯曲,（使）卷曲,盘旋,缠绕,撅起嘴唇,撇（嘴）,（使）呈螺旋（或卷曲）状移动,（使）旋绕",3
5218,healing,"康复，复原,有治疗功用的,（使）愈合( heal的现在分词 ),治愈,（使）结束,较容易忍受",3
5219,nineteenth,"第十九,十九分之一,第十九的,十九分之一的",3
5220,goodness,"良好,善良,精华,上帝,天哪，哎呀",3
5221,geography,"地理（学）,地形，地势,布局",3
5222,destiny,"命运,天命，天数,命运的三女神,主宰事物的力量",3
5223,remarkably,引人注目地，明显地，非常地,3
5225,literacy,"识字,有文化,能读能写,精通文学",3
5226,taxi,"出租车,滑行,乘出租车,（指飞机）在地面或水面滑行,用出租车运送,使滑行",3
5227,leak,"漏出,透露,（指消息，秘密等）泄密,漏电，漏水,使泄露,<非正式> 擅自公开,泄漏，漏洞,裂缝,漏出物,（俚语）撒尿",3
5228,solo,"独唱（曲），独奏（曲）,单飞,单人表演,单独的,独自地,独唱的,独奏的,单独地，独自地",3
5230,australian,"澳大利亚人,澳大利亚的,澳大利亚人的",3
5231,trillion,"万亿,兆,[英]百万兆,大量,万亿的,数万亿",3
5232,loving,"爱的，表示爱意的，亲爱的,亲爱地,爱,慈爱,爱，热爱(love的现在分词),喜爱,喜好,喜欢",3
5233,homicide,"杀人（行为）,杀人犯,杀人罪",3
5234,parliament,议会，国会,3
5235,herd,"兽群,牧群,放牧人,<蔑>群众，民众,群集，纠结,放牧,（使）向…移动,使成群",3
5236,greenhouse,"温室，花房,[军]<俚>周围有玻璃的座舱，轰炸员舱",3
5238,biblical,"圣经的,依据圣经的",3
5239,passionate,"热烈的,激昂的,易怒的,易被情欲所支配的",3
5240,expenditure,"花费，支出,费用，经费,（尤指金钱的）支出额,（精力、时间、材料等的）耗费",3
5241,probe,"[医]（对伤处等的）针探，探查,[医]探针，取样器,探头,探测仪,探索，调查,用探针（或探测器等）探查，探测,盘问,（用试探性袭击等）侦察（敌情）,用尖物刺穿（物件）,用力使向前推进",3
5242,pipeline,"管道,输油管道,渠道，传递途径,（通过管道）运输，传递,为…安装管道",3
5244,psychiatrist,"精神病专家，精神病医生,精神病医生",3
5246,atom,"原子,原子能,微粒，微量",3
5247,snack,"快餐，点心,加餐,吃快餐",3
5248,hood,"兜帽,头巾,车篷,引擎罩,罩上,覆盖",3
5249,ending,"结局,结束,终结,最后部份,结束，终止(end的现在分词)",3
5250,migrant,"候鸟,移居者，移民,随季节迁移的工作者,迁移动物,移居的,流浪的,同“migratory”",3
5251,positively,"明确地,断然地,肯定地",3
5252,charming,"迷人的，可爱的,英俊的，潇洒的,令人陶醉的,使高兴,使陶醉，使着迷",3
5253,baking,"烘焙，烘烤,一次烘焙的量,烤，烘焙,（将某物）烤硬,烘干，使灼热,烘烤的,灼热的",3
5254,supplement,"增补，补充,补充物,增刊，副刊",3
5255,ink,"墨水，油墨,（乌贼分泌的）墨液,给…上油墨（以供印刷、签订合同等）,签名（在…上）,涂油墨",3
5256,distress,"悲痛,危难，不幸,贫困,[法]扣押财物,使痛苦，使忧伤,[法]扣押（财物）,使贫困",3
5257,competence,"能力,技能,相当的资产",3
5258,adaptation,"适应，顺应,改编，改编本,适应性的改变,同化",3
5259,oscar,"奥斯卡,奥斯卡金像,奥斯卡金像奖",3
5260,imagery,"比喻，形象化的描述,意象,〈集合词〉像，肖像，画像，雕像,塑像术",3
5261,addiction,"入迷，嗜好,上瘾,吸毒成瘾,癖好",3
5262,pledge,"保证，誓言,[法]抵押权,公约,（表示友谊的）干杯,使发誓，保证,典当，抵押,许诺,用…担保,以誓言约束,向…祝酒,作出庄重有约束力的誓言,祝愿，祝酒",3
5263,paradigm,"范例，样式，模范,词形变化表",3
5264,homeowner,自己拥有住房者，（住自己房子的）私房屋主,3
5265,memorial,"纪念碑，纪念物,纪念仪式,纪念的,悼念的",3
5267,hierarchy,"[计]分层，层次,等级制度,统治集团,天使的级别或等级",3
5268,infect,"使受影响，感染,传染，散布病毒，侵染,（电脑病毒）使（电脑的）存储器[数据]受到感染",3
5270,backward,"向后的,反向的,怯生生的,落后的,向后地,相反地,回溯地",3
5272,offend,"触怒,得罪，冒犯,使反感令人不适,犯规，触犯",3
5273,appetite,"欲望,胃口，食欲,嗜好，爱好",3
5275,sympathetic,"同情的，有同情心的,赞同的,相投合的，称心的,〈口〉抱好感的",3
5276,reconstruction,"重建,再现,重建物,复原物",3
5277,condom,"（男用）避孕套，保险套,（女用）避孕套",3
5278,hostility,"敌意，敌对状态,战争行动,愤怒反对，愤怒反抗",3
5279,temporarily,"暂时地,临时地",3
5281,litigation,"<律>打官司,诉讼",3
5282,spectator,观众，旁观者,3
5283,bleed,"使出血,勒索，敲诈,流血,散开,给（某人）放血,放掉气体或水（以使某物运行正常）,长期榨取（某人的钱）,[印]出血版",3
5284,comet,"[天]彗星,孛",3
5285,explicitly,明白地，明确地,3
5286,ensemble,"全体,<音>合奏,全套服装,总效果",3
5288,choke,"阻止，扼止,填塞,使窒息,哽咽,窒息，哽咽,拥塞,（车辆发动机的）阻风门",3
5289,saint,"圣人般的人（指特别善良、仁爱或有耐性的人）,圣…（冠于人名、地名之前）,（因其生死言行而被基督教会追封的）圣人,圣徒,成为圣徒,把…视为圣徒",3
5290,cocktail,"鸡尾酒,餐前开胃菜,混合物,鸡尾酒的,（女服）在半正式场合穿的",3
5292,part-time,"兼职的,部分时间的,兼职地,用部分时间地",3
5293,twenty-five,[]  [],3
5294,pea,"豌豆，豌豆类,豌豆状物,〈美俚〉棒球",3
5295,pesticide,杀虫剂，农药,3
5296,delegate,"代表，代表团成员,委派代表,授权给,[法律]债务转移",3
5297,tremble,"发抖,焦虑,颤动,轻轻摇晃,震颤，发抖,颤动，震动,摇晃,战栗,使挥动,用颤抖的声音说出,焦虑，担忧",3
5298,preservation,"保存，保留,保护,防腐,维护，保持",3
5299,cautious,"小心的，谨慎的,兢,恮,持重",3
5301,rotation,"旋转，转动,轮流，循环,[农]轮作,[天]自转",3
5303,affordable,付得起的,3
5304,prejudice,"成见，偏见，歧视,侵害,伤害,使有偏见,不利于，损害",3
5305,certificate,"证明书,文凭，结业证书,发给证明书,用证书证明（或认可）",3
5308,robe,"礼服,法衣,睡袍,长袍,（使）穿上长袍（或浴衣等）,覆盖、穿上",3
5310,designate,"指明，指出,指派,表明，意味着,把…定名为,指定而尚未上任的,选出而尚未上任的",3
5311,abruptly,"突然地,意外地,（言谈举止）唐突地,<地质>陡起地",3
5313,mercy,"宽容,怜悯,幸运,侥幸",3
5314,rookie,"新手,新队员",3
5317,classmate,"（同班）同学,级友",3
5319,cult,"狂热的崇拜,宗教信仰,邪教,受特定群体欢迎的,作为偶像崇拜的",3
5320,acute,"尖的，锐的,敏锐的，敏感的,严重的，剧烈的,[医]急性的",3
5321,motel,汽车旅馆,3
5322,hatred,"仇恨，憎恶,敌意",3
5323,diameter,"直径，直径长,放大率",3
5324,nursing,"护理，看护,养育,护理( nurse的现在分词),照料,喂,吃奶,领养（孩子）的,被领养的",3
5325,predecessor,"前任，前辈,原有事物，前身,<古>祖先",3
5326,induce,"引诱,引起,[电]感应,归纳",3
5328,enlist,"征募,赢得…的支持或合作,赞助,应募，入伍,积极参与",3
5329,disclosure,"（发明等的）公开,泄露，揭露,开诚布公的话,被公开的事情，被披露的秘闻",3
5330,juvenile,"少年的,幼稚的，年少无知的,幼稚的,青少年,扮演少年角色的演员,少年读物,羽毛未丰的鸟，雏鸟",3
5333,gown,"长袍，长外衣,女长服,罩袍,大学的学生和教师,穿长袍",3
5334,notably,"“notable“的派生,显著地,尤其",3
5336,halt,"停止，中止,暂停,小火车站,使停止,使中断,阻止,使立定,停止，立定,犹豫",3
5337,persistent,"持续的,坚持不懈的,持久的,坚持不渝",3
5338,correlate,"使互相关联,联系,相关物,相关联的人,相关的,相应特点的",3
5339,humanitarian,"人道主义的,博爱的,慈善的,人道主义者,慈善家,博爱主义者",3
5341,exile,"放逐，流放,使背井离乡,流放，放逐，流亡,长期离家[出国],被流放者，背井离乡者",3
5342,roar,"咆哮,喧闹,吼叫,混乱或吵闹,大声喊出,使…轰鸣,吼，咆啸,吼叫声，咆哮声，呼啸声,狂笑，大笑",3
5343,torture,"拷问,折磨,痛苦,（精神上或肉体上的）折磨,使痛苦,使苦恼,使焦急,曲解",3
5344,architectural,"建筑学的,建筑上的,有关建筑的,符合建筑法的",3
5345,chorus,"合唱,合唱队,（歌曲的）副歌,合唱歌（曲）,齐声背诵,异口同声地说",3
5346,fountain,"人造喷泉，喷泉水,泉源,液体贮存器，汽水桶，冷饮柜,源头，来源",3
5347,revive,"使复活，使恢复,使振奋，复原,使再生，使重新流行,唤醒，唤起,复苏，恢复,振作，恢复,再生，重新流行,再生效力",3
5348,endangered,"快要绝种的,危及，使遭受危险( endanger的过去式和过去分词 )",3
5349,comic,"喜剧的,滑稽的，好笑的,连环画的,连环漫画,喜剧演员,滑稽人物,滑稽新闻",3
5350,reside,"住，居住，（官吏）留驻，驻在,（性质）存在，具备，（权力，权利等）属于，归于",3
5351,revenge,"报仇，报复,为…报仇，报…之仇",3
5352,unclear,"不清楚的,不明白的,含糊不清",3
5353,sour,"有酸味的,敌对的,坏脾气的,别扭的,变酸，变馊,发酵,厌烦,败坏,变坏，恶化,使变酸,使失望,使不毛,酸味,苦事",3
5354,caution,"小心,警告,〈英〉担保,〈口〉须警惕的事或人,提醒",3
5355,originate,"引起,创始，创作,开始，发生,发明,起源于，来自,产生,起航",3
5356,empirical,"凭经验的,经验主义的,以观察或实验为依据的",3
5357,lure,"吸引力，魅力,诱惑物,诱饵,吸引，引诱,用引诱物召回（猎鹰）",3
5358,compile,"汇编,编辑,编制,编译",3
5359,nationally,"在全国范围内，全国性地,作为整个民族",3
5360,erupt,"爆发,喷发,突然发生,出疹",3
5361,graphic,"图解的，用图表示的,用文字表示的,形象的，生动的",3
5362,loom,"织布机，织布法,若隐若现的景象,桨柄,[航]翼肋腹部,朦胧出现,隐约地出现,赫然耸现,迫在眉睫",3
5363,witch,"女巫，巫婆,<贬>讨人嫌的丑女人,迫害的对象,施巫术",3
5364,endorsement,"背书,担保,认可",3
5365,notable,"值得注意的,显著的,著名的,名人,显要人物",3
5366,dusty,"布满灰尘的,尘状的,浅灰色的,枯燥无味的",3
5369,cane,"手杖,（植物的）茎,棍棒，棒,藤条，藤料,用苔杖打,用藤（或竹等）编制（椅等）",3
5370,fortunate,"侥幸的，幸运的,带来幸运的，吉利的,有好运的人",3
5372,forge,"锻造车间,熔铁炉，锻铁炉,铁匠铺，铁匠工场,锻制，锻造,伪造,犯伪造罪,锻造,捏造，编造,制订",3
5374,disrupt,"使混乱,使分裂，使瓦解,破坏,使中断,混乱的,分裂的，中断的,瓦解的",3
5375,commerce,"商业,商务,贸易",3
5376,aging,"老化,老龄化,（酒等的）陈化,熟化,使变老,（使）长大( age的现在分词 ),使显老,使苍老",3
5377,rap,"突然说出,（公开地）严厉批评,突然大声说出,连续敲叩,（轻快的）敲击（声）,说唱音乐,说唱歌,速度快的谈话",3
5378,surgical,"外科的，外科手术的,（服装）治疗用的",3
5379,breakthrough,"突破,穿透,重要技术成就,炉衬烧穿",3
5380,specialized,"专门的,专业的,专用的,专攻(specialize的过去式和过去分词)",3
5381,established,"已建立的,已设立的,已制定的,确定的,建立( establish的过去式和过去分词),确定,[植物学]使（植物）定植,使成为",3
5382,lobbyist,说客,3
5383,desirable,"令人满意的,值得拥有的,可取的,性感的,称心如意的人[东西]",3
5384,slim,"苗条的，纤细的,微小的,细长的,无价值的,使苗条,减肥",3
5385,remains,"遗骨，遗体，残骸，残余，遗迹,废墟，遗址，遗迹，剩余（物），余额,留下( remain 的第三人称单数),保持,留待,仍然是",3
5386,allege,"断言，宣称，辩解,提出…作为理由",3
5388,alert,"警觉的，警惕的，注意的,思维敏捷的,活泼的,警报,警戒状态,向…报警",3
5390,attain,"达到，获得,遂愿,经过努力到达某事物,达到，实现,获得,到达,达到",3
5391,countryside,"乡村,郊野,乡下的全体居民",3
5392,hut,"小屋,棚屋,临时营房,牢房,使住临时营房,驻扎",3
5393,sixteen,"十六，十六个,十六岁,十六点钟,十六的记号,十六,第十六,十六的,十六个的",3
5395,holding,"佃户租种的土地,所有物（如土地、债券、股份等）,私有财产,（因其热情、精力或决心等）阻拦不住某人,拿( hold的现在分词),认为,包含,容纳",3
5396,excite,"使兴奋,激发,刺激,使紧张不安",3
5397,dinosaur,"[生]恐龙,守旧落伍的人，过时落后的东西",3
5398,choir,"教堂的唱诗班,唱诗队,公开表演的合唱团,（教堂）唱经楼",3
5401,urgent,"急迫的,催促的,强求的,极力主张的",3
5402,pronounce,"发音，读,宣布，宣称,演讲，讲述,宣判",3
5403,banner,"横幅,旗，旗帜,标语,大字标题,第一流的，第一位的,杰出的,领先的，为首的,突出地支持（某一政党）的",3
5404,rising,"上升的,升起的,增大的,成长中的,（年龄）接近，<美><口>（数量）多于,隆起,起义,叛乱,起义( rise的现在分词 ),升起,（数量）增加,休会",3
5405,insider,"知情人,了解内幕的人",3
5407,confine,"限制,局限于,禁闭,管制,界限，范围,国界",3
5408,assertion,"声称,使用,主张,明确肯定",3
5410,underground,"地下的,秘密的,先锋派的,隐蔽的",3
5411,orthodox,"规范的,公认的,普遍赞同的,正统的",3
5413,payroll,"工资名单,工资总支出，工薪总额",3
5414,odor,气味，名声,3
5415,outbreak,"（战争，怒气等的）爆发,突然发生,爆发",3
5416,grim,"冷酷的，残忍的,严厉的,阴冷的,可怕的，讨厌的",3
5417,winning,"获胜的，赢的,成功的，胜利的,吸引人的,迷人的,获胜,赢得物,备采煤区,win的现在分词",3
5418,strand,"（绳子的）股，绞,海滨，河岸,（思想等的）一个组成部分,使滞留，使搁浅,使陷于困境,搁浅,陷入困境",3
5419,freshly,"新近，刚才,精神饱满地,气息清新地",3
5420,profitable,"有利可图的，有益的,可赚钱的，合算的",3
5421,orchestra,"管弦乐队,管弦乐队的全部乐器",3
5423,drought,"干旱（时期），旱季,旱灾,（长期的）缺乏,枯竭",3
5424,bead,"有孔小珠，念珠,水珠，露珠,珠子项链,用小珠装饰,使成串珠状,形成珠状,起泡",3
5425,uphold,"支持,维持,赞成,支撑",3
5426,commentator,"（电台的）时事评论员，实况广播报导员,注解者，注释者,评论员，解说员,主持[解释]宗教仪式的非教士",3
5431,believer,"信仰者,相信…者",3
5432,hazardous,"冒险的,有危险的,碰运气的,冒险地，有危险地,冒险，危险",3
5433,confirmation,"确认，认可,证实,证明,[宗]坚信礼",3
5434,wireless,"不用电线的，用无线电波传送的,无线电，无线电话系统,无线电接收机或发射机",3
5435,merge,"（使）混合,相融,融入,渐渐消失在某物中",3
5436,proceedings,"诉讼,事项,行径,事件,进程( proceeding的名词复数 ),行动,会议记录",3
5437,shaft,"柄，轴,矛，箭,〈非〉嘲笑,光线,给…装上杆柄,〈俚〉苛刻的对待",3
5438,convenient,"方便的,[废语]适当的,[口语]近便的,实用的",3
5439,accommodation,"住处,适应,便利,和解",3
5440,theft,"偷盗，偷窃,被盗，失窃,盗窃之物，赃物,失窃案例",3
5441,frog,"青蛙,〈侮辱〉青蛙佬，对法国人的蔑称,[交]铁路辙叉,饰扣，挂环",3
5443,vanilla,"香子兰，香草,香子兰荚,香子兰精，香草精,香草的,香草味的,相对没有新意的，普通的",3
5444,grind,"磨碎，嚼碎,折磨,磨快，磨光,咬牙,嘎吱嘎吱地擦,碾，磨,苦差事，苦活儿,〈美〉刻苦用功的学生,研细的程度",3
5445,elected,"（进行）选举( elect的过去式和过去分词 ),推举,选择,决定（做某事）",3
5446,lone,"孤单的,孤独的,人迹稀少的,孤寂的",3
5447,registration,"登记，注册,挂号,登记（或注册、挂号）人数,<音>（管风琴）音栓配合（法）",3
5448,wounded,"负伤的，受了伤（害）的,使受伤，伤害( wound的过去式和过去分词 ),使（心灵）受伤，伤感情,缠绕( wind的过去式和过去分词 ),卷绕",3
5449,prescribe,"指定，规定,建立规定，法律或指示,开处方，给医嘱",3
5450,courtesy,"谦恭有礼，礼貌，请安,有礼貌的举止[言词],承蒙,殷勤的,出于礼节的",3
5451,shotgun,"鸟枪，散弹猎枪,用猎枪的,强迫的，用武力的,漫无目的的",3
5452,subway,"地铁,地下通道",3
5453,circulation,"流通，传播,血液循环,发行量,（某段时间的）社交活动",3
5455,transplant,"移植,移种,移民，迁移,移植（器官、皮肤、头发等）,（器官、皮肤、头发等的）移植,移植物,移植者,迁移,移居,经得起移植",3
5456,explosive,"爆炸的,易爆炸的,突增的,暴躁的,爆炸物，炸药,[语言学] 爆破音",3
5457,congressman,<美>国会议员（尤指众议员）,3
5458,penetrate,"穿透，刺入,渗入,秘密潜入,洞悉，明了,穿透，穿过,进入，渗入,洞悉",3
5459,illuminate,"照亮，照明,阐明，说明,装饰,使灿烂,照亮",3
5460,venue,"犯罪地点，案发地点,会场,（尤指）体育比赛场所,审判地",3
5461,nazi,"（德国的）纳粹党员,纳粹主义,纳粹主义信徒,纳粹党的,纳粹主义的",3
5462,parameter,"[数]参数,<物><数>参量,限制因素,决定因素",3
5463,canal,"运河，沟渠,管道,气管,食道,建运河,疏导",3
5464,grill,"烧烤,拷问，盘问,烤架,烤肉,格板,烧烤餐馆",3
5465,unnecessary,"不必要的，多余的,无用的，无益的,无须",3
5466,champagne,"香槟酒,香槟酒色,平原,平野",3
5467,regression,"衰退,（尤指因催眠或精神疾患，或为逃避目前忧虑）回到从前,回归,（统计学） 回归",3
5468,flaw,"瑕疵，缺点,一阵狂风,短暂的风暴,裂缝，裂纹,使生裂缝，使有裂纹,使无效,使有缺陷,生裂缝,变的有缺陷",3
5469,innocence,"清白,天真无邪,无罪的人",3
5471,evolutionary,进化的,3
5472,optimism,"乐观,乐观主义",3
5474,skinny,"极瘦的，皮包骨的,紧身的,小气的,皮的，皮质的",3
5475,posture,"姿势,看法,态度,立场,做出某种姿势",3
5476,systematic,"有系统的，有规则的,有条不紊的,有步骤的,一贯的，惯常的",3
5477,demon,"魔鬼,恶魔,精力过人的人,邪念",3
5478,resulting,"作为结果的，因而发生的,发生( result的现在分词 ),导致,随着发生,结果发生",3
5479,inclusion,"包含,内含物",3
5480,rehearsal,"排练，排演,彩排，演习,复述，详述",3
5481,reassure,"使安心，使消除疑虑,再对…进行保险,再保证",3
5483,invoke,"乞灵，祈求,提出或授引…以支持或证明,召鬼,借助",3
5484,discard,"丢弃，抛弃,解雇,出牌,被抛弃的人[物],打出的牌,出无用的牌,垫牌",3
5485,tub,"澡盆,桶,矿车,把…装入桶,为…洗盆浴,洗盆浴",3
5486,restraint,"抑制，克制,控制，限制,拘束,约束力",3
5487,prospective,"预期的,未来的,可能的,有希望的",3
5488,revival,"复活,再生，再流行，再生效,复兴,（老戏多年后）重新上演",3
5489,correspond,"符合，一致,相应,通信",3
5490,theirs,"他们的,他的或她的",3
5491,murderer,谋杀犯，凶手,3
5492,duration,"持续，持续的时间，期间,（时间的）持续，持久，连续,[语音学]音长，音延",3
5494,tin,"锡,罐头盒,马口铁,镀锡薄钢板,锡制的,假冒的,无价值的,蹩脚的,镀锡，包锡,给…包马口铁,包白铁",3
5495,abundance,"丰富，充裕,大量，极多,盈余,丰度",3
5496,lime,"酸橙,石灰,绿黄色,椴树,撒石灰于,涂粘鸟胶于",3
5497,proposition,"命题,建议,主张,提议",3
5498,despair,"绝望,使人绝望的人（或事物）",3
5499,attendant,"服务人员，侍者,随从，随员,伴随物,伴随的，随之而产生的,出席的,护理的",3
5500,ethnicity,种族地位，种族特点，种族渊源,3
5501,fulfill,"履行（诺言等）,执行（命令等）,达到（目的）,使结束",3
5502,successor,"接替的人或事物,继承人，继任者",3
5503,assassination,暗杀,3
5504,atomic,"原子的,原子能的，原子武器的,极微的",3
5505,geographic,地理学的，地理的,3
5506,crying,"（尤指坏事）极糟糕的,（表示愤怒或失望）哎呀,（用于强调）极其糟糕,迫切的需要,哭( cry的现在分词 ),喊，叫,叫卖，大声报道，哭着说,鸣",3
5507,portable,"手提的,轻便的,手提式打字机",3
5508,handling,"处理,（手的）触摸,费用,（机动车辆的）操纵,操作的,操作( handle的现在分词 ),容易╱难以)驾驶,操纵,行动",3
5510,strawberry,"草莓,草莓色",3
5511,holder,"支持物,持有者,（支票等）持有人,支托（或握持）…之物",3
5512,guerrilla,"游击队员,游击战,游击队",3
5513,clarity,"清楚，明晰,透明,明确,清晰度",3
5514,environmentalist,"环保人士,研究环境问题的专家,环境保护论者，人类生态学者,环境论的，环境论者的",3
5515,canyon,峡谷,3
5516,verse,"诗，韵文,诗节，诗行,诗篇,圣经中的节,作诗或者从事于作诗,使熟练或者精通",3
5517,moisture,"水分,湿气,潮湿,降雨量",3
5519,contradiction,"矛盾,否认，反驳",3
5520,trophy,"纪念品，战利品,奖品，奖杯（牌）,胜利纪念柱,战利品雕饰,显示身份或地位的,提高身价的,有威望的",3
5521,ironic,"用反语的,具有讽刺意味的,冷嘲的,令人啼笑皆非的",3
5522,rattle,"（使）发出格格的响声，（使）作嘎嘎声,喋喋不休地说话,迅速而嘎嘎作响地移动，堕下或走动,使紧张，使恐惧,给（桅索）扎梯绳,嘎嘎声,发出嘎嘎声的儿童玩具,呼噜声,音响构造",3
5523,co-worker,同事，同僚,3
5524,parenting,"养育,抚养,教养",3
5525,gorgeous,"华丽的，艳丽的,极好的，称心的,美丽动人的，光彩夺目的,令人愉快的，令人享受的",3
5526,shatter,"使破碎，使碎裂，砸碎,使…成为泡影,使…痛不欲生,使…散开,粉碎，损坏，落叶,碎片，碎块,落花（叶等）",3
5527,descent,"下降,血统,倾斜",3
5528,widen,放宽，加宽，（使）变宽,3
5529,tease,"取笑，戏弄,挑逗,强要,梳理（羊毛等）,起绒,爱嘲弄他人的人,取笑卖弄风骚的人",3
5530,startle,"使震惊，使大吃一惊,使惊跳，使惊吓,惊吓,受惊,惊跳,惊愕,惊恐,震惊，吃惊",3
5532,gospel,"真理，信条,福音音乐,<新约>四福音书,原则,传播福音的,福音赞美诗的",3
5533,prince,"王子,巨头,（某些欧洲国家的）贵族,小国的君主",3
5534,waiter,"侍者,服务员,托盘",3
5536,vow,"誓言,郑重宣布,起誓，发誓,郑重宣告",3
5537,separately,"分别地，另行,分开，单独,分离地,个别地",3
5538,precision,"精确度，准确（性）,[语]精确,精确的，准确的，细致的,严守标准的,行动精确的",3
5539,downstairs,"在楼下,向[往]楼下,楼下的",3
5540,rigid,"严格的,僵硬的,（规则、方法等）死板的,刚硬的，顽固的",3
5541,semester,"（尤指美国的大专院校的）学期,半学年",3
5542,cutting,"锋利的，锐利的,刺骨的，像刀割似的,讽刺的，挖苦的,切割,剪报，剪辑,[园]插枝,开凿,切开(cut的现在分词),削减,采伐",3
5543,jam,"果酱,拥挤，挤满,困境,[无线]干扰,把…挤进,把…塞满，使挤紧,使堵塞,使卡住,挤满，拥挤,堵塞,发生故障",3
5544,hometown,"家乡，故乡,“home town”的变体",3
5546,financially,财政上，金融上，经济上,3
5547,statistically,统计上地，统计地,3
5548,tumble,"跌倒，摔倒,被绊倒,倒塌,翻来覆去，翻腾,使跌倒,使完全翻转,弄乱，搞乱,推翻，颠覆,摔倒,（价格，价值等）暴跌,混乱,翻筋斗",3
5549,backup,"支持，后援,阻塞,<计>备份文件,[乐]伴奏,备用的，后补的,支持性的,伴奏的",3
5550,detector,"探测器,检测器,发现者,侦察器",3
5551,grid,"格子，非实质的,地图上的坐标方格,（输电线路、天然气管道等的）系统网络",3
5552,psychiatric,"精神病学的,精神病治疗的",3
5553,eighteen,"十八,十八个,十八岁,十八的记号,十九世纪,是八点钟",3
5556,rotate,"（使某物）旋转,使转动,使轮流，轮换,交替,[植]辐状的,有辐射部分的",3
5557,recount,"详细叙述,重新计算",3
5558,spotlight,"聚光灯,公众注意或突出显著,射光圈,探照灯,聚光照明,使公众注意，使突出醒目",3
5560,settler,"移民，侨民,殖民者,决定者",3
5564,magnificent,"壮丽的,伟大的，高尚的,华丽的，高贵的,瑰丽的",3
5565,polite,"有礼貌的,有教养的，文雅的,上流社会的,应酬的，客套的",3
5566,contrary,"相反的,违反的，反对的,对立的,顽固的，任性的,对立或相反的事物,对立方,[逻]反对命题,相反地，矛盾地",3
5568,scrape,"擦，刮,擦去,擦伤，刮破,挖空,刮，擦,搔，抓,掏,发出刺耳的声音,刮痕,刮擦声,刮胡子，修面",3
5569,optical,"视觉的，视力的,眼睛的,光学的",3
5570,fourteen,"十四,十四个,第十四,十四的记号,十四岁,十四点钟,十五世纪",3
5571,ambulance,"救护车,野战医院",3
5572,superintendent,"监督人，管理人,主管,（陆海军学校等的）校长,厂长，所长",3
5573,bump,"碰撞，冲撞,颠簸,颠簸着前进,碰撞，撞击,肿块,隆起物,鹭鸶的叫声,突然地，猛烈地,扑通一声",3
5574,prey,"被捕食的动物,捕食（习性）,受害者,受骗者,捕食,（疾病等）使人慢慢衰弱,折磨,（人）靠欺诈为生",3
5576,sadness,"悲哀，忧伤，忧愁，悲哀,令人悲哀或忧伤的事物,愁眉苦脸，心境恶劣，心情恶劣,认真",3
5577,enthusiastic,"热心的,热情的,热烈的,狂热的",3
5578,peculiar,"奇怪的，古怪的,异常的,特有的，特殊的,专有特权，专有财产,[多用于英国]特殊教堂",3
5580,audit,"审计，查账,旁听,审计",3
5581,supporting,"支持的，支撑的,支持( support的现在分词 ),帮助,支撑,维持",3
5582,continually,"不停地,持续地,屡屡地,一再地",3
5583,modem,调制解调器,3
5584,firefighter,<美>消防队员,3
5585,supper,"晚饭，晚餐,夜点心,晚餐会",3
5586,applicant,"申请人，求职人,请求者",3
5588,egyptian,"埃及的，埃及人的,古埃及语,埃及人",3
5589,absent,"缺席的，不在场的,缺少的，缺乏的,不在意的，茫然的",3
5590,salvation,"拯救，救助,救星，救世主,解救办法，救济措施,救济品",3
5591,namely,"即，也就是,换句话说,亦即,就是说",3
5592,injured,"受伤的,受损害的,损伤感情的,损害(injure的过去式),伤害（名誉、自尊等）,（尤指在事故中）伤害,使受伤",3
5593,conceptual,观念的，概念的,3
5595,visa,"签证,签发签证",3
5598,renew,"重新开始,使更新,使恢复,补充,重申，重复强调",3
5599,overhead,"上面的，高架的,头顶上的,（费用等）经常的，管理的,天花板,管理费用，经常费用,船舱的顶板,[体]（网球等的）扣杀,在头顶上,在空中,在楼上,向上",3
5600,peach,"桃子,桃红色,极好的人（或物）,桃红色的,粉红色的",3
5601,modification,"修改，修正，变更，改良，改进，缓和，减轻，限制,[语]修饰，（用变音符号的）母音改变,[生]诱发变异，变态，变体，变型",3
5602,goose,"鹅,鹅肉,雌鹅,傻瓜,拧或掐屁股,忽然加满油； 催促",3
5603,fireplace,壁炉,3
5604,caribbean,加勒比海,3
5605,nurture,"养育,培育,滋养,培植,教养，培育,营养物，食物,环境因素",3
5606,keyboard,"键盘,琴键,电子琴,用键盘输入,用键盘式排字机排字,用键盘进行操作,作键盘式排字机排字",3
5608,formally,"正式地,正规地,拘泥形式地,形式上",3
5609,vivid,"生动的,（记忆、描述等）清晰的,（人的想像）丰富的,（光、颜色等）鲜艳的，耀眼的",3
5611,frighten,"使惊恐，使恐慌,吓走，赶走,害怕，惊恐",3
5612,frightening,"令人恐惧的,引起突然惊恐的,吓人",3
5613,furious,"狂怒的，暴怒的,激烈的,热烈兴奋的,喧闹的",3
5614,poison,"毒药,酒,极糟的食物,极有害的思想（或心情等）,毒死,污染,放毒于,对…有不良影响,有毒的",3
5615,repeated,"反复的，再三的，重复的,累,频仍",3
5616,daddy,"爸爸,爹,甜心爸爸（在年轻女子身上乱花钱的阔老头）,老色鬼",3
5617,ruler,"尺,直尺,统治者",3
5618,undoubtedly,"毋庸置疑地，的确地,显然,必定,无疑",3
5619,rocky,"多岩石的,坚如磐石的，坚硬的,麻木的,头晕目眩的",3
5622,tenant,"房客,佃户,<律>占用者,占有者,租借，租用",3
5624,omit,"省略,遗漏,删掉,未（做）",3
5627,spider,"蜘蛛,星形轮，十字叉,带柄三脚平底锅,三脚架",3
5628,obsession,"着魔，萦绕,使人痴迷的人（或物）,摆脱不了的思想[情感等],妄想",3
5629,corpse,死尸，尸体,3
5630,damp,"微湿的，潮湿的,消沉的，沮丧的,沉闷的,情绪低落的,潮湿,消沉，失望,矿井瓦斯,有毒气体,使潮湿,使泄气，使沮丧,抑制，阻抑,使减弱,[物]阻尼,减幅",3
5631,turkish,"土耳其的，土耳其人的，土耳其语的,土耳其语",3
5632,problematic,成问题的，有疑问的，不确定的,3
5633,certainty,"确定性，确实性,确定的事，必然的事",3
5634,unidentified,"不能辨认的,来路[身分]不明的,未经确认的",3
5635,nutrition,"营养，滋养,营养品,营养学,食物",3
5636,melody,"旋律，曲调,美妙的音乐，和谐的调子,好听的声音,歌曲",3
5637,electron,电子,3
5638,physicist,"物理学家,唯物论者,<古>自然科学家,宇宙机械论者",3
5639,distinguished,"卓越的,著名的,受人尊敬的,显得重要的,辨别，区别( distinguish的过去式和过去分词),突出,区别(distinguish的过去式)",3
5640,vocabulary,"（某一语言的）词汇,（尤指外语教科书中附有释义的）词汇表",3
5641,maple,"枫树,淡棕色",3
5642,wool,"羊毛,羊毛制品,（幼虫的）毛,羊毛覆盖物",3
5643,salesman,"推销员,售货员，店员",3
5644,memoir,"回忆录，自传,记事录",3
5646,utterly,"全然，完全地,彻底地，绝对的,十足地,十分",3
5647,cultivate,"耕作，种植,教养，栽培,改善,交朋友",3
5648,microphone,"扩音器，麦克风,话筒",3
5649,cherry,"樱桃,樱桃树,樱桃色,处女膜",3
5650,luxury,"奢侈，豪华,奢侈品，美食，美衣,乐趣，享受,不常有的乐趣（或享受、优势）,奢华的，豪华的",3
5651,summarize,总结，概述,3
5652,meadow,"草地,牧场",3
5653,goodbye,再见,3
5654,disposal,"（事情的）处置,（自由）处置权,清理,排列,处理（或置放）废品的",3
5655,magical,"魔力的，不可思议的，迷人的,神,幻,神奇",3
5656,accordingly,"因此，于是,依据,照着，相应地",3
5657,defy,"不服从,公然反抗,蔑视,向…挑战,挑战,对抗",3
5659,plug,"塞子,插头,消防栓,（内燃机的）火花塞,插上插头,以（塞子）塞住,插入,〈俚〉枪击，殴打,填塞，堵,〈俚〉勤苦工作，用功",3
5660,mining,"采矿（业）,在…中开采，开采(mine的现在分词),在…中[下]布雷,以地雷[水雷]炸毁",3
5661,wallet,钱包，皮夹子,3
5662,socialist,"社会主义者,社会主义的,社会党的",3
5663,lamb,"羔羊，小羊,羔羊肉,<宗>耶稣,生小羊，产羊羔",3
5664,scrap,"废料,残余物,小片,吵架,废弃,取消,抛弃,报废,吵架，打架,废弃的,零星的,剩余的,由零碎（或废料）组成的",3
5665,tempt,"引诱，怂恿,吸引,冒…的风险,使感兴趣,有吸引力",3
5666,fundamentally,"基础地,根本地,从根本上",3
5667,wildly,"疯狂地,粗暴地，野蛮地,野生地,失去控制地",3
5668,declaration,"宣言，布告，公告，声明,（纳税品在海关的）申报,[法]（原告的）申诉，（证人的）陈述，口供,[牌]摊牌，叫牌",3
5669,axis,"轴，轴线,[政]轴心,轴心国,[植]茎轴",3
5670,academy,"专科学校,学会，学院,一般的高等教育,私立学校，学术团体",3
5671,applause,"热烈鼓掌,喝彩,掌声",3
5672,inject,"（给…）注射（药物等）,（给…）注射（液体）,（给…）添加,（给…）投入（资金）",3
5674,evenly,"平坦地,均匀地,淡然地,不卑不亢地",3
5675,precede,"在…之前发生或出现，先于,在…之上，优于,给…作序,处于…前面的位置",3
5676,dual,"双的，两部分的，二体的，二重的,双数,双数词",3
5677,supervise,"监督,管理,指导",3
5678,shield,"盾,护罩,盾形奖牌,保护人,保护,掩护,庇护,给…加防护罩",3
5679,newcomer,"新来的人,新手,新生事物",3
5680,triangle,"三角形,三人一组,三角铁,三角板",3
5681,aspiration,"强烈的愿望,吸气，吸入,发送气音,发 h 音",3
5682,financing,"[]  [],筹措资金,理财,筹集资金,融资,为…供给资金，从事金融活动( finance的现在分词 )",3
5683,narrator,（故事的）讲述者，（戏剧、电影等的）解说员,3
5684,fried,"[]  [],喝醉了的,油炸的，油煎的,油炸，油煎（ fry的过去式和过去分词 ）,皮肤晒黑",3
5685,suitcase,"手提箱,衣箱",3
5686,inclined,"倾斜的,倾向的,（使）倾斜( incline的过去式和过去分词),（使）偏向",3
5687,calcium,<化>钙,3
5688,supervision,"监督,管理,监督的行为、过程或作用",3
5690,substitute,"代替，替换，代用,代替者,替补（运动员）,替代物,[语法学]代用词,用…替代",3
5691,con,"反对票，反对者,反对的论点，反对的理由,精读，熟读,默记，谙记,以…，用…,反对,欺诈的，骗取信任的,反面地，从反面",3
5692,realization,"认识，领会,实现",3
5693,picnic,"野餐郊游,供野餐吃的食品,猪的肩肉,轻松的工作,去野餐，参加野餐,野餐式地用餐,在户外用餐,用野餐招待",3
5694,gravel,"沙砾，碎石,砾石,[医]结石,以砾石铺路,使困惑,使（船）搁浅在沙滩上",3
5695,nationalism,"爱国主义，爱国心,民族主义,国家主义,民族特性",3
5696,textile,"纺织品，织物,纺织业",3
5698,precedent,"前例,先例,在前的，在先的",3
5699,visiting,"拜访，访问,访问( visit的现在分词 ),探望,参观,游览",3
5700,eternal,"永恒的，永久的,似乎不停的，没完没了的,不朽的,永生的,永恒的事物,Eternal 上帝，与定冠词the 连用",3
5701,interpreter,"解释者,口译译员,[军事]判读员,[自]翻译器",3
5702,indictment,"诉状，起诉书,<尤美>刑事起诉书,控告，起诉",3
5704,planned,"计划了的，根据计划的,计划，打算，设计( plan的过去式和过去分词 )",3
5705,encompass,"围绕，包围,包含或包括某事物,完成",3
5706,collision,"碰撞,冲突,（意见，看法）的抵触,（政党等的）倾轧",3
5707,calf,"牛犊,犊皮,腓，腿肚子",3
5708,clan,"宗族,氏族,庞大的家族,宗派",3
5709,verify,"核实,证明,判定",3
5710,creek,"<英>小湾,<美>小河，小溪,〈废〉弯曲狭窄的通路,克里克人，克里克语",3
5711,nursery,"婴儿室，幼儿园,苗圃,临时托儿所,温床，滋生地",3
5712,skillet,"煎锅,长柄锅",3
5713,boxing,"拳击,装箱,做箱（或盒）的材料,箱形的罩（或框）,将…装入盒中(box的ing形式)",3
5714,faction,"派系,派系斗争,内讧,纪实与虚构相结合的电影",3
5715,diplomacy,"外交,外交手腕，交际手段,外交使团,处世之道",3
5716,spice,"香料，调味品,香气，香味,趣味，情趣,少许,加香料于,使增添趣味",3
5718,confused,"糊涂的,迷乱的,混杂的,不清楚的,困惑(confuse的过去式)",3
5719,mat,"席子，垫子,（体育运动用的）厚垫子,衬边,团，簇,遮盖，用垫子作装饰,使…缠结,给（照片）镶框,使…表面无光,缠结,粗糙的,暗淡的，无光泽的",3
5720,hop,"跳上[下],单足蹦跳,齐足（或双足）跳行,摘葎草花,跃过,登上（飞机、汽车、火车等）,在…跳来跳去,加啤酒花于,跳舞,蹦跳,（棒球等的）弹跳,（非正式）舞会,换来换去，不断更换",3
5721,immense,"极大的，巨大的,浩瀚的，无边际的,〈口〉非常好的,弘道",3
5722,sixty,六十,3
5723,thirteen,"十三,十三岁,十三个,十三的，十三个的",3
5725,ashamed,"惭愧的，羞耻的，害臊的,难为情",3
5726,bitch,"母狗,淫妇,牢骚事,坏女人,埋怨,发牢骚,挖苦,（背后）说坏话,把…搞糟,弄坏,抱怨",3
5727,dean,"（大学的）学院院长，系主任,教务长,[宗]主任牧师,（大学，尤指牛津、剑桥大学的）学监",3
5728,afterwards,"然后，后来地,以后,之后,继",3
5729,independently,独立地，自立地，无关地,3
5730,instrumental,"乐器的,仪器的,有帮助的,起作用的",3
5731,noble,"高尚的,贵族的,外表庄严和庄重的,表现出崇高的,尊贵的人,旧时在英国使用的金币",3
5732,aftermath,"后果,余波,再生草",3
5733,millennium,"一千年,千年期,千禧年,全人类未来的幸福时代",3
5734,gasp,"喘气，喘息,倒抽气,渴望,喘着气说出",3
5736,astronaut,"宇航员,太空人,航天员",3
5737,crust,"面包皮,外壳,硬外皮,地壳,用外皮覆盖,在…上结硬皮,生痂儿,结成外壳,结硬皮",3
5738,useless,"无用的，无效的,无价值的,差劲的,不怎么样的",3
5739,reproduction,"繁殖，生殖,再生产，再现，[心]再生作用,复制品",3
5741,flu,流行性感冒，流感,3
5742,embarrassing,"使人尴尬的，令人为难的,（使）窘迫，（使）局促不安( embarrass的现在分词)",3
5743,altar,"祭坛，圣坛,圣餐台",3
5744,umbrella,"雨伞,〈比喻〉保护物,[军]空中掩护幕,总括",3
5745,enrollment,"登记,注册,入会",3
5746,unconscious,"失去知觉的，无意识的,无意的，不自觉的,不知道的,不受意识控制的,[心]无意识",3
5747,listing,"列表,名单,（刊印在报纸上的如电影、戏剧等,（名单中的）一个位置,列表(list的现在分词）",3
5748,mosquito,蚊子,3
5749,intimacy,"亲密,亲近,亲昵的言行,性行为",3
5750,divert,"使转移,娱乐,转移注意力",3
5751,vine,"藤,藤本植物,葡萄树,形成藤蔓",3
5752,guardian,"监护人,保护者，维护者,法国修道院院长",3
5753,obey,"服从，听从,遵守，遵循",3
5754,thoughtful,"沉思的,体贴的,缜密思考过的，深思熟虑的",3
5755,shocked,"[]  [],惊愕的，受震惊的,使…震惊( shock的过去式和过去分词 ),使受电击,使…感到厌恶[恐惧]",3
5756,tech,"技术,<英>工学院,技术员,技术工作,技术的",3
5757,methodology,"（从事某一活动的）一套方法,方法学,方法论",3
5758,simulation,"模仿，模拟,[生]拟态，拟色,假装,装病",3
5759,permanently,永久地，长期不变地,3
5760,awaken,"唤醒，（使）觉醒,（使）意识到,激起",3
5762,passive,"被动的,消极的,不抵抗的,冷漠的,动词被动形式，被动语态",3
5763,monopoly,"垄断,专卖,垄断者,专利品",3
5764,loudly,"高声地,吵闹地,响亮地,花哨地",3
5766,nun,修女，尼姑,3
5767,outrage,"义愤,愤慨,暴行,骇人听闻的事件,引起…的义愤，激怒,凌辱，强奸,虐待，迫害,违反",3
5768,quantum,"[物]量子,定量，总量,美国昆腾公司（世界领先的硬盘生产商）",3
5770,optional,"可选择的,随意的，任意的,非强制的,选修科目",3
5771,summon,"传唤，召唤,鼓起（勇气）,传讯（出庭）,[军]劲降，招降",3
5772,attachment,"（用电子邮件发送的）附件，附属物,依恋，依附,扣押财产<法>逮捕，扣押（人，财产）",3
5773,miner,"矿工,采矿机,地雷工兵,矿业股",3
5774,aloud,"高声,大声",3
5775,cigar,"雪茄,叶卷烟",3
5776,breed,"产（后代），生,产生，导致,优生交配,养育，训练,产仔,繁殖，旺盛生长,属,种类,类型,血统",3
5777,broth,"肉汤,培养基",3
5778,delegation,"代表（团）,委派,授权",3
5779,haven,"港口，安全地方,避难所，安息所,把（船）开进港,为…提供避难场所,掩护",3
5780,dangle,"悬荡，垂着摆动,尾随，追逐,使摇晃地挂着或摆荡,悬而未定",3
5782,jerk,"猛拉,把（牛肉）切成薄片晒干,（使…）猝然一动[颤动],突然的拉[推，扭],<医>（肌肉的）痉挛，抽搐,蠢人,急促而猛烈的动作，猛地一拉",3
5783,mobility,"流动性,移动性,<社>流动,机动性",3
5784,assurance,"保证，担保,（人寿）保险,确信,厚脸皮，无耻",3
5786,competing,"对抗的，竞争的,相互矛盾的,竞赛(compete的现在分词)",3
5789,mob,"暴徒,犯罪团伙，黑手党,民众，乌合之众,〈美俚〉匪帮，一群罪犯,聚众包围,大举包围，围攻,蜂拥进入",3
5790,dioxide,[化]二氧化物,3
5791,affirm,"断言，肯定,证实，确实,[法]不经宣誓而庄严宣布,承认",3
5792,consultation,"商议，磋商,商讨会,[医]会诊,请教，咨询",3
5793,weep,"（通常因悲伤）哭泣,流泪,悲哀,哀悼,（伤口）流血，渗出水汽,一段哭泣，一阵哭泣",3
5794,liquor,"酒，烈性酒,含酒精饮料,浸泡,喝酒",3
5795,accountable,"负有责任的，应对自己的行为做出说明的,可解释的,有解释义务的,可说明的",3
5796,sip,"呷的动作,一呷之量,小口喝，呷,从…中呷吸",3
5798,sadly,"悲哀地,忧愁地,令人遗憾地,不幸地",3
5799,emergence,"出现，发生,暴露,[植]突出体，（柑果的）瓤胞",3
5800,span,"共轭（马、骡）,跨度，墩距,一段时间,[航] 跨绳,缚住或扎牢,跨越时间或空间,以掌测量,以手围绕测量类似测量",3
5802,applaud,"鼓掌欢迎，欢呼,称赞，赞许,赞成，同意,夸赞，鼓掌",3
5803,lifelong,"毕生的，终身的,永生不渝的",3
5804,linger,"逗留，徘徊,缓慢消失",3
5805,cube,"立方形，立方体,立方，三次幂,小房间,求…的立方,把（食物）切成小方块,测定…的体积",3
5806,swiss,"（人）来自瑞士的,瑞士的，瑞士文化的,瑞士人",3
5807,fax,"传真,传真传输",3
5808,preacher,"传道者,牧师",3
5809,underneath,"较低的,下面的,在下面，在底下,在下面，在下层,在…之下,在下面,在…下面,在…领导或控制下,下部，底部",3
5810,embassy,"大使馆,大使馆全体成员,大使的职务（地位）,重任，差使",3
5812,injection,"注射,注射剂,[医]充血,（卫星等的）入轨",3
5813,plantation,"种植园，大农场,栽植,<史>殖民，殖民地",3
5815,dim,"暗淡的，昏暗的,不光明的,看不清的,（性质和特征上）不显著的,（使）变暗淡,（使）变模糊,（使）减弱,变淡漠,笨蛋，傻子",3
5816,sunset,"日落（时），薄暮,晚霞,黄昏,定期废止的",3
5817,facial,"面部的,面部用的,表面的,美容,面部按摩",3
5818,predictable,"可预言的,可预报的,可预见的,可预料的",3
5819,presume,"以为，认为,假定，假设,推测,意味着,擅自行动,相信,敢于,放肆",3
5821,x-ray,"X光照片,照X光",3
5822,nearest,"最近的，最亲近的,近的（ near的最高级 ）,亲密的,近似,（亲属关系）近亲",3
5824,stabilize,"（使）稳定，（使）稳固,使稳定平衡：通过平衡装置维持（如，飞机或船）的稳定,防止…的波动，平抑,平抑价格,变得稳定、稳固或固定",3
5825,excess,"超过,超额量,多余量,放肆,超重的，过量的，额外的",3
5826,constituent,"选民,成分，构成部分,委托人,构成的，组成的,选举的,有选举权的",3
5827,proponent,"支持者，拥护者,提倡者,提出认证遗嘱者",3
5828,vietnamese,"越南人,越南的，越南人的",3
5829,gardener,"园丁，园艺家,花匠,菜农,园艺爱好者",3
5830,antique,"古老的，古代的,过时的，古董的,古时制造的,古风的,古玩，古董,古风，古希腊和古罗马艺术风格,仿古制作,使显得古色古香,寻觅古玩",3
5831,polish,"波兰的,与波兰有关的,波兰人的,波兰语的,波兰语",3
5832,sweeping,"彻底的,影响广泛的，全面的,扫荡的，一网打尽的,扫( sweep的现在分词),扫除,(pl.)垃圾",3
5833,dairy,"牛奶场,乳品店,牛奶及乳品业,牛奶的,奶制的,乳品的,乳品业的",3
5834,skate,"溜冰，滑冰,溜冰鞋",3
5835,manipulation,"（熟练的）操作,操纵,控制,（对账目等的）伪造",3
5836,wit,"机智,才智，智慧,富有机智的人,打趣话，玩笑话",3
5837,legitimacy,"合法（性），正统（性）,合理",3
5838,curse,"诅咒,咒骂,使苦恼，使困苦,把（某人）逐出教门,咒语,祸害，祸因,咒逐，逐出教门",3
5839,saudi,"沙特阿拉伯国家的，沙特阿拉伯人的,沙特阿拉伯，沙特阿拉伯人",3
5840,fabulous,"极好的，极妙的,（美貌）惊人的,寓言般的,难以置信的",3
5841,resignation,"辞职,辞职书,顺从,听从",3
5842,intersection,"横断，横切,交叉，相交,交叉点，交叉线,[数]交集",3
5845,reconciliation,"和解，调停,一致,服从，顺从,和谐",3
5846,impairment,损害，损伤,3
5847,latino,"拉丁美洲人,具有拉丁血统的人",3
5848,deed,"行为,行动,<律>契约,证书,立契转让",3
5850,culturally,"从文化角度,文化意义上,从人文学角度,人文学方面",3
5853,miserable,"悲惨的,令人痛苦的,太少的,卑鄙的",3
5854,closure,"（永久的）停业，关闭,结束,[电]闭合,[数]闭包,使结束，使终止,使停止辩论",3
5856,machinery,"（总称）机器,（政府等的）机关，组织,机器的运转部份,机械装置",3
5857,lively,"充满活力的,活泼的,充满趣味的,轻快地：轻快地，富有活力地,轻快地跳起",3
5858,shave,"剃须，剃毛,剃，削去,修剪,切成薄片,掠过,刮脸，剃胡子,修面,<口>侥幸逃过，幸免,剃刀，刮刀",3
5860,institute,"建立,制定,开始,着手,协会,学会,学院,（教育、专业等）机构",3
5861,erase,"擦掉,抹去,清除",3
5863,irrelevant,"不相干的,不恰当,缺乏时代性的，落后于潮流的,牛头不对马嘴",3
5864,terminal,"末期的,晚期的,定期的,末端的,终端,终点站,航空站,（电路的）端子",3
5865,harbor,"海港,海湾,避难所,躲藏处,心怀,庇护,避入安全地,（船）入港停泊",3
5866,coaching,"训练，辅导( coach的现在分词 ),补习",3
5867,foolish,"愚蠢的,鲁莽的,荒谬的，可笑的,混",3
5868,frightened,"害怕的,受惊的,（使）惊恐( frighten的过去式和过去分词),吓唬",3
5870,reverend,"教士，牧师,教士的,可尊敬的，可敬畏的",3
5871,ignorance,"无知，愚昧,蒙",3
5872,neatly,"整洁地,干净地,灵巧地,恰好地",3
5874,skier,滑雪的人,3
5875,wetland,"潮湿的土壤，沼泽地,湿地,沼泽地,〈美〉野兽保护沼地",3
5876,playground,"操场，尤指提供如秋千等设备的户外场地,游乐场,（某些集体聚会游乐的）园地",3
5877,cellular,"细胞的,由细胞组成的,多孔的,蜂窝状",3
5878,embarrassment,"窘迫,难堪,令人难堪或耻辱的事",3
5879,amateur,"业余爱好者,外行，生手,业余的，非职业的,外行的",3
5880,competent,"有能力的，能胜任的,能干的，称职的,足够的，充足的,有决定权的",3
5881,linear,"直线的，线形的,长度的,<数>一次的，线性的,通过单独的若干阶段来发展",3
5882,mosque,清真寺，伊斯兰教寺院,3
5883,primitive,"原始的,发展水平低的,落后的,[生物学]原生的,原始人,早期的艺术家（作品）,单纯的人：不世故的人,自学的艺术家",3
5884,reasoning,"推理，论证,运用思考、理解、推想等能力的做法或过程,论究，论断,推理，思考,争辩,说服,推理的,有关推理的",3
5885,balcony,"阳台,（电影院等的）楼厅，楼座,包厢",3
5886,closing,"结尾的,结束的,终结,结尾辞,close（关闭）的现在分词形式",3
5887,excellence,"优秀，卓越,优点,美德",3
5888,brow,"眉，眉毛,前额,容貌，表情,山脊",3
5889,ant,蚂蚁,3
5890,par,"标准，常规,同等,票面价值,[体]标准杆数,平价的,平均的，正常的,票面的,标准杆数得分",3
5891,harmful,"对…有害的,能造成损害的,不利,不良",3
5892,recycle,"回收利用,使再循环,重复利用",3
5893,worship,"崇拜，尊崇,爱慕,做礼拜,热爱,崇拜（尤指达到看不到缺点的地步）,（对治安官或市长的尊称）阁下,尊敬,崇拜,礼拜",3
5895,coincidence,"巧合,一致,同时存在,并存",3
5896,resentment,愤恨，不满,3
5897,feminine,"有女性气质的,女子气的,[语]阴性的,阴柔的,女性,温柔的女性,[语]阴性，阴性词",3
5898,justification,"辩解,无过失,正当的理由",3
5899,dependence,"依赖，依靠,信任，信赖,[物]依存关系,依靠之物",3
5900,destructive,"破坏性的,毁灭性的,有害的",3
5901,repetition,"重复，反复,背诵,复制品，副本,[乐]复唱，复奏，重奏",3
5902,niche,"壁龛,合适的位置（工作等）,有利可图的缺口，商机",3
5903,tuition,"学费,教学，讲授",3
5905,dividend,"红利，股息，利息，（破产时清算的）分配金,[数]被除数 opp. divisor,（足球彩票的）彩金",3
5907,re-election,"[]  [],再次竞选",3
5909,revise,"修订,改变,修正,[主英国英语]复习,复习,修订，校订,校订,[印刷]校样，清样,修订版，修订本",3
5910,bark,"吠叫,厉声说话,大声喊出,厉声说出,犬吠声,似吠声,树皮",3
5911,inexpensive,"不贵的，便宜的,廉,贱",3
5912,terrify,"使恐怖，使惊吓,恐吓，吓唬,威胁",3
5913,governmental,"政府的,政治上的,统治上的",3
5914,sleeping,"睡眠,睡着的,供睡觉用的,不要多事,不要自找麻烦,为…提供床位( sleep的现在分词 )",3
5916,courtyard,"庭院，院子,天井",3
5917,fascinate,"使着迷,使神魂颠倒,蛊惑,入迷",3
5919,generator,"发电机，发生器,电力公司,生产者，创始者,[乐]基础低音",3
5920,stab,"刺,将…刺入,对…做出刺或戳的动作,用或似用带尖的武器刺,刺伤,戳,用或似用带尖武器刺的伤口,尝试,突发的一阵",3
5921,cafe,咖啡馆，小餐厅,3
5922,incidence,"发生率,影响范围,[数]关联，接合,[物]入射，入射角",3
5923,prop,"支柱，支撑物,支持者，后盾，靠山,道具,（橄榄球中的）支柱前锋,支撑，支持，维持,使倚靠在某物上",3
5924,failed,"失败了的，不成功的,在…中失败( fail的过去式和过去分词 ),衰退,衰弱,破产",3
5926,propaganda,宣传，宣传运动,3
5927,underscore,"划线于…下，强调,底线,（表示强调的）下方划线,（影片等的）伴音",3
5928,formulate,"构想出，规划,确切地阐述,用公式表示",3
5929,corrupt,"堕落的，道德败坏的,贪污的，腐败的,腐烂的,（文献等）错误百出的,使腐败,使堕落,使腐烂,堕落,腐化,腐烂",3
5930,castle,"城堡，堡垒,象棋中的车,把…置于城堡中,（下国际象棋时）用车护（王）",3
5931,technically,"技术上,学术上,专业上,严格说来",3
5932,parallel,"平行的,相同的，类似的,[电]并联的,[计]并行的,平行地，并列地,平行线（面）,相似物,类比,纬线,使平行,与…媲美,与…相比,与…相似",3
5933,wan,"苍白的，没有血色的,病弱的，软弱无力的,<古>暗淡的，阴暗的,（使）变苍白，（使）呈病态",3
5934,fulfil,"[]  [],履行（条约，义务），遵守，执行（命令等）,完成（计划等），做完（工作）,达到（目的），应验（预言等），满足（希望）,使臻于完善，充分发挥潜在的能力",3
5935,microwave,"微波,微波炉,用微波炉加热（或烹饪）",3
5936,thorough,"彻底的，全面的，充分的，彻头彻尾的，根本的，详尽的，严密的,十足的，考虑周到的,非常精确的，（对细节）不厌其烦的,绝对的，完善的,〈古〉同“through”,[英史]专横政策",3
5937,specimen,"样品,范例,（化验的）抽样,某种类型的人",3
5938,obscure,"昏暗的，朦胧的,晦涩的，不清楚的,隐蔽的,不著名的，无名的,使…模糊不清，掩盖,隐藏,使难理解,某种模糊的或不清楚的东西",3
5940,spectacle,"眼镜,奇观，壮观,光景，景象,表演，场面",3
5941,thrill,"使激动,使陶醉,使颤动、战栗或振动,由于兴奋或激动而感到一种突然的颤动,颤动、战栗或振动,[病]震颤,震颤感,兴奋感",3
5942,heroin,"海洛因,吗啡,白面儿",3
5943,monk,修道士，僧侣,3
5945,outlook,"前景，展望,观点，见解,景色,眺望处,瞪着看，瞧,比…漂亮,用目光压倒",3
5948,bout,"拳击（或摔跤）比赛,一段（工作）,（尤指坏事的）一通,（疾病的）发作",3
5949,laptop,便携式电脑,3
5950,sniff,"鄙视地说,嗅,深深吸入,发现,忿忿不平地说,鄙视,嗅，闻,呼哧地吸气,寻找，好奇地查看,吸气，擤鼻声,一股气味",3
5951,reproductive,"生殖的,再生产的,复制的",3
5952,varying,"变化( vary的现在分词 ),[生物学]变异,相应变化,呈现不同",3
5953,matrix,"<数>矩阵,模型,基质,母体，子宫",3
5954,printer,"打印机,印刷机,印刷商，印刷厂,印刷业从业人员，印花工",3
5955,spatial,"空间的,存在于空间的,受空间条件限制的,占大篇幅的",3
5956,setup,"计划,<口>组织,姿势,<口>故意安排使一方易胜的比赛",3
5957,bored,"无聊的，无趣的，烦人的,令人厌烦( bore的过去式和过去分词 ),挖,掘,钻",3
5958,cone,"圆锥体,球果,圆锥形东西,使成锥形",3
5959,cleanup,"清扫,清除 （污染物）,清理,整顿",3
5960,runway,"跑道,河床,滑道",3
5962,locally,"在附近,在本地,当地地,本地地",3
5963,armor,"装甲,盔甲,保障,装甲部队,为…穿盔甲（或加置装甲）,为…提供防御",3
5964,stroll,"闲逛,漫步,散步,奔波,溜达",3
5965,uh-huh,啊哈（表示肯定答复的惊叹词）,3
5966,lineup,"（警察要见证人指出谁为嫌疑犯而让数人排成的）行列,人（或物）的列队,选手阵容,电视节目时间表",3
5967,nitrogen,[化]氮，氮气,3
5968,rebound,"弹回,从诸如衰败或失望中恢复过来,回荡，回响,抢得篮板球,使弹回,使回升,使回响,弹回，跳回,反弹球,篮板球,振作，反应",3
5969,transparent,"透明的,清澈的,易识破的,显而易见的",3
5970,integral,"完整的,积分的,必须的,整体,积分",3
5971,respective,各自的，分别的,3
5972,saying,"话,说话,谚语，格言,说(say的ing形式)",3
5973,circulate,"（使）循环,（使）流通,（使）流传,散布,传送，传递，传阅",3
5974,forecast,"预报，预测,预示,预报,预言",3
5975,easter,<宗>复活节,3
5977,intriguing,"有趣的,迷人的,搞阴谋诡计(intrigue的现在分词),激起…的好奇心",3
5978,classification,"分类,分级,类别,（动植物等的）分类学",3
5979,breeding,"生育,（动物的）饲养,教养（尤指行为或礼貌方面）,<核>增殖,生育( breed的现在分词 ),繁殖,孕育,导致",3
5980,paragraph,"段落,分段符号,将…分段,写短文报导",3
5981,advisor,"顾问，劝告者,<美>（指导大学新生学科问题等的）指导教授",3
5982,thrust,"猛推,逼迫,强行推入,延伸,刺,推力,[军]突击,[地]逆断层,插入,用力向某人刺去,猛然或用力推",3
5983,allied,"同盟的，同盟国的,联合的,姻亲的,同源的，类似的,联合(ally的过去分词)",3
5984,recreation,"消遣（方式）,娱乐（方式）,重建，重现",3
5986,footage,"以英尺表示的长度或距离,（电影或电视的）片段的数量或长度,连续镜头,进尺",3
5987,absurd,"荒谬的,荒唐的,无理性的，杂乱无章的,荒诞主义的，荒诞的,无价值，无意义",3
5988,preferred,"首选的,提出（请求、控诉等）( prefer的过去式和过去分词 ),提升,建议,选择某事物（而不选择他事物）",3
5991,temptation,"诱惑，引诱,诱惑物",3
5992,reservoir,"蓄水池,贮液器,储藏,蓄积",3
5993,feast,"盛会,宴会,宗教节日,使人欢快的事物（或活动）,大吃大喝，享用美食,参加宴会,款待（某人），宴请（某人）",3
5994,unfamiliar,"不熟悉的,不常见的,陌生的,没有经验的",3
5995,analogy,"类似，相似,比拟，类比,类推",3
5996,conductor,"<电>导体,售票员,（乐队）指挥,导管（套管的一种）",3
5997,inhabitant,"居民，住户,（栖息在某地区的）动物",3
5998,strap,"用带捆扎,用皮带抽打,拼命工作,带子,皮带,磨刀皮带,鞭打",3
5999,fund-raising,"[]  [],筹款；募捐",3
6000,determined,"坚定的,毅然的,确定的,（使）下决心，（使）做出决定( determine的过去式和过去分词),决定,确定,使决定",3
6001,logo,"（某公司或机构的）标识，标志，徽标,logotype 的缩略形式,[计算机] LOGO 教学语言,儿童教学语言",4
6004,intensify,"（使）增强，（使）加剧,增加（照片图象）的对比度,变强或增强",4
6007,toddler,"蹒跚行走的人,幼童装,学步的幼儿",4
6009,arc,"综合症状,弧（度）,天穹,电弧，弧光。,形成拱状物,循弧线行进,American Red Cross. 美国红十字会",4
6010,sway,"摇摆,歪，倾斜,改变,使前后或来回摇摆,使倾斜,[航海]升起桅杆,支配，统治",4
6013,sophomore,（中等、专科学校或大学的）二年级学生,4
6014,maximize,"最大化，使（某事物）增至最大限度,极为重视,[数学]解函数的最大值,最大限度利用（某事物）,尽可能广义地解释,达到最大值",4
6016,upgrade,"向上的斜坡,提升,使（机器、计算机系统等）升级,提高（设施、服务等的）档次,提高（飞机乘客、旅馆住客等）的待遇",4
6017,manifest,"显示，表明,证明,使显现,明白的，明显的,货单，旅客名单",4
6018,refusal,"拒绝,优先取舍权",4
6019,erosion,"腐蚀，侵蚀，磨损,烧蚀,磨蚀,糜烂",4
6020,recreational,"消遣的,娱乐的",4
6021,flush,"脸红,呈红色,奔流,冲刷,满面红光的,富足的，丰富的,盈满的，没过的,水平的，同高的,奔流，涌出,脸红或发亮,发热,强烈情感的冲动,发红或发亮,使兴奋或得意,（以水）冲刷，冲洗,冲掉，除掉",4
6023,educated,"有教育的,受过良好训练的,教育( educate的过去式和过去分词),训练,教导，教养",4
6025,lick,"舔,<口>打败,轻轻拍打,战胜,一舐的量，少量",4
6026,predominantly,"占主导地位地,显著地,占优势地",4
6027,unaware,"不知道的,未察觉到的,未认识到的,不注意的,<诗>不知不觉地,无意地,意外地,突然地",4
6028,align,"使成一线，使结盟,排整齐,排列,成一条线",4
6029,courthouse,"法院,（美国）县政府大楼",4
6030,mighty,"趾高气扬,巨大的,强有力的,浩瀚的,非常，很",4
6031,sufficiently,"足够地，充分地,十分，相当",4
6032,idiot,"傻瓜，笨蛋,白痴",4
6033,subjective,"主观的,个人的,内省的",4
6034,valve,"阀,真空管,（管乐器的）活栓,（心脏的）瓣膜,装阀于,以活门调节",4
6035,defect,"瑕疵，毛病,欠缺，缺点,叛逃,背叛",4
6036,accountant,会计人员，会计师,4
6037,fairness,"公正，公平,（皮肤的）洁白,金发,顺利性",4
6038,vulnerability,"弱点，攻击,易伤性,致命性,脆弱性",4
6039,additionally,此外,4
6040,finely,"美好地,精细地，细微地",4
6041,owl,"猫头鹰,惯于晚上活动的人,夜猫子,（像猫头鹰一样）机警的人",4
6042,slash,"挥砍,鞭打,严厉批评,大幅削减,严厉地批评,猛砍,斜线,刀痕，伤痕,沼泽低地",4
6043,petition,"请愿书，,请愿，请求,上诉状,祈求，请求,请愿,（向法庭）申诉",4
6044,diner,"用餐者,路边小饭店,车型餐馆",4
6045,advertisement,"广告，宣传,公告,出公告，做广告",4
6047,correspondence,"一致，符合,对应,通信，信件,[艺]通感",4
6048,static,"静止的,不变的,静电的,[物]静力的,静电,[物]静电（干扰）,静力学,争吵",4
6049,artery,"[解剖]动脉,干线，要道",4
6050,mist,"薄雾,视线模糊不清,液体喷雾,（使）蒙上薄雾,（使）模糊,下雾,变模糊",4
6052,curator,"（图书馆等的）馆长,监护人,管理者,<英>（大学）学监，校董会中的财务保管员",4
6053,baseline,"（网球场的）底线,（棒球场的）垒线,基线,零位线,[计]基准的，基线的,开始的",4
6054,coefficient,"系数,（测定某种质量或变化过程的）率,程度,协同因素,共同作用的,合作的",4
6055,correction,"修改,改[纠]正,惩罚,有待改正,改正的，纠正的",4
6056,grower,"种植者，栽培者,以某种方式生长的植物",4
6057,nonsense,"胡说，废话,荒谬的念头,愚蠢的行为,胡闹,无意义的,荒谬的,荒唐",4
6058,gum,"口香糖,树胶,黏胶,牙龈,胶合,涂以树胶,使…有粘性",4
6061,thesis,"论文，毕业论文,论点，论题,命题",4
6062,dressing,"穿衣,调味品,肥料,穿着,装饰(dress的现在分词)",4
6063,audio,"听觉的，声音的,音频的,声音回路,音响,可听到的声音,声音信号",4
6064,qualified,"有资格的，胜任的，适当的，合格的,过检定的，得到许可的,有限制的，有条件的,（俚）十足的，无比的,描述，形容,使合适,授权予,有权，达标,合格，成为合格,取得…的资格",4
6065,cosmic,"宇宙的,极广阔的",4
6066,ponder,"思索，衡量,仔细考虑，沉思",4
6067,sanctuary,"避难所,庇护所,圣所,庇护",4
6068,complicate,"使复杂化,使错综，使混乱,使卷入,变复杂,复杂的,麻烦的,（昆虫的翅）纵折的",4
6070,denounce,"公开指责,正式指控,告发,通告废除",4
6071,beating,"打，敲打,[纸] 打浆,脉搏,失败,（心脏等）跳动(beat的现在分词)",4
6072,prepared,"事先准备好的,愿意的,期望的,事先准备好地,愿意地,期望地,准备( prepare的过去式和过去分词),预备（饭菜）,配备,使（自己）有准备",4
6073,lounge,"休息厅,客厅,（机场等的）等候室,闲逛,懒洋洋地躺,懒洋洋地打发（时间）,虚度光阴",4
6074,stool,"凳子，高脚凳,大便，粪便,根株,长出新枝,排便",4
6075,recycling,"再循环,回收利用( recycle的现在分词 ),再利用,再次应用,重新使用（概念、方法、玩笑等）",4
6077,credible,"可信的，可靠的,（因看似可能成功而）可接受的",4
6078,simmer,"炖的状态或过程,即将沸腾的状态,勉强忍住的笑,炖,使（液体）的温度维持在沸点或稍低于沸点的温度,内心充满，按捺着,酝酿",4
6079,tuna,"<鱼>金枪鱼（科），鲔鱼,金枪鱼罐头,<植>金枪仙人掌",4
6080,revision,"修订，修改,修订本,校对,复审，上诉",4
6082,horizontal,"水平的，卧式的,地平线的,[植]（枝条）平层的,同一行业的，同阶层的,水平线,水平面,水平位置,水平的物体",4
6083,mattress,"床垫,褥垫,空气垫,[建]沉排",4
6084,daylight,"日光，白昼,清早，黎明,公开，发表,<俚>眼睛，视力",4
6085,warrant,"授权证,许可证,正当理由,依据,保证，担保,授权，批准,辩解",4
6086,exceptional,"优越的,杰出的,例外的,独特的,超常的学生",4
6087,saturated,"饱和的,浸透的,（颜色）未被白色弄淡的,浸透( saturate的过去式和过去分词),使饱和,使充满",4
6088,embed,"把…嵌入,栽种,深留（记忆中）",4
6089,staffer,"职员,编辑,采访记者,工作人员",4
6090,wary,"谨慎的，小心翼翼的,警戒的，警惕的",4
6092,bundle,"捆,一批（同类事物或出售的货品）,一大笔钱,风趣的人,收集，归拢，把…塞入,额外免费提供（设备等），（尤指出售计算机时）赠送软件,匆匆送走,推搡,赶,（成群地）匆忙赶往",4
6093,memorable,"值得纪念的,显著的，难忘的,重大的，著名的",4
6094,linen,"亚麻布，亚麻线,家庭日用织品,亚麻的，亚麻布制的",4
6095,ozone,"[化]臭氧,清新空气",4
6096,robbery,"抢劫案,明抢,敲竹杠,明目张胆地索取高价",4
6097,footstep,"脚步（声）,足迹",4
6099,prostitute,"卖淫者，妓女,男妓,卖身投靠的人,出卖贞操的人,使卖淫，卖身,出卖（名誉等）,滥用（能力等）,卖淫，卖身,卖淫的，堕落的",4
6100,drip,"（使）滴下,滴出,含有,充满,充溢,滴答，滴答滴答的声音,水滴,[医]点滴,点滴（的信息等）",4
6101,battlefield,"战场，战地,斗争的领域",4
6102,nicely,"漂亮地,恰当地，规规矩矩地,精密地,非常讲究地,<口>健康的，强健的",4
6103,shocking,"令人震惊的，可怕的,触目惊心的,〈口〉非常粗陋的,〈口〉极度[说不出地]（坏）,使…震惊( shock的现在分词)",4
6104,recorder,"录音机,直笛,记录员,刑事法院法官",4
6105,clove,"丁香，丁香树,[植]小鳞茎：如洋葱瓣或大蒜瓣儿,劈开，剁开( cleave的过去式)",4
6106,loosen,"解开或使松,放宽，放松,使（肠）通畅,变松或变得更松",4
6107,intake,"吸入，进气,（液体等）进入口,摄入，摄取,纳入（数）量",4
6108,predictor,预言者，预报器,4
6109,elevate,"举起,提高,提升,鼓舞",4
6110,forced,"被迫的,强迫的,强制(force的过去式和过去分词)",4
6111,lottery,"彩票,碰运气的事",4
6112,chore,"零星工作（尤指家常杂务）,令人讨厌的或繁重的工作",4
6113,fringe,"穗,边缘,刘海,次要,作为…的边缘，围绕着,给…加穗饰,边缘的，外围的,次要的，附加的",4
6114,reduced,"减少的，简化的,换算( reduce的过去式和过去分词 ),约束,使变为,使变弱",4
6115,lengthy,"长的，漫长的,冗长的,啰唆的（演说，文章等）",4
6117,hedge,"树篱,保护手段,防止损失（尤指金钱）的手段,用树篱围起,受…的束缚,回避，避免,树篱下的，树篱旁的,偷偷摸摸的，名声不好的，低劣的",4
6119,tattoo,"文身,归营鼓,夜间野外军事演习,连续有节奏的敲击声,刺青，刺花纹于（皮肤）上,在…上有节奏地敲击或轻叩,作连续有节奏的敲击",4
6120,shopper,（商店的）顾客，买东西的人,4
6122,telecommunications,"[电]电通信,电信，通讯,电信学,电讯",4
6124,coral,"珊瑚,珊瑚虫,珊瑚色,龙虾卵,珊瑚的,珊瑚色的",4
6125,heating,"暖气装置[设备],加热，采暖,（使）热( heat的现在分词),使激动,激发,使兴奋,加热的,供热的",4
6126,lease,"租约,租契,租赁物,租赁权,出租,租借",4
6127,appliance,"器具，器械，装置,家用电器",4
6128,census,"人口普查，统计,人口财产调查",4
6129,maid,"女仆，侍女,少女,处女，未婚女子",4
6130,murmur,"咕哝，发牢骚,低声的抱怨,低声说话,小声说,发出连续而低沉的声音,私下抱怨",4
6131,circus,"马戏，马戏团,马戏表演（常在大帐篷里进行）,环形广场，（用于某些地名）圆形广场,<口>乱哄哄的热闹场面",4
6132,rationale,"理论的说明,基本原理，基础理论,根据",4
6133,gauge,"测量的标准或范围,尺度，标准,测量仪器,评估,（用仪器）测量,确定容量，体积或内容,评估，判断,采用",4
6135,corps,"兵团,特种部队,一群人，一组人",4
6136,injustice,"不公平,非正义,待…不公正,冤枉",4
6137,inhabit,"居住,在…出现,填满",4
6138,quota,"（正式限定的）定量，定额,配额,指标",4
6139,lieutenant,"陆军中尉,副职官员,海军上尉,助理人员",4
6140,excerpt,"摘录,引用,摘要,节录,节要",4
6142,stride,"大步，阔步,步幅,进展,一跨（的宽度）,大踏步走,跨过,跨,跨坐在…",4
6143,soy,"大豆,酱油",4
6145,dub,"（以剑触肩）封…为爵士,授予称号,起绰号,配音，转录,击鼓,笨蛋,鼓声,混录进去的新声音,录音带的复制版",4
6146,motorcycle,"摩托车,机动车,骑摩托车",4
6147,copyright,"版权，著作权,受版权保护的,版权的,获得…的版权",4
6148,miniature,"小型的，微小的,微型复制品,微小模型,微型画,微型人像画,使成小型,把…画成纤细画,缩写",4
6149,coordination,"协调,和谐",4
6150,insurer,承保人，保险公司,4
6151,unbelievable,"不可相信的,站不住脚的,（由于太好或太糟而）令人难以置信的,非常惊人的",4
6152,ripe,"成熟的,醇美可口的,老练的,时机成熟的,〈诗〉同“ripen“",4
6153,amazed,"吃惊的，惊奇的,使大为吃惊，使惊奇( amaze的过去式和过去分词 )",4
6155,slogan,"标语，口号,呐喊声,（商业广告上用的）短语",4
6156,oversight,"疏忽,监督，照管,失察,负责",4
6157,reunion,"重聚，（亲友等的）聚会,再结合，再合并,再统一",4
6158,large-scale,"大规模的，大范围的,大比例尺的,巨型的,声势浩大",4
6159,accord,"协议,条约,（色彩的）协调,和解协议,给予,使和谐一致,使符合,使适合,符合,一致",4
6160,jewel,"宝石，宝石饰物,受珍视的人[物],宝贝，手表的宝石轴承",4
6161,snatch,"抢,一阵子，一下工夫,很小的数量,<美俚>诱拐,作出握住或抢夺的动作,很快接受,抢夺，夺得,及时救助,[体育运动]举重",4
6162,waiting,"等候,（宫廷中的）侍奉,侍女,侍奉期间,等待的,（尤指因迟到）让人等候,服侍的,（用于告诉某人立刻行动）你还在等什么呢,等候( wait的现在分词 ),等待,（尤指长期地）希望,盼望",4
6165,perch,"栖息处,栖枝,高处,鲈鱼,（鸟）飞落，暂栖，停留,栖息,停留,（使）坐,（使）坐在…边沿",4
6166,outrageous,"粗暴的,无法容忍的,反常的,令人惊讶的",4
6167,viewpoint,"观点，意见，角度,视角,<物>视点",4
6168,overly,过度地，极度地,4
6169,all-star,"明星云集的,明星班子成员",4
6170,albeit,"虽然,即使",4
6172,adequately,"足够地,适当地",4
6173,shrine,"圣地，圣陵，神龛,把…置于神龛内",4
6174,individually,"分别地,各个地,各自地,独特地",4
6175,misery,"痛苦,不幸,穷困,悲惨的境遇",4
6176,mold,"模子,模式,类型,霉,塑造,浇铸,用模子做,用泥土覆盖,对…产生影响，形成,发霉",4
6177,dial,"日晷,钟（表）面，标度盘,拨号盘,表盘,打电话，拨电话号码,用标度盘测量,通过表针控制",4
6178,avenue,"林荫路,大街,途径，手段,〈美〉（南北向）街道",4
6179,addict,"有瘾的人,入迷的人,（吸毒）成瘾者,使沉溺,使上瘾,使自己沾染（某些恶习）",4
6180,marginal,"边的，边缘的,旁注的,临界的，最低限度的,收入仅敷支出的",4
6181,ramp,"土堤斜坡,斜道,敲诈,（装车或上下飞机的）活动梯,蔓延",4
6183,berry,"浆果,干种子，干果仁,子，卵,寻找浆果，采摘浆果,结浆果",4
6184,mug,"马克杯，杯子,<口>容易受骗的人,<俚>脸,一缸子（的量）,对…行凶抢劫,（尤指在舞台上或摄影机前）扮鬼脸，扮怪相",4
6185,mustard,"芥末，芥菜,芥末色，深黄色,强烈的兴趣,热情的人",4
6186,cleaning,"清洁，打扫,（家畜等的）胞衣,（使）清洁( clean的现在分词 ),变干净,除去…的灰尘,使…干净",4
6187,controller,"管理者,控制者,（机器的）控制器,（公司的）财务总管",4
6188,nickname,"绰号,诨名,昵称,给…起绰号,用诨名[爱称]称呼,叫错名字",4
6189,villager,"村民,乡村居民",4
6190,whatsoever,"无论什么,任何",4
6191,relaxed,"（人）轻松的,自在的,无拘无束的,舒适的,轻松地,自在地,舒适地,随便地,（使）轻松( relax的过去式),（使）松弛,放宽,（使）放松,松散,松弛,放松",4
6194,hail,"冰雹,一阵,下冰雹,如冰雹般地降下,致敬,打招呼,打信号示意（计程车等）停下,赞扬（或称颂）…为（尤用于报章等）",4
6195,garment,"衣服,服装,给…穿衣服",4
6196,watercolor,"水彩,水彩颜料,水彩画,水彩画艺术,水彩的，水彩画的",4
6197,secretly,"秘密地，背地里,偷偷地,私自,潜",4
6198,indoor,"室内的，户内的,在室内使用的,待在家里的,救济院内的",4
6199,fertility,"（土地的）肥沃,肥力,丰产,<生>繁殖力",4
6200,notify,"通知,布告",4
6201,caregiver,照料者，护理者,4
6202,activate,"使活动，起动，触发,使开始作用",4
6203,exert,"发挥,运用,使受（影响等）,用（力）",4
6204,naive,"幼稚的,天真的,单纯的",4
6205,trustee,"受托人,信托公司,（公司、学院）理事,（慈善事业或其他机构的）受托人,移交（财产或管理权）给受托人",4
6206,kindergarten,幼儿园，学前班,4
6207,cereal,"谷类植物,谷物,粮食,荞麦食品,谷物的，谷物制成的",4
6208,arctic,"北极的,极冷的,严寒的,（态度） 冰冷的,北极圈，北极地带",4
6210,certification,证明，鉴定，证书,4
6211,quilt,"被子，棉被,被状物,缝（被）,用垫料填塞后缝拢,东拼西凑地做,用摘抄等方法编辑,东拼西凑地编,加软衬料后缝制,缝被子",4
6212,sensible,"明智的,合乎情理的,通情达理的,意识到的，能感觉到的,可感觉到的东西,敏感的人",4
6213,turnover,"翻滚，翻倒，弄翻，逆转，转向,半圆形的小馅饼,营业额，成交量，证券交易额,[体育运动] 易手，失球,可翻下的，或折转的",4
6215,fracture,"（使）折断，破碎,破裂，断裂,骨折",4
6216,pyramid,"金字塔,角锥状物,使…成塔尖形,使…节节建立,使…上涨,成金字塔状,渐增,连续投机",4
6217,tract,"大片土地,（神经纤维的）束,小册子,<古>一段时间，长时间",4
6218,moving,"活动的，可移动的,搬家的，搬运的,感人的,move的现在分词",4
6219,bachelor,"学士,单身汉,尚未交配的幼雄兽,侍从",4
6220,protestant,"新教教徒,新教教徒的,新教的",4
6221,humble,"谦逊的,简陋的,（级别或地位）低下的,不大的,使谦恭,轻松打败（尤指强大的对手）,低声下气",4
6222,operational,"即可使用的,（用于）操作的,经营的,军事行动的",4
6223,convincing,"令人相信的,有说服力的,令人心悦诚服的,使相信(convince的现在分词),使明白,使确信,说服",4
6224,descendant,"后代,后裔,（由过去类似物发展来的）派生物,弟子,下降的,祖传的",4
6225,proudly,"自豪地,傲慢地,得意扬扬地,堂皇地",4
6226,scarf,"围巾，领巾,嵌接,桌巾，台巾,（木材，金属，皮革的）嵌接,围（围巾）,打（领带）,披（披巾）,用围巾[台布]围[盖]",4
6227,lump,"块，团,肿块,许多，大量,笨拙的人,结成块,成团,笨重地行走,使成团，使成块,使团结在一起,把…混在一起,成团的，成块的,很，非常",4
6228,decoration,"装饰，装潢,装饰品,装饰图案，装饰风格,奖章",4
6229,mammal,哺乳动物,4
6231,pumpkin,"南瓜,南瓜的果肉，南瓜囊,〈俚〉重要人物",4
6232,configuration,"布局，构造,配置,[化]（分子中原子的）组态，排列,[物]位形，组态",4
6233,sampling,"抽样,取样,（乐曲的）节录,选录",4
6234,freeway,"高速公路,快车道",4
6235,clash,"发出撞击声,争论,不合,交锋,撞击出刺耳的响声,冲突,不协调,撞击声",4
6236,newsletter,"（给特定读者定期寄发的）通讯,时事通讯,业务通讯",4
6238,imitate,"模仿，效仿,仿造，伪造",4
6239,multiply,"乘,（使）相乘,（使）增加,（使）繁殖,多样地,复合地,多倍地,[电学]并联地，多路地,多层的,多样的,多股的",4
6240,upward,"向上的，上升的,升高的,向上地，上升地",4
6241,yank,"快而有力地拉，急拉,[俚语] 突然地移动,突然的猛拉,急抽",4
6242,cough,"咳嗽,（引擎等）发噗噗声,咳出,咳，咳嗽,咳嗽病,（机关枪等的）连续发射声",4
6243,notorious,"臭名昭著的,臭名远扬的,声名狼藉的,恶名昭著",4
6244,stereo,"立体声的,有立体感的,立体声,立体声系统,铅板,立体系统或立体像片",4
6245,velvet,"丝绒,天鹅绒,立绒,赢得的钱,天鹅绒的,柔软的,（脚声等）轻软的",4
6246,lethal,"致命的，致死的,能致命的,破坏性的,有害的,致死因子",4
6247,entail,"牵涉,需要,使必要,限定继承",4
6248,roller,"滚筒,滚压机,定型卷夹，塑料发卷,巨浪",4
6249,olive,"橄榄,橄榄树,橄榄色,油橄榄,橄榄色的,黄褐色的,淡褐色的,橄榄绿的",4
6250,compost,"堆肥,混合，合成,施堆肥,把（蔬菜等）制成堆肥",4
6251,toast,"干杯,烤面包,接受敬酒的人,（在某领域）广受赞誉的人,向…祝酒，为…干杯,烤火，取暖,使暖和,烘烤（面包片等）",4
6252,endeavor,"尝试，试图,尽力，竭力,努力，尽力",4
6253,credential,"外交使节所递的国书，信任状,文凭,提供证明书",4
6254,broadly,"宽广地,完全地,大体上",4
6255,filmmaker,电影摄制者,4
6257,smoothly,"平滑地,流畅地,平稳地,顺利地",4
6258,swirl,"旋转，打旋,眩晕,盘绕,大口喝酒,使成漩涡,使眼花,打转,弯曲盘旋,（水，风等的）旋转，漩涡,<美>弯曲,涡状形,卷状的东西",4
6259,distraction,"注意力分散,娱乐，消遣,心烦意乱,精神错乱",4
6260,ham,"火腿,（旧时的）小镇，村庄,大腿后部,拙劣演员（尤指表演过火者）,表情夸张，表演过火,过火的，做作的,蹩脚的,自满的,搞业余无线电收发报的",4
6261,roam,"漫游,漫步,漫步，漫游",4
6262,basin,"盆,盆地,流域,水坑，池塘",4
6263,fling,"（尤指生气地）猛扔,急派,放肆地投入,扔在一边，抛弃,猛扑,猛冲,急伸,投掷,〈美俚〉尝试,恣意，一时的放纵",4
6264,livestock,家畜，牲畜,4
6265,foam,"起泡沫,吐白沫,泡沫,泡沫材料，泡沫状物,使起泡沫,使成泡沫状物",4
6266,heroic,"有英雄气概的，英雄的，英勇的,记叙英雄及其事迹的,夸张的,英雄诗，史诗,英勇行为,夸张的言行,咬文嚼字，文诌诌",4
6267,asteroid,"[天]小行星,海盘车,海星,星状的",4
6268,heir,"继承人,后嗣，嗣子",4
6269,tomb,"坟墓,墓穴,墓碑,死亡,埋葬",4
6270,offset,"抵消,补偿,（为了比较的目的而）把…并列（或并置）,为（管道等）装支管,形成分支，长出分枝,装支管,开端,出发,平版印刷,抵消，补偿,分支的,偏（离中）心的,抵消的,开端的",4
6271,bald,"秃头的,单调的，枯燥的,光秃的,赤裸裸的，毫无掩饰的",4
6272,abandoned,"被放弃的，被遗弃的,热情洋溢的,寡廉鲜耻的，恣意放荡的,没有约束的",4
6273,anticipation,"期待，希望,预期，预测，预感,<律>（信托财产收益的）预支",4
6274,straightforward,"直截了当的,坦率的,明确的,直截了当地,坦率地",4
6275,insure,"保证,确保,为…保险,投保,买卖或卖保险",4
6276,viking,海盗，北欧海盗，<口>斯堪的纳维亚人,4
6277,interface,"界面,<计>接口,交界面,（使通过界面或接口）接合，连接,[计算机]使联系,相互作用（或影响）,交流，交谈",4
6278,bookstore,书店,4
6279,pope,"罗马教皇,主教,权威，大师",4
6280,crisp,"脆的,干冷的,易碎的,新鲜的，爽快的,<英>炸马铃薯片,松脆物,（使）变脆,卷曲,烘脆（面包等）",4
6281,encouragement,"鼓励,支持（的事物）,激励,促进（的事物）",4
6282,protester,"抗议者,反对者,提出异议者,断言者",4
6283,honesty,"诚实，真诚,正直,〈古〉贞洁,[植]一年生缎花",4
6284,sausage,"香肠，腊肠,〈口〉德国人",4
6285,sunni,<伊斯兰>逊尼派教徒,4
6286,glorious,"辉煌的,荣誉的,极好的,<口>非常愉快的",4
6287,frustrating,"产生挫折的，使人沮丧的，令人泄气的,使不成功( frustrate的现在分词 ),挫败,使受挫折,令人沮丧",4
6288,overturn,"（使）翻倒,使垮台，推翻,撤销（判决等）,推翻，垮台,瓦解,灭亡，毁灭",4
6289,compact,"压紧，（使）坚实,把…弄紧密，把…弄结实,使（文体）简洁，简化,变紧密，变结实,紧凑的,简洁的，（文体等）紧凑的,小巧易携带的,（物质）致密的，（体格）结实的",4
6290,deprive,剥夺，夺去，使丧失,4
6291,fearful,"害怕的，担心的,胆怯的,吓人的，可怕的,<口>极端的",4
6292,selective,"精心选择的,选择的，不普遍的,淘汰的",4
6293,transcript,"抄本,誊本,打字本,副本",4
6294,meditation,"默想,默念,沉思,冥想",4
6295,shiver,"发抖，颤抖,碎块，破片,战栗，发抖,由于航行时太靠近风而使（帆）颤动",4
6297,don,"大学教师，（牛津、剑桥大学的）导师，特别研究员,穿上，披上",4
6298,flourish,"挥舞,茂盛，繁荣,活跃，蓬勃,挥动，挥舞,挥舞，挥动,花样，华丽的辞藻,夸张的行为或手势,花式吹奏",4
6299,discharge,"下（客）,卸船,免除（自己的义务、负担等）,执行,放出,流出,开枪,发射,（气体、液体如水从管子里）流出,排放出的物体,（船、飞机等）卸货,（颜料、墨水或染料等）化开,卸掉负担（或负载）,下客",4
6300,mainland,"大陆,本土,大陆的,本土的",4
6301,standpoint,立场，观点,4
6302,beautifully,"美丽地,漂亮地,<口>出色地,完美地",4
6303,tug,"用力拉，使劲拉,使劲，挣扎,[航海]用拖船拖曳,竞争,猛拉，推力,绳索链条,[航海] 拖船,竞争，斗争",4
6304,empower,"授权,准许,使能够,使控制局势",4
6305,lobster,"龙虾,龙虾肉",4
6306,solidarity,团结,4
6307,turning,"旋转,转向,转弯处,车工工艺,转动,扭转,（使）变成,“turn”的现在分词",4
6308,detection,"侦查,察觉,发觉,检查",4
6310,occurrence,"发生，出现,遭遇，事件",4
6311,saddle,"马鞍,（自行车或摩托车的）车座,鞍形架，鞍状物,（动物的）脊肉,给（马）装鞍,使承担",4
6312,artwork,"艺术品,插图",4
6313,partisan,"党派性的,偏袒的,游击队的,党羽，强硬支持者,游击队员,戟的一种",4
6314,prone,"易于…的,俯卧的,有…倾向的,倾斜的，坡陡的",4
6315,lasting,"持久的，恒久的,继续存在( last的现在分词),耐用,维持(last的ing形式),延续，持续,耐久,纺] 厚实斜纹织物",4
6316,hose,"软管，胶皮管,长筒袜,男性穿的紧身裤,用软管浇,痛打",4
6317,liberation,"解放,释放，逸出",4
6318,abundant,"大量的，充足的,丰富的，富有的,丰足,阜",4
6319,confusing,"令人困惑的,混乱的,混淆的,使困窘，使混乱不清(confuse的现在分词)",4
6320,renewed,"更新的,重建的,复兴的,重申的,（使）复原， （使）更新，赋予新的生命和活力( renew的过去式和过去分词 ),重新开始,继续,补充",4
6321,hammer,"铁锤，榔头,链球,（拍卖时用的）木槌,音槌,锤打,反复敲打，连续击打（尤指发出大声）,击败,猛踢,猛击,轻易打败（对方）",4
6322,aggressively,"侵略地,攻击地,有闯劲地,激烈地",4
6323,formidable,"可怕的,令人敬畏的,难以对付的",4
6325,burial,"葬，掩埋,葬礼",4
6326,unwilling,"不愿意的，不情愿的,勉强的,厌恶的,不甘",4
6327,packet,"小包,信息包,邮船,大笔款项,包装，打包,用邮船运送",4
6328,exclusion,"拒绝，杜绝,排除，驱逐,被排斥在外的人（或事物）,排外主义",4
6329,mobilize,"调动,动员,组织，动员起来,动员起来",4
6330,vigorous,"有力的,精力充沛的,充满活力的,朝气蓬勃的",4
6331,lazy,"懒惰的,没精打采的,慢吞吞的",4
6332,passport,"护照，通行证,手段",4
6333,marital,婚姻的，夫妻（间）的,4
6335,fond,"喜欢的,多情的,溺爱的，宠爱的,盲目轻信的",4
6336,photographic,"摄影（术）的,摄影用的,逼真的,（尤指记忆）记得详细准确的",4
6337,questionable,"可疑的，有疑问的,可疑地，不真实地",4
6338,poise,"泰然自若,自信,体态,姿态,使平衡,保持（某种姿势）,抓紧,使稳定",4
6339,homemade,（衣服、食品等）自家制的,4
6340,drape,"将（衣物、帘、斗篷等）悬挂，披,（用布等）遮盖或装饰某人或某物,将某物随便围在或放在另一物上,[医]在（手术室等处）挂上消毒帷,（厚长的）帘子，帷帘，帷幕,（帘、幕、衣、裙等）悬挂状,成褶皱状垂下或悬挂",4
6341,surplus,"过剩的,多余的,剩余额,公积金,顺差,盈余",4
6342,archaeologist,考古学家,4
6343,surroundings,"（周围的）环境[事物],环境，周围的事物( surrounding的名词复数),一带",4
6344,vicious,"邪恶的，恶毒的,有恶意的,凶猛的,有缺点的",4
6346,wedge,"楔,楔形物,（击高尔夫球的）楔形铁头球棒,〈比喻〉可以逐渐扩大作用的开端,楔入,用楔子楔牢,挤进",4
6347,eagle,"鹰,鹰状标志,[高]比标准杆少两杆的分数,[高]低于标准杆数两杆",4
6348,victorian,"维多利亚时代的,维多利亚时代的人",4
6349,disturbance,"打扰,骚乱，变乱,困扰,烦闷",4
6350,sandy,"沙的，沙质的,含沙的,多沙的,沙色的,桑迪,苏格兰人的绰号",4
6351,evangelical,"福音的，福音派教会的,新教会的,衷于传道的,福音派信徒",4
6352,coffin,"棺材,蹄槽,收殓",4
6353,tense,"拉紧的,肌肉绷紧的,神经紧张的,[语]（语音）紧的,[语]时，时态,〈古〉时间,使或变的紧张",4
6354,server,"服务器,侍者,上菜用具,发球者",4
6356,spokeswoman,"女发言人,女代言人",4
6360,leisure,"空闲时间,闲暇,悠闲,安逸,空闲的,闲暇的",4
6361,emit,"发出,发射,颁布,发表",4
6362,pharmaceutical,"制药的，配药的,药物",4
6363,prototype,原型，雏形，蓝本,4
6364,unusually,"非常,不寻常地，异乎寻常地,显著地,出奇",4
6365,lender,出借人，贷方,4
6366,acquaintance,"相识的人，熟人,相识,对…有了解,知识，心得",4
6367,vegetation,"植物（总称），草木,[医]赘生物，增殖体,无所作为的生活，单调的生活,[植]营养体生长，发育",4
6368,comparative,"比较（上）的,按比较估计的,相当的，还可以的,[语]（形容词或副词的）比较级形式,可匹敌者，可比拟物",4
6370,anthropologist,人类学家,4
6371,magnet,"磁铁，磁石,有吸引力的人或物,[物]磁体",4
6372,seasonal,"季节的，季节性的,周期性的,随季节变化的",4
6373,contempt,"轻视,轻蔑,（对规则、危险等的）藐视,不顾",4
6374,bastard,"私生子，杂种,代用品，假冒品,态度傲慢且令人讨厌的人,杂种的，不纯粹的,伪的，假的,奇形怪状的，异常的",4
6375,module,"模块,组件,（宇宙飞船上各个独立的）舱,测量流水等的单位",4
6377,dominance,"优势,支配,统治,优性",4
6378,desired,"渴望的，想得到的,希望( desire的过去式和过去分词 ),渴望,要求,请求",4
6379,ample,"足够的,充足的，丰富的,宽敞的，广大的,富裕的",4
6380,zoo,"动物园,<美俚>（铁路货车的最后一节）守车,<美俚>核粒子园",4
6382,theorist,"理论家,学说创立人,空论家",4
6383,disadvantage,"不利，劣势，短处,损失",4
6385,efficacy,"功效,效力,效验,生产率",4
6386,stripe,"条纹,种类,军士军阶,犯人穿的横条囚衣,使带有条纹",4
6388,foremost,"第一流的，最重要的,最初的，最前面的,首先，第一,居于首位地",4
6389,potent,"有效的，强有力的,有权势的,烈性的,有说服力的",4
6390,exclaim,"呼喊,惊叫,大声说",4
6392,tee,"球座,字母T,（套圈等游戏中的）目标,置球于球座上,准备发球",4
6393,crossing,"人行横道，十字路口,交叉，相交,横越,渡口,交叉(cross的现在分词)",4
6394,dentist,牙科医生,4
6395,den,"兽穴,贼窝,简陋污秽的小室,书斋,穴居,藏到洞里,进窝（冬眠）,把…赶入洞中",4
6396,adverse,"不利的,有害的,逆的,相反的",4
6397,reported,据报告的，据报导的，据传闻的,4
6398,scholarly,"学术性的,有学者风度的,学者的",4
6399,conditioning,条件作用，训练，健身训练,4
6400,improving,"改进，改善（质量），精炼,改善，改进，提高( improve的现在分词 ),提高（土地、地产）的价值,利用（机会）,抓紧（时间）",4
6401,sorrow,"悲痛,悔恨，惋惜,伤心事,遗憾",4
6402,whisk,"拂，掸,搅拌,挥动,飞奔，疾过,掸，轻抹,扫帚,毛掸子,搅拌器",4
6403,pastry,"糕点,油酥糕点,油酥面团,油酥面皮",4
6405,provincial,"省的，州的,领地的,地方的，乡下的,粗野的，鄙俗的,<贬>首都以外的人，地区居民,外地人,粗野的人,（管辖教区的）大主教",4
6407,exaggerate,"（使）扩大,（使）增加,夸张",4
6408,reactor,"[化工]反应器,[核]反应堆,起反应的人,原子炉",4
6409,oyster,"牡蛎,<俚>守秘密的人,鸡背肉,沉默寡言的人",4
6410,decisive,"决定性的,坚定的,果断的，决断的",4
6412,arch,"弓形,拱门,拱形物,足弓，齿弓,（使）弯成拱形,用拱连接,向后弯,拱起,成为弓形,主要的,首要的,调皮的,淘气的",4
6413,satisfying,"令人满意的，令人满足的,使满意，满足( satisfy的现在分词)",4
6414,visually,"视觉上,外表上,看得见地,形象化地",4
6415,seventeen,"十七（个）,十七,十七岁的,十七的,十七个的",4
6417,volcano,火山,4
6419,greeting,"招呼，问候,敬礼,祝贺,欢迎辞,问候(greet的现在分词),致敬,迎接",4
6420,jealous,"妒忌的,羡慕的,精心守护的,吃醋的",4
6421,chuckle,"轻声地笑,咯咯笑,轻笑声",4
6422,molecular,分子的，由分子组成的,4
6423,pasture,"牧草地，牧场,牲畜饲养，放牧,放牧,吃草",4
6424,swamp,"沼泽（地）,湿地,淹没,使沉没,使陷入困难,忙得不可开交,淹没，沉没",4
6425,rebellion,"造反，叛乱,反抗",4
6428,standardized,"标准的，定型的,使合乎规格，使标准化( standardize的过去式和过去分词 )",4
6429,dash,"猛冲,赶紧离开,猛撞,匆忙完成,泼溅,使…破灭,少量，些许,破折号,短跑",4
6430,constituency,"（选举国会议员的）选区,选区的全体选民,（政客或政党的）支持者,赞助者",4
6431,communist,"共产主义者，共产主义的支持者,共产党党员,巴黎公社社员,共产主义者的,共产党的",4
6432,steering,"转向装置,掌舵,操作,指导,驾驶( steer的现在分词)",4
6433,awesome,"令人敬畏的,使人畏惧的,可怕的,极好的",4
6435,lesbian,"女同性恋的,莱斯博斯岛的,女同性恋者,莱斯博斯岛人",4
6436,evidently,"明显地，显而易见,明显地，清楚地,错不了，毫无疑问",4
6437,bait,"饵，诱饵,诱惑,（路上的）休息（或进食）,置诱饵于…,引诱,纵犬袭击（野兽）,折磨,中途休息",4
6438,sore,"疼痛的,使人伤心的,恼火的，发怒的,（肌肤的）痛处，伤处,〈古，诗〉同sorely",4
6440,deliberate,"故意的,蓄意的,深思熟虑的,慎重的,权衡,熟虑,商讨",4
6441,embargo,"禁运（令）,停止通商（令）,禁止,限制,封（港），禁止（船只）出入港口,禁运，停止,扣留征用",4
6442,novelist,小说家,4
6443,reef,"礁，暗礁,[矿]矿脉,[航]缩帆部，榫帆部,收帆，缩帆",4
6444,fictional,"虚构的,小说的",4
6446,usage,"使用,用法,习惯,惯例",4
6448,registered,"注册的,登记过的,已挂号的,（动物）附有血统证明的,记录,登记,注册,显出",4
6449,erect,"使直立，使竖起,建立，创立,安装,[医]使勃起,直立的，垂直的,（头、手等）朝上举的,直竖的,[医]勃起的",4
6450,oath,"誓言，誓约,妄用神名，渎神的言词,[法]宣誓,诅咒，咒骂语",4
6451,efficiently,"效率高地,有效地",4
6452,deficiency,"缺乏，不足,缺点，缺陷,不足额",4
6454,nephew,侄子，外甥,4
6455,glare,"怒目而视,发强光,强光,怒视,瞪眼,炫耀",4
6456,implant,"[医]移植物，植入管,移植的组织,移植,灌输,植入，插入,（受精卵）着床,被移植",4
6457,dietary,"饮食的，规定食物的,规定的食物,食谱",4
6458,blur,"污迹，污斑,模糊不清的事物,暧昧不明,涂污，弄脏,（使）变模糊，（使）难以区分",4
6459,middle-aged,"中年的,适合于中年人的,具有中年人特点的",4
6460,fertilizer,"肥料，化肥,受精媒介物,促进发展者",4
6461,fairy,"仙女,小仙子,小精灵,美丽的，可爱的,仙女似的",4
6462,vintage,"酿酒的,老式的，过时的,最好的，最有特色的,古老而享有声誉的,美酒,葡萄产量,酒产年，酒产地,制造年份,为酿酒而收（葡萄）,用葡萄酿酒",4
6463,freezing,"严寒的，冰冻的,极冷的,使人打冷颤的,冷冻用的,使结冰(freeze的现在分词),冷冻贮藏，冷藏,冻结（资金、银行账户等）,使冻伤,冻结，结冰,（物价、工资等的）冻结,[电影]定格，保持不动",4
6464,altitude,"高度，海拔高度,高位，高等,[天]地平纬度,[数]顶垂线",4
6465,subscale,"内部[扩散]氧化物,潜锈",4
6468,protected,"保护( protect的过去式和过去分词 ),防护,投保,关税保护",4
6469,squint,"斜视,斜着眼睛看,倾向,一瞥,斜视的,细眯着眼看的",4
6471,urgency,"紧迫,急迫,急事,紧要",4
6473,download,将（程序，资料等）从大计算机系统输入小计算机系统，下载,4
6474,recruitment,"征募新兵,补充,募集",4
6475,handy,"方便的,手边的，附近的,便于使用的,手巧的",4
6476,oddly,"奇怪地，古怪地,奇妙地,额外地，附加地,零碎地，单数地,oddly enough的变体",4
6478,flashlight,"手电筒,闪光信号灯",4
6479,differentiate,"区分，区别，辨别,区别对待,表明…间的差别，构成…间差别的特征,[数学] 求…的微分：计算导数或（函数的）微分",4
6480,racist,种族主义者,4
6481,varied,"各种各样的,各不相同的,形形色色的,多变的,变化( vary的过去式和过去分词)",4
6483,collaborate,"合作，协作,（国家间的）协调，提携,勾结，通敌",4
6484,succession,"继承人，继承权,继承顺序,[生]自然演替,一系列，接连",4
6485,tricky,"狡猾的,（形势、工作等）复杂的,机警的,微妙的",4
6486,follow-up,"[医]定期复查，随访,跟踪,后续行动，后续事物,重复的,补充的,继续的,接着的",4
6487,waitress,"女服务员,女侍者,做女服务员",4
6488,remnant,"剩余部分,残余,幸存者,零料，零头布,剩余的,残留的",4
6489,cement,"水泥,胶合剂,胶接剂,粘固粉,粘牢,巩固,（用水泥、胶等）粘结,在…上抹水泥",4
6490,elk,麋鹿,4
6491,morally,"道德上，有道德地,确实地",4
6492,recite,"背诵,叙述,列举,详述，列举,吟诵",4
6493,unemployed,"被解雇的,失业的,不在使用中的,未用的,失业者",4
6494,communal,"公社的,公民的,公共的,公用",4
6495,brazilian,"巴西人,巴西的",4
6497,guiding,"导向，定向,引路( guide的现在分词 ),指导,操纵,影响",4
6498,cuisine,"烹饪，烹调法,菜肴",4
6500,interference,"干涉，干扰，冲突,介入,妨碍，打扰，阻碍物,冲突，抵触",4
6501,situate,使位于，使处于…地位（位置）,4
6503,thinker,"思想家,思考者",4
6504,expanding,"展开的，扩大的,使…变大( expand的现在分词 ),扩大,伸展,伸开",4
6505,maturity,"成熟,完备,（票据等的）到期,[地]壮年期",4
6506,bacon,"培根,熏猪肉,咸猪肉,腊肉",4
6507,spoil,"变质,掠夺,腐败,损坏，糟蹋,把（酒，肉等）放坏,溺爱坏，宠坏（孩子等）,抢劫，掠夺,废品，次品,成功所带来的好处,（开掘等时挖出的）弃土",4
6508,wrestle,"（与某人）搏斗,（与…）摔跤,斟酌,摔跤,斗争",4
6509,devastate,"破坏,毁灭,蹂躏,使荒废",4
6510,underestimate,"低估,对…估计不足,看轻,把…的价值估计过低,估计不足,过低评价，过低估价,轻视",4
6511,navigate,"驾驶,航行于,使通过,航行",4
6512,robust,"精力充沛的,坚定的,粗野的，粗鲁的,需要体力的",4
6513,clause,"从句，分句,条款，款项",4
6515,committed,"忠诚的，坚定的,保证（做某事、遵守协议或遵从安排等）( commit的过去式和过去分词 ),把…托付给,把…记（或写）下来,承诺",4
6517,collaborative,"合作的,协作的",4
6518,bulletin,"公告，公报,新闻快报,小报,期刊,公布，公告,用公报发表",4
6519,darling,"（用作称呼）亲爱的,心爱的人,倍受宠爱的人,亲切友好的的人,倍受喜爱的，可爱的，迷人的",4
6520,ecology,"生态学,社会生态学,个体生态学",4
6521,deployment,"部署,调度",4
6523,terrace,"台阶，阶地,阳台,柱廊，门廊,斜坡上房屋间的街巷,把（如山坡或坡地）修成梯田,给（如房屋）建阳台",4
6524,northwestern,"（在）西北的,向西北的,来自西北的,（常N-）西北部的",4
6525,resent,"对…感到愤怒,怨恨,愤恨,厌恶",4
6526,blossom,"花，群花,开花时期，（发育的）初期,兴旺时期,（植物）开花,繁荣，兴旺,长成",4
6527,temper,"性情，脾气,特征,（钢等）回火,怒气,调和,使回火,锻炼,缓和,使调和",4
6528,continuity,"连续性，继续,分镜头电影剧本,串联，衔接,[影视]剪辑",4
6529,grass-roots,一般民众的，由乡间民间来进行的,4
6531,genuinely,"真地,真正地,真诚地,诚实地",4
6532,accessory,"附件,（衣服的）配饰,从犯,妇女饰品,附加的,附属的,辅助的,同谋的",4
6533,petty,"不重要的,卑鄙的，小气的,小的，一点点,小规模的,[会]小额,佩蒂,厕所",4
6535,obsessed,"着迷的,一门心思的,（思想）无法摆脱的,着迷( obsess的过去式和过去分词),时刻困扰，缠住,使痴迷,使迷恋",4
6536,smiling,"微笑的，风景明媚的，喜气洋洋的,以微笑表示( smile的现在分词 )",4
6538,indirect,"间接的,不直截了当的,闪烁其词的,不坦率的",4
6539,spacecraft,[航天]宇宙飞船，航天器,4
6540,ya,"yarn 线,yaw axis 偏航轴,young adults 青壮年",4
6542,bureaucratic,官僚的，官僚主义的，官僚作风的,4
6543,long-standing,"长期存在的,存在已久的,可长期存在的",4
6544,generic,"类的，属性的,一般的,不受商标保护的,[生]属的，类的,同“a generic drug",4
6547,globalization,全球化，全球性,4
6548,marathon,"<体>马拉松赛跑,长距离比赛,需要长时间努力或耐力的事件或活动,需要极大持久力的,参加马拉松比赛",4
6549,massacre,"大屠杀，残杀,（牲畜的）成批屠宰,屠杀，残杀,损害，毁坏,<口>彻底击败,<口>惨败",4
6550,spur,"马刺,激励因素,支柱,（公路或铁路的）支线,策（马）前进,（尤指用马刺）策（马）加速,鞭策,策马飞奔,急速前进",4
6551,prestigious,"受尊敬的，有声望的,<古>魔术的，欺骗的",4
6552,discomfort,"不舒适，不舒服,不安,不方便,苦恼,使…不舒服,使…不安,使苦恼,使不便",4
6554,backpack,"（指登山者、步行者使用或背小孩时使用的）背包， （有轻金属框的）箱形背包,背着背包徒步旅行",4
6555,trench,"沟，渠,战壕,掘沟,挖战壕,侵害",4
6557,deviation,"背离，偏离,离经叛道的行为,[航]偏航,[数]绝对偏差",4
6558,spirituality,精神性，灵性,4
6559,icy,"寒冷的，冰冷的,结冰的,冷冰冰的，不友好的",4
6561,applied,"（尤指某种科学）应用的，实用的,应用( apply的过去式和过去分词 ),[apply oneself]使（自己）致力于,[apply oneself]使从事于,使接触",4
6562,diesel,"柴油机,柴油机机车（或船等）",4
6563,whistle,"吹口哨，吹哨子，鸣汽笛,呼啸,（动物）发出刺耳的叫声,吹口哨召唤,由吹口哨而发出,用哨声使…行动,口哨，哨子,汽笛,哨声，笛声,啭鸣声：尖厉高音",4
6564,astronomy,天文学,4
6566,governance,"统治,管理,支配,统治方式",4
6567,devotion,"献身，奉献,忠诚,信仰，祈祷,热爱",4
6568,cinnamon,"樟属植物,桂皮香料,肉桂色，黄棕色,肉桂色的,黄棕色的",4
6569,appropriately,适当地,4
6570,skeleton,"（建筑物等的）骨架,骨骼,梗概,骨瘦如柴的人（或动物）,骨骼的,骨瘦如柴的,概略的,基本的",4
6571,briefing,"简报，简要情况,简要指示,向…介绍基本情况(brief的现在分词)",4
6572,sew,"缝，做针线活,缝纫,装钉（书籍）",4
6573,spawn,"（鱼、蛙等）大量产（卵）,引起，酿成,大量生产,（鱼、蛙等的）子，卵,（裂殖菌类植物的）丝，菌,产物，结果",4
6574,roster,"花名册,勤务簿,登记簿",4
6575,unpleasant,"使人不愉快的,不合意的,讨厌的,不客气的",4
6576,inflict,"把…强加给，使承受，遭受,给予（打击等）,处以刑罚，加刑",4
6577,insane,"疯狂的,精神病的,非常愚蠢的",4
6578,indict,"[法]控告，起诉,告发",4
6579,entertaining,"有趣的，娱乐的，使人愉快的,款待，招待( entertain的现在分词 ),使欢乐,使娱乐,抱有",4
6582,profoundly,"深深地,深切地,深刻地,极度地",4
6583,marked,"显著的，著名的,有记号的,加印记的,受监视的,表示(mark的过去分词),作记号,给…打分,在…留下痕迹",4
6585,muddy,"泥泞的,暗的,模糊的,糊涂的,使沾上泥,把…弄糊涂,变得泥泞，沾满烂泥",4
6587,singing,"唱歌,鸟鸣,<物，无>振鸣,（机器或系统）技术先进,唱，歌唱(sing的现在分词),（鸟）鸣,嗡嗡叫,呜呜作响,唱歌的,音乐般的",4
6588,turtle,"[动]龟,[动]海龟,捕海龟，捕鳖,（船等）翻没，倾覆",4
6589,occupational,"职业的,军事占领的",4
6591,trio,"三重奏,三人一组,三重奏[三重唱]乐曲,（小步舞曲、谐谑曲等的）中段",4
6592,ferry,"渡船,渡口,摆渡,用船渡运,航海,渡运,（乘渡船）渡过（河等）",4
6593,leverage,"杠杆作用,优势，力量,影响力,举债经营,借贷收购",4
6594,comeback,"恢复，复原,巧妙的回答或反驳,东山再起,回归",4
6595,consulting,"商议的，顾问资格的，咨询的,商议，商量( consult的现在分词 ),请教,翻阅,求教于",4
6596,thereafter,"此后，在那之后,〈罕〉据此",4
6597,conflicting,相矛盾的，冲突的,4
6598,sticky,"粘性的,热湿的，闷热的,极不愉快的,不动的",4
6599,painted,"描画的，着色的,画，绘画( paint的过去式和过去分词 ),描绘,在…上涂涂料[油漆],往（指甲、嘴唇等上）施化妆品",4
6600,turmoil,"混乱,焦虑",4
6601,astonishing,"使人吃惊的，惊人的,使…诧异(astonish的ing形式)",4
6602,randomly,随便地，未加计划地,4
6603,referral,"介绍，指引,受指点者，被介绍者,转诊病人,参照",4
6604,perfection,"完美,完善,最后加工,圆满",4
6605,clergy,"（尤指基督教堂内的）牧师，教士,〈废〉学问",4
6606,renewal,"重建，重生,更新，革新,重申,合同的续订",4
6607,migrate,"迁移，移往,移动,随季节而移居,使移居,使移植",4
6608,sustained,"持久的，持续的,维持( sustain的过去式和过去分词 ),支撑,忍受,长期保持",4
6609,keen,"厉害的，强烈的,敏锐的，敏捷的,锐利的,热心的,（为死者）恸哭，哀号,〈英〉号哭，恸哭",4
6610,orient,"标定方向,使…向东方,以…为参照,使熟悉或适应,东方的,（太阳等）上升的，新生的,闪闪发光的,转向东方,使调整或者成为一条直线,东亚各国,珍珠光泽,好的珍珠,日出之处，东方",4
6611,rite,"仪式，典礼，礼仪,习惯，惯例,[宗]礼拜式",4
6612,imaginary,"想像中的，假想的，虚构的,[数]虚数的,幻,虚幻",4
6613,mathematical,"数学的,精确的,绝对的,可能性极小的",4
6614,offspring,"后代，子孙,产物，结果,（动物的）崽,幼苗",4
6615,radically,"根本地,彻底地,完全地,激进地",4
6616,archive,"存档,档案文件,档案室",4
6619,pillar,"柱，台柱，顶梁柱,墩，柱脚,（组织、制度、信仰等的）核心",4
6620,adhere,"黏附,附着,坚持,追随,使粘附,遵循，坚持,追随，依附",4
6621,receipt,"收据，发票,收入,开收据,[美国英语]给…开收据，承认收到",4
6622,re-create,改造，改制，重新创造,4
6624,underwear,衬衣，内衣,4
6625,contamination,"污染,弄脏,毒害,玷污",4
6626,parlor,"客厅,起居室,（旅馆中的）休息室,<美>（通常用来构成合成词）店",4
6627,uneasy,"心神不安的,不稳定的,不舒服的",4
6629,unacceptable,"不能接受的,不受欢迎的,难答应的,不中意的",4
6632,appropriation,"挪用,拨款,批准支出",4
6633,retention,"保留,记忆力，保持力,滞留，扣留,闭尿",4
6634,disappearance,"消失，不见,消散,失踪,出走，一去不返",4
6635,privileged,"享有特权的,特许的，专用的,秘密的，保密的,幸运的",4
6636,carriage,"运输，输送,（旧时载客的）四轮马车,〈英〉火车客车车厢,运费",4
6637,sporting,"运动的,爱好文体活动的,公正的,好赌博的,运动(sport的ing形式),娱乐,玩弄",4
6638,artillery,"炮，大炮,炮兵部队,炮术,〈美俚〉防身武器",4
6639,messenger,"信使，信差,先驱,[军]通信兵，传令兵",4
6640,motif,"（文艺作品等的）主题,（音乐的）乐旨，动机,基本图案",4
6641,mentality,"心理,智力,思想,精神力",4
6642,pavement,"人行道,硬路面,铺过的路面,[动]铺石状构造[密生的齿列等]",4
6643,moist,"潮湿的,微湿的,多雨的,含泪的",4
6645,tractor,"拖拉机,牵引器",4
6647,statewide,遍及全州的,4
6648,hitter,"打者，击手，（棒球）击球员,[机]铆钉枪",4
6649,postpone,"使延期，延缓,把…放在次要地位,把…放在后面,延缓,延缓发作",4
6651,beneficiary,"受益人,封臣,受俸牧师,受封的,臣服的",4
6652,helpless,"无助的,无能的,无用的,六亲无靠",4
6653,contention,"竞争，争论,争夺,论点",4
6654,relevance,"相关性，关联,实用性,[计]资料检索能力",4
6655,ballet,"芭蕾舞,芭蕾舞剧,芭蕾舞团,芭蕾舞音乐",4
6656,hobby,"业余爱好,嗜好，兴趣,小马",4
6657,swedish,"瑞典的,瑞典语,（总称）瑞典人",4
6659,policymaker,政策制定者，决策人,4
6660,velocity,"速率，速度,周转率,高速，快速",4
6661,critically,"批判性地,苛求地,危急地,严重地",4
6662,reconcile,"使和好，使和解,调停，排解（争端等）,[宗]使（场所等）洁净,[船]使（木板）接缝平滑",4
6663,pathway,"路，道,途径，路径",4
6664,noisy,"嘈杂的,喧闹的,充满噪音的,吵吵闹闹的,响声,嘈杂声",4
6665,opposing,"反作用的,反向的,相反的,对立的,反对",4
6666,madness,"疯狂,狂怒,狂犬病,看来奇怪（或愚蠢）的行为自有其道理",4
6667,cleaner,"清洁剂,保洁员,吸尘器,干洗店,更清洁的(clean的比较级),整齐的,新的,正派的",4
6668,hub,"轮轴,中心，焦点,（电器面板上的）电线插孔,[计]集线器",4
6669,compartment,"隔间（尤指火车车厢中的）,区划,分隔,划分",4
6670,fury,"狂怒,[罗神]复仇三女神之一,暴怒,激怒者",4
6671,insult,"侮辱，凌辱,辱骂,损害",4
6672,respected,"尊重（ respect的过去式和过去分词 ）,尊敬,关心,慎重对待,受尊敬的,受敬重的,受重视的",4
6673,spontaneous,"自发的,自然的,天然产生的,无意识的",4
6674,usher,"引座员,招待员,门房,助理教员,引领，招待,做招待员,宣告",4
6675,golfer,"高尔夫球手,打高尔夫球的人,高尔夫球运动员",4
6676,embark,"上飞机，上船,着手，从事,使…上船或飞机,使从事，使着手,投资于",4
6678,asthma,<医>气喘，哮喘,4
6679,misleading,"误导性的,骗人的,引入歧途的",4
6680,bloom,"（常指供观赏的）花,开花期,最盛期,健康有精神的面貌,开花,使植物繁盛,发光，闪亮,大量出现",4
6681,slender,"苗条的,微薄的,柔弱的",4
6682,blouse,"宽松的上衣,女衬衫,短上衣,工装,使…宽松下垂",4
6685,proliferation,"增殖，分芽繁殖,再育,增生",4
6686,manifestation,"表示，显示,示威",4
6687,stark,"完全的,荒凉的,光秃秃的,僵硬的,一丝不挂，赤裸,完全,明显地,质朴地,斯塔克",4
6688,necklace,项链,4
6689,lettuce,"莴苣，生菜,<俚>纸币",4
6690,proximity,"接近，邻近,接近度，距离,亲近",4
6691,brochure,小册子，手册,4
6692,perimeter,"<数>周长,周围，边界",4
6693,perfume,"香水,香料,香味，香气,使…充满香气,喷香水于…",4
6694,firing,"开火,生火,烧窑,烘烤,开火，射击( fire的现在分词 ),<口>解雇,射（箭）,激励",4
6695,brace,"支撑,系紧,准备，预备,振作起来,准备好,支持,打起精神,支持物,铁钳，夹子,[语]大括号,绷紧（身体部位的）肌肉",4
6696,symbolize,"象征,用符号表现,使用符号,采用象征,作为…的象征",4
6697,matching,"使…相配(match的ing形式),相配的,一致的,相称的,匹配",4
6699,flock,"兽群，鸟群,群众,棉束,大堆，大量,群集，成群结队而行,用棉束填",4
6700,firearm,火器，尤指手枪或步枪,4
6701,refine,"提炼,改善,使高雅",4
6703,rivalry,"竞争，对抗，对立,竞争行为，对抗行为",4
6704,volatile,"易变的，不稳定的,（液体或油）易挥发的,爆炸性的,快活的，轻快的",4
6705,sermon,"布道,讲道,讲道文章,一大通教训",4
6706,rigorous,"严密的,缜密的,严格的,枯燥的",4
6707,mule,"骡子,顽固的人,杂交种动物",4
6710,delighted,"高兴的,欣喜的,使高兴,使欣喜( delight的过去式和过去分词)",4
6711,oval,"椭圆形的,卵形的,椭圆形,椭圆运动场（等）,椭圆，美式足球用球,[物]卵形线",4
6712,hurdle,"障碍，困难,跳栏,障碍赛跑,[史]囚笼，囚车,克服困难,越过障碍,参加跨栏赛跑,跳过障碍,用疏篱围住",4
6713,sturdy,"强壮的，健全的,坚固的，耐用的,坚定的,精力充沛的,（羊的）晕倒病",4
6714,canoe,"独木舟，轻舟,用独木舟运送,划（乘）独木舟",4
6715,turf,"草皮,泥炭,<非正>地盘，势力范围,赛马场，跑马场,用草皮覆盖,<英><口>抛出,扔掉,赶走",4
6716,parsley,"[植]西芹，欧芹,洋芫荽",4
6717,broaden,"使。。变宽，扩展,放宽,扩大,加宽",4
6718,workforce,"全体员工,（国家或行业等）劳动力,劳动大军,劳动人口",4
6719,voyage,"旅行，航海，航空,远行,旅程,航行，旅行,驶过，横越",4
6721,definitive,"最后的,确定的，决定性的,不可更改的,限定的，明确的,限定词",4
6722,propel,"推进,推动,驱动,驱使",4
6724,distort,"歪曲，扭曲,曲解,使变形,扭曲,变形",4
6725,scoop,"铲，勺，水舀，铲斗,一勺[铲]之量,穴，凹处,通气（或通水）口,舀,挖空,掏，抓取,[非正式用语]抢先获得、发布",4
6726,overweight,"超重的,过重的,超过规定重量的,超重,偏重,优势,使…装载过重,使…负担过重,在重量上超过",4
6727,replicate,"复制，复写,重复，反复,折转,[生] 复制,复制的,折叠的,[植]折转的,复制品,八音阶间隔的反覆音",4
6728,swift,"迅速的,敏捷的,立刻的,突然发生的,雨燕,环球金融同业电讯会,[人]斯威夫特，《格利佛游记》作者,迅速地，敏捷地",4
6729,tab,"帐单,（易拉罐的）拉环,标签，制表,<口>监视,给…贴标签,用垂饰安装,(=Technical Assistance Board (of the United Nations))（联合国）技术援助委",4
6731,linebacker,后卫球员,4
6732,undo,"松开，解开,取消，废除,毁灭,扰乱,撤销",4
6733,advancement,"前进，进步,提升，升级,预付",4
6736,basics,"基本因素，基本部分( basic的名词复数),基础,基本技术,基本原理",4
6737,goddess,"女神,被崇拜的女人,非凡的女子,绝世美女",4
6738,stalk,"[植]茎，秆,叶柄，花梗,高视阔步,偷偷接近，潜随,追踪，潜近,高视阔步地走,潜近，偷偷接近",4
6739,intimidate,恐吓，威胁,4
6740,grandson,孙子，外孙,4
6741,verge,"边，边缘,界限,范围,起始点,接近，逼近,处于边沿或边缘",4
6742,plague,"瘟疫,灾害，折磨,使染瘟疫,使痛苦，造成麻烦",4
6743,bipartisan,"两党的,代表两党的,获得两党支持的",4
6744,sergeant,"[军]军士，中士,警官，巡官,高级律师,〈美〉一种地对地导弹",4
6746,batch,"一批,一炉,（食物、药物等的）一批生产的量,成批作业",4
6747,lace,"蕾丝,透孔织品,鞋带,系带,给（书、讲话等）润色,给（饮料等）掺（少量的酒、药、毒药等）,给（鞋、靴等）穿鞋带,使编织（或交织、缠绕）在一起,以系带系紧",4
6748,deter,"阻止，制止,使不敢,使踌躇,阻止，威慑",4
6750,lord,"主,领主,上帝,（英国用以称呼法官、主教或某些男性贵族成员，表示尊敬）大人,逞威风",4
6751,expire,"期满,文件、协议等（因到期而）失效,断气,逝世",4
6752,adjacent,"邻近的，毗邻的,（时间上）紧接着的,相邻",4
6753,messy,"凌乱的，散乱的,肮脏的，污秽的,复杂的，麻烦的，难以应付的",4
6754,smoker,吸烟者,4
6755,catastrophe,"大灾难,惨败,悲剧的结局,地表突然而猛烈的变动，灾变",4
6756,withhold,"扣留,拒绝给予,抑制（某事物）,制止，阻挡,忍住，克制",4
6757,unpredictable,"无法预言的,不可预测的,不可预测的事",4
6758,ivory,"象牙,象牙制品,象牙色,象牙质,象牙制的,象牙色的",4
6759,embryo,"<生>胚，胚胎,胚芽,初期",4
6760,coincide,"与…一致,想法、意见等相同,相符,极为类似",4
6761,transcend,"超越，超出…的限度,优于或胜过…,高于或独立于（宇宙）而生存",4
6762,violin,"小提琴,小提琴手",4
6763,lucrative,"获利多的，赚钱的,合算的",4
6764,diagnostic,"诊断的，判断的,特征的,诊断法，诊断程式,诊断结论",4
6765,decorative,"装饰的,装潢用的",4
6766,resistant,"有抵抗力的，抵抗的,顽固的,抵抗者,有抵抗力的东西,防染剂，防腐剂",4
6767,escort,"护送者,护航舰,陪同某人参加社交活动的人（尤指男人）,受雇陪同某人外出社交的人（尤指女人）,护送，护卫",4
6769,rag,"破布,碎布,破旧衣服,碎片,嘲笑，捉弄,糟蹋，欺负,指责，欺负人",4
6770,promptly,"敏捷地,迅速地,立即地,毫不迟疑",4
6771,reopen,"再开，重新打开,重新开始",4
6772,expanded,"膨胀的,扩大[张]的,延伸的,展[张]开的,使…变大( expand的过去式和过去分词 ),扩大,伸展,伸开",4
6773,stall,"货摊,托辞,畜栏,（房间内的）小隔间,（使）熄火，（使）停止转动,拖延,搪塞,暂缓,搁置,停顿",4
6776,detention,"拘留，扣押,阻留,放学后留校,（非法）占有",4
6777,dedicated,"专注的，投入的,献身的,专用的,奉献(dedicate的过去式和过去分词)",4
6778,talking,"讲话,（表示对所说的事情感兴趣） 你这话说着了,提起,说到,会说话的,讲话的,饶舌的,富于表情的,说( talk的现在分词 ),讨论,说话,（用以强调款额、情况严重程度等）讲的是",4
6779,liar,说谎者,4
6781,homosexuality,同性恋关系,4
6782,southeastern,"东南的，东南部的,东南人，住在东南部的人",4
6783,pact,"条约，公约,公约",4
6784,elicit,"引出，探出,诱出（回答等）",4
6785,vest,"马甲,防护衣,内衣,（印有运动员编号的）运动背心,合法地被授予,给自己装上教服,授权,赋予,穿衣服，穿教服",4
6786,fascination,"魅力,迷恋",4
6787,inquire,"打听，询问,查究",4
6788,bust,"打破，打碎,半身雕塑像,妇女的胸部,胸围,突击搜捕,突击搜查（或搜捕）,（使）降级，降低军阶,破碎，毁坏,破产",4
6789,contender,"（冠军）争夺者，竞争者,打孔装置,钻机",4
6790,signify,"表示…的意思,意味,预示,具有重要性，要紧,辱骂",4
6791,bolster,"支持,支撑,鼓励,援助,长枕,垫枕,衬垫,支持物",4
6792,oblige,"强制，强迫,使负债务,使感激,施惠于,施恩惠,帮忙，效劳",4
6793,hull,"果皮，外皮,[航海]船壳，船体,外壳,去（谷物、豆等的）壳",4
6794,parole,"假释，假释期,[军]（俘虏的）释放宣言,[军]口令，暗号,假释,使假释出狱,允许宣誓后释放",4
6796,splash,"使（液体）溅起,（指液体）溅落,（光、色等的）斑点,溅泼声,溅上的斑点,溅泼的量",4
6797,prestige,"威信，威望，声望,声誉,（财势的）显赫,信望",4
6798,elevation,"高处，高地，高度，海拔，（枪炮的）仰角，射角,升级，上进，向上,高尚,[建]正视图，立视图",4
6799,backdrop,"<戏>背景幕布,背景,交流声",4
6800,loved,"[]  [],爱，热爱( love的过去式和过去分词 ),喜爱,喜好,喜欢",4
6801,happening,"事件,意外发生的事,发生(happen的现在分词),碰巧",4
6802,vibrant,"振动的,响亮的,充满生气的",4
6803,modeling,"造型（术）,（图画等的）立体感,模特儿职业,制造模型的,模特儿的",4
6804,poetic,"诗的，韵文的,有诗意的,诗人的,诗学,诗论",4
6805,interrogation,"讯问,审问,疑问句",4
6806,sensibility,"情感,敏感性，灵敏度,感觉，感性,感光性，感光度",4
6807,linguistic,"语言的,语言学的",4
6808,reformer,"改革者,改良者,选举法修正论者",4
6809,sticker,"张贴物,固执的人，坚持不懈的人,难题，使人为难的东西,踌躇不决的人,给…贴上标签价,汽车价目标签的,汽车标签价的",4
6810,shooter,"射手,枪炮",4
6811,scoring,"得分,擦痕",4
6812,geographical,地理学的，地理的,4
6815,stain,"弄脏,污染,被玷污,玷污，染污,败坏（名声）,给…染色,污点,瑕疵,着色剂,色斑",4
6816,publishing,"出版,出版社,出版业,出版(publish的现在分词),发表,发行,出版的,出版业的",4
6817,unveil,"揭去…的面罩,拉开…的帷幔,使公之于众,揭露,除去面纱（或覆盖物），揭幕,揭露出来，显露",4
6818,imminent,"（通常指不愉快的事）即将发生的,迫切的，危急的,逼近的,迫在眉睫",4
6819,flawed,"有缺点的,有缺陷的,错误的",4
6821,backwards,"向后的,倒行的,返回的,落后的,向后,往后,倒,逆",4
6822,clap,"拍手，鼓掌,轻轻拍打某人,急速放置,振翼，拍翅膀,鼓掌，拍手,拍手声,噼拍声,破裂声,啪地关上",4
6823,alpha,希腊字母的第一个字母,4
6824,foil,"箔，金属薄片,陪衬，陪衬物,（镜底的）银箔，（宝石等的）衬底,（船）翼,用…陪衬，衬托,铺箔于,[建]给…加上叶形饰,挫败，使受挫折",4
6825,uncommon,"不寻常的,罕见的,非凡的，杰出的,非常接近的",4
6826,bearing,"[机]轴承，支座,关系,方位,态度，举止,忍受(bear的ing形式)",4
6827,rude,"粗鲁的,简陋的,狂暴的,近乎下流的",4
6828,bunker,"燃料库,地堡,沙坑,把（煤等）堆入舱内,使陷入困境,把球击入沙坑",4
6829,frustrated,"挫败的，失意的，泄气的,使不成功( frustrate的过去式和过去分词 ),挫败,使受挫折,令人沮丧",4
6830,amusement,"娱乐,游戏,文娱活动",4
6831,anthropology,人类学,4
6832,deepen,"变深，加深,低沉,加浓",4
6833,accepted,"公认的,可以接受的,接受(accept的过去式及过去分词)",4
6834,animated,"活生生的，有生气的,活泼的，活跃的,愉快的,动画（片）的,使…有生气(animate的过去式)",4
6835,landlord,"房东，地主,店主",4
6836,curb,"限制，抑制,勒马绳，马衔索,（人行道的）镶边,（证券的）场外市场,制止，束缚,给（马）扣上马衔,给…加路缘,在…处设井栏",4
6838,composite,"混合成的，综合成的,[建]综合式的,[数]可分解的,[植]菊科的,合成物，混合物，复合材料,[植]菊科植物",4
6839,crouch,"屈膝，蹲伏,蜷伏,卑躬屈膝,低头，屈膝,蹲着的姿势",4
6840,conquer,"征服,攻克,打败（敌人）,克服,得胜，胜利",4
6841,enduring,"持久的，不朽的,（长时间地）忍受，忍耐，容忍( endure的现在分词 ),持续，持久，坚持下去",4
6842,implicit,"不言明[含蓄]的,无疑问的，绝对的,成为一部份的,内含的",4
6843,unlimited,"无限的,无数的,过多的，过度的,无条件的",4
6844,dictator,"独裁者,专制者,发号施令者,专横的人",4
6845,inhale,"吸入,〈非〉狼吞虎咽,吸气",4
6846,interestingly,"[]  [],有趣地",4
6847,genetically,"创始,遗传学,生殖,基因",4
6848,forthcoming,"即将到来的,现成的,唾手可得的,乐于助人的,来临,临近",4
6849,environmentally,有关环境方面,4
6850,width,"宽度,广度",4
6852,therapeutic,"治疗（学）的，疗法的,有益于健康的",4
6853,fetch,"接来（某人）,使发出,吸引,售得（若干价钱）,抵达，到达,取来,卖得（好价钱）,拿取，拿来,诡计,风浪区",4
6854,greed,"贪心,贪婪",4
6855,circular,"圆形的,环行的,迂回的，绕行的,供传阅的，流通的,通知，通告,印制的广告，传单",4
6856,siren,"汽笛,妖冶而危险的女人,危险的诱惑,塞壬（古希腊传说中半人半鸟的女海妖，惯以美妙的歌声引诱水手，使他们的船只或触礁或驶入危险水域）",4
6857,weary,"疲倦的,困乏的,令人厌倦[生厌，发腻]的,感到厌倦的,（使）疲乏，（使）厌烦,疲倦，疲乏,厌倦，厌烦,渴望，切望",4
6858,vacant,"空闲的,空缺的,空虚的,茫然的",4
6859,complement,"补充,补足语,补充物,补集（数）,补足，补充,补助",4
6860,deaf,"聋的,不愿听的",4
6862,incoming,"进来的，回来的,即将就任的,增殖的,（居民等）移来的,进来，到来,收入",4
6864,fastest,"快的( fast的最高级 ),走得快,感光快的,[摄影术]快动作的（镜头）",4
6865,tiger,"老虎,各种猫科动物,凶恶的人，虎狼之徒",4
6866,referendum,"公民投票,外交官请示书,全民公决,请示书",4
6867,allocate,"分配，分派,把…拨给",4
6868,millionaire,"百万富翁,大富翁,大财主,有钱人,100万以上人口的",4
6869,hillside,"（小山的）山坡,山腰",4
6871,paradox,"反论，悖论,似非而是的论点,自相矛盾的人或事,[物]佯谬",4
6872,lush,"葱翠的,豪华的,丰富的,醉汉,喝醉",4
6875,charitable,"仁慈的，慈善的,宽恕的，宽厚的,慷慨的",4
6877,mourn,"哀痛,服丧,咕哝,表示深深的遗憾,哀悼,悲哀地说",4
6878,arguably,"可论证地,可争辩的",4
6879,scarce,"缺乏的，罕见的,勉强,仅仅,几乎不,简直不",4
6880,siege,"围攻，围困，围城（期间）,不断袭击,长期努力",4
6881,probable,"可能的,大概的,很可能的事,可能入选者",4
6882,pervasive,"普遍的,扩大的,渗透的,弥漫的,无处不在地,遍布地,无处不在,遍布",4
6883,prevailing,"占优势的,主要的,普遍的,盛行的,获胜( prevail的现在分词 ),盛行,说服,（ 思想、观点等）被接受",4
6884,barbecue,"烤架,户外烧烤,烧烤",4
6885,territorial,"领土的,区域的,土地的,地方的,地方自卫队士兵",4
6886,strangely,"奇妙地,怪异地,不可思议地,异常的",4
6887,definite,"明确的,一定的,肯定,有把握",4
6888,translator,"译员,翻译者,翻译家,翻译机",4
6889,strategist,"战略家,军事家",4
6890,marsh,沼泽，湿地,4
6891,disruption,"分裂，瓦解,破裂，毁坏,中断",4
6892,preside,"主持，指挥,担任会议主席",4
6893,gradual,"渐进的，渐（升）降的,倾斜度小的,逐次的，逐渐的,平缓的,弥撒升阶圣歌,弥撒圣歌集",4
6894,nowadays,"现在，当今,当今，现在",4
6895,displace,"移动，移走,替换，取代,排水,撤职",4
6896,discriminate,"歧视,区别,辨出",4
6897,trademark,"（注册）商标,（人的行为或衣着的）特征，标记",4
6898,solitary,"独自的，独立的,单个的,唯一的,隐居的,独居者，隐士,单独禁闭",4
6899,catalogue,"目录，一览表,（美）大学情况便览,展览目录,产品样本,为…编目录,登记分类,记载，列入目录,登记（某人、某事的）详情",4
6900,documentation,"证明某事属实的证据,记录,参考资料,文献的编集，文件分类",4
6902,homosexual,"同性恋者,同性恋的",4
6903,multicultural,多种文化的，反映多种文化的，适合于多种文化的,4
6904,casually,"偶然地,无意地,未经考虑地,漫不经心地",4
6905,polar,"极地的，两极的,正好相反的,[化，物]磁极的，有磁性的,[几]极线，极面",4
6907,puppy,"小狗，幼犬,浅薄自负的年轻男子,狂妄自大的小伙子，呆笨的花花公子,〈美俚〉脚",4
6908,prohibition,"禁令，禁律,〈美〉禁酒，[美史]禁酒时期,[法]诉讼中止令",4
6909,coconut,"[植]椰子,[植]椰肉",4
6910,median,"中央的,中间的,[数]中值的,[数]中值,中位数,中线",4
6911,remainder,"剩余物,其他人员,差数,廉价出售的图书,廉价出售（书）,廉价出售,剩余的,留存下的",4
6913,badge,"徽章，像章，奖章,象征，标记,[美国俚语]警察,以…为标志,使佩带像章（或徽章、标记）,给予…标记（或徽号）,授予…奖章（或徽章）,[空]<美>(=Base Air Defense Ground Environment)基地防空地面警备系统",4
6914,navy,"海军,船队",4
6915,pending,"直到，在等待…期间,未决的,未定的,待定的,即将发生的",4
6916,dislike,"不喜欢,厌恶,厌憎,讨厌",4
6917,angler,"垂钓者,钓鱼,沽名钓誉者，追逐（名利等）的人,琵琶鱼",4
6918,void,"空的，空虚的，没人住的,（职位）空缺着的,无效的,太空，宇宙空间,空位，空隙,空虚感，寂寞的心情,使无效,宣布…作废,取消,排泄",4
6919,slump,"大幅度下降，暴跌,沉重或突然地落下[倒下],（物价等的）暴跌,<美>（个人、球队等的）低潮状态,（销售量、价格、价值等的）骤降,（精神等的）消沉，萎靡",4
6920,seafood,海产食品，海鲜,4
6921,hum,"哼唱,忙碌，活跃,发嗡嗡声,发出嘈杂声,嗡嗡声,杂音,哼唱的动作,哼,嗯",4
6922,theologian,神学家，宗教研究家,4
6923,dating,"测定年龄[年代],过时( date的现在分词 ),使…显老,显示出…时代（或年龄）,鉴定…的年代",4
6924,inaudible,听不见的,4
6926,synthetic,"合成的,人造的,摹拟的，虚构的,[语]综合的,合成物,合成纤维,合成剂",4
6927,paradise,"天堂,伊甸园,乐园,极乐",4
6928,granite,"花岗岩，花岗石,坚毅，坚韧不拔",4
6929,battered,"破旧的,磨损的,受虐待的,消瘦的,连续猛击,磨损",4
6930,syrup,"糖浆，糖汁,糖浆类药品,甜蜜的情感,果汁，甜汁",4
6931,buying,"购买,购买，购得( buy的现在分词 ),做出牺牲以获得,够支付,买通",4
6932,mimic,"巧于模仿的人,复写品或仿制品,摹拟笑剧的演员,模仿，学样,摹拟,[生]拟形，拟色,模仿的，摹拟的,[生]拟态的,假装的",4
6933,restrain,"抑制，压抑,限定，限制,制止,监禁",4
6934,broadway,百老汇,4
6935,premiere,"首映,初次公演，首次露面,首要的，至上的",4
6936,desktop,桌面,4
6937,erode,"侵蚀，腐蚀,逐渐毁坏,削弱，损害",4
6938,beverage,饮料,4
6939,pest,"讨厌的人或事,有害动植物,瘟疫",4
6940,qualification,"资格，授权,条件，限制,合格证书",4
6941,viewing,注视，检视，观察,4
6942,interim,"暂时的，临时的,期中的,间歇，过渡期间,临时协定",4
6943,wholly,"完全地，全部地,十足，统统,专门,一并",4
6944,paperwork,"文书工作,纸上作业",4
6945,oppression,"压迫,被压迫的状态,压迫物,沉闷，苦恼",4
6946,hybrid,"杂种,杂交生成的生物体,混合物,混合词,混合的,杂种的",4
6947,illegally,不法地,4
6948,lodge,"存放,暂住,埋入,（权利、权威等）归属,提出（报告、要求、申诉等）,容纳,寄存,把（权利、权威等）授予,<古>小屋，草屋,（北美印第安人的）帐篷,（森林、猎场等的）看守小屋,（学校、工厂等的）传达室",4
6949,pierce,"刺穿，戳穿,刺破,洞察,深深打动,进入,透入",4
6950,ammunition,"弹药，军火,<废>军需品,<比喻>战斗手段,子弹",4
6951,indulge,"迁就，纵容,使满足,使（自己）沉溺于,使快乐,纵容,满足,沉溺",4
6952,commuter,（远距离）上下班往返的人,4
6953,suspected,"猜疑（是）( suspect的过去式和过去分词 ),怀疑,不信任,怀疑…有罪",4
6954,steroids,类固醇( steroid的名词复数 ),4
6955,flick,"轻弹，轻击,轻拂,忽然摇动,轻弹，轻拂,快速的轻打,轻弹声,电影",4
6956,answering,"应答的，答复的,答复( answer的现在分词 ),解答,答辩,适应",4
6957,prairie,"（尤指北美的）大草原，大牧场,草原地带,〈美方〉林中空地",4
6958,atmospheric,"大气的,大气引起的,有…气氛的",4
6959,pear,"梨（树）,梨树",4
6960,serial,"连续的,连载的,顺序排列的,分期偿付的,连载小说,电视连续剧,定期刊物,[军]行军梯队",4
6961,investigative,"调查性质的,研究的,爱调查研究的",4
6963,reflective,"反射的，反映的,反省性的,（指人、心情等）深思熟虑的,（指物体表面）反光的",4
6964,boomer,赶往新兴地区安家的人,4
6965,finished,"完成了的,技术高超的,精湛的,〈俚〉死了的，完蛋了的,结束，完成( finish的过去式和过去分词)",4
6966,landfill,"废渣埋填法,垃圾填筑地",4
6967,fund-raiser,募捐者,4
6968,surpass,"超过,优于,胜过,非…所能办到",4
6969,day-to-day,"日常的，逐日的,过一天算一天的,经常",4
6970,infinite,"无限的，无穷的,无数的，许许多多的,极大的,无限，无穷,[数] 无穷大,<宗>造物主，神,无限的事物",4
6971,commute,"通勤,代偿,减刑,交换,用…交换,使…变成,通勤来往,通勤来往的路程",4
6972,gossip,"流言蜚语，谣言,爱讲闲话的人,谈话，闲话,关系亲密的伙伴,传播流言，说长道短",4
6973,muscular,"肌肉的,壮健的，肌肉发达的，强壮的",4
6974,contradict,"反驳，驳斥,否认,与…矛盾，与…抵触,反驳,发生矛盾",4
6975,discrepancy,"矛盾,不符合（之处）",4
6976,bilateral,"双边的，双方的,两侧的,双向的,双系的",4
6977,intermediate,"中间的，中级的,中间物，中间分子，中间人,调解：充当调解人，调解,干涉",4
6978,temporal,"时间的,世俗的,暂存的,<语>表示时间的,暂存的事物，世间的事物,世俗的权力,一时的事物，俗事",4
6979,lunar,"月的，月球的,阴历的,（光）苍白的，微弱的,银的，含银的",4
6980,sincere,"真诚的，诚挚的,〈古〉纯粹的，不掺假的,真心实意的,真实的",4
6981,pluck,"勇气，精神,内脏,快而猛的拉,〈俚〉不及格,采，摘,拔掉,鼓起（勇气等）,弹（乐器）,拉，拽",4
6982,dice,"骰子,掷骰游戏,将…切成丁",4
6983,demise,"死亡,（不动产的）转让,让位,遗赠",4
6984,patio,"院子，天井,<西>露台，平台",4
6985,premature,"过早的,提前的,早产的,草率的,早产儿",4
6986,utter,"发出声音,说，讲,出版（书籍）等,[法]流通使用,彻底的，完全的，绝对的",4
6987,roommate,"<英>室友，住在同室的人,<美>同住一屋（一套公寓等）的人",4
6988,chant,"吟颂，咏唱,反复有节奏地喊叫（或唱等）,咏唱，咏唱的话语",4
6989,tout,"兜售,招徕,刺探赛马情报,侦查者,招揽员",4
6991,overwhelmingly,压倒地，无法抵抗地,4
6992,crater,"火山口，喷火口,弹坑,[天文学]巨爵座,（月球上的）环形山,在…上形成坑,取消,毁坏,形成坑,消亡",4
6993,enrich,"使富裕，使富有,给…添加肥料,使…美味,装饰",4
6994,exploitation,"开发,利用,剥削,广告推销",4
6995,submarine,"潜艇,海底生物,水下的，海底的,用潜艇攻击,驾驶潜艇,划入底下",4
6996,ditch,"沟渠,壕沟,摆脱，抛弃,在…上掘沟,把…开入沟里,使（火车）出轨,使（飞机）在海上紧急降落，（在海上）迫降,开沟",4
6997,clown,"丑角，小丑,乡下人，笨拙粗鲁的人,经常闹笑话的人,小气鬼，守财奴,扮小丑,闹笑话,说笑话，逗趣",4
6998,comfortably,"舒服地,安乐地,充裕地",4
6999,loaf,"一条（块）面包,游荡,游手好闲",4
7000,twilight,"黎明，黄昏，暮光,暮年，晚期，晚年,衰退期，没落时期,<电影>暮光之城",4
7001,secondly,第二，其次,4
7003,wrestling,"摔跤,扭斗，搏斗,与…搏斗(wrestle的现在分词),格斗",4
7004,dispose,"处理，处置,安排,排列,布置,使倾向于，使有意于",4
7005,cushion,"（隔离两个表面的）垫,垫子,起保护（或缓冲）作用的事物,（台球等运动）（台球桌内侧边缘的）弹性衬里,使免遭损害,使免受令人不快的影响,（用垫子）使柔和,（跌倒或碰撞时）起缓冲作用",4
7006,imaging,"成像，镜像，映像,透视显像,意像疗法,设想，想象(image的ing形式)",4
7007,princess,"公主,王妃（王族女性成员）,女巨头，女名家,<古>女王",4
7008,comprehend,"理解，领会,包含",4
7009,vaguely,"含糊地,茫然地,暧昧的",4
7010,one-time,只有一次的,4
7011,squirrel,"松鼠，松鼠科动物,松鼠毛皮,储藏,贮存",4
7012,adolescence,"青春期,青年期",4
7015,unlock,"开锁,开启,揭开,表露,解开,被释放",4
7016,bleeding,"出血的,（心情）过度悲痛的,（用于加强语气，尤表示非常厌烦）该死的,讨厌的,流血，失血,流血( bleed的现在分词 ),勒索，敲诈,散开,给（某人）放血",4
7017,royalty,"王族成员,版税,王位，王权,堂皇，庄严",4
7019,salon,"沙龙，客厅,画廊,（营业性的）厅，院,美术展览会",4
7021,destine,"注定,指定,命定,预定",4
7022,descriptive,"描写的，描述的,分类的",4
7025,responsive,"应答的，响应的,反应灵敏的,共鸣的,易反应的",4
7026,loosely,"松散的，蓬松的,轻易，轻松地，随手地，随意地,大意，粗略地，不严格的,无力地，软绵绵地",4
7027,superb,"极好的,华丽的,丰盛的，豪华的,杰出的",4
7028,evacuate,"撤离，疏散,排泄,腾出（房子等）,除清，抽空,排空（胃肠）,疏散,撤退",4
7029,understandable,能懂的，可理解的，可同情的,4
7030,squash,"挤进,将（某人[某物]）压扁,使沉默,平定（叛乱等）,挤入,受挤压,发出挤压声,（软式）墙网球,南瓜小果（主要种类为笋瓜 winter squash 和西葫芦 summer squash）,果汁汽水,拥挤的人群",4
7032,postcard,明信片,4
7033,modified,"改良的，改进的，修正的,修饰,修改，更改( modify的过去式和过去分词 ),改变,缓和",4
7034,elusive,"难以捉摸的,不易记住的,逃避的,难以找到的",4
7036,hardship,"艰难,困苦,艰难情况,造成困苦与苦难的原因",4
7037,relocate,"迁移,重新安置",4
7038,affiliate,"使隶属于，接纳…为成员,使紧密联系,加入，与…有关,为…工作",4
7039,claw,"（动物的）爪,（蟹等的）钳,爪形器具,用爪抓（或挖）",4
7040,pity,"怜悯,同情,可惜的事,憾事,对…表示怜悯,对…感到同情",4
7041,incomplete,"不完全的,未完成的,不完备的,片",4
7042,instability,"不稳定，不稳固,不坚决，反复无常,基础薄弱",4
7043,dodge,"闪躲,回避,躲避,伎俩,妙计",4
7045,unwanted,"不需要的，无用的,多余的,讨厌的，有缺点的",4
7046,bureaucrat,"官僚,官僚主义，官僚主义者",4
7047,projected,"规划的,设计的,预期的,估计的,投射( project的过去式和过去分词 ),计划,提出,展现",4
7048,skepticism,"怀疑态度，怀疑论,多疑癖",4
7049,marvelous,"引起惊异的,不可思议的,非凡的,神乎其神",4
7050,cater,"提供饮食及服务,满足需要，适合,投合，迎合,（骰子，纸牌的）四点",4
7051,laborer,"体力劳动者，工人,（熟练工人的）辅助工",4
7052,continuously,"连续不断地，接连地,时时刻刻,连着,直",4
7053,reliance,"依靠，依赖,信任，信赖，信心,所信赖的人或物",4
7054,immunity,"免除，豁免,免疫力",4
7056,tornado,"[大气]龙卷风，陆龙卷,大雷雨,具有巨大破坏性的人（或事物）",4
7057,chess,棋，国际象棋,4
7058,filing,"整理成档案，文件归档，锉,提出（离婚诉讼或其他讼案）( file的现在分词 ),把…归档,用锉锉,（法院或其它行政机关）定案",4
7059,halloween,"万圣节前夕,[电影]万圣节9",4
7060,buffalo,"水牛（分非洲水牛和亚洲水牛两种）,（南非或北美的）野牛,威胁,恐吓,欺骗,迷惑",4
7061,camel,骆驼,4
7062,planetary,"行星的,俗世的，现世的,流浪的，飘忽不定的,[机]行星齿轮的",4
7063,nucleus,"中心，核心,（原子）核,起点，开始,[微]细胞核",4
7064,heck,真见鬼(hell的委婉说法),4
7065,declining,"倾斜的，衰退中的,辞谢，谢绝（邀请等）( decline的现在分词 ),（道路、物体等）下倾,（太阳）落下,（在品格、价值上）降低",4
7066,blonde,"白肤金发碧眼女人,（头发）亚麻色的，金色的,白皙的,白肤金发碧眼的",4
7067,conform,"符合,遵照,适应环境,使遵守,使一致,使顺从,一致的,顺从的",4
7068,taliban,[]  [],4
7071,cuff,"袖口，护腕，裤子翻边,<俚>手铐,护腕,给…上袖口（或翻边）,用手铐铐,击掌,轻拍",4
7072,worthwhile,"值得做的,值得花时间的,有价值的,合算",4
7073,brightly,"明亮地,鲜明地,爽朗地,欢快地",4
7074,shipment,"装运,载货量,装货，装载的货物",4
7075,bud,"芽，萌芽,蓓蕾，骨朵,未成熟的人，少男少女,〈美〉刚进社交界的姑娘,发芽，长出蓓蕾,开始发育,<植>芽接",4
7076,sperm,"精子,精液,鲸蜡油",4
7077,sedan,"<美语>小轿车,轿子,[地名]色当，法国东北部一城市",4
7078,accompanying,"陪伴的，附随的,陪伴( accompany的现在分词),陪同,伴随…同时发生,伴奏",4
7079,certified,"被鉴定的,被证明的,有保证的,公认的,（尤指书面）证明( certify的过去式 ),发证书给…,证明（某人）患有精神病,颁发（或授予）专业合格证书",4
7080,admiration,"钦佩，赞美,引人赞美的人或物,怀着对…的赞美",4
7082,apartheid,"（以往南非的）种族隔离制度,分离，隔离,孤傲",4
7083,earring,"耳环,耳饰",4
7085,apparatus,"仪器，器械,机器,机构，机关,器官",4
7086,withstand,"经受，承受，禁得起,反抗,耐得住，禁得起",4
7087,expel,"驱逐,赶走,把…除名,排出（气体等）",4
7089,extinction,"熄灭,消灭，灭绝,废除,[物]消光，自屏，衰减",4
7090,archaeological,考古学的，考古学上的,4
7091,overview,"概观,总的看法,回顾，复习",4
7092,reluctance,"不愿意，勉强,[电]磁阻,反应式",4
7093,forgiveness,"宽恕,原谅",4
7094,prevalent,"流行的，盛行的,普遍存在的，普遍发生的",4
7095,scarcely,"几乎不，简直不,刚刚，才,决不,（刚）一…就",4
7096,irrigation,"灌溉,水利,[医]冲洗,冲注洗剂",4
7097,societal,社会的,4
7098,benign,"温和的，仁慈的,善良的,有利于健康的,[医]良性的",4
7099,lumber,"木材,隆隆声,废物,砍伐,笨重地行进,胡乱堆积",4
7100,extensively,广大地，广泛地,4
7101,cabbage,"甘蓝（洋白菜、卷心菜）,<非正式、侮辱>植物人，常用于英式英语,<俚>钱，尤指纸币，常用于美式俚语,<俚>脑袋",4
7102,slack,"松（弛）的,清淡的,不活跃的,懈怠的,懈怠,偷懒,减速,放松,宽松裤,（绳索等）松弛部分,煤屑,（人员、资金或地方的）富余的部份",4
7103,calmly,"平静地,宁静地,冷静地,沉着地",4
7104,dedication,"奉献,献身精神,教堂的)献堂礼,（书等作品上的）题词",4
7106,rugged,"崎岖的,凹凸不平的,结实的,崴",4
7107,boulder,"卵石，圆石,巨砾，冰砾,漂砾",4
7108,inequality,"不平等，不均等,[数]不等式,变动，变化,不相同",4
7112,coherent,"一致的,连贯的,条理分明的,清楚明白的",4
7113,kidnap,"诱拐，绑架，劫持,拐骗",4
7114,earnest,"热心的,诚挚的，真挚的,重要的,热心,认真,定钱，保证金,诚挚",4
7115,apt,"恰当的，适当的,有…倾向的,易于…的,聪明的，灵巧的,(=automatically programmed tool)自动数控程序,(=automatic picture transmission)（人造卫星）自动图像传输,(=advanced passenger train)先进型旅客特快列车,(=automative professional training)汽车专业训练",4
7116,optimal,"最佳的，最优的,最理想的",4
7117,simplicity,"简单，朴素,质朴，天真,卑贱,无知",4
7118,staple,"主要产品,钉书钉，U 形钉,主题，主要部份,主食,用钉书钉钉住,最基本的，最重要的",4
7119,canned,"罐装的,录音的,一稿数用的,喝醉了的",4
7121,plaque,"匾，饰板,胸章，徽章,[医]血小板",4
7122,autobiography,"自传,自传文学",4
7123,preschool,"未满学龄的，就学前的,育幼院，幼儿园",4
7124,confidential,"秘密的,机密的,表示信任的,亲密的",4
7127,superstar,"超级明星,[天]超星体,巨星",4
7128,intensely,"强烈地,极度,剧烈地",4
7129,sleek,"圆滑的，花言巧语的,有光泽的,时髦的,（动植物）喂养得好的，长得好的,使光滑，使有光泽,掩饰，隐瞒,使整洁,打扮整洁,滑动",4
7130,windshield,"（摩托车的）挡风玻璃,<美>（汽车的）挡风玻璃",4
7133,dune,（由风吹积成的）沙丘,4
7135,ambiguity,"含糊,意义不明确,含糊的话，模棱两可的话,可作两种或多种解释",4
7136,whiskey,"威士忌酒,威士忌酒的",4
7137,compatible,"兼容的，相容的,和谐的，协调的,[生物学]亲和的,可以并存的，能共处的",4
7138,shipping,"[船]船舶,船舶总数,航运，海运,运送,运送，乘船(ship的ing形式)",4
7139,indirectly,"间接地,迂回地,婉转地,不坦率地",4
7140,susceptible,"易受影响的,易受感染的,善感的,可以接受或允许的",4
7141,deduction,"推演，推理，演绎,（推理所得出的）结论,扣除，减除,扣除的量",4
7142,grilled,"烤的，有格子的，炙过的,烧烤( grill的过去式和过去分词 ),拷问，盘问",4
7143,tester,"测试员,检测器,华盖",4
7144,rinse,"漂洗,冲洗,漂净,冲掉,染发剂",4
7145,vigorously,"精神旺盛地，活泼地,大力,蓬蓬勃勃,猛力",4
7146,appealing,"吸引人的，令人心动的,恳求的,（迫切）要求(appeal的现在分词),将…上诉",4
7147,relentless,"不懈的,坚韧的，不屈不挠的,不间断的,未减轻的",4
7148,sunglasses,"太阳镜,黑眼镜,墨镜",4
7149,inconsistent,"不一致的，不调和的,前后矛盾的，不合逻辑的,反复无常的,歧出",4
7150,interpersonal,"人与人之间的,人际的,人与人之间的关系的,涉及人与人之间的关系的",4
7151,vase,装饰瓶，花瓶,4
7152,canopy,"天篷，华盖,[建] 顶篷，顶盖,苍穹,树荫,用华盖遮蔽",4
7153,crumble,"把…弄成碎屑,弄碎,破碎，破裂,碎成粉末,瓦解,崩裂,碎屑，面包屑,已崩溃的东西,瓦砾堆",4
7154,staircase,"楼梯,楼梯间",4
7155,fixture,"（房屋等的）固定装置,[商]定期放款，定期存款,固定在某位置的人或物,（定期定点举行的）体育活动",4
7156,maternal,"母亲的,母亲般的,母系的,母亲方面的",4
7158,negotiator,"磋商者,交涉者,出售者,交易者",4
7159,vampire,"吸血鬼,吸血蝙蝠,敲诈勒索者，高利贷者",4
7160,certify,"（尤指书面）证明,发证书给…,证明（某人）患有精神病,颁发（或授予）专业合格证书",4
7162,cynical,"怀疑的,愤世嫉俗的,冷嘲的,见利忘义的",4
7163,periodically,"周期性地,定期地，偶尔",4
7164,loneliness,孤独，寂寞,4
7165,merchandise,"商品,货物,买卖,销售,经商",4
7166,excel,"优于，擅长,胜过",4
7168,blunt,"钝的，不锋利的,迟钝的,直率的,呆板的,使迟钝,使钝,钝的东西,小雪茄烟",4
7169,authoritarian,"权力主义的,独裁主义的,权力主义者，专制者，独裁者,独裁主义者",4
7170,astronomical,"天文学的,极大的",4
7171,gardening,园艺,4
7172,massage,按摩，推拿,4
7173,accidentally,偶然地，意外地，非故意地,4
7175,gratitude,"感激，感谢,感激的样子,谢意,恩义",4
7176,emperor,皇帝，君主,4
7177,outraged,引起…的义愤，激怒( outrage的过去式和过去分词 ),4
7178,affiliation,"加入,附属,联系或关系,接纳",4
7179,triple,"三倍的，三方的，三部分的,（使）增至三倍,三倍的数[量],三个一组,[棒]三垒安打",4
7180,hue,"色彩，色调,外表，样子,喊叫声,信仰",4
7181,fungus,"真菌,霉，霉菌,[医]海绵肿",4
7182,disparity,"不同,不等,不一致,悬殊",4
7183,enzyme,[生化]酶,4
7184,intercept,"拦截，拦住,截球,截击,拦阻,（数学）截距,截击，拦截,截听,拦截者",4
7185,postal,"邮政的,邮政局的,<美口>明信片",4
7188,cease-fire,停火，停火协议,4
7189,deepest,"[]  [],深的（ deep的最高级 ）,严重的,深奥的,有…深的",4
7190,surviving,"继续存在的，未死的，依然健在的,幸存，活下来( survive的现在分词 ),比…活得长，经历…之后还存在,幸免于难,挺过",4
7191,cylinder,"圆筒，圆柱,汽缸,（尤指用作容器的）圆筒状物",4
7192,membrane,"（动物或植物体内的）薄膜,隔膜,（可起防水、防风等作用的）膜状物",4
7193,cafeteria,自助餐厅,4
7194,ambiguous,"含糊的，不明确的,引起歧义的,有两种或多种意思的,模棱两可",4
7195,dismantle,"拆开,拆卸,废除,取消",4
7196,selling,"贩卖，出售,卖，售，销( sell的现在分词 ),经销,推销,出卖",4
7197,dire,"可怕的，恐怖的,悲惨的,迫切的，极端的",4
7199,honorable,可敬的，荣誉的，光荣的,4
7200,high-speed,"高速的,快速,高速度",4
7201,heap,"堆，堆积,<口>许多，大量,<俚>破车,扔成一堆,完全填满，灌满,大量或奢侈的赠予",4
7202,high-profile,"[]  [],高姿态的,高调的,备受瞩目的,知名度高的",4
7203,allocation,"配给，分配,分配额（或量）,划拨的款项,拨给的场地",4
7204,glide,"滑行，滑翔,[乐]滑音，延音,流逝，消逝,静悄悄的流水,（鸟或飞机）滑翔，滑动,掠过,悄悄地走,消逝,使滑行,使滑动",4
7205,pave,"铺设,为…铺平道路,安排,（用砖石）铺（地）,（宝石）密镶的",4
7206,infectious,"传染的,有传染性的,易传染的,有感染力的",4
7207,communism,"共产主义,共产主义制度",4
7208,preceding,"（时间或地点上）在先的，在前的，前面的,前述的,上述的,在…之前发生（或出现）,走在…前面,先于,“precede”的现在分词",4
7209,precaution,"预防，防备，警惕,预防措施,避孕措施,使提防,预先警告",4
7211,fry,"鱼苗，鱼秧,弗赖伊（姓氏）,油炸食物,（口语）烦恼，愤激,用油煎,用油炸烤炒,油炸,油煎,（美俚）使被处电刑,瓦解",4
7212,saucepan,长柄而有盖子的深平底锅，炖锅,4
7213,metro,"地下铁道,大都市的",4
7214,qualitative,"定性的，定质的,性质上的,质量的",4
7215,activism,"行动主义,激进主义",4
7216,infrared,"<物>红外线的,红外线",4
7217,awe,"敬畏,惊惧,惊叹,使敬畏,使惊惧,使惊奇",4
7218,unstable,"不稳固的,不坚定的,易变的,反复无常的",4
7219,invariably,"总是,不变的,“invariable”的派生,无不",4
7220,informant,"提供消息的人,告密者,被调查者,报告者",4
7221,onset,"攻击，袭击,开始，动手,[医]发病",4
7222,myriad,"无数的,多种的，各式各样的,无数，极大数量,[古语] 一万",4
7223,internationally,国际性地，国际上地，国际间地,4
7225,heated,"热的，加热的,激昂的，兴奋的,激动的,（使）热(heat的过去式和过去分词)",4
7226,nervously,神经质地，焦急地，提心吊胆地,4
7229,exemption,"（义务等的）免除,免（税）,（收入中的）免税额",4
7230,reluctantly,不情愿地，勉强地,4
7231,scout,"搜索，侦察,侦察员， 侦察机， 侦察舰 , 童子军,（牛津大学的）校工,侦察,跟踪，监视,发现,巡视,嘲笑",4
7232,exposed,"裸露的，暴露的,揭露,暴露",4
7233,pottery,"陶器,陶器厂[作坊],<集合词>陶器类,陶器制造（术）",4
7235,insufficient,"不足的，不够的,绌,亏短,支绌",4
7236,subcommittee,"小组委员会,下属委员会",4
7238,antenna,"[生] 触角，触须,感觉，直觉,天线",4
7239,stew,"炖，煨,闷热,担忧,炖煮的菜肴,烦恼，焦虑",4
7240,printed,"印刷的，已印好的,（在松软的表面）压印( print的过去式和过去分词 ),把…付印,用印刷体写,冲洗（照片）",4
7241,folder,"文件夹,折叠机,折叠式印刷品",4
7243,governing,"统治( govern的现在分词),控制，调节,压制",4
7244,co-author,"[]  [],合著者,合著",4
7245,plausible,"貌似真实的,貌似有理的,花言巧语的,有眉有眼",4
7246,abusive,"骂人的,滥用的,虐待的",4
7247,airborne,"空运的，飞机载的,航空的,空气所带的,空气传播的",4
7248,sneakers,"旅游鞋，运动鞋，球鞋,（帆布胶底）运动鞋( sneaker的名词复数 )",4
7250,someplace,"在某处,到某处,某处",4
7251,harass,"[军]扰乱，骚扰,使烦扰，折磨,反复袭击",4
7253,energetic,"精力充沛的，充满活力的,精力旺盛的，精神饱满的,（措施等）积极的，有力的,雄健",4
7254,ethic,"伦理，伦理观,道德体系,（复数）伦理学，道德学,（复数）行为准则",4
7256,secrecy,"保密,保密能力,秘密（状态）,守秘密",4
7257,rep,"棱纹平布,雷普（物体伦琴当量）,<俚>浪子,<俚>默唱,代表(representative),名声(reputation)",4
7258,confer,"授予，颁与,比较，对照,商议，磋商",4
7259,designated,"把…定名为，称呼委任，指派,指定的，选定的,指出( designate的过去式和过去分词 ),指派,命名,标明",4
7261,paralyze,"使瘫痪，使麻痹,使不能正常活动",4
7262,endanger,危及，使遭受危险,4
7263,embarrass,"（使）窘迫，（使）局促不安,（使）困难",4
7264,billboard,"广告牌,告示牌,宣传",4
7266,substantive,"真实的,独立的,大量的,本质的，实质的,作名词用的词或词组,[语]实词，名词,独立存在的实体",4
7267,thermal,"热的，保热的,温热的,上升的暖气流",4
7268,precinct,"<英>（教堂或大学）的围地,<美>选区,管辖区,界限，范围",4
7269,daytime,"白天，日间,昼日,昼",4
7270,shrub,"灌木,灌木丛,果汁甜酒,冰果汁水",4
7271,underway,"在进行中的,起步的,[航]在航行中的,进行中,在航,水底通道",4
7272,grader,"分类机，分级机,平路机",4
7273,consolidate,"把…合成一体，合并,巩固，加强,统一,合计金额,合并,联合",4
7274,nationalist,"民族主义者，国家主义者,国家主义者,民族独立主义者,民族主义的,国家主义的,民族独立主义的",4
7275,tribunal,"审理委员会,特别法庭,法官席,裁决",4
7276,pressing,"紧迫的，紧急的,迫切的，急迫的,恳切的,压，压制,模压制品,力主,唱片,压，压迫(press的现在分词)",4
7277,arouse,"引起,唤醒,激起性欲,使行动起来",4
7278,dental,"牙齿的,牙科的,（辅音）齿音的,齿音",4
7280,cockpit,"驾驶员座舱,斗鸡场,屡经战争的战场,操舵处",4
7281,stressful,有压力的,4
7282,napkin,"餐巾，餐巾纸,尿布,（女士）卫生巾",4
7283,unload,"卸货,去除负担,倾吐,处理，倾销,卸下货物或其它负担,退子弹,[商]抛售（证券）",4
7284,pornography,"色情文学,色情描写",4
7285,affluent,"富裕的，富足的,流畅，滔滔不绝的,富裕的人,支流",4
7286,cozy,"舒适的，安逸的，惬意的,保温罩",4
7287,knight,"（中古时代的）武士,骑士,爵士,（国际象棋中）马,封…为爵士",4
7288,urine,"尿,小便,下泉",4
7290,obesity,"肥胖，过胖,肥胖症",4
7292,exacerbate,"使恶化,使加重,激怒",4
7293,innings,（板球）局，回合,4
7294,groan,"呻吟,发牢骚,抱怨,吱嘎声：因压力而发出声响,呻吟着说，呻吟着表示,呻吟，叹息,呻吟般的声音",4
7295,takeover,"（事业等的）接管,（经营权等的）接收,验收,收购",4
7296,dwell,"居住,存在于,细想某事",4
7297,milky,"像牛奶的，乳白色的,浑浊的，柔弱的,（食品）加了牛奶的,（植物）分泌乳汁的",4
7300,tangible,"可触知的,确实的，真实的,实际的,[法]有形的,有形资产,可触知的或具体的某事物",4
7301,feat,"功绩，伟业,技艺表演,卓绝的手艺，技术，本领,武艺,合适的,灵巧的,漂亮的，整洁的",4
7302,militant,"斗志昂扬的，富于战斗性的,激进的，好战的,战斗中的，交战中的,好斗者,激进分子，好斗分子,富有战斗精神的人，斗士",4
7303,realism,"（文艺的）现实主义,现实主义的态度和行为,<哲>唯实论,实在论",4
7304,lurk,"潜伏，埋伏,潜藏，潜在,偷偷地行动,潜在，潜伏,<俚>欺骗，欺诈",4
7305,torch,"火把，火炬,手电筒,放火烧，纵火烧（建筑物或汽车）",4
7306,swiftly,"迅速地，敏捷地,倏忽,飞,赶",4
7308,hay,"干草,少量的钱,一种乡村舞蹈,成果，酬报,把（草）制成干草,用干草喂,割草晒干",4
7309,spinach,"菠菜,<俚>胡说八道",4
7310,dwarf,"侏儒，矮子,矮小的动物（植物）,[天]矮星,（使）显得矮小,使（发育，智能等）受阻碍,使相形见绌,变矮小,矮小的",4
7311,terminate,"结束,使终结,解雇,到达终点站,结束的",4
7312,beetle,"甲壳虫,大槌,捶布机,快速移动,用大槌捶打",4
7313,tactical,"战术的,策略上的,巧妙设计的,有谋略的",4
7315,probation,"试用（期）,缓刑（期）,查看，查验,试读（期）",4
7316,populate,"居住于,生活于,移民于,落户于",4
7317,mistress,"主妇，女主人,霸主，女统治者,情妇,<英>女教师",4
7318,attic,"阁楼,顶楼,鼓室上的隐窝,飞檐矮墙，飞檐矮楼,文雅的，古雅的,古希腊阿蒂卡 [雅典]的,雅典派的",4
7320,maneuver,"机动，演习,策略，谋略，花招,移动，用策略,操纵",4
7321,huddle,"拥挤,杂乱一团,小型私人会议,挤在一起,（因寒冷或害怕）蜷缩,使聚集,使蜷曲起来,草率地行事",4
7322,pirate,"海盗，强盗,海盗船,侵害版权者,盗版者,抢劫（海上船只）,剽窃，盗用,当海盗,从事劫掠行为",4
7323,constellation,"星座,一群杰出人物,一系列（相关的想法、事物）,一群（相关的人）",4
7324,wreck,"破坏，毁坏,拆除,使遇难,毁灭，失事,遇难船的残骸,（身体或精神上）受到严重损伤的人,状况非常糟糕的车辆（或建筑物等）,使（船舶）失事，使遇难，使下沉",4
7326,baptist,"浸礼会教友，施浸礼者,（圣经）施洗者约翰",4
7327,civilized,"文明的,非野蛮的,有礼貌的,有教养的,使文明,教化,使开化( civilize的过去式和过去分词)",4
7328,smack,"拍，打，掴,掌掴（声）,海洛因,（打的）一拳,打巴掌,直接地,准确地,猛烈地,急剧地",4
7329,masculine,"男子气概的,阳性的，雄性的,男性化的，像男人的,[语]阳性,阳性词,男性",4
7331,would-be,"想要成为的，自称自许的，自充的,想要成为…人",4
7332,lingering,"拖延的，逗留不去的,逗留( linger的现在分词 ),缓慢消失,苟延残喘,持续看（或思考）",4
7333,subscriber,"用户，订户,<英>（慈善机关等的）定期捐款者,预约者,签署者",4
7334,platter,"<美>大浅盘,唱片,不图回报地（给予）,拱手相让",4
7335,printing,"印刷（术）,（书籍的）一次印刷,印刷字体,一次的印数,（在松软的表面）压印( print的现在分词 ),把…付印,用印刷体写,冲洗（照片）",4
7336,pearl,"珍珠,珍品,人造珍珠,珠状物,采珍珠,使成珠状,用珍珠装饰",4
7337,all-time,"空前的,全部时间的,历来的,全时工作的",4
7338,dusk,"黄昏，傍晚,幽暗,微暗的,变暗的,〈诗〉同dusky,变暗,使变暗",4
7339,renowned,"有名的，享有声誉的,有声望的,使有声誉(renown的过去分词)",4
7340,crumb,"碎屑（尤指面包屑或糕饼屑）,面包心,些许，少许,<俚>可鄙的人物,捏碎，弄碎,[烹]裹上面包屑用油煎",4
7341,sewage,"（下水道里的）污物,下水道,污水",4
7342,gee,"驾驭马牛等的吆喝声,（美俚）一千元,（儿语）马,“奇”导航系统（英国的双曲线导航系统）,（美俚）人，家伙,驭马快走或向右",4
7343,allergy,"过敏性反应,反感，厌恶",4
7344,provocative,"挑衅的,刺激性的,刺激物,兴奋剂",4
7345,sweetheart,"情人，爱人,爱慕,向…求爱",4
7347,reversal,"倒转，颠倒,反复,逆转，反转,[法]撤消",4
7348,stolen,"偷( steal的过去分词 ),悄悄地做，悄悄地走",4
7349,retiree,"退休者,退职者,退役者",4
7350,disappointing,"令人失望的,令人扫兴的,令人失望(disappoint的ing形式),辜负…的期望",4
7351,disposition,"性情，性格,意向，倾向,安排，配置,<军>部署，战略（战术）计划",4
7352,batter,"连续猛击,捣碎，打烂,磨损,使内倾，使倾斜,（铅字的）磨损，毁损,（用鸡蛋、牛奶、面粉等调成的）糊状物,击球员，击球手,墙面的倾斜",4
7354,dart,"投掷，投射,使迅速突然移动,向前冲，飞奔,飞镖，标枪,急驰，飞奔,（虫的）螯,飞快的移动",4
7355,allegiance,"忠诚，拥护,（封建）臣道，忠节",4
7357,wax,"蜡，蜡状物,耳垢，耳屎,（鞋匠用的）擦线蜡,增大,给…打蜡，给…上蜡,渐渐变大,变为,（月亮）渐圆，渐盈,给…上蜡，给…涂蜡,把…灌制唱片,用热蜡除去毛发,蜡制的，似蜡的",4
7358,felony,<法>重罪,4
7359,fingertip,"指尖,指套",4
7360,sob,"呜咽,发呜咽声,哭诉，呜咽着说,哭得使…,啜泣（声），呜咽（声）",4
7361,trousers,裤子,4
7362,crap,"废物,废话,排泄,排泄物,掷骰子,拉屎,〈俚〉放弃计划（等）,〈俚〉休息，打盹",4
7363,fusion,"融合,熔解，熔化,融合物,[物]核聚变",4
7364,shovel,"铲子，铁锹,铲车,一铲,铲状物,铲，铲出,用铲子挖,把…胡乱投入,铲除，挖清,铲",4
7367,socialism,社会主义,4
7368,graceful,"优美的，优雅的,雅致的，美好的,得体的,飘逸",4
7369,puppet,"木偶,傀儡,受他人操纵的人",4
7370,wholesale,"批发,趸售，大规模买卖,批发的，整批卖的,大规模的,大量地，大批地,广泛地，大规模地,经营批发业,批发售出",4
7371,freezer,"冰箱,冷藏库,制冷工",4
7372,chapel,"小教堂，附属教堂,（在小教堂和附属礼拜堂举行的）礼拜仪式,特殊小房间,<美>殡仪馆",4
7374,subsidize,"以津贴补助,以金钱收买,向…发放奖金,用贿赂拉拢",4
7375,disastrous,"灾难性的,损失惨重的,极坏的,悲惨的",4
7376,pastoral,"牧师的，主教的,牧人的,有关田园生活的,乡村的,牧歌,田园诗,田园景色,牧师写给教区居民的公开信",4
7377,filling,"装满，填满,填充物,（糕点内的）馅,（织品的）纬纱,填满(fill的ing形式)",4
7378,adversary,"对手，敌手,魔鬼",4
7380,intricate,"错综复杂的,难理解的,曲折,盘错",4
7381,voucher,"证件,凭证,收据,证人",4
7382,explosives,爆炸物，炸药( explosive的名词复数 ),4
7383,scheduled,"规定价格的,预定的,排定的,严格按时间表生活的,将…列入计划（或时间）表",4
7384,floating,"不固定的，流动的，浮动的,（使）浮动( float的现在分词 ),（使）漂浮[飘动],（使货币汇率）自由浮动,轻盈走动",4
7387,burger,"汉堡包,无牛肉馅的三明治",4
7388,throne,"宝座,御座,王位,王权,登上王座,使即王位，使登基",4
7389,renovation,"翻新,修复,整修,恢复活力",4
7390,chick,"小鸡,小鸟,少妇,<口>小姐,胆小的,雅致的",4
7391,orchard,"（通常指围起来的）果园,果园里的全部果树,<俚>棒球场",4
7392,diaper,"尿布,菱形花格的麻或棉织物,包上尿布,用菱形花纹纺织或装饰",4
7393,gunman,"枪手,持枪歹徒,持枪者,枪炮工人",4
7394,auditor,"审计员,查账员,听者,旁听生",4
7395,mural,"（通常指大型的）壁画,墙壁的，墙的,画在或者挂在墙上的",4
7396,fingerprint,"指纹，指印,采指纹",4
7397,chord,"（数学）弦,（乐器）弦,（音乐）和弦,<喻>心弦,和谐一致,[音乐]在一件乐器上演奏和弦,上…的弦,调和,弹奏",4
7398,right-wing,右翼的，右派的,4
7399,glue,"胶合,紧附于,胶水,胶粘物,粘聚力",4
7400,visibility,"能见度,可见性,可见距离,清晰度",4
7401,unified,"(unify 的过去式和过去分词),统一的,统一标准的,一元化的,使联合( unify的过去式和过去分词 ),使相同,使一致,统一",4
7402,shining,"光亮的,华丽的,发光( shine的现在分词)",4
7403,restructuring,"[]  [],重建，改建，重组( restructure的现在分词 )",4
7404,sideline,"副业，兼职,（球场等的）边线,（本业以外的）兼售商品,局外人的观点,使退出",4
7406,mankind,"人类,男性，男子",4
7407,incorrect,"错误的,不正确的,不能接受的,（说话或举止）不合规矩的",4
7408,theatrical,"戏剧的，戏剧性的,剧场的,夸张的,做作的,戏剧表演,戏剧演员,戏剧表演艺术,做戏似的动作",4
7409,frenzy,"狂乱，狂暴,极度的激动,狂怒,使发狂,使狂乱,使狂怒",4
7411,serbian,"塞尔维亚人（语）,塞尔维亚的，塞尔维亚人（语）的",4
7412,turbine,"涡轮机,汽轮机,透平机",4
7414,condo,<口>各户有独立产权的公寓（大楼）,4
7416,betrayal,"背叛，背信,泄密,辜负,引诱",4
7417,focal,"焦点的，有焦点的,集中在点上的,病灶的，病灶性的",4
7418,baggage,"行李,辎重,精神包袱,荡妇",4
7419,eventual,"（事件）最终发生的，结果的,可能的,终于的",4
7420,shack,"窝棚，简陋的小屋,<俚>无线电收发室,<美>游民,驽马，废马,未婚而同居,居住，暂住,<口>追到，拣起并把（球）丢回去",4
7421,veto,"否决权，否认权,行使否决权,否决理由,否决，不同意,不批准，禁止,否决,禁止",4
7423,traumatic,"<医>外伤的损伤的,创伤的,治外伤的,外伤药",4
7425,insurgent,"起义的，叛乱的，造反的,起义者，叛乱者，造反者",4
7426,showcase,"（商店或博物馆等的）玻璃柜台，玻璃陈列柜,显示优点的东西,<美俚>应接室,使展现,在玻璃橱窗陈列",4
7427,bleak,"暗淡的，昏暗的,没有指望的,寒冷的，刺骨的,无遮蔽的，荒凉的,欧鮊鱼，银鲤",4
7429,veil,"面纱,掩饰,覆盖物,托词,用面纱遮盖,用帷幕分隔,隐匿",4
7430,setback,"挫折,阻碍,退步,逆流",4
7431,insistence,"坚持,强调,极力主张",4
7432,restless,"焦躁不安的,不耐烦的,坐立不安的,难以入睡的",4
7433,severity,"严重,严格,严谨,严厉的对待",4
7435,pounding,"重击，重击声,连续重击( pound的现在分词 ),咚咚地走,（持续地）苦干,（驾舟时）拍打（水面）",4
7437,renewable,"可继续的，可续订的,可更新的,可再生的,可翻新的",4
7438,competency,资格，能力，作证能力,4
7439,crusade,"[史]十字军东征,（宗教性的）圣战,改革运动,加入十字军,从事改革运动,讨伐",4
7440,published,"[]  [],出版( publish的过去式和过去分词 ),（在互联网上）发表,公布,在报刊)发表",4
7441,entitlement,"授权,应得权益,命名、被定名",4
7442,torso,"（人体的）躯干,躯干雕塑像,未完成的作品,残缺不全的东西",4
7443,sunrise,"日出（时分），黎明,<诗>日出的地方，东方",4
7444,deposition,"沉积（物）,[律]（在法庭上的）宣誓作证，证词,免职，革职",4
7445,stump,"（被砍下的树的）树桩,残余部分，假肢,（板球三柱门的）柱,残余部分,截去…的干,碰踢,用擦笔调整画的色调,[非正式用语] 向（某人）挑战",4
7446,pakistani,"巴基斯坦的,巴基斯坦人",4
7447,cheerful,"欢乐的，高兴的,令人愉快的",4
7448,ginger,"姜，生姜,姜黄色,精力，活力,姜黄色的,使有活力，使兴奋,用姜给…调味",4
7449,extraordinarily,"很，十分，特别，极其,离奇地,出奇,倍加",4
7450,fuzzy,"模糊的,绒毛般的，毛茸茸的,糊涂的，含糊不清的",4
7452,puzzled,"困惑的，糊涂的，茫然的,( puzzle的过去式)使迷惑，使难解,谜，难题",4
7453,um,（表示迟疑）嗯,4
7454,reconstruct,"重建,重现,改造,复兴",4
7455,openness,"空旷,开阔,公开,率真",4
7456,pancake,"烙饼，薄煎饼,粉饼,[航]平降，平坠,使平坠著陆,使平展,平坠着陆,平展",4
7457,formulation,"配方,构想，规划,公式化",4
7458,diagram,"图表,图解,示意图,[数]线图,用图表示",4
7459,comb,"梳子,梳棉机,鸡冠状的东西,蜂窝状的东西,梳理,彻底搜查,涌起，卷起",4
7460,luggage,"<英>行李,<美>皮箱",4
7461,elimination,"排除,除去,根除,淘汰",4
7462,hurl,"丢下，用力投掷,大声叫骂，愤慨的说出,推到，推翻,猛投，猛掷",4
7463,whoa,惊叹声，停止,4
7464,friction,"摩擦,冲突，不和,摩擦力",4
7465,furnish,"陈设，布置,提供，供应,装修（房屋）",4
7466,knowledgeable,"博学的，知识渊博的,有见识的,精明的,博洽多闻",4
7467,segregation,"分离，隔离,种族隔离,[化]分离，偏析,熔析",4
7468,aerial,"空气的,航空的，空中的,空想的,[电讯] 天线",4
7469,prosperous,"繁荣的，兴旺的,富裕的,幸福的，运气好的,良好的",4
7470,voluntarily,"志愿地,自动地，自发地",4
7471,mid,"中间的,居中的,（用于复合词中）中,在…中间,中天,在船身中部,年中，学年中期",4
7472,mama,妈妈（口语）,4
7473,unleash,"解开…的皮带,放纵,解除…的束缚,发泄",4
7474,giggle,"咯咯的笑,傻笑,<英·非正>玩笑,the giggles 止不住的格格笑,咯咯地笑,娇笑一下,情不自禁地笑出声来",4
7475,analytical,"分析的，分析法的,善于分析的",4
7476,forensic,"法庭的，法院的,公开辩论的，论争的,适于法庭的,辩论练习,辩论学，辩论术",4
7478,kin,"亲戚,家族，门第,亲属关系,有亲属关系的,同类的",4
7479,tariff,"关税表,关税,价格表,征收关税,定税率,定收费标准",4
7480,controlled,"受约束的，克制的,控制( control的过去式和过去分词 ),管理,限制,克制",4
7481,examiner,"主考者,检察官,检查员，审查人",4
7483,foliage,"植物的叶子（总称），叶子及梗和枝,树叶",4
7484,respectable,"可敬的,品行端正的,可观的，相当大的,体面的",4
7485,ignorant,"无知的，愚昧的,由无知引起的,无学识的",4
7486,domination,控制，统治,4
7487,prostate,"前列腺,前列腺的",4
7488,climbing,"攀登的，上升的,攀登,爬( climb的现在分词),（尤指吃力地向某处）爬,登山",4
7489,dispatch,"派遣，调度,（迅速地）发出,迅速处理，迅速了结,处决（罪犯等）,（使者等的）派遣,急件,迅速办理，快速处理,（记者发回的）新闻报道",4
7490,disguise,"隐瞒，掩饰,伪装，假装,化装,掩盖,伪装,伪装品,用作伪装的东西,托辞，借口",4
7491,tick,"钩号,一瞬间,壁虱,钟的嘀嗒声,发出滴答声,在（纸）上打钩,做出…举动",4
7493,raised,"凸起的,浮雕的,有凸起花纹的,发酵的,引起( raise的过去式和过去分词 ),提高（价格等）,提起,唤起",4
7494,hatch,"孵化,孵出，破壳而出,秘密策划，（尤指）密谋,使（小鸟、小鱼、小虫等）孵出,（船甲板或飞机底部装货物的）舱口,开口,（飞机或宇宙飞船的）舱门,（尤指厨房和餐厅之间供传递食物的）两室之间的小窗口",4
7495,dine,"吃饭，进餐,设宴款待，请客",4
7496,signing,"签署（文件等）,签字,签字(sign的现在分词),写下,示意",4
7497,raft,"木筏,橡皮艇,[动]（昆虫的）卵筏,〈美口〉大量,筏运,制成筏,使用筏子,乘筏",4
7498,amend,"改良，修改,修订",4
7499,multimedia,"多媒体,多媒体的",4
7500,cohort,"（古罗马军队的）步兵大队，军队,一群人,同伙，共犯,支持者",4
7501,seizure,"没收,夺取,捕捉,突然发作",4
7502,arthritis,关节炎,4
7503,nutritional,"营养的,滋养的,营养品的",4
7504,prolonged,"持续很久的,延长的,拖延的,曼",4
7505,sideways,"斜着，斜向一边,以侧面对着,斜向一边的",4
7506,palette,调色板，颜料,4
7507,shifting,"移位,转移，偏移,狡猾,改变(shift的现在分词),移动的,多变的,狡诈的",4
7508,imitation,"模仿，仿效,仿制品,赝品,[生]拟态,人造的,仿制的",4
7509,lipstick,"口红,唇膏,涂口红于,涂口红",4
7510,mediate,"经调解解决,斡旋促成,调停，调解，斡旋,居间的，间接的",4
7511,cathedral,"总教堂，大教堂,权威的,教堂的",4
7512,cram,"填满,塞满,死记硬背,猛吃,（为考试而）死记硬背,狼吞虎咽地吃东西,填鸭式学的,临时学的,极度拥挤,填塞,<俚>压碎",4
7513,genome,基因组，染色体组,4
7514,spike,"长钉,细高跟,（防滑）鞋钉,尖状物,加烈酒于,以大钉钉牢,用尖物刺伤,打乱某人的计划",4
7515,worrying,"焦虑的，烦恼的,令人担心的",4
7516,lament,"（为…）哀悼,悲叹,悔恨,痛惜,哀歌，挽歌,悲恸，恸哭,悲痛之情,悼词",4
7517,selfish,自私的，利己的,4
7518,alternate,"轮流的,交替的,间隔的,代替的,交替,轮流,使交替,使轮流,〈美〉（委员）代理人,候补者,替换物",4
7519,ignite,"点燃,使燃烧,使激动,使灼热,点火,燃烧",4
7520,bully,"恐吓，威逼,盛气凌人，以强凌弱,欺侮,仗势欺人者，横行霸道者,暴徒,打手,情人,第一流的，特好的,好，妙（感叹词）",4
7521,revolve,"使旋转,反复考虑,使循环,旋转,循环出现",4
7522,bracelet,"手镯,手铐",4
7523,negatively,"否定地,消极地,取消地,负地",4
7524,arsenal,兵工厂，军火库,4
7525,keeper,"保管人,饲养员,负责人,监护人",4
7526,spa,"休闲健身中心,矿泉疗养地,矿泉城",4
7528,basil,"罗勒属植物,斜刃面",4
7529,built-in,"嵌入的,内置的,固有的,嵌入式家具,内置",4
7530,hmm,"[]  [],hidden Markov model 隐马尔科夫模型,hard-magnetic material 硬磁材料,high molecular mass 高分子物质,hexamethylol melamine 六羟甲基蜜胺",4
7531,contaminate,"弄脏，污染,损害，毒害,玷污，毒害，腐蚀（人的思想或品德）,〈古〉污染的",4
7533,disbelief,不相信，怀疑,4
7537,inhibit,"抑制,禁止",4
7538,alumnus,"男校友,男毕业生",4
7539,enormously,"巨大地，庞大地,大大",4
7540,plight,"境况，困境,誓约,保证，约定",4
7541,vibration,"摆动,震动,感受,（偏离平衡位置的）一次性往复振动",4
7542,startling,"令人吃惊的,“startle”的现在分词",4
7543,default,"未履行任务或责任,受传唤时未出庭,由于不到庭而败诉,弃权,未履行，拖欠,未参加或完成（例如，比赛）,[法]因未到庭而败（诉）,[法]未到庭,[计] 缺省，默认",4
7544,czech,"捷克人[语],捷克斯洛伐克的，捷克斯洛伐克人[语]的",4
7545,sickness,"疾病,恶心,呕吐,弊病",4
7546,chaotic,"混沌的,一片混乱的,一团糟的,无秩序的",4
7547,disperse,"（使）分散，（使）散开,散播，传布（如知识）,使（光）色散,使粒子分散,分散的",4
7548,hollow,"空的,空洞的,虚伪的,空腹的,洞，坑,山谷,挖空（某物），变空,挖出（孔、洞）,完全，彻底",4
7550,sober,"头脑清醒的，冷静的,未醉的，没喝醉的,有节制的,朴素的，素净的,（使）冷静，（使）清醒,使严肃",4
7551,sleepy,"欲睡的,困乏的,安静的,冷清的",4
7552,listening,"收听的，收听无线电广播的,助听用的,倾听( listen的现在分词 ),留心听,听信,（让对方注意）听着",4
7553,saw,"锯,谚语，格言,往复移动,锯成,用锯,拉锯,看见（ see的过去式）,观看,领会,考虑",4
7554,camping,野营，露营,4
7555,youthful,"年轻的，有朝气的,青年的,早期的,年轻气盛的",4
7557,glowing,"灼热的，灼炽的,热心的，热烈的,鲜艳的,脸色红润的,发光(glow的ing形式),容光焕发,发热",4
7558,pub,"酒馆，酒店,客栈",4
7559,comrade,"同志,战友,忠实伙伴",4
7560,rainbow,"彩虹,五彩缤纷的,彩虹状的,使呈彩虹状",4
7561,contradictory,"矛盾的,反驳的,抗辩的,对立物,矛盾因素",4
7562,awhile,暂时，片刻,4
7563,madame,"[]  [],（用于谈论或称呼讲法语的妇女）夫人，太太，女士",4
7564,merry,"愉快的，快活的,有趣的,[口]微醉的,生动的,甜樱桃,梅里（姓氏）",4
7565,flatten,"变平，使（某物）变平,打倒，击倒,使失去光泽",4
7566,intrinsic,"固有的，内在的，本质的,[解剖]体内的,本征,先天性",4
7567,corresponding,"相当的，对应的,通信的,符合的，符合。。,一致的,相符合( correspond的现在分词),类似(correspond的ing形式),相配",4
7568,roadside,"路边，路旁,路旁（的），路边（的）（树木等）,路边的,路旁的",4
7569,nap,"小睡，打盹,一种牌戏,绒毛,孤注一掷,打瞌睡,疏忽,使起毛",4
7570,peek,"偷看，窥视,眯着眼睛看,一瞥，看一眼",4
7571,unexpectedly,"未料到地，意外地,竟,居然,骤然",4
7572,impatient,"不耐烦的,热切的，渴望的,不能容忍的，恼火的",4
7573,charcoal,"木炭,炭画笔,木炭画,用木炭画,炭烤",4
7575,presently,"目前,不久,马上",4
7576,starve,"挨饿,[非正式用语] 饥饿,受饿,[古语] 冻死,使挨饿,饿死",4
7577,impair,损害，削弱,4
7578,frantic,"发疯似的,发狂的,厉害的,非常的",4
7579,razor,"剃刀，刮面刀,剃,用剃刀刮",4
7580,cautiously,"小心地，谨慎地,小心翼翼,翼翼",4
7581,distributor,"批发公司，批发商,分发者，分配者,[电]配电盘",4
7582,planting,"种植，栽培，装备,种植( plant的现在分词 ),建立,移植（动物、植物）,在（某处）栽种",4
7583,half-hour,"半小时，半点钟,半小时的",4
7584,constructive,"建设的，建设性的,积极的，有助益的,构造上的,[法]推定的",4
7585,fertile,"肥沃的,可繁殖的,想象力丰富的",4
7587,reclaim,"开拓，开垦,感化,取回,沙化,改造，感化,教化,回收再利用,收回，取回",4
7588,prose,"散文,单调，平凡,枯燥无味的话，无聊的议论,用散文写，把…改写成散文,平淡无趣地写,啰啰唆唆地讲",4
7589,prevalence,"流行,盛行,普遍,（疾病等的）流行程度",4
7590,daunting,"令人畏惧的,使人气馁的,令人怯步的,威吓(daunt的现在分词),使气馁,使害怕,使失去信心",4
7591,disgust,"反感，厌恶，嫌恶,使反感，厌恶",4
7594,sewer,"阴沟，污水管，下水道,裁缝师,从…排污水",4
7595,eagerly,渴望地，热切地,4
7596,timely,"适时的,及时的",4
7597,wield,"使用（武器、工具等）,运用（权力），施加（影响）,行使,支配",4
7598,slab,"厚板，平板，厚片,混凝土路面,把…分成厚片,用石板铺",4
7599,yogurt,"酸奶,酸乳酪",4
7600,southwestern,"西南的，西南部的,西南人，住在西南部的人",4
7602,catcher,"捕手，捕捉器,接球手,收集器,[化]接受器",4
7603,fox,"狐,狐狸,狡猾的人,狐皮,欺骗,迷惑,使困惑,耍花招",4
7604,doom,"命运,厄运,死亡,（尤指不利的、有罪的）判决，宣判,注定,判定,使…的失败,宣判",4
7605,crest,"山顶,羽毛饰,鸡冠,（动物的）颈脊,加上顶饰,到达…的顶部,形成冠毛状顶部,到达顶部,到达绝顶,形成浪峰,达到顶点",4
7606,northeastern,"（在）东北的,向东北的,来自东北的,（常大写）东北部的",4
7607,rainy,下雨的，多雨的,4
7608,niece,"外甥女,侄女",4
7609,layout,"布局，安排，设计,布置图，规划图",4
7612,persistence,"坚持不懈,执意,持续,留存，（萤光屏上余辉的）保留时间",4
7613,eighty,"八十,八十年代,八十岁,八十的,八十个的,八十岁的",4
7614,hamburger,"汉堡包,碎牛肉,牛肉饼",4
7615,upright,"直立的,垂直的,正直的,诚实的,垂直[竖立]地,（支撑用的）直柱，立放构件",4
7616,rancher,"大牧场主,大农场工人，牧场工人,牧屋",4
7617,readiness,"准备就绪,愿意，乐意",4
7618,abolish,"废除，废止,取消，革除,消灭,撤销",4
7619,accidental,"意外的，偶然（发生）的,附属的,偶然,次要方面",4
7620,respiratory,呼吸的,4
7621,capsule,"胶囊,航天舱,（植物的）荚,小容器,压缩的,概要的,压缩,简述,以瓶盖密封",4
7622,gi,"美国兵,士兵的,美军规范的,美军补给处提供的,保持严格军纪地,为检阅而打扫,镀锌铁,一般结果",4
7623,autonomous,"自治的,有自主权的,[生，植]自发的",4
7624,yacht,快艇，帆船，游艇,4
7625,lever,"杠杆,操作杆,工具,用杠杆撬动",4
7626,rhetorical,"修辞的，修辞学的,辞藻华丽的，虚夸的,夸张的（文风）",4
7627,mumble,"咕哝,抿着嘴嚼,含糊的话",4
7628,liner,"班轮，班机,衬垫，衬套,衬里,画线者",4
7629,librarian,"图书管理员,[计算机]库管理程序",4
7631,liberate,"解放,释放,释出，放出",4
7632,year-round,整年的，一年到头的,4
7633,desperation,"绝望的,不顾一切拼命",4
7634,hands-on,"亲自实践的,实际动手操作的",4
7636,feminism,"女权主义,争取女权的运动",4
7637,morale,"士气,精神面貌",4
7638,anonymity,"匿名,作者不详,匿名者,无名者",4
7639,reinforcement,"加强,增援,补给品,援军",4
7640,distortion,"扭曲，变形,失真，畸变,[心理学] 扭转",4
7641,interstate,"<美>洲际的,洲际公路",4
7642,prophet,"预言家，先知,倡导者，主张者",4
7644,pragmatic,"实际的,实用主义的,好管闲事的,国事的,爱管闲事的人,专断的人,国事诏书,实务家",4
7645,almond,"杏树,杏仁色,杏仁状的东西,扁桃仁,杏仁制的,杏仁味的,杏仁状（或色）的",4
7646,topple,"倾倒,摇摇欲坠,倾斜得好倾斜得好像要跌倒一样,将…推翻，打倒,使…跌倒",4
7647,validate,"使合法化，使有法律效力,使生效,批准，确认,证实",4
7648,cooked,"煮[烹]熟的,烹调( cook的过去式和过去分词 ),编造,篡改,密谋",4
7649,vastly,"极大地,广大地,深远地",4
7650,dime,"（美国、加拿大的）10分铸币,少数的钱",4
7651,diversion,"转移,分散注意力,消遣",4
7653,graze,"放牧,（让动物）吃草,轻擦，擦破,擦过，掠过,擦伤",4
7654,inferior,"（质量等）低劣的,下级的，下等的,（位置在）下面的,[植]下位的,部下，下属,次品,晚辈,[印]下角码",4
7656,reminiscent,"怀旧的,回忆往事的,使人联想…的,回忆录作者",4
7657,sitting,"（摆姿势让人画像或拍照的）一次（时间）,开会,入席,（饭店等）一批,坐着的,就座的,在任期中的,孵卵中的,（使）坐( sit的现在分词 ),坐落,处在,（在…中）任职",4
7658,comedian,"喜剧演员，丑角,滑稽的人",4
7659,subsidiary,"附带的，附属的，次要的,助的，帮助的,补足的,附属事物，附属机构，子公司,附属者，附属品",4
7660,orphan,"孤儿,使成为孤儿,孤儿的,无双亲的",4
7662,alleviate,减轻，缓和,4
7663,persona,"人物角色,伪装的外表,[心]形象,人格面具",4
7664,founding,"[机] 铸造，熔铸,建造( found的现在分词),熔化,建立…的基础，以…为基础",4
7665,preview,"试映，预演,预告片,象征，预示,预映,预先观看,概述,扼要介绍",4
7666,protagonist,"（戏剧的）主角,（故事的）主人公,现实事件（尤指冲突和争端的）主要参与者,领导者",4
7667,inn,"小旅馆，客栈,小饭店，小酒馆,住旅馆",4
7668,undercover,"暗中进行的，秘密的,秘密从事的,私下的，隐蔽的,从事间谍活动的,卧底",4
7669,colonel,上校,4
7670,collectively,全体地，共同地,4
7671,systematically,"有系统地,有组织地,有条不紊地",4
7672,real-life,实在的，现实的,4
7673,reel,"卷轴,卷盘,卷筒,绕在卷轴上的线（或金属丝、胶卷等）,卷,绕,蹒跚，摇晃,来回旋转,眩晕",4
7674,enlarge,"扩大，放大,扩展，扩充,拉长说，详述",4
7677,cruiser,"巡洋舰,[航海]观光游艇,警察巡逻车",4
7678,best-selling,最畅销的，最红的,4
7680,crunch,"嘎吱嘎吱地咬嚼,嘎吱嘎吱地压，碾，跺,[俚]运行，处理,嘎吱嘎吱地咀嚼,嘎吱嘎吱地动,发嘎吱嘎吱声,嘎吱声,决定性冲突,危急情况,经济收缩",4
7681,escalate,"使逐步升级,使逐步上升,乘自动梯上升,逐步上升,（战争）逐步升级,逐步扩大,像乘自动梯上升",4
7682,stubborn,"顽固的，固执的,顽强的或有决心的,坚持的,棘手的",4
7683,mock,"愚弄，嘲弄,使受挫折,不尊重，蔑视,仿制的,模拟的,虚假的,不诚实的,（英国）模拟考试",4
7684,scrub,"用力擦洗，刷洗,取消（原有安排）,对…不予考虑，取消,使净化，用力擦洗,灌木丛，矮树丛,矮小的人,擦，擦洗",4
7685,rubble,"碎石，瓦砾,碎砖，瓦砾,碎岩,残壁",4
7686,discretion,"慎重,考虑周到,判断力，辨别力,自行决定的自由",4
7687,sprawling,"蔓延的,杂乱无序伸展的",4
7688,foe,"敌人，仇敌,危害物,反对者",4
7690,polished,"磨光的，擦亮的,完美的，精良的,优雅的,使光滑，擦亮(polish的过去式和过去分词)",4
7691,bathe,"给…洗澡，游泳,把…浸泡在液体中,（用海绵等）洗,把…弄湿，润湿,冲洗,浸,用水清洗（尤指身体部位）,（以光线）撒满,游泳,<英>（在河，海中的）游泳",4
7692,avert,"防止，避免,转移",4
7694,detain,"留住，阻住,耽搁,拘留，扣留",4
7695,arbitrary,"随意的，任性的，随心所欲的,主观的，武断的,霸道的，专制的，专横的，独断独行的,乱",4
7696,resemblance,"相似，形似,外表，外观,相似物，相似点,肖像",4
7697,outdoors,"在户外,向户外,户外,露天,野外,世间",4
7698,genocide,"种族灭绝,灭种的罪行,斩尽杀绝",4
7699,conjunction,"连词,连接,联合，结合物,（恒星、行星等的）合",4
7700,redefine,"重新定义,再定义",4
7701,cavity,"腔，洞,蛀牙，龋洞",4
7702,unrelated,"无关的，不相关的,无关联的,无亲戚关系的",4
7703,troubling,"费神，费心（trouble的现在分词 ）,使烦恼， 使忧虑,令人不安的,令人烦恼的",4
7704,novice,"初学者，新手,新信徒,尚未赢过大赛的赛马",4
7706,animation,"生气，活泼,动画片制作，动画片摄制,[影视]动画片",4
7707,blueprint,"蓝图，设计图,计划大纲,原本,为…制蓝图,为…制订计划",4
7708,tenth,"第十,十分之一,第十的，第十个的,十分之一的",4
7709,catastrophic,"灾难的,惨重的，悲惨结局的",4
7710,black-and-white,用笔写的，印刷的，黑白混合的,4
7711,compliment,"恭维,敬意,道贺，贺词,致意,向…道贺,称赞,向…致意",4
7712,crave,"渴望，热望,恳求，恳请,要求，需要,恳求，请求,渴望",4
7713,pedestrian,"步行者,行人,徒步的,平淡无奇的,一般的",4
7714,nude,"裸体的,无装饰的,[法]无效的，无偿的,裸体,裸体像",4
7715,hiring,"雇用，租赁,雇用的，租赁的,聘用( hire的现在分词 ),录用,雇用,租用",4
7716,residue,"残余，残渣,余渣，残余物,[法]剩余财产,[林]废材",4
7717,progression,"（事件的）连续,一系列,发展，进展,<数>级数",4
7720,runoff,"决胜投票,附加赛,径流",4
7721,shorten,缩短，变短,4
7722,agony,"极大的痛苦,苦恼，烦闷,临死的挣扎,（感情的）迸发",4
7723,accustom,使习惯,4
7724,deteriorate,"使恶化,恶化，变坏",4
7725,professionally,专业地，内行地,4
7726,empathy,"<心>移情作用,同感，共鸣,神入",4
7727,collide,"相撞,碰撞,冲突,抵触",4
7729,bargaining,"议价,讨价,商讨,商谈,讨价还价，商谈( bargain的现在分词 ),提出条件，要求得到",4
7730,feasible,"可行的,可用的,可实行的,可能的",4
7731,applicable,"适当的,可应用的",4
7732,impeachment,"弹劾,控告,怀疑",4
7733,mastery,"精通，熟练,统治，控制,优势",4
7735,playwright,剧作家,4
7736,directive,"指令,<美>命令，训令，指令,方针,指示性的，指导性的，指挥的,管理的,[无线]指向[定向]式的",4
7737,bypass,"旁道，支路,迂回管道,[电]分路迂徊,[医]导管,疏通,忽视,管道运输",4
7738,reap,"收割,获得,得到（报偿）",4
7739,facade,"建筑物的正面,外表,虚伪，假象",4
7740,underlie,"位于或存在于（某物）之下,构成…的基础（或起因）,[经]构成优先于…的财政要求",4
7741,arrogant,"傲慢的，自大的,带有傲慢，出自傲慢,骄慢,骄",4
7742,vent,"通风孔,排气孔,（感情等的）发泄，吐露,（鸟，虫，鱼的）肛门,表达，发泄（感情，尤指愤怒）,给…开孔,放出,（通过排泄等）减轻压力",4
7744,dubious,"半信半疑的，犹豫不决的,可疑的,暧昧的，含糊的,不可靠的",4
7745,preventive,"预防,防止,预防措施,预防药,预防的,防止的",4
7746,creamy,"多乳脂的或似乳脂的,奶油色的",4
7747,foresee,"预知，预见,有先见之明",4
7750,oneself,"自己，自身,亲自，自行,其,亲手",4
7751,wade,"（从水、泥等）蹚，走过,跋涉",4
7752,enhanced,"[]  [],增强的，提高的，放大的,提高( enhance的过去式和过去分词 ),增进,用计算机增强（照片等）,提高…的价值（或价格）",4
7753,bracket,"支架，悬臂,括弧,类别，等级,[数]同类项,为…装托架,把…括在一起,把…分类,排除",4
7755,harmless,"无害的，不致伤的,没有受到损失或免于法律责任的",4
7756,loading,"装货,装载量,（保险金的）附加费,填充物,把…装上车[船]( load的现在分词 ),装…",4
7757,binoculars,"双筒望远镜,[光] 双筒镜",4
7758,bra,"胸罩,<口>车头罩",4
7759,paste,"面团,糨糊,肉（或鱼等）酱（作涂抹料或烹饪用）,（制作人造宝石的）铅质玻璃,粘贴，张贴,以…覆盖于",4
7760,premier,"总理,首相,第一的，首位的,首要的,最先的,最早的",4
7761,peril,"危险,冒险,置…于危险中,危及",4
7762,eclipse,"[天]（日、月）食,消失，黯然失色,漆黑,使黯然失色,形成日（或月）食",4
7766,mediterranean,"地中海的,地中海地区的,地中海居民的",4
7767,enjoyment,"享受,令人愉快的事物,享有",4
7768,reign,"当政，统治,占主导地位,想法、情感或氛围盛行，成为最显著的,君主的统治,君主统治时期,任期,当政期",4
7769,convicted,宣判有罪( convict的过去式 ),4
7771,rightly,"正确地,公正地,肯定地,无疑地",4
7772,patriotic,"爱国的，有爱国心的,爱国主义的",4
7773,bruise,"使挫伤,碰伤,擦伤,瘀伤，青肿,擦伤，伤痕,（感情受到的）伤害",4
7774,advertiser,登广告的人,4
7775,poultry,〈集合词〉家禽,4
7777,heterosexual,"异性恋的,异性的,异性恋的人",4
7778,rewrite,"书面答复,重写,加工编写,改写，修改,改写或重写的文稿,改写的作品",4
7780,dictatorship,"独裁，专政,独裁权,执政者的职位（任期）",4
7782,moan,"以呻吟声说出,悲叹,抱怨,哀悼,呻吟声,悲叹声,（尤指风的）呼啸声,呻吟,发出呻吟般的凄切声",4
7783,procession,"队伍，行列,一列，一排,列队行进,排队前进或列队而行",4
7784,em,"全身，行长单位,全身长（或宽）的（印刷符号）",4
7785,automaker,<美>汽车制造商,4
7786,cracker,"薄脆饼干,爆竹,迷人的姑娘,解密高手",4
7787,sitcom,情景喜剧,4
7788,lessen,"变少，减少,贬低，轻视，看不起,减少（某事物），缩小",4
7789,genetics,遗传学,4
7790,conquest,"征服，击败,战利品,（尤指）爱情的俘虏,赢得（物）",4
7791,gosh,"<非正>（表示惊讶）哎呀！,天啊",4
7792,payoff,"报酬,结清，算清,发工资,结果，结局,决定性的,产生结果的,支付的",4
7793,lebanese,"黎巴嫩人,黎巴嫩（人）的",4
7794,parliamentary,"议会的，国会的,议会制度的,根据议会的",4
7796,perpetuate,"使永存,使不朽，使不灭,保持,长存的",4
7797,fashionable,"流行的,时髦的，符合时尚的,时髦人物使用的,（尤指）有钱人常光顾的,时髦的人",4
7798,methodist,"卫理公会教徒,方法论者,卫理公会教派的",4
7799,packaging,"包装,包装材料,包装风格,打包,包装(package的ing形式)",4
7800,railing,"栏杆,由横木做成的篱笆,“rail”的现在分词",4
7801,inheritance,"继承,遗传,遗产",4
7802,expectancy,"期待，期望,期望的东西",4
7803,quantitative,"定量的,数量（上）的",4
7804,infamous,"声名狼藉的,无耻的，伤风败俗的,[法]（因犯重罪）被剥夺公权的,很差的，低劣的",4
7806,brink,"（悬崖峭壁的）边沿,（危险的）边沿,边缘,初始状态",4
7808,cellar,"地下室，地窖,酒窖,<英>（都市住宅的）地下煤窖,[机]油盒,把…藏入地窖（酒窖）",4
7809,briefcase,"公文包,手提包,公事包,手提箱",4
7810,pollutant,污染物,4
7811,paycheck,付薪水的支票，薪水,4
7812,plum,"李子，李树,李属植物,葡萄干,紫红色,紫红色的,称心如意的（工作或职位）",4
7813,elevated,"升高的,高层的,高尚的,<美><口>高架铁路,举起( elevate的过去式和过去分词 ),提高,提升,鼓舞",4
7814,recede,"后退,减弱,（价值，品质等）跌落，低落，变坏,收回意见，退出（某种活动）",4
7815,inherently,天性地，固有地,4
7817,abound,"丰富，盛产,非常多，大量存在,充满",4
7818,repression,"压抑,约束,抑制，镇压",4
7819,boiling,"炎热的,炽热的,沸腾的,激昂的,煮沸，沸腾,一次烹煮量,<俚>一群，全体,“boil”的现在分词,非常，达到沸腾程度地",4
7820,allowance,"津贴，补贴，零用钱,限额,折扣,默许，默认,给（某人）零用钱或津贴,按定量供给",4
7821,kidnapping,诱拐，绑架,4
7822,linkage,"联系，连锁，联动，连接,链系，联动装置,<电>耦合，磁链，匝连,<化>键合",4
7823,breakup,"（关系、联盟的）终止,解散,别离,瓦解",4
7824,masterpiece,"杰作，名作,杰出的事",4
7826,lust,"强烈的性欲,肉欲，色情,强烈的欲望,渴望，热烈追求,贪求,渴望,好色",4
7827,roast,"烤，烘，焙,嘲讽，挖苦,烤肉,户外烧烤野餐,烤好的，烤制的",4
7828,low-fat,低脂肪的,4
7829,culminate,达到极点,4
7830,plummet,"垂直落下,骤然跌落,铅锤,坠子,重压物",4
7831,maze,"迷宫,迷惑,错综复杂,迷宫图,使困惑,使混乱,迷失",4
7833,depiction,描写，叙述,4
7834,humiliation,"羞辱：使（别人）丢脸的行动,羞辱，耻辱,丢脸，丢人",4
7835,kindness,"仁慈，善行,友好的行为",4
7837,watershed,"分水岭,集水区,转折点,流域,标志转折点的",4
7838,wartime,战时,4
7840,pronounced,"明显的，显著的,决然的，断然的,强硬的,被说出来的,发音，读(pronounce的过去式和过去分词),宣布，宣称,断言",4
7841,drainage,"排水，放水,排水系统,排走物，废水,排水区域",4
7842,ordeal,"严峻的考验,苦难的经验,折磨,神判法",4
7843,splendid,"壮观的，豪华的,极好的或令人满意的,闪亮的,为众人所推崇的",4
7844,multinational,"多国的,跨国的,跨国公司",4
7846,implicate,"牵涉，涉及（某人）,表明（或意指）…是起因,暗示,包含的东西",4
7847,periodic,"周期的,定期的,回归的,间歇的，时而发生的",4
7848,refined,"精炼的,精制的,经过改良的,举止优雅的,精炼( refine的过去式和过去分词),精制,使纯净,使文雅高尚",4
7849,mesh,"网孔，网眼，网状物,陷阱，困境,[机]（齿轮的）啮合,（使）吻合,相配，匹配,用网捕，使缠住,紧密配合,（机器零件）啮合",4
7850,snapshot,"（快照）照片，独立的印象，简单印象,简介,急射，速射,给…拍快照,拍快照",4
7851,discern,"看出,理解，了解,识别，辨别,辨明，分清",4
7852,inning,"[棒球]一局,[体育运动]局,常作 innings（与单数或复数动词连用）显身手的机会,海滩荒地的围垦",4
7854,adore,"爱慕,崇拜,非常喜欢,敬佩",4
7855,literal,"照字面的,原义的,逐字的,平实的，避免夸张,[印]错排，文字上的错误",4
7856,dove,"鸽,纯洁的人，天真无邪的人,〈美〉（政界的）鸽派人士,德芙（巧克力品牌）,潜水( dive的过去式)",4
7857,long-distance,"[通信]长途的,长距离的",4
7858,slippery,"狡猾的,滑溜的,不可靠的",4
7859,foul,"[体]违反规则的，犯规的,邪恶的,难闻的，有恶臭的,下流的,纠缠，纠结,[体]违反规则的,弄脏，使污秽,使纠缠,使阻塞,腐烂,缠结,犯规,碰撞,不正当地，犯规地,碰撞地,争执不和地",4
7860,proven,"经过验证或证实的,证明（ prove的过去分词 ）,检验，试验",4
7861,outing,"远足，郊游，短途旅行,散步,伸出( out的现在分词),揭露",4
7862,alarming,"使人害怕的，扰乱人心的,使人惊慌的,告急的,危言耸听的,警告(alarm的现在分词)",4
7863,homer,本垒打，传信鸽,4
7864,solicit,"恳求,征求,提起,（指娼妇）拉客",4
7865,politely,有礼貌地，客气地，委婉地,4
7866,thinly,"薄薄地,稀疏地,细细地,勉强地",4
7867,intercourse,"交流，交往，交际,[生]交合",4
7868,tentative,"试探性的,试验的,尝试性的,不确定的,假设,实验,尝试",4
7870,ache,"疼痛,渴望",4
7871,informed,"了解情况的,见多识广的,有情报根据的,消息灵通的,告诉( inform的过去式和过去分词),(inform oneself)使了解",4
7872,unsuccessful,"不成功的，失败的,碌碌无为",4
7873,paid,"有报酬的,领取报酬的,领钱的,付费的,付给( pay的过去式),付款,有利可图,（对…）有利",4
7874,wicked,"邪恶的,缺德的,淘气的，顽皮的,恶劣的",4
7875,stagger,"蹒跚,犹豫,动摇,使蹒跚，使摇摆,使犹豫,错开时间,使吃惊,摇晃,一种不稳定形式，部署或者秩序,摇摆不定",4
7876,conjure,"用魔术变出,祈求，恳求,变戏法,施魔法,以咒文召唤",4
7877,parcel,"包袱，包裹,（土地的）一块,一批，一群,（货物的）一宗,分，区分,把…划成部分后分配,给…打成包裹,把…拼在一起",4
7878,nudge,"用肘轻推,推动,（用肘）轻推,推进",4
7880,trained,"训练过的，受训的,训练，锻炼，培养( train的过去式和过去分词 ),教育,使（植物）朝某方向生长,[园艺学]修剪",4
7881,nasal,"鼻的,鼻音的,鼻音字母，鼻音,鼻骨",4
7882,uprising,"起义，暴动,升起",4
7883,endurance,"耐久（力），持久（力）,忍耐，忍耐力",4
7884,spicy,"辛辣的,加有香料的，香的,有刺激性的,（故事等）猥亵的，下流的",4
7885,trajectory,"[物]弹道，轨道,[几]轨线",4
7886,constrain,"强迫,强使,限制,约束",4
7887,ornament,"装饰,装饰物,[乐]装饰音,美化",4
7888,orderly,"整齐的，有秩序的,有组织的，有规则的,[军]值班的,安静的,[军]传令下士,传令兵,<英>街道清洁工,依次地，顺序地,有规则地,有条理地",4
7889,saga,"萨迦（尤指古代挪威或冰岛讲述冒险经历和英雄业绩的长篇故事）,（讲述许多年间发生的事情的）长篇故事,传说，冒险故事，英雄事迹",4
7890,intentionally,有意地，故意地,4
7891,pinch,"捏，掐,挤痛，夹痛,使（植物）枯萎，凋谢,使紧缺，节制,挤痛，压痛,吝惜，节约,匮乏,少量，一撮,困苦",4
7892,nationality,"国籍,国家,民族性,部落",4
7893,comforting,"令人欣慰的,安慰的,安慰,使舒适(comfort的现在分词)",4
7894,dealings,"来往,买卖，交易",4
7896,flake,"小薄片，（尤指）碎片,火星，火花,晒鱼架，食品搁架,昏过去，不省人事,（成小薄片）脱落，剥落,把（鱼、食物等）切成薄片",4
7897,recess,"休息,隐蔽处,（山脉，海岸等的）凹处,壁凹，壁龛,把某物放在凹处,制造凹陷,（暂时）休会，休课，休庭,休息，休会，休庭",4
7898,alcoholic,"酒精的，含酒精的,酒精中毒的,酗酒者，酒鬼,酒精中毒者",4
7899,appraisal,"评价，估量,鉴定，估价（尤指估价财产，以便征税）",4
7901,opener,"开启者,开启工具",4
7902,reconsider,"重新考虑,重新审议",4
7903,offshore,"离开海岸的,近海的,海外的，国外的,（指风）向海的，离岸的",4
7904,surf,"海浪,拍岸碎浪,冲浪,（互联网上）冲浪",4
7905,sliced,[]  [],4
7906,sunshine,"阳光，日光,晴朗，晴天,太阳晒着的地方,欢乐",4
7907,culinary,"厨房的，烹饪的,烹调用的",4
7908,newborn,"（婴儿）新生的，初生的,再生的，复活的,婴儿",4
7909,biodiversity,生物多类状态，生物多样性,4
7910,degradation,"堕落,潦倒,毁坏,恶化",4
7912,explorer,"探险家,勘探者,探测器,[医]探针",4
7913,superiority,"优越（性），优等,傲慢",4
7914,hiss,"发嘶嘶声,发出嘘声,嘘声,嘶嘶声",4
7915,cubic,"立方体的,[数]三次曲线（方程式，多项式，函数）",4
7917,adulthood,"成年,成人期,“adult”的派生",4
7918,questioning,"怀疑的，探询的,问（某人）问题( question的现在分词 ),对（某事物）表示[感到]怀疑",4
7919,autopsy,"尸体解剖,验尸,[病理]尸体剖检,（事后的）分析，检查",4
7920,incapable,"无能力的，不会的,不能的,[法]没有资格的,不舞之鹤",4
7922,residual,"残余的,残留的,剩余,残渣",4
7923,slower,"减慢,慢的( slow的比较级 ),迟钝的,慢速的,迟迟不…",4
7924,gigantic,"巨大的，庞大的,巨人似的,硕大无比,排山倒海",4
7925,fingernail,指甲,4
7926,asylum,"避难所,庇护,政治避难,精神病院",4
7927,bum,"流浪者,屁股,狂欢作乐,笨蛋，废物,乞讨,流浪,闲荡,质量低劣的，无价值的,无价值的,残废的,很不愉快的",4
7929,iq,"[心](=Intelligence Quotient)智商，智力商数,与…相同,进口限额(import quota)",4
7930,repertoire,"全部节目,全部本领,（计算机的）指令表",4
7931,loft,"阁楼,顶楼,鸽房,干草仓,把…储放在阁楼内,推入高弧线,在鸽房里养鸽子,将球高击,高高地升到空中",4
7932,rethink,"重新考虑或再想,重新考虑，反思，新想法",4
7933,rehearse,"排练，排演,公开练习,详述,在排演中指挥,经训练使熟练掌握,复述，背诵",4
7934,psyche,"灵魂，心灵,心智，精神,[希腊神]塞姬（爱神丘比特所爱的美女）",4
7935,pedal,"踏板,脚蹬子,垂足线,踩自行车的踏板,骑自行车,脚的,踏板的",4
7936,exemplify,"是…的典型,例示，举例证明,[法]复印，制成核正誊本",4
7938,imported,输入，进口（import的过去式与过去分词形式）,4
7939,shuffle,"洗牌,曳脚而行,搬移,搁置，随手放,曳脚走,跳曳步舞,移动,推诿,洗牌，混乱，蒙混,拖着脚走",4
7941,fiercely,"凶猛地,残酷地,猛烈地,激烈地",4
7942,penis,阴茎，阳物,4
7943,lizard,蜥蜴,4
7944,crate,"板条箱，柳条箱,装货箱,一箱（之量）,（俚）破旧的汽车（飞机）,<美>（用篮筐或板条箱）把…装入箱中",4
7945,uranium,[化学]铀,4
7947,tailor,"裁缝，成衣工,做裁缝,调整使适应,为…裁制衣服,为…做衣服,剪裁，制作",4
7948,marvel,"奇迹,令人惊奇的事物（或事例）,惊奇，对…感到惊奇",4
7949,kurdish,"库尔德人的,库尔德语",4
7950,brighten,"（使）发亮,（使）生色,（使）生辉,（使）快乐",4
7951,scattered,"分散的,零散的,疏落的,到处都是…的",4
7952,ceramic,"陶器的，与陶器有关的,陶瓷的，陶制的,制陶的,陶瓷制品,陶瓷器,制陶艺术,陶瓷装潢艺术",4
7954,layoff,"停工，停止活动,临时解雇,操作停止,失业期",4
7955,compassionate,"有同情心的,表示怜悯的,同情,怜悯",4
7956,convene,"召集,聚集,传唤,集合",4
7957,champ,"大声咀嚼,不耐烦，焦急,咬牙切齿,格格地咬,咀嚼,咀嚼声",4
7959,violently,"激烈地,暴力地,狂暴地,极度地",4
7960,psychic,"精神的,超自然的,灵魂的，心灵的,通灵的或有特异功能的人，巫师",4
7961,gem,"宝石，珍宝,精华，佳作,受人重视者,[印]四点活字,点缀,用宝石装饰,饰以宝石,最佳品质的",4
7962,nineteen,"十九,十九个,第十九,十九岁,十九点钟",4
7963,roasted,"烤，烘，焙( roast的过去式和过去分词 ),嘲讽,（对某人）非常生气，严厉批评",4
7964,interviewer,"面试者,会见者,采访者",4
7966,landowner,"土地拥有者,地主",4
7967,comprehension,"理解，理解力,包含的能力,[逻辑学]内涵",4
7968,compute,"计算，估算,推断,用计算机计算,计算",4
7969,wrinkle,"皱纹,妙计，窍门,使起皱纹,起皱纹",4
7970,aspire,"渴望，立志，追求,〈诗，古〉登，升，高耸",4
7972,amongst,"（表示位置）处在…中,（表示范围）在…之内,（表示牵涉）经过,（表示所属）为…所特有",4
7973,painfully,"痛苦地，费力地,令人痛苦地,令人烦恼地,煞费苦心地",4
7974,scrutinize,"仔细检查,仔细或彻底检查",4
7975,scottish,苏格兰的，苏格兰式的,4
7976,fiery,"激烈的,火似的,火热的,易燃烧的",4
7977,fireworks,"烟火,烟火( firework的名词复数 ),烟花,烟火表演,烟花表演",4
7978,specification,"规格,详述,说明书",4
7979,pardon,"宽恕,原谅,赦免,劳驾,饶恕，原谅,[宗]免罪符,（用于请求别人重复某事）什么，请再说一遍",4
7980,hawaiian,"夏威夷人，夏威夷语,夏威夷的，夏威夷语的",4
7981,texan,"[]  [],德克萨斯（人）的",4
7984,walnut,"胡桃（树）,胡桃木,胡桃木色",4
7987,computing,"计算机的运作,计算，估算( compute的现在分词)",4
7988,enhancement,"增强,增加,提高,改善",4
7989,bluff,"吓唬,愚弄,以假象欺骗,虚张声势,欺骗,恐吓,悬崖,虚张声势的人,直率的,爽快的,陡峭的,肥型船首",4
7990,capitalist,"资本家,资本主义者,<口>有钱人，财主,资本主义的,有资本的,资本家的",4
7991,geometry,"几何学,几何形状,几何图形,几何学著作",4
7992,twenty-four,二十四,4
7993,slick,"光滑的,熟练的，灵巧的,机灵的，聪明的,华而不实的,光滑之处,[机]平滑器,[机]修光工具,一层浮油,使光滑，使光亮,使美观,使齐整,占…的便宜,灵活地,聪明地,熟练地，巧妙地",4
7994,knob,"球形把手,（收音机等的）旋钮,小块,疙瘩,鼓起,使有球形突出物,给（门等）装球形把手",4
7995,aspirin,"阿司匹林,阿司匹林药片",4
7996,onstage,"台上的，台上演出的,上台，上场",4
7997,tracking,"跟踪,跟踪( track的现在分词 ),跟踪摄影,留下（脏）足迹,追随（潮流等）",4
7998,hog,"猪,（供食用的）阉公猪,像猪般的人,<口>自私的或贪婪的人,独占，贪心占取,使拱起,拱起",4
7999,pier,"码头，防波堤,桥墩,窗间壁",4
8001,nickel,"[化]镍,五分镍币,镀镍于",4
8002,breach,"破坏,破裂,缺口,违背,攻破,破坏，违反",4
8005,ideally,"完美地,理想地,观念上地,理论上地",4
8007,hmo,Health Maintenance Organization 卫生维护组织,4
8008,dependency,"属国，属地,从属，从属物",4
8009,broccoli,"花椰菜,西兰花",4
8010,yoga,"瑜伽，喻家派,瑜伽（术），瑜伽修行法",4
8011,tablet,"碑，匾,药片,便笺簿,小块,用碑牌纪念,将（备忘录等）写在板上,将…制成小片或小块",4
8012,resonate,"共鸣或共振,回响",4
8013,glacier,冰河，冰川,4
8015,chemotherapy,"<医>化学疗法,化疗",4
8017,fumble,"乱摸，摸索,笨手笨脚地做,[橄榄球] 失球,[棒球]漏接,弄乱,笨拙地做,摸索,失球，接漏球",4
8018,erotic,"（引起）性欲的，色情的,引起性欲地,好色之徒",4
8019,helping,"（食物）的一份,帮助，支持,帮助( help的现在分词 ),有助于，有利于,治疗,避免",4
8021,estrogen,雌激素,4
8022,ineffective,"无效果的,低效率的,不起作用的,无能力的",4
8023,polling,"投票,轮询,获得…张票数(poll的ing形式),对…进行调查",4
8025,cardboard,"卡（片）纸板,纸板箱,硬纸板,硬纸板制的,虚假的",4
8027,squat,"蹲，蹲伏,擅自占用土地,依法在政府公地上定居,〈口〉坐,使蹲坐,使蹲下,擅自占用,蹲坐，蹲姿,擅自占用的土地,[体]蹲举式举重,动物的窝,矮胖的,蹲着的",4
8028,sediment,"[地]沉淀物,沉积物，沉渣",4
8029,jersey,"毛织运动衫，毛线衫,泽西岛,泽西种乳牛",4
8030,working-class,工人阶级的,4
8031,attribution,"归属,归因,属性,归属物",4
8032,recollection,"回忆，追忆,往事,回忆录,[宗]冥想",4
8033,fallen,"<正>阵亡者,倒下的,（女子）已失身的,落下的,落在地上的,降低( fall的过去分词 ),来临,成为,降落",4
8034,lobbying,为了支持或抵制某项特定目标游说（lobby的现在分词形式）,4
8035,seventy,"七十,从七十到七十九的数目、年数或温度",4
8037,bartender,酒吧间销售酒精饮料的人，酒吧间男招待,4
8038,akin,"同族的,相似的,同源的,关系密切的",4
8039,forearm,"前臂,预先武装，预先准备",4
8040,succumb,"屈服,死亡",4
8041,seasoned,"调过味的,成熟的，老练的,“season”的过去式和过去分词",4
8042,evaporate,"（使某物）蒸发掉,消失,发散气体,蒸发,使脱水,使蒸发,使挥发,使沉淀",4
8043,wink,"使眼色,递眼色（表示友好或高兴等）,（指光）闪烁,闪亮,眨眼,一眨眼间,闪烁",4
8044,simulate,"假装，冒充,模仿,模拟,[生]拟态,模仿的,假装的",4
8045,shudder,"战栗,发抖,震动,颤动,颤动，打颤",4
8046,intrigue,"密谋，阴谋,私通，奸情,耍阴谋,以谋略达成,激起…的好奇心",4
8047,volleyball,排球（运动）,4
8048,grenade,"<军>手榴弹,催泪弹，灭火弹",4
8049,regimen,"（为病人规定的）生活规则，养生法,养生之道",4
8050,coarse,"粗鄙的,粗糙的,粗野的,粗制滥造的",4
8051,incumbent,"在职的,义不容辞的,靠在[压在]上面的,弯垂下来的,在职者,教会中的任职者,〈英〉教区牧师",4
8052,stature,"（特指人的）身长，身材,声望,发展、成长的状况或高度",4
8053,recruiting,"[]  [],招聘( recruit的现在分词 ),吸收某人为新成员,动员…（提供帮助）,雇用",4
8054,radioactive,放射性的,4
8055,graph,"图表，曲线图,词的拼法,用曲线图表示，把…绘入图表,用胶版印刷",4
8056,goddamn,"该死的，讨厌的,受诅咒的",4
8057,outreach,"到达顶端，超越,延伸，拓广,扩大服务范围,扩大服务的",4
8058,spelling,"拼写,拼法,拼写( spell的现在分词),意味着",4
8059,proceeds,"（买卖等的）收入，收益,进行( proceed的第三人称单数 ),前进,（沿特定路线）行进,（尤指打断后）继续说",4
8060,celebrated,"有名的，著名的,庆祝，庆贺（“celebrate“的过去式和过去分词）,主持宗教仪式（尤指圣餐）,颂扬,赞美",4
8061,stellar,"星的,星球的,主要的,主角的",4
8062,baked,"烘烤制作的，[俚语] 喝醉的，酒醉的,烤( bake的过去式和过去分词 ),烘焙,（将某物）烤硬,（变得）灼热",4
8063,alignment,"队列，排成直线,结盟,校直，调整,[工]准线",4
8064,catalyst,"<化>触媒，催化剂,〈比喻〉触发因素,促进因素,〈口〉有感染力的人",4
8065,fetus,胎，胎儿,4
8066,extremist,"极端主义者，偏激的人,极端主义的，过激论的",4
8067,contour,"外形，轮廓,（地图上表示相同海拔各点的）等高线,概要,电路,画轮廓（等高线）,显示轮廓的",4
8068,whine,"发出哀叫声,哼哼唧唧地说,发呜呜声,哀诉，诉怨,哀鸣,悲嗥声,牢骚，抱怨",4
8069,perpetrator,"做坏事者,犯罪者,加害者,行凶者",4
8070,ordinance,"<正>条例，法令,传统的风俗习惯,[宗]仪式，（尤指）圣餐式",4
8071,wardrobe,"衣柜，衣橱,藏衣室,（个人，戏团的）全部服装,行头",4
8072,gulf,"海湾,分歧,波斯湾,（地面的）裂口,吞没,卷进",4
8073,grease,"动物油脂,油膏，润滑油,〈俚〉贿赂,涂油脂于，用油脂润滑,贿赂",4
8074,hawk,"霍克,鹰,鹰派人物，主战派,掠夺别人的人，骗子,通过叫卖主动兜售（货物）,清除嗓子中的（痰）,清嗓，咳痰,用训练好的鹰狩猎,象鹰一样俯冲攻击,叫卖",4
8075,imaginative,"富于想像力的，运用想像力的,想象或创造出来的,沉溺于想象的,虚假的",4
8076,episcopal,主教的，主教制度的，英国国教的,4
8077,aviation,"航空,飞行术，航空学,飞机制造业,[集合词]飞机",4
8078,doctoral,博士的,4
8079,pathetic,"令人同情的，可怜的,又笨又可怜的，无价值的,荡气回肠",4
8080,mercury,"[化]汞，水银,[天]水星,温度表,精神，元气",4
8081,decay,"（使）腐烂，腐朽,衰败，衰退，衰落,腐败、衰退的状态",4
8082,silhouette,"轮廓，剪影,（人的）体形,（事物的）形状,使呈现影子,使呈现轮廓",4
8083,struggling,"奋斗的，努力的，苦斗的,搏斗( struggle的现在分词 ),奋斗,努力,争取",4
8084,conserve,"保护，保藏，保存,[化，物]使守恒,将…做成蜜饯,果酱，蜜饯",4
8085,hen,"母鸡,雌禽,女人",4
8086,hopeless,"不抱希望的，绝望的,没有希望的，惨淡的,不可救药的,不可能的",4
8087,revisit,"重游,再访,重临,回到,重访问,再参观",4
8088,confide,"吐露（秘密、心事等）,委托，托付,吐露秘密,信任，信赖",4
8089,node,"节点,（计算机网络的）节点,[医]结节,植物的节",4
8090,fasten,"系牢，钉牢,使坚固或稳固,使合在一起：封合,集中：稳定地集中或指向：,附着，扣紧,紧握，紧抱,集中：显著地注意，集中",4
8091,portrayal,"画像，肖像,描述，描写,叙述",4
8095,resonance,"共鸣,反响,共振",4
8096,noodle,"面条,傻子， 笨蛋,（乐师）弹拨乐器，（即兴）演奏,[口语]长时间地思考，反复酝酿",4
8097,moonlight,"月光,兼职",4
8098,villain,"（小说、戏剧等中的）反面人物,罪犯,恶棍,淘气鬼，顽童",4
8099,specially,"特别地,专门地,特意地,格外地",4
8100,durable,"耐用的，耐久的,持久的,长期的,耐用品，耐久品",4
8101,generosity,"慷慨，大方,宽容或慷慨的行为,丰富",4
8102,casting,"铸造，铸件,角色分配,投掷,[动]脱落物,扔掉(cast的现在分词),铸造,选派演员",4
8103,shaky,"（地位，信用等）动摇的,（因病、体弱等）摇晃的,虚弱的,不可靠的",4
8104,compass,"罗盘,指南针,圆规,界限",4
8105,bowling,"保龄球运动,滚木球戏,打保龄球(bowl的现在分词)",4
8106,revised,"经过修订（或校正）的,修订( revise的过去式和过去分词 ),改变,修正,[主英国英语]复习",4
8107,sift,"筛分,精选,撒,审查,筛,细查",4
8108,capitalize,"用大写字母写或印刷,使…资本化,估计…的价值,把…定为首都,利用,积累资本",4
8109,industrialized,"[]  [],工业化的,使工业化(industrialize的过去式和过去分词),将…组成产业",4
8112,bail,"[法律]保释金,保释人，保释,[板球]三柱门上的横木,（马厩的）栅栏,保释，帮助脱离困境,将（财物）委托给…,往外舀水",4
8113,dropout,"辍学者，退学者,<贬>拒绝传统社会的人,流失生,流生",4
8115,deliberation,"考虑，深思熟虑,评议，审议,（言语、行动等的）从容,沉着，慎重",4
8116,podium,"表演台,讲台,乐队指挥台,领奖台",4
8117,novelty,"新奇,新奇的事物,新颖小巧而价廉的物品",4
8118,hoop,"箍,铁环,呼呼声,加箍于,包围,唬唬地叫，发呼呼声",4
8119,outset,开始，开端,4
8120,martial,"军事的,战争的,尚武的，好战的,战神玛尔斯的",4
8121,brightness,"亮度,明亮,光泽度,灯火通明",4
8122,repay,"偿还,付还,报答,酬报,偿还，补偿",4
8123,irresponsible,"不负责任的,不可靠的，缺乏责任心,[法律] 无责任能力的,无需对更高一级权力负责的,没有责任感的人,[法律] 无责任能力的人,不被列入考虑的人",4
8124,schooling,"学校教育,通过经历或体验获得的教育,学费,训练,教育(school的ing形式)",4
8125,grouping,"归类，编组（工作）,分组,使成群，集合( group的现在分词),分类，归类",4
8126,neon,"<化>氖,霓虹灯",4
8127,flooding,"泛滥,[化]溢流,[医]血崩,产后出血,淹没(flood的现在分词),充满,溢出",4
8128,pastel,"彩色粉笔，粉蜡笔,彩色粉笔画，蜡笔画,轻淡柔和的色彩,彩色粉笔画的,蜡笔画的,（色彩）淡的，柔和的",4
8130,jeopardize,"危及，损害,使陷入险境或受伤,使…遇险",4
8131,chili,红辣椒,4
8132,subscribe,"认捐，捐赠,签署，题词，署名,认购,订阅，订购",4
8133,stimulation,"刺激,激发,启发,促进",4
8135,functioning,"起作用（function的现在分词形式）,运转,正常工作",4
8136,sprout,"发芽,抽芽,使发芽,使生长,幼芽，新梢,[植]球芽甘蓝,幼苗状物，年轻人,美俚〉后代",4
8137,cardiovascular,心血管的,4
8138,gland,"<解>腺,[机]密封压盖，填料盖",4
8140,pigeon,"鸽子,<非正式>易受骗的人,<非正式>责任",4
8141,spinal,"脊柱的，与脊柱有关的,针的，刺的,棘状突起的,在脊骨方面，压着脊骨,[医]脊髓麻醉",4
8143,heighten,"（使）变高,（使）加强",4
8144,eve,"前夕，前夜,重要事件的前夕,傍晚",4
8145,sociology,"社会学,群体生态学",4
8146,expressive,"表示的，有表现力的，表达的,意味深长的,富于表情的,传神",4
8147,moose,[动]大角麋，驼鹿,4
8148,yearn,"渴望，切盼，向往,想念，怀念，向往，留恋，恋慕",4
8150,gig,"现场演奏会,工作,轻便双轮马车,gigabyte 千兆字节,乘轻便二轮马车,用鱼叉叉,记过处分,特约演奏",4
8151,mutually,"互相地，互助,对",4
8152,unsure,"不确定的,缺乏信心的，无把握的,不稳定的,不可靠的",4
8153,bound,"跳，弹跳,限制,接壤,给…划界，限制,使弹回，使跳跃,束缚,界限，限制,跃起,（球等的）反跳,用带子绑住的,有义务的,装订的，有封面的,[化，物]结合的",4
8154,latitude,"纬度,范围,[天]黄纬",4
8155,prostitution,"卖淫,滥用某事物,出卖灵魂",4
8156,meaningless,"无意义的，无价值的,“meaning”的派生,无谓",4
8157,ceramics,"制陶术,陶器制造,陶瓷工艺,陶瓷制品( ceramic的名词复数 ),陶瓷器,制陶艺术,陶瓷装潢艺术",4
8158,adorn,"装饰，修饰,佩戴,使生色",4
8159,acceleration,"加速,<物>加速度,加速升级,（优秀学生的）跳级",4
8160,detainee,"被拘留者,未判决囚犯",4
8161,rabbi,"犹太法学博士,先生，老师",4
8162,equate,"使相等,相当于,等同",4
8163,clearing,"小块空地，林中空地,结算,清扫,<军>前方医院，医疗后送站,变明朗( clear的现在分词),澄清,（通过票据交换所）交换票据",4
8164,unseen,"看不见的,未看见的,未事先过目的,即席的,即席翻译,即席翻译的文章",4
8167,inaugural,"就职的，就任的,创始的，最早的,就职典礼,就职演说",4
8168,shiite,什叶派教徒,4
8169,hindu,"印度人，（尤指印度北部的）印度斯坦人,印度教教徒,印度人的，印度斯坦人的,印度教的",4
8170,theoretically,理论地，理论上,4
8171,unify,"使联合,使相同,使一致,统一",4
8172,famed,著名的，出名的,4
8173,twisted,"（感情、欲望等）反常的，变态的,扭，搓，缠绕( twist的过去式和过去分词 ),歪曲,转动,扭转",4
8174,turnout,"产量,出动,（集会的）出席者，到会者,[公路]岔道",4
8175,indifference,"不重视，不在乎，漠不关心,中立，中性,冷淡,无差",4
8176,pharmacy,"药房,配药学，药学,制药业,一批备用药品",4
8177,contingency,"意外事故，偶发事件,可能性，偶然性,[审计]意外开支",4
8179,whirl,"旋转，回旋,急走，飞奔,头晕眼花,使旋转，使回旋,卷走,飞快地带走,眼花，眩晕,昏乱,[动，植]轮，环,一连串的事",4
8180,wavelength,"<物>波长,波段,完全一致，融洽",4
8182,categorize,把…归类，把…分门别类,4
8183,distinctly,"明显地,无疑地,确实地,逼真",4
8184,spiral,"螺旋（线）,旋涡,螺旋形物,（足球运动的）旋球,使成螺旋形,螺旋式的上升（或下降盘旋上升（或下降）,螺旋形的,盘旋的,盘旋上升的",4
8185,attempted,"试图( attempt的过去式和过去分词),尝试,试图夺取或攻克（堡垒、要塞等）,试图征服（高山）,未遂的，企图的",4
8186,cardiac,"心脏（病）的,（胃的）贲门的,心脏病患者,强心剂",4
8188,plow,"犁,犁型铲雪机,耕,犁耕,费力穿过",4
8189,flutter,"飘动,鼓翼,振翼，拍翅膀,烦扰，坐立不安,（旗帜）飘扬,紧张，激动不安,颤振,飘扬,（身体部分的）病态阵跳",4
8190,flirt,"调情，打情骂俏,玩弄,轻率地对待,摆动,挥动,忽然弹出,急投,调情的人，卖弄风情者,急扔",4
8191,punk,"庞克（一种摇滚乐，自70年代末期起流行，是对传统的反叛）,年轻无知的人,妓女,无聊人物（或东西）,没价值的，低劣的,庞克风格",4
8193,paw,"爪子,手,<俚>笔迹,用爪抓,用蹄触,盘弄,艰苦地行走,用爪子抓,翻找",4
8194,computerized,"用计算机做，使计算机化( computerize的过去式),将（资料）存入计算机,用计算机做，使计算机化( computerize的过去式和过去分词)",4
8195,atrocity,"暴行,凶恶，残暴,恶劣的行为",4
8196,sovereign,"君主,最高统治者,独立国,旧时价值为一镑的英国金币,独立自主的,拥有最高统治权的,至高无上的,极好的",4
8197,hypothetical,"假设的，假定的,有前提的,爱猜想的,假想",4
8200,postmodern,后现代主义的，后现代派的,4
8201,cooler,"（便携式）冷藏箱,冷却器,冷饮",4
8203,blessed,"神圣的,有福的,无忧无虑的",4
8204,delete,删除,4
8205,flicker,"闪烁,飘扬，摆动,昏倒,闪光,电影,假装昏倒的乞丐",4
8206,incur,"招致，引起,遭受",4
8207,glamorous,"富有魅力的,迷人的,富于刺激的,独特的",4
8208,brag,"自大，吹嘘,自夸，夸口说,自夸,吹牛的人,傲慢的态度,[游戏]类似于扑克的一种纸牌游戏,第一流的，极好的,〈罕〉活泼的",4
8209,successive,"连续的，相继的,继承的，接替的,逐次",4
8210,souvenir,"纪念品,礼物,把…留作纪念",4
8211,slate,"石板,板岩，页岩,行为记录,石板色，深蓝灰色,用石板瓦盖，用板岩覆盖（例如屋顶）,把…加到竞选者的名单上,安排或指定,石板的,石板色的，深蓝灰色的",4
8212,carpenter,"木工，木匠,当木匠,做木工活",4
8213,benchmark,"基准，参照,标准检查程序,水准标,检测（用基准问题测试）",4
8214,exhausted,"耗尽的,用完的,筋疲力尽的,精疲力竭的,用尽( exhaust的过去式和过去分词 ),使非常疲倦,详尽讨论（或研究）,弄空",4
8215,familiarity,"熟悉,通晓,认识,友好随便",4
8216,plank,"（厚）木板,支持物,政纲条目,在…上铺板,重重放下,立即付款",4
8217,blaze,"火焰,光辉,爆发,光彩,猛烈地燃烧,发光，照耀,在树片上刻痕指示（道路等）,公开宣布",4
8218,relaxation,"消遣，放松,松懈，松弛,放宽,[生理]驰松",4
8219,lousy,"讨厌的,污秽的,多虱的,不清洁的",4
8220,brand-new,"全新的，崭新的,新制",4
8221,gdp,gross domestic product 国内生产总值,4
8222,biscuit,"<英>饼干,<美>软烤饼,松饼（食用时常佐以肉汁）,淡黄褐色",4
8223,conversely,"相反地，颠倒地,倒地,反之,反过来",4
8224,narrowly,"狭窄地,勉强地,严密地,仔细地",4
8225,tortilla,玉米粉圆饼,4
8226,disciple,"信徒，追随者,门徒，弟子,耶稣的信徒,[宗]耶稣十二门徒之一",4
8227,angrily,"愤怒地，生气地,气呼呼,气冲冲",4
8228,vet,"审查（某人过去的记录、资格等）,诊疗,检查,当兽医,老兵,〈美口〉同“veteran“",4
8229,backlash,"反击,后坐,激烈反应",4
8230,physiological,"生理学的,生理的",4
8231,monastery,"修道院，寺院,[复数]全体僧侣",4
8232,bakery,"面包房，面包店,烘烤食品（面包、糕点等的总称）",4
8233,hesitation,"犹豫,踌躇,含糊,口吃",4
8234,headlight,"（汽车等）的前灯,照明灯",4
8235,consortium,"财团,组合，共同体,[法]配偶的地位和权利,<美>大学联盟协定",4
8236,apron,"围裙,[航] 停机坪,[机]（防护）挡板,舞台口,用围裙围住,围绕",4
8237,thunder,"雷声,隆隆的响声,打雷,发出隆隆声,轰隆隆地快速移动,使快速移动,怒喝",4
8238,intern,"<美>住院实习医生,拘禁（俘虏等）,扣留（船只等）,同“interne”，同“internee”,拘留，关押",4
8240,nostalgia,"对往事的怀恋,怀旧,乡愁,怀乡病",4
8242,preclude,"阻止,排除,妨碍",4
8243,litter,"杂物，垃圾,（一窝）幼崽,褥草,轿，担架,使杂乱,乱丢杂物,乱扔,使饱含",4
8244,divorced,"离婚的,分开的,不相干的,脱离的,与…离婚(divorce的过去式和过去分词),分离,与某人离婚，判某人离婚",4
8245,exquisite,"精致的,细腻的,优美的,剧烈的,过分讲究穿戴的人",4
8246,waterfall,"瀑布,瀑布似的东西,<美俚>（披垂的）波型长发",4
8247,initiation,"开始,启蒙,入会仪式",4
8248,sniper,"狙击手,狙击兵",4
8249,automated,"自动化的,自动化(automate的过去分词),自动操",4
8251,uneven,"不平坦的，凹凸不平的,不一律的，参差不齐的,不势均力敌的,[数]奇数的",4
8253,infected,"（伤口）被感染的,（受）传染( infect的过去式和过去分词 ),污染,影响",4
8254,accordance,"一致,和谐,给予",4
8255,bodyguard,"保镖,卫士，警卫员",4
8256,sic,"〈外〉原文如此,（也作sick）猛烈攻击，进攻,唆使",4
8257,swap,"交换,交换物，被掉换者,交换（工作）,用…替换，把…换成，掉换（过来）",4
8258,immerse,"浸没,施浸礼,沉迷…中，陷入",4
8259,coyote,"郊狼（北美洲西部原野上的小狼）,丛林狼，草原狼",4
8260,mustache,"胡子,髭,须状物,（哺乳动物的）触须",4
8261,consciously,"有意识地,自觉地",4
8262,thug,"暴徒，恶棍，凶手,刺客",4
8264,plaza,"市场，购物中心,〈外〉（西班牙城镇的）广场",4
8265,misunderstanding,"误解,误会,不和,“misunderstand”的现在分词",4
8266,jealousy,"妒忌，猜忌,戒备，小心提防",4
8267,cadet,"候补军官,陆海军官学校的学员,幼子，次子,实习生",4
8269,aura,"气味,光环,气氛,[医]（中风等的）预兆",4
8270,petroleum,石油,4
8271,face-to-face,"面对面的,面对面地",4
8272,flap,"扁平物,[航] 襟翼,拍打，拍打声,〈口〉不安，恐慌,上下或左右移动、摆动,轻拍,振翅而飞",4
8273,submission,"投降,屈服，服从,谦恭，柔顺,提交，呈递",4
8274,preheat,预热,4
8275,honeymoon,"蜜月,蜜月期,蜜月旅行,短暂的和谐时期,度蜜月",4
8276,drastic,"激烈的,猛烈的,（法律等）严厉的,极端的",4
8277,farewell,"告别，欢送,欢送会,告别辞,再见，再会,一路平安,告别的，送行的",4
8278,chilling,"寒冷的,令人恐惧的，吓人的,使人心寒的,[俚语]顶呱呱的，呱呱叫的,冷却，（使）变冷",4
8280,patriotism,"爱国主义,爱国心，爱国精神",4
8281,striped,"有条纹的,有斑纹的,喝醉了的",4
8282,advent,"出现,到来,基督降临节（圣诞节前的四个星期）",4
8283,disciplinary,"纪律的,训练的,惩罚的",4
8285,woe,"悲哀,悲伤,灾难，灾殃,苦恼,唉（表示痛苦，悲伤或悔恨）,咳",4
8286,ripple,"使泛起涟漪,（把头发）弄成波浪形,使作潺潺声,在…上形成波痕,发出潺潺声,涟漪，涟波,[物]涟波,涟波声，潺潺声,（头发等的）波浪形",4
8287,imbalance,"不平衡,不安定,失调",4
8289,moderately,"适度地,普通地,温和度,不过度地",4
8290,shortcoming,短处，缺点,4
8291,poker,"拨火铁棒,纸牌,扑克,戳火的人,烙制,用烙画做（图案）",4
8292,indoors,"在室内，在户内,在屋里",4
8293,eighteenth,"第十八,十八分之一,（每月的）第十八日,十八号,十八分之一的,第十八的,第十八个的",4
8294,seam,"接缝，接合处,煤层,线缝,裂缝,缝合，接合,使产生裂缝,焊合,裂开,裂开，发生裂痕",4
8295,restructure,"重建,调整,重组",4
8296,cookbook,食谱，菜谱,4
8297,longing,"渴望，热望,渴望的,极想得到的,渴望(long的现在分词)",4
8298,booster,"（电器的）增压机,助推器，多级火箭的第一级,热情的支持者",4
8299,carved,"有雕刻的,切，切碎( carve的过去式和过去分词 ),雕刻,艰苦创业，奋斗取得（事业、名声等）",4
8300,broadcaster,"广播员，广播公司,广播设备,撒种机，撒播物",4
8301,alienate,"使疏远，离间,使转移，放弃,[法]转让，让渡（财产或权利）",4
8302,swimmer,游泳者,4
8303,sting,"叮，螫,刺痛,精神上刺痛,刺激,感到剧痛,刺，叮,螫伤处,（某些昆虫的）毒刺,（身体或心灵的）剧痛,（警察为抓捕罪犯而设的）圈套",4
8304,idle,"无意义的,空闲的,懒惰的,无根据的,虚度,空转,挂空挡,未熄火,使空转,（尤指暂时地）关闭工厂，使（工人）闲着",4
8305,softball,垒球（运动）,4
8306,dolphin,"海豚,（码头的）系船柱",4
8307,exhaustion,"疲惫，衰竭,枯竭，用尽,排空,彻底的研究",4
8308,anatomy,"解剖，分解，分析,（详细的）剖析,（生物体的）解剖结构,骨骼",4
8309,liberalism,"自由主义,开明的思想或见解",4
8311,pinpoint,"确定，准确地指出,精准定位,针尖，尖头,精确位置,极小之物,精确的，精准的,详尽的",4
8312,pivotal,"中枢的,枢轴的,关键的",4
8313,cinema,"电影院,电影艺术,电影业,电影",4
8314,ragged,"衣着破烂的，衣衫褴褛的,参差不齐的，凹凸不平的,粗糙刺耳的",4
8315,sandal,"凉鞋，草带鞋,[植]檀香木,使穿上凉鞋",4
8317,lavender,"熏衣草,淡紫色,淡紫色的,用熏衣草熏",4
8318,ubiquitous,"无所不在的,普遍存在的",4
8319,solitude,"单独，孤独,偏僻处，隐居处,幽静（的地方），荒野",4
8320,drunken,"酒醉的,常醉的,酗酒的",4
8322,dissent,"意见的分歧，异议,〈英〉反对国教,〈集合词〉不信奉国教者,不同意，持异议,不信奉国教",4
8323,sculptor,"雕刻家，雕塑家,[天]玉夫座,雕刻（塑）工人",4
8324,kurd,库尔德人（主要居住在伊拉克、伊朗、土耳其及叙利亚边界的地区）,4
8325,haze,"烟雾,迷蒙,迷糊,疑惑,（使）笼罩在薄雾中,使变朦胧,使变糊涂,戏弄,欺凌,骑马放牧",4
8326,mince,"切碎，剁碎,委婉的说,碎步走,装腔作势地说,绞碎的肉，肉末",4
8327,scenery,"风景，景色,舞台布景,风景画,舞台面",4
8328,scenic,"风景优美的,舞台的,戏剧性的,布景的，背景的,风景照片,风景胜地,实景电影",4
8329,cosmos,"宇宙,一个有序的整体,大波斯菊",4
8330,grove,"小树林,果树林，果园",4
8331,inch,"英寸（相当于 2。54 厘米，一英尺有12英寸）,少量，少许,身高,使缓慢地移动,缓慢移动,渐进",4
8332,disconnect,"切断,断开,拆开,使（电话线路）中断",4
8334,courageous,"勇敢的，无畏的,有胆量的,英勇的,勐",4
8335,authenticity,可靠性，确实性，真实性,4
8336,fragrance,"芳香，芬芳,浓馥，香气,香水，常用于广告语",4
8337,converge,"（线条、运动的物体等）会于一点,聚集,人或车辆汇集,使聚集",4
8338,luckily,"幸运地,侥幸,幸而,幸亏",4
8339,syrian,"叙利亚的,叙利亚人",4
8340,trivial,"琐碎的，无价值的,平常的，平凡的,不重要的,[生]种的",4
8341,designation,"名称,选派,指定",4
8342,celery,"芹菜,香芹粉,芹菜籽",4
8343,systemic,"系统的,[生]全身的,体系的",4
8344,porcelain,"瓷，瓷器,瓷制的,精美的,脆的，易碎的",4
8345,gleaming,"闪闪发光的,（使）闪烁， （使）闪亮( gleam的现在分词 )",4
8346,inventor,"发明家,创造者,发明者",4
8347,deception,"瞒骗，欺诈,骗局",4
8348,pricing,定价,4
8349,buzz,"嗡嗡叫,低声谈,散布：嗡嗡叫，发哼声,匆忙来去，奔忙,使嗡嗡叫,咕哝：用快而低的嗓音讲话,[非正式用语]低飞,打电话给…,嗡嗡声,电话,乱哄哄的说话声,醉酒",4
8350,reinvent,（在不知他人已发明的情况下）重复发明，彻底改造，重新使用,4
8351,scanner,"扫描器,扫描设备,检测装置,细查者",4
8352,fines,"罚款，罚金( fine的名词复数 ),细屑,细粉",4
8353,expanse,"广阔的区域,扩张，展开,苍天",4
8354,gourmet,美食家，讲究吃喝的人,4
8355,clump,"丛,笨重的脚步声,土块,使成一丛,凝结成块",4
8356,socket,"插座,灯座,窝，穴,[解]眼窝，孔窝,把…装入插座,给…配插座",4
8357,boxer,"（尤指职业）拳击手,拳师狗,装箱者，装箱工",4
8358,aquatic,"水生的,水产的,水上的,水中（进行）的,水生动植物,水上运动",4
8359,cycling,骑脚踏车兜风，骑脚踏车消遣,4
8360,famine,"饥荒,饥饿,极度缺乏",4
8361,disappoint,"使失望,使破灭，使落空",4
8363,eerie,"可怕的,怪异的,怪诞的,胆小的",4
8364,directory,"人名地址录，（电话）号码簿,（计算机文件或程序的）目录,指导的，指挥的,咨询的,管理的",4
8366,arrogance,"傲慢，自大，自负,气焰",4
8367,start-up,"启动,（新企业或工程）开办阶段的",4
8368,subdivision,"细分，一部,分支",4
8369,liaison,"联络，联络人,[语]连音,（尤指一方或双方已婚的）私通,[烹]加浓料",4
8370,cassette,"盒式录音带,摄影胶卷暗匣，弹夹,珠宝箱，宝匣",4
8371,dwelling,"住处，处所,寓所,居住,居住，住( dwell的现在分词)",4
8372,colon,"冒号,<解>结肠,科郎（哥斯达黎加货币单位）",4
8373,lighter,"打火机,点火器,点火者,驳船,较轻的( light的比较级),较淡的,用驳船运",4
8375,carving,"雕刻,雕刻品,雕刻( carve的现在分词),分割",4
8376,algorithm,"运算法则,演算法,计算程序",4
8377,dominican,"多米尼加的,多米尼加人的,多米尼加人",4
8379,harden,"使硬化,使经得起考验,使无情,使轮廓鲜明,变硬或更硬,变稳定,变习惯",4
8380,decidedly,"明确地,坚决地,果断地,毫无疑问地",4
8381,hinder,"阻碍，妨碍,成为阻碍,后面的，后方的",4
8382,evacuation,"撤空,撤离,撤退,疏散",4
8383,turk,"土耳其人，突厥人,土耳其马,强暴的人，残忍的人,顽童",4
8384,frank,"坦白的，直率的,清楚表明的,明显的,弗兰克,免费邮寄权,免费邮戳或签名,免费邮寄的信件,免费寄（邮件）,盖免费邮寄公章,盖邮戳,便于使（人）自由地来往",4
8386,burner,"炉子，燃烧器,（火炉、煤油灯等的）灯口,烧制者,灯光",4
8388,clamp,"夹紧，夹住,锁住,把（砖等）堆高，堆存,脚步很重地走,钳，夹子,压板，压铁,车轮锁,（砖等的）堆,紧紧抓住,紧夹住,被抓住,被夹紧",4
8389,patiently,耐心地，坚韧不拔地,4
8390,armored,"装甲的,配备有装甲车辆的,为…穿盔甲（或加置装甲） ( armor的过去式和过去分词 ),为…提供防御",4
8391,sage,"圣人,智者,贤人,鼠尾草（可用作调料）,贤明的,明智的",4
8392,trooper,"（低军衔的）骑兵,伞兵,运兵船",4
8393,hack,"乱劈，乱砍,开垦,出租马车,劈，砍,干咳,乘用马",4
8394,irrational,"不合理的，荒谬的,无理性的,[数]无理的,无理数,无理性的生物",4
8395,pristine,"太古的，原始状态的,纯朴的，纯洁的,未受腐蚀的，新鲜的",4
8396,paperback,平装本，平装书,4
8397,boutique,"（女士）时装店，，精品店,精品店",4
8398,abnormal,"反常的，异常的,不规则的,变态的，畸形的,邪门儿",4
8399,diver,"潜水员,跳水者，跳水运动员,潜鸟,〈俚〉潜水艇",4
8400,creditor,"债权人，债主,[会]贷方",4
8402,navigation,"航行（学）,航海（术）,海上交通",4
8404,plaster,"灰泥，涂墙泥,石膏,膏药,涂以灰泥,在…上敷贴膏药,减轻,黏贴",4
8405,redemption,"赎回,偿还,补救",4
8406,alpine,"阿尔卑斯山的,阿尔卑斯山区居民的,高山的,高山植物",4
8407,prosper,"繁盛，成功,使…成功,使…昌盛",4
8408,improper,"不合适的，非正常的,不正确的,不正派的，不合礼仪的,不道德的",4
8411,co-founder,（学说、组织学的）共同创立者,4
8413,bamboo,"竹子,竹竿,竹木家具",4
8414,plasma,"血浆,原生质，细胞质,乳清,[物]等离子体",4
8415,tread,"踩，踏,行走,交尾,踩成,踏出,步行于,踩（烂）,踏，踩，走,（楼梯的）踏板,轮胎接触地面的部分",4
8416,stifle,"（使）窒息,（使）窒闷,扼杀,镇压,遏制,藏匿,后腿膝关节,后膝关节病",4
8417,interception,"中途夺取，拦截，侦听,阻留,定方位,断球",4
8418,pianist,"钢琴家,钢琴师,钢琴演奏者",4
8419,downward,"向下的，往下的,向下地，下行地",4
8421,divided,"分离的，被分割的，分裂的,分( divide的过去式和过去分词 ),划分,分离,（使）产生分歧",4
8423,synthesis,"综合,<化>合成,综合体,综合推理",4
8424,danish,"丹麦语,丹麦的",4
8425,insecurity,"不安全,不牢靠,局促不安,无把握",4
8426,adaptive,"适应的,有适应能力的",4
8427,boarding,"木板（建造之物）,寄膳（宿）,用木板制成的物体,上船（或火车、飞机等）,上（船、车或飞机）( board的现在分词 ),收费供…膳宿,强行登（船）,使搭伙",4
8429,inclination,"倾向,爱好,斜坡",4
8430,heartbeat,"心跳，心搏,中心,感情,重要特征",4
8432,sentimental,"伤感的,多愁善感的,感情用事的,寓有情感的",4
8433,stainless,"不锈的,不会脏的,无污点的,未被玷污的",4
8434,monumental,"不朽的,纪念碑的,非常的",4
8435,recognizable,"可识别的,可认识的,可承认的",4
8436,memorize,"记住，熟记,[计算机科学] 存储，记忆",4
8437,upscale,"升高一级，升档，迎合（高层次消费者）,高档的，高收入的，销售对象为高收入者的",4
8438,inclusive,"包括的，包罗广泛的,包括…的,一切开支包括在内的,（语言使用上）不分男女的",4
8439,vocational,"职业的，行业的,天职的,有助于职业的",4
8440,ninety,"九十,九十年代,九十岁,九十的,九十岁的",4
8441,snort,"用鼻子哼（以表示不耐烦，轻蔑等）,（马等）喷响鼻子,（轻蔑、愤怒时）高声大笑,汽锅)喷汽,喷鼻息，鼻息声,〈美俚〉一口酒",4
8442,pilgrimage,"朝圣之旅,参拜圣地,人生的旅程，一生,漫游,去朝圣，去参拜圣地",4
8443,annoying,"讨厌的,恼人的,骚扰(annoy的ing形式)",4
8444,turnaround,"车辆调头处,（思想，立场的）转变,（飞机等）卸货、加油、服务、重新装货所需时间,转身，转向",4
8445,superficial,"表面（上）的,肤浅的，缺乏深度的,一知半解的",4
8446,vapor,"水汽，水蒸气，无实质之物,自夸者,幻想 [药]吸入剂 [古]忧郁（症）,自夸，（使）蒸发",4
8447,excursion,"（尤指集体）远足,短途旅行，游览,离题,[机]冲程",4
8448,hallmark,"检验印记,特点，标志,质量证明,给…盖上品质证明印记,使具有…标志",4
8450,puff,"一阵（气味，烟雾等）,粉扑,酥皮点心,夸奖，吹嘘,喷出,膨胀,吹捧,得意,夸张",4
8451,playing,"演奏( play的现在分词 ),演出,参加比赛,捉弄",4
8452,rig,"船桅（或船帆等）的装置,成套器械,捣蛋，恶作剧,阴谋，诡计,给（船、桅杆）装配帆及索具,用临时替代材料迅速搭起,（用不正当手段）操纵,垄断",4
8453,misunderstand,"误会，误解,曲解",4
8454,reviewer,评论家，评论者,4
8455,nightclub,"夜总会,去夜总会",4
8456,thyme,（用以调味的）百里香（草）,4
8457,mortar,"迫击炮,砂浆,房产,研钵,用迫击炮攻击（或袭击）,用灰泥涂抹[结合]",4
8458,pecan,"美洲山核桃,美洲山核桃树",4
8459,bloc,集团，联盟,4
8460,backing,"支持,支持者,背衬,<口>（独唱或独奏的）伴奏,（使）后退，（使）倒退( back的现在分词),作…的衬里,（用证据或理论来）证实（一种理论或主张）",4
8461,demonstrator,"游行示威者,证明者，示范者,实物说明者",4
8462,asphalt,"沥青，柏油,（铺路等用的）沥青混合料,铺沥青于，铺柏油于",4
8463,microscope,显微镜,4
8464,sharpen,"使锐利,使敏捷,加重,削尖,尖锐,变锋利",4
8465,spear,"矛,枪,（某些植物的）嫩枝,貌，标枪,用矛刺,用鱼叉捉,〈美俚〉得到，捕到,刺，戳,父系的，右边的",4
8466,subscription,"（报刊等的）订阅费,捐款,（俱乐部的）会员费,捐助",4
8467,savor,"滋味,气味,食欲,特定的味道或气味v.,有…气味,加调味品于,使有风味,意味，带有…的性质,给…加调味品,品尝,欣赏",4
8468,satisfactory,"令人满意的,符合要求的,[神]赎罪的",4
8469,superpower,"超级大国,超级强权,超等的巨大力量,超国家政治实体（指管强国的国际组织）",4
8470,liable,"有责任的,有义务的,有…倾向的,易…的",4
8471,cucumber,黄瓜，胡瓜,4
8472,ledge,"壁架,暗礁,矿脉",4
8473,crooked,"弯曲的,不正当的,歪扭的,用不正当手段得来的,弯成钩形(crook的过去式和过去分词)",4
8474,modernity,现代性,4
8475,impending,"即将发生的，迫在眉睫的,迫切的,悬挂的,迫近(impend的现在分词),悬空",4
8476,mediation,调停，调解，斡旋,4
8477,best-seller,"畅销书或唱片,畅销书作者",4
8478,broadcasting,"（电台、电视台的）广播，播放,（电台、电视台）广播员的职业,广播，播放( broadcast的现在分词),传播，乱传（消息等）",4
8479,bitterness,"苦味,痛苦,悲痛,酷烈",4
8480,groove,"沟，槽,[俚语]常规，老套：确定的规范,[俚语]理想状况,[俚语]非常愉快的经历,刻沟，刻槽,极其快乐，极其满意，过得快活,受愉快的刺激影响,投合，契合",4
8481,relay,"接替人员，替班,传递,接力赛,继电器,转播，传达,用驿马递送，使接替,分程传递",4
8482,chimney,"烟囱,玻璃灯罩,烟囱状东西,壁炉",4
8483,lantern,"灯笼,灯塔,灯罩,灯饰",4
8484,packed,"充满…的,塞满了…的,包装(pack的过去式和过去分词)",4
8486,overtime,"超出的时间，额外的时间,加班,加时赛,加班费,超时地,加班地,使历时过久,使（曝光等）超过时间",4
8487,dorm,宿舍,4
8488,aroma,"芳香，香味,气派，风格",4
8489,ye,"Yemen 也门,你们,the的古式",4
8490,heroine,"女主角,女英雄,女杰出人物",4
8491,jog,"慢跑,轻推，轻撞,蹒跚行进,使颠簸,轻推,轻推，轻摇,（线，面上的）参差不齐,突然的转向",4
8492,weekday,"平日，普通日,工作日",4
8493,occupant,"占有人,居住者",4
8494,curved,"弧形的，曲线的,（使）弯成弧形( curve的过去式和过去分词)",4
8495,thwart,"阻挠,使受挫折,挫败,<旧>横过,<船>横座板，划手座，独木舟的横梁,横放的，横着的，穿过的,<旧>执拗的，固执的,<古>横跨着，横过,<古>横跨，横过",4
8496,awfully,"非常,极其,令人畏惧地,恶劣地",4
8497,cruelty,"残忍,残忍的行为,残酷行为,虐待",4
8498,plateau,"高原,平稳时期，稳定水平,停滞期,进入停滞期,达到平稳状态",4
8499,cosmetic,"化妆品,美发油，发蜡,装饰品,美容术,化妆用的,美容的,装点门面的,表面的",4
8500,fin,"鱼鳍,鳍状物,（汽车、飞机、炸弹上的）尾翅,散热片,给…装上翅片,切除鳍,潜泳,（猛烈地）拍动（鳍）",4
8501,stint,"定额，定量,限额，限量,节约,[鸟]滨鹬,限制，节省,吝惜,<古>停止",4
8502,dispense,"分配，分给,实施，施行,免除，豁免,配（药）,特许，豁免",4
8503,buffet,"自助餐,火车饮食柜台,车站快餐部",4
8504,socialize,"（与…）交往，联谊,参与社交,使社会化,使适合于过社会生活,使参加集体学习",4
8505,slaughter,"屠宰（动物）,大屠杀,大减价，贱卖,〈口〉强烈谴责，猛烈抨击,大屠杀，残杀",4
8506,lateral,"侧面的,横向的,[语]边音的,侧部的东西,边音",4
8507,retrospect,"回顾，回想,回顾,追溯",4
8508,lily,"百合花,纯洁的人,[女名]莉莉,洁白的,纯洁的",4
8509,clubhouse,"俱乐部会所，俱乐部,运动员更衣室",4
8513,grapple,"抓住，捉牢,搏斗,与…格斗,用铁锚（铁钩）钩住,抓住,格斗,扭打，格斗,紧握,抓机，抓斗",4
8514,floral,"花的，花似的,以花装饰的,植物的，植物群的,花神的",4
8515,damaging,"有破坏性的，损害的，诽谤的,损害，毁坏，加害于( damage的现在分词 )",4
8516,recommended,"被推荐的,托( recommend的过去式和过去分词 ),推荐,劝告,使显得吸引人",4
8517,stocking,"长袜,似长袜之物",4
8518,heightened,"[]  [],（使）变高， （使）增大( heighten的过去式和过去分词 ),（使）提高,（使）加强[重]",4
8519,citation,"引用,引证,引文,表扬",4
8520,congratulate,"向（某人）道贺,祝贺,（为成就或成功）感到高兴",4
8521,mingle,"混合，混淆,混进，与…交往",4
8523,pony,"矮种马，小型马,25 英镑,用注解书学习,付清",4
8525,centerpiece,中心装饰品（餐桌中央的摆饰）,4
8526,trot,"马的小跑,人快步走,摇摇摆摆学步的孩子,〈古〉老太婆,小跑,快速前进,赶紧,使小跑,使快步走",4
8527,characterization,"特性描述,（对书或戏剧中人物的）刻画，塑造,<正>描述方法,界定方法",4
8528,hospitality,"殷勤好客,招待，款待,（气候，环境等的）宜人，适宜",4
8529,seriousness,"认真,严肃地,严重地,非常严肃地",4
8530,imperative,"必要的，不可避免的,命令的，专横的,势在必行的,[语]祈使的,必要的事,命令,规则,[语]祈使语气",4
8531,peripheral,"外围的,次要的,（神经）末梢区域的,外部设备",4
8532,grammar,"语法,语法书,（学术的）基本原理,（人的）语言知识及运用能力",4
8533,eternity,"永恒,[宗]来世，永生，永劫,万年,不朽",4
8534,modernization,现代化，现代化的事物,4
8535,howl,"哀号，吼叫,嚎叫，咆哮,哀嚎,<俚>开心地狂笑,<俚>狂欢,嗥叫,嚎哭,<俚>及其可笑的事物",4
8536,respectful,"有礼貌的,恭敬的,殷勤的,穆",4
8537,indifferent,"漠不关心的,无关紧要的,中立的,中等的",4
8538,dude,"<美国、加拿大>纨绔子弟，花花公子,<俚>男人，家伙,<俚>打扮得讲究或花哨",4
8539,railway,"铁路,铁道,铁路系统,铁道部门,乘火车旅行,在…铺设铁路",4
8540,compression,"压缩，压紧，浓缩，紧缩,加压，压抑,（表现的）简练,应压试验",4
8541,impoverished,"穷困的，无力的，用尽了的,使（某人）贫穷( impoverish的过去式和过去分词 ),使（某物）贫瘠或恶化",4
8542,cricket,"蟋蟀,板球,矮木凳,打板球,公平的",4
8543,synagogue,"犹太教堂,犹太人集会",4
8544,ominous,"不祥的，坏兆头的,预兆的，预示的",4
8545,martyr,"烈士,殉道者,（因病等）长期受痛苦的人,牺牲,折磨,杀害",4
8546,rotten,"腐烂的,恶臭的,堕落的,极坏的,非常,极其",4
8548,structured,"有结构的,组织( structure的过去式和过去分词 ),安排,制定",4
8549,ethanol,乙醇,4
8550,humidity,"（空气中的）湿度,潮湿，高温潮湿,湿热,[物]湿度",4
8551,lightweight,"轻量的,不重要的,轻量级选手,不重要的人",4
8552,farmhouse,农舍，农场住宅,4
8553,relic,"遗物，遗迹,废墟,纪念物,[古生物]残遗体",4
8554,deceive,"欺诈,误导",4
8555,hype,"天花乱坠的广告宣传,大肆宣传,夸张地宣传（某人或某事物）",4
8556,acting,"代理的,起作用的,活动着的,产生影响的,表演,演技,装腔作势,做作,举止合宜：使举止与…相称,扮演：担任…的角色,假装,举动，举止,扮演，担当,矫揉造作，假装,行动，运作",4
8557,vodka,伏特加酒,4
8558,programmer,"[计] 程序设计者,程序设计器,节目编排者,订计划者",4
8559,eligibility,"适任，合格,被选举资格",4
8560,downturn,"（价格或活动）开始下降,衰退，低迷时期",4
8561,crane,"吊车，起重机,鹤,伸长，探头,迟疑，踌躇",4
8562,coating,"涂层，覆盖层,（食品上的）面衣，糖衣，涂料,外衣布料上衣料，细呢，花呢,给…穿上外衣,覆盖,“coat”的现在分词",4
8563,pod,"荚，豆荚,（飞机的）吊舱,（航天器或船只上可与船只主体分离的）分离舱,结豆荚,把（豆等）剥出荚,去荚",4
8564,democratization,民主化,4
8565,decree,"法令，命令,（法院的）判决，裁定,（教会的）教令,命令,颁布…为法令,（命运）注定,裁决,发布命令,注定",4
8566,vie,"竞争,使竞争,作较量,下赌注",4
8568,jeopardy,"危险,危险境地,被告在法庭上有被判罪的危险",4
8569,collaborator,"协作者，合作者,通敌者",4
8570,unfinished,"未做完的,未完成的,未润饰的,未整理的",4
8571,materialize,"具体化,实质化，实现,形体化,突然出现,使成真，实现,是物质化，使具体化",4
8573,anguish,"痛苦,苦恼,伤心,令人心酸,使极度痛苦,使苦恼,悲痛万分,感到极度的痛苦",4
8574,lesion,"损害,身体器官组织的损伤,感染性的皮肤",4
8576,abstraction,"抽象,出神,抽象概念,抽象化",4
8577,commanding,"指挥的,威严的,居高临下的,指挥，控制( command的现在分词),命令,掌握,俯瞰",4
8578,irregular,"不规则的，不对称的,无规律的,不合规范的，不合法的,不规则变化的,非正规军军人,不规则物,不合规格的产品",4
8579,churn,"搅拌,制造（奶油等）,买卖,产生剧烈搅动,搅乳桶",4
8580,bodily,"身体的，肉体的,有实体的,有躯体的,亲身地，亲自,以肉体形式,全部，全体",4
8581,variability,"变化性，易变，变化的倾向,变率",4
8582,promoter,"助长者,发起人,促进者",4
8583,footprint,"（尤指软地上的）脚印,（地板上的）脚印,<商>（建筑物或设备，尤指计算机）占用的空间,<术>（尤指来自卫星的）广播信号覆盖区",4
8584,indefinitely,"无限期地,不定期地,不明确地,遥遥无期地",4
8585,crow,"乌鸦,雄鸡的啼声,公鸡啼鸣，报晓,欢呼,（尤指在其他人不成功时）扬扬自得地夸口",4
8586,transitional,"变迁的，过渡期的,渐变的，转变的,转移的,过滤（的）,过渡型单核白细胞",4
8587,empowerment,"授权,许可",4
8589,oblivious,"忘却的,健忘的,不注意的,不知道的",4
8590,faded,"已褪色的，已凋谢的,（使）褪去( fade的过去式和过去分词 ),逐渐消逝,逐渐消失,（运动员、运动队、演员等）走下坡路",4
8591,thankful,"感谢的，感激的,欣慰的",4
8592,muster,"集合,集合的人群,检阅,花名册,召集,集结（尤指部队）,（自他人处）搜集某事物,聚集,激发,激起（支持、勇气等）",4
8595,prominence,"声望,突出,卓越,[天]日珥",4
8596,cannon,"大炮,机关炮,榴弹炮,加农炮,与…猛撞,开炮,炮轰",4
8597,narcotic,"麻醉药,镇定剂,麻醉的,催眠的,起麻痹作用的,吸毒成瘾的",4
8598,multitude,"大量，许多,大众，人群",4
8599,cloak,"披风，斗篷,外套,借口，掩饰,覆盖物,遮盖，掩盖,用外衣遮蔽",4
8600,vault,"拱顶，穹窿,地下室,撑物跳,墓穴,进行撑竿跳,做成圆拱形,成穹状,（以手撑物或撑竿）跳过,跳跃,成穹状弯曲",4
8601,knit,"编织，编结,接合（折骨等）,使皱起，使皱紧,使紧密相联,编织物,编织法",4
8602,temperament,"性格,（人或动物的）气质,易冲动,（性情）暴躁",4
8603,drummer,"鼓手,〈美口〉旅行推销员,跑街",4
8604,disruptive,"分裂性的,破坏的,扰乱的",4
8605,degrade,"降低，贬低,使降级,降低…身分,使丢脸,（使）退化，降解，分解,降解,撤职，免职,降低品格[身价，价值（等）]",4
8606,chilly,"寒冷的,怕冷的,冷淡的，疏远的,使心恐惧的",4
8607,convoy,"护航队,护送,被护送者,护航",4
8608,flank,"侧面,侧腹,侧边,侧翼,位于…之侧面,侧面有,守侧面,攻击侧面,侧面与…相接,在左右两边",4
8609,playful,"闹着玩的,爱玩的,戏谑的",4
8610,performing,"表演的，履行的,执行( perform的现在分词 ),履行,表演,扮演",4
8611,mildly,"和善地,轻微地,说得委婉些,说得好听一点",4
8612,lag,"走得极慢，落后,落后于,给…加上外套,把…关进牢里,逮捕,滞后，（两事件之间的）时间间隔,囚犯,防护套,桶板",4
8613,nylon,"[纺]尼龙,尼龙织品,〈口〉尼龙长袜",4
8614,vitality,"活力,生气,生命力,持久性",4
8615,low-cost,价格便宜的，廉价的,4
8616,abide,"容忍，忍受,等候,遵守,持续,经受住，顶住,居住，逗留",4
8617,thai,泰国人，泰国语,4
8618,diploma,"毕业文凭,学位证书,公文,奖状,发毕业文凭",4
8619,cumulative,"累积的,渐增的,追加的,（判刑等）加重的",4
8620,lash,"鞭挞，鞭子,责骂,讽刺,眼睫毛,急速甩动,猛击,抽打,严厉谴责,鞭打,摆动,激励，煽动,捆绑",4
8621,mixing,"混合，混频,混合( mix的现在分词 ),（使）结交,相容,平安相处",4
8622,unconstitutional,违反宪法的，不符合章程[法规]的,4
8623,archaeology,"考古学,古物,古迹",4
8625,enclose,"（用墙、篱笆等）把…围起来,把…装入信封,附入",4
8626,flare,"闪耀，闪光,燃烧,突然发怒,向外张开,使闪耀,使张开,用光发出信号,使外倾,闪光,爆发,反射,太阳耀斑",4
8627,high-level,在高空的，高阶层的，高级的,4
8628,darken,"（使）变暗,（使）模糊",4
8629,accumulation,"积累,堆积物,累积量",4
8630,insulation,"隔离，孤立,绝缘,绝缘或隔热的材料,隔声",4
8631,rove,"流浪,漂泊,徘徊,（指眼睛）环顾,穿（绳索），穿过( reeve的过去式和过去分词 )",4
8632,fluctuation,"波动，涨落，起伏，[物]脉动,动摇不定，踌躇,[生]彷徨变异",4
8633,imprison,"关押，监禁,束缚，禁锢,使…不自由",4
8634,momentarily,顷刻之间，<美>马上，立刻,4
8635,irritate,"刺激，使兴奋,使发怒,使感到不适,使疼痛，使发炎,引起恼怒,引起不愉快",4
8637,parasite,"寄生物，寄生虫,食客,寄生植物,天线反射器",4
8638,retaliation,报复，反击,4
8639,outskirts,"郊外,市郊，郊区,从外围经过,边缘",4
8640,unpopular,"不受欢迎的，不流行的,无人望的,不得人心的",4
8641,worsen,"（使）变得更坏，（使）恶化,恶化，更坏",4
8642,chosen,"挑选出来的，精选的,<宗>上帝所选的,挑选( choose的过去分词 ),选择,选定,喜欢",4
8643,devour,"狼吞虎咽地吃光,吞没，毁灭,全神贯注地看",4
8644,aged,"老年的，陈年的,（食品、酒等）陈年的,（动物）达到几岁龄的,老年人特有的,“age”的过去式和过去分词,使显老，使苍老",4
8646,tasty,"美味的，可口的,高雅的，有品味的,有趣的,可口的东西,引人入胜的东西",4
8647,simplify,"简化,使单纯,使简易",4
8648,haircut,"理发,发型,发式",4
8649,envy,"嫉妒，妒忌,羡慕,感到妒忌,显示出妒忌",4
8650,sensory,"感觉的，感受的，感官的,传递感觉的",4
8651,hefty,"重的,健壮的,异常大的,健壮的人",4
8652,noticeable,"显而易见的，明显的,引人注目的，令人瞩目的,显著的，重要的,可以察觉的",4
8653,crushed,"[医]压碎的，粉碎的,压碎，压坏( crush的过去式和过去分词 ),破坏,镇压,榨",4
8654,pry,"窥探，打探,撬开，撬动,费力地得到,窥探,撬杠,爱打探的人",4
8655,denomination,"宗派,教派,面额,<正>名称",4
8656,cock,"公鸡,成熟雄鸟,首领，领导,龙头,使某物竖起,使某物倾斜,使朝上,扳上扳机,翘起，竖起,大摇大摆",4
8658,dictionary,"词典，字典,[自]代码字典",4
8659,yep,<俚>是,4
8660,handkerchief,"手帕,方巾，围巾",4
8661,complementary,"互补的,补充的，补足的",4
8662,thicken,"（使）变厚,使更厚,使（话等）不清晰,使模糊,使（情节等）复杂,变得不清晰,变得模糊,变复杂",4
8663,consolidation,"巩固,联合,合并,变坚固",4
8664,radiate,"辐射,发射,使向周围扩展,射出,发散,发光,辐射状的,射出的",4
8665,whereby,"通过…,借以,与…一致",4
8668,bitterly,"苦涩地,痛苦地,不痛快地,残酷地",4
8669,boycott,"联合抵制,抵制（货物等）,拒绝参加,联合拒绝购买",4
8670,curiously,"好奇地,奇异地,奇怪地,说来古怪",4
8672,dresser,"化妆台,（剧组的）服装员,食具柜,外科手术助手",4
8673,humane,"仁爱的，慈善的,高尚的",4
8674,customary,"习惯的,通常的,照惯例的,习惯法,风俗志",4
8677,skim,"略读,撇去,使掠过,（为逃税而）隐瞒（部分收入）,脱脂的,撇去浮沫的,撇,撇去的东西,瞒报所得的收入",4
8679,alas,"（表示悲痛、遗憾）哎呀,唉,乌呼,呜呼哀哉",4
8680,digit,"数字,手指，足趾,一指宽",4
8681,mystical,"神秘的，奥秘的,同mystic,神奇",4
8682,metallic,"金属的,金属性的,金属制的,含金属的",4
8683,stigma,"耻辱，污名,烙印,（病的）特征,[植] 柱头",4
8684,deceased,"<法，正>已故的，已死的,死者,死，死亡(decease的过去式和过去分词)",4
8685,restrictive,"限制的,限定的,约束的,限制性词语",4
8686,pudding,"（一道）甜食，甜点心,布丁（通常用面粉经烘烤或蒸煮做成的美味甜食品）,肥胖而迟钝的人,[航]船尾碰垫",4
8687,intuition,"直觉,凭直觉感知的知识,直觉力",4
8689,grate,"磨碎，压碎,装格栅,发出刺耳的摩擦声,使人烦恼难受,炉格，炉箅,刺耳的声音",4
8690,referee,"裁判员,证明人,公断人,（专业性强的文章的）审阅人,担任裁判,审阅，鉴定（专业性强的文章）,为…当裁判,仲裁判定",4
8691,granddaughter,（外）孙女,4
8692,accustomed,"习惯的,通常的,独有的,适应的,使习惯于(accustom的过去式和过去分词)",4
8693,canon,"标准，准则,教规，宗规,（在大教堂任职的）教士,（某作家的）真作，真经",4
8694,sociologist,社会学家,4
8695,reckon,"测算，估计,认为,计算,评定，断定,估计,猜想,料想",4
8696,eccentric,"古怪的，异常的,偏离轨道的,离心的,古怪的人,[物]偏心轮",4
8697,overhear,"偶然听到,无意中听到,偷听,偷听到",4
8699,enthusiast,"热情者，热心者,热衷于…的人,狂热者,宗教狂",4
8701,volcanic,"火山的,猛烈的,暴烈的,火山岩",4
8702,gracious,"亲切的，和蔼的,（对王族及其行为的敬语）仁慈的，谦和的,雅致的,有礼貌的,（表示惊异）天哪，老天爷",4
8704,dissatisfaction,"不满，不平,令人不满的事物",4
8705,charismatic,"有魅力的,神赐能力的,神授",4
8707,damaged,"被损坏的,损害，毁坏，加害于( damage的过去式和过去分词 )",4
8708,entertainer,"表演者，演艺人员,款待者",4
8709,refrigerate,"冷藏,冷冻",4
8710,transparency,"透明,透明度,透明性,透明的东西",4
8712,continuum,"[数]连续统,[经]连续统一体,闭联集,[物]连续区",4
8714,zoning,"（城市规划中分成工厂区、住宅区等的）分区制,成区,分带",4
8715,nebula,"星云,星云状的星系",4
8716,quake,"发抖，颤抖,摇动，震动,震动，摇动,〈口〉地震,战栗",4
8717,guided,"引路( guide的过去式和过去分词 ),指导,操纵,影响",4
8719,diversify,"使多样化，多样化,进入新的商业领域",4
8720,athletics,"体育运动,田径运动,竞技,体育（课）",4
8721,overthrow,"打倒，推翻,使屈服，征服,使瓦解,撞倒,推翻，打倒,打翻,倾倒,[棒]投得过高的球",4
8722,muffin,"（涂牛油趁热吃的）英格兰松饼，（常含小块水果等）杯状小松糕,玛芬",4
8723,doctorate,"博士学位,博士头衔",4
8724,fort,"堡垒，要塞,<美>边界贸易站,设要塞保卫",4
8725,drawback,"缺点，劣势,退税",4
8726,dazzling,"[]  [],耀眼的，光彩夺目的,灿烂的,（使）眼花(dazzle的ing形式)",4
8727,freight,"货运，货物,运费,船运货物,货运列车,运输,装货于",4
8728,stink,"散发出恶臭,招人厌恶,糟透,恶臭，难闻的气味",4
8729,demeanor,<正>行为，举止，态度,4
8730,clout,"敲打，猛打,（尤指政治上的）影响,破布,（尤指用手）猛击，重打",4
8732,trade-off,"交易,权衡",4
8733,reckless,"鲁莽的，不顾危险的,粗心大意的,满不在乎的,胆大妄为",4
8734,insurgency,"起义,暴动,叛变",4
8735,ape,"猿,狂热,模仿者,模仿",4
8736,tempting,"吸引人的,诱人的,引诱或怂恿（某人）干不正当的事( tempt的现在分词)",4
8737,glossy,"有光泽的，光滑的,虚有其表的,似是而非的,用亮光纸印刷的杂志,印在光纸上的相片",4
8738,grumble,"抱怨,发牢骚,嘟囔,（雷等）隆隆响,喃喃地说出,牢骚,咕哝,（雷等的）隆隆声",4
8739,foreground,"前景,突出的地方， 最显著的位置",4
8741,influx,"流入，注入,汇集〔指人或物〕，充斥,注入口，河口",4
8743,announcer,"宣告者,播音员",4
8744,thickness,"层,浓度,厚（度）,最厚的部分",4
8745,vengeance,"报仇，复仇,报复",4
8746,salsa,"洋葱做的辣调味汁,萨尔萨舞曲,跳萨尔萨舞",4
8747,bacterial,"细菌的,细菌性",4
8748,ghetto,"少数民族的集中住宅区,犹太人区,限制区，分离区,贫民区",4
8749,sprint,"冲刺，全速短跑,全速短跑,速度或活动的突然爆发",4
8750,mar,"毁坏，损坏,弄糟,糟蹋,玷污,污点,瑕疵,障碍,损伤，毁损",4
8751,toxin,"毒素,毒质",4
8752,drastically,"大大地，彻底地,激烈地",4
8753,heavyweight,"[体]重量级拳击[摔跤]运动员,体重超过平均水平的人,要人，重要的人物,重量级的,特别厚重的",4
8754,terrifying,"可怕的,极大的,使恐怖，使惊吓,恐吓(terrify的现在分词)",4
8755,rooftop,屋顶,4
8756,lighten,"使（某物）更明亮,点亮,减轻",4
8757,absorption,"吸收,专注,合并",4
8758,housewife,"家庭主妇,家庭妇女",4
8759,apprentice,"学徒，徒弟,新手,使…做学徒",4
8760,moth,飞蛾，蛾子,4
8761,outward,"向外的,外面的,公开的,[宗]肉体上的,向外（等于outwards）,在外,外表,外面,物质世界",4
8762,sizable,"相当大的，颇大的,可观",4
8763,allude,"暗指,间接提到",4
8764,hemisphere,"半球,地球的半球,[解]大脑半球",4
8765,handicap,"障碍,缺陷,不利条件,给弱者增加的杆数（按击球次数计数，并随参赛者的进步而减少）,妨碍，使不利,使（某人）行动和生活不正常",4
8766,decision-making,"决策,决策的,做出决策",4
8767,normative,标准的，规范的,4
8768,phony,"<口>假的，欺骗的,<口>赝品，骗人的东西,骗子",4
8771,catfish,鲶鱼，鲇（多为淡水鱼）,4
8772,cavalry,"骑兵（队）,骑兵部队，装甲部队,骑者",4
8773,cleric,"牧师,神职人员,牧师的,教士的",4
8774,affective,情感的，表达感情的,4
8775,fig,"无花果,无花果树",4
8776,epic,"叙事诗,史诗,史诗般的作品,史诗般的，叙事诗的,宏大的，壮丽的，英雄的,壮丽的",4
8777,hand-held,"手提式的，便携式的,掌上型的,手提式的报话机,手提的",4
8778,rogue,"流氓，无赖,调皮捣蛋的人人,离群的野兽,欺骗,[农]去劣,[农]淘汰劣种,流浪",4
8779,piss,"尿,小便,撒尿,倾盆而下,撒尿弄脏",4
8780,entrepreneurial,"创业的，具有企业精神的,企业性质的",4
8781,seduce,"勾引，引诱,诱奸（妇女）,诱使…堕落,迷惑，使入迷",4
8782,starving,"饥饿，引申为供应不足,挨饿的,（使）挨饿，饥饿( starve的现在分词 ),缺乏，急需",4
8783,amaze,"使大为吃惊，使惊奇,吃惊，好奇",4
8784,wig,"假发，法官帽,〈美俚〉知识分子,斥责，痛骂,给…装假发",4
8785,supernatural,"超自然的,神的，与神有关的,神奇的，运用神力的,超自然的事物，超自然现象,[美剧]邪恶力量",4
8786,seating,"座位,座位数,椅料，椅垫,骑姿，骑法,为…领座,为…提供座位",4
8787,amenities,"[]  [],令人愉快的事物,礼仪,礼节,便利设施,礼仪( amenity的名词复数 ),（环境等的）舒适,（性情等的）愉快",4
8788,renovate,"翻新，修复，整修,革新，更新,恢复（精神）,恢复的，革新的，翻新的",4
8789,coax,"哄,用好话劝诱,哄骗,轻轻地弄好,哄劝，劝诱,同轴电缆,花言巧语,油嘴滑舌的人",4
8790,meteor,"流星,大气现象,气象学(=meteorology)",4
8791,eh,（用以表示惊讶、疑问、征求同意或要求重说一遍）嗯，啊,4
8792,zoom,"嗡嗡作响,急速上升,嗡嗡声,隆隆声,（车辆等）疾驰的声音,变焦,使急速上升,使猛增",4
8794,rein,"驾驭（法）,统治手段,控制（权）,缰绳,勒缰绳使（马）停步,驾驭,严格控制,勒住马",4
8795,attest,"宣称…为真实的,证明，证实,作证,使宣誓，使发誓,证实,证明",4
8796,climber,"登山者，攀登者,[植]攀缘植物，[动]攀禽类,〈比喻〉野心家",4
8797,electorate,"选民（全体）,选举区,[史]选帝侯的爵位[领土]",4
8798,mutation,"变化,转变,突变,变异",4
8801,commercially,商业上，通商上,4
8802,minus,"（表示否定）没有,缺少,（表示运算）减去,（表示数目）在零度以下,减号,负号,不利,不足,负的,不利的,略低于某标准的",4
8803,eyewitness,"目击者,目击证人",4
8806,grievance,"不满,苦衷,委屈,牢骚",4
8807,pneumonia,"[医]肺炎,急性肺炎",4
8808,brutality,"残忍,野蛮,暴虐行为",4
8809,duct,"管，导管,（电线，电缆等的）管道,用导管输送,用管道供应",4
8810,three-quarters,"四分之三的，大半身的,[摄]大半身的，脸的四分之三的,[橄]中后卫,四分之三",4
8811,thriller,"恐怖小说,使人毛骨悚然的东西,令人感到兴奋的事,（电影）惊悚片",4
8812,pulp,"纸浆，黏浆状物质,果肉,牙髓,[冶]矿浆,使…化成纸浆,除去…的果肉,取出（咖啡豆的）果肉,变成纸浆,成为浆状,<美俚>（杂志）低级趣味的",4
8813,stuffed,"充满的,饱的,塞住( stuff的过去式和过去分词 ),把…装进,把…装满,（使）吃撑",4
8814,grown-up,"成年的，成人的,成熟的,适合于成人的,成年人",4
8815,woo,"求爱，求婚,争取…的支持,求爱,恳求",4
8816,nostril,"鼻孔,鼻孔内壁",4
8817,helm,"舵，舵柄,掌舵，掌管,（国家，企业等的）机要部门，领,头盔,指挥,给…掌舵,给…戴上头盔",4
8818,monarch,"君主，帝王,最高统治者,[动]黑脉金斑蝶",4
8819,seep,"（液体）渗,渗透,渗出,漏出,水陆两用吉普车,小水坑",4
8820,eyelid,"眼睑,眼皮",4
8821,cradle,"摇篮,发源地，发祥地,吊架，支架,婴儿时期,将…置于摇篮中,轻轻地抱或捧,抚养,把…搁在支架上",4
8822,paranoid,"属于偏执狂的,患妄想狂的,过分猜疑的,偏执狂患者,妄想症患者",4
8824,lending,"出借,出租,贷款,出借物,把…借给( lend的现在分词 ),贷（款）,增加,增添",4
8825,uniquely,独特地，唯一地，珍奇地,4
8826,curry,"咖喱食品,梳刷（马匹）,在…中加咖喱,用马栉梳（马毛等）",4
8828,pathogen,病菌，病原体,4
8829,eruption,喷发，爆发,4
8830,stomp,"跺脚，重踩,顿足爵士舞,践踏",4
8831,crook,"骗子,弯曲,钩,诡计,使成钩状,使弯曲,不正当的,骗人的",4
8832,ranger,"护林者,<美>突击队，（防守广大地域的）游击兵,骑兵巡逻队,游荡的人",4
8833,scalp,"头皮,胜利品,圆秃秃的山顶,做股票小投机所得的微小利润,剥去…的头皮,倒卖（黄牛票）,以（某物）囤积居奇牟取暴利,夺取（对方的势力）,卖（黄牛票）",4
8834,cherish,"珍爱,怀有,爱护,抚育",4
8835,relish,"品尝，品味,给…加佐料，调味,欣赏,有滋味,有…的味道,味道，滋味,调味品,引起兴趣的东西",4
8836,thou,你（古时候的叫法）,4
8837,spacious,"宽敞的,广阔的,（知识）广博的",4
8838,crank,"[机]曲柄,妙语，奇想,〈美俚〉想法古怪的人,〈口〉脾气乖戾的人,转动曲柄移动,使弯曲,给…装上用于转动的曲柄,转动曲柄开动（引擎）,奇异的，古怪的,易怒的",4
8839,censorship,"审查制度,审查机构,审察员的职权,[心]潜意识中的抑制力",4
8840,unravel,"解开,阐明,拆散,被解开,被拆散",4
8841,smuggle,"偷运,私运,走私,不按规章地偷带（人或物）,偷带",4
8843,annoyed,"恼怒的，气恼的,使烦恼，使恼怒，干扰，打扰(annoy的过去式和过去分词)",4
8844,mint,"薄荷,铸币厂,大量，尤指钱,来源,铸造，铸币,发明或创造,崭新的，完美的,未损坏的",4
8845,soothing,"慰藉的,使人宽心的,镇静的,安慰( soothe的现在分词 ),抚慰,使舒服,减轻痛苦",4
8846,commonplace,"平凡的，陈腐的,平庸的，普通的,寻常的事物,平常话，口头禅,老生常谈,备忘录",4
8847,mislead,"把…带错路,把…引入歧途",4
8850,persuasive,"有说服力的,劝诱的,动听",4
8852,classified,"保密的，（信息）归入密级的,分类的，归类的,分类( classify的过去式和过去分词)",4
8853,incidentally,"顺便,偶然地，不经意地,附带,捎带",4
8854,phd,哲学博士学位(Doctor of Philosophy),4
8856,deregulation,"违反规定，反常,解除管制规定",4
8857,generalization,"一般化,普通化,归纳,概论",4
8858,contraction,"收缩，缩减,[语]缩略，略体，缩写,（开支等）缩减,（分娩时）子宫收缩",4
8859,avid,"渴望的,贪婪的,热心的",4
8860,mythology,"神话学,神话（总称）,虚构的事实,错误的观点",4
8861,emanate,"发出，散发,放射,起源",4
8863,farmland,农田，耕地,4
8864,municipality,"自治市,市政当局",4
8865,boredom,"讨厌，令人讨厌的事物,无聊，无趣,厌倦",4
8866,unrealistic,"不切实际的,不现实的,空想的,不实在的",4
8868,inaccurate,"有错误的,不精密的,不正确的,不准确",4
8869,commemorate,"纪念， 庆祝,成为…的纪念",4
8870,groom,"使整洁,使（动物）清洁,准备,新郎,马夫,王室侍从官,〈古〉男仆,打扮",4
8872,filthy,"肮脏的，污秽的,猥亵的，淫秽的,下流的",4
8873,defer,"使推迟,使延期,拖延，推迟,[军]使延期入伍,服从,延期,推迟",4
8874,exceptionally,例外地，异常地，特殊地,4
8875,rampant,"蔓延的,猖獗的,（指动物）只用后腿站立的,（植物）疯长的",4
8876,chile,[]  [],4
8877,outweigh,"在重量上超过,比…重要,胜过，强过,比…有价值",4
8878,nanny,"（儿童的）保姆,<口>奶奶,姥姥,母山羊",4
8879,stylish,"时髦的，流行的，入时的,现代风格的,漂亮的",4
8880,abrupt,"突然的，意外的,无理的，唐突的,不连贯的,陡峭的",4
8881,demographics,"人口特征,人口统计学的( demographic的名词复数 )",4
8883,simultaneous,"同时发生的，同时存在的,同时的,联立的,同时译员",4
8884,tabloid,"小报，通俗小报,药片,文摘,小型画报,摘要的，缩编的,小报式的,轰动性的,扼要的",4
8886,nonexistent,不存在的,4
8887,fulfillment,"完成,实现,满足（感）,实施过程",4
8888,antiquity,"古老，古代,古迹，古物,古人,古代的风俗习惯",4
8889,attacker,"攻击者,进攻者,抨击者,（球类比赛的）攻击手",4
8890,nestle,"安居，舒适地居住,偎依，贴靠,半隐半现地处于,[古语] 筑巢,满意地依偎或紧贴,抱，放,安置",4
8892,veer,"（尤指交通工具）改变方向或路线,（指谈话内容、人的行为或观点）突然改变,（指风）（在北半球按顺时针方向、在南半球按逆时针方向）逐渐转向,风向顺时针转,使改变方向,（从…）突然改变方向,使顺风,（谈话、行为或思想）离开主题（或常轨等）,（方向、位置的）改变",4
8893,downside,"下降趋势,负面，消极面,下降趋势的",4
8896,automotive,"自动的,汽车的",4
8897,amazingly,令人惊奇地,4
8898,shred,"碎片,破布,少量,撕碎，切碎,用撕毁机撕毁（文件）",4
8899,gunfire,"炮火,枪炮声，炮火声,[军]号炮",4
8900,refreshing,"使人精神焕发的,提神的,使人耳目一新的,使恢复，使振作(refresh的现在分词)",4
8901,nuisance,"讨厌的东西（人，行为）麻烦事,非法妨害，损害,麻烦事",4
8902,ailment,"疾病（尤指微恙）,不安",4
8903,tier,"等级,阶梯座位等的一排，一行，一层,包扎工,层层排列，使层叠,成递升排列，层叠",4
8904,heater,"加热器，炉子,加热的人,<美俚>手枪,<美俚>雪茄烟",4
8906,reunite,"再次联合,使重聚,使再结合,重聚,再结合,再联合",4
8907,fugitive,"逃命者,难捕捉之物,逃亡的,难以捉摸的,短暂的",4
8908,recorded,"记录，录音，拍摄( record的过去式和过去分词 ),标明,发表正式（或法律方面的）声明,演奏音乐供录制",4
8909,intrusion,"闯入,打扰,（对某事的）干扰,干涉",4
8910,versatile,"（指工具、机器等）多用途的,多才多艺的,有多种学问、技能或职业的,多功能的",4
8911,caucus,"干部会议,核心小组,决策委员会,秘密会议,（参加）干部开会议,召开（参加）核心会议",4
8912,whore,"妓女，男妓,性关系不道德的女子,卖淫，娼妓",4
8913,dizzy,"头昏眼花的,使人眩晕的，引起头晕的,昏乱的,愚蠢的,使头晕眼花,使发昏,使昏乱,使茫然",4
8914,lutheran,路德会教友，信义会教友,4
8915,unchanged,未改变的，无变化的，依然如故的,4
8916,rumble,"隆隆作响,（车辆）辘辘行驶,低沉地说,在滚筒里磨光或混合（金属零件）,看穿（阴谋）,隆隆声，辘辘声,抱怨声,吵闹声，喧哗声,（旧式汽车车厢后的）折叠加座",4
8917,hired,"聘用( hire的过去式和过去分词 ),录用,雇用,租用",4
8918,visualize,"形成思维图像,设想,使可见",4
8919,battalion,"（陆军的）一营（大约有一千兵士）,大军，部队,（组织在一起工作的）队伍,大批，许多，大量",4
8920,president-elect,"[]  [],已当选而尚未就职的总统，总统当选人",4
8921,semiconductor,<物>半导体,4
8922,symphony,"交响乐，交响曲,序曲，插曲,〈古〉和谐，和谐的东西",4
8923,putt,"（高尔夫球）轻击,把（球）轻轻打进洞里,轻轻一击",4
8924,catholicism,"天主教,天主教义",4
8926,growl,"（雷）作隆隆声,嘟哝,愤愤不平地抱怨,低声咆哮着说,粗鲁地说出,低吼，狺狺声,咆哮，粗声大气",4
8927,juicy,"多汁的,有趣的,刺激性强的,报酬多的",4
8928,purity,"[化学]纯度,纯洁，纯净,清洁，清白，清廉,（语言）纯正",4
8929,gel,"凝胶，冻胶,定型发胶,形成胶体,胶化",4
8931,sag,"下垂,消沉,下跌,[航]漂向下风向,使…下垂,下垂的动作或事例,下垂度,下沉地带",4
8933,intentional,"有意的，故意的,策划的",4
8934,contestant,"竞争者，竞赛者,争论者,（对选举结果）有异议者",4
8935,vomit,"呕吐,大量喷出,呕吐，呕吐物,催吐剂",4
8938,brokerage,"经纪业,佣金,手续费,经纪费",4
8939,frantically,疯狂地，狂热地,4
8940,reiterate,"重申,反复地做",4
8941,exterior,"外部，外面，表面，外形，外观,外貌,[影视]外景，[戏，影视]户外布景,外面的，外部的，外表上的，表面的",4
8942,rhythmic,"有韵律的，有节奏的,格调优美的,周期性的,合拍的",4
8943,makeshift,"权宜之计,临时替代品,临时的,权宜之计的,凑合的",4
8944,endlessly,"无穷地，继续地，永久地,不已,不休",4
8946,delightful,"令人非常高兴的，讨人喜欢的,令人愉快的,宜人",4
8947,skeptic,"怀疑者,怀疑论者,无神论者,怀疑性的",4
8948,buffer,"缓冲器,起缓冲作用的人（或物）,[化]缓冲液，缓冲剂,[计]缓冲区,缓冲,[化]把缓冲液加入（溶液）",4
8949,conditioner,调节器，调节装置,4
8950,anticipated,"预先考虑到,先于…前行动,提前支用（薪金等）,预先的,预期的",4
8951,handgun,手枪,4
8952,covert,"隐蔽的，不公开的，秘密的,偷偷摸摸的,在丈夫保护下的,遮蔽处，树丛",4
8953,wrongdoing,"坏事，不道德的行为,犯罪",4
8954,aerobic,"需氧的，有氧的,有氧健身的，增氧健身法",4
8956,goodwill,"友好，亲善,好感，青睐,（企业的）信誉，声誉,商誉",4
8957,candidacy,"候选人资格,候选人的地位",4
8958,perpetual,"永久的,不断的,无期限的,四季开花的",4
8959,baseman,一（二、三）垒手，守垒员,4
8961,improvise,"即兴创作,临时提供，临时凑成",4
8962,facet,"小平面,侧面，方面,（昆虫的）小眼面,[建]柱槽筋,在…上琢面",4
8963,collegiate,"学院的，大学的,高校学生的,大学程度的,集体组织的",4
8964,beckon,（用头或手的动作）示意，召唤,4
8965,assortment,"分类,搭配,花色品种,混合物",4
8966,navajo,纳瓦霍人（美国最大的印第安部落）,4
8967,subside,"减弱，平息,（洪水）退去，（热度）消退,沉下去,坐下",4
8968,illicit,"法律不许可的，非法的,不正当的",4
8969,buddhist,"佛教的,佛法的,佛教徒的",4
8970,slipper,"拖鞋，（室内）便鞋,（马车的）煞车，[机]滑动部分，滑屐,（小孩的）围兜，放猎狗的猎人,（用拖鞋）打（孩子等）,穿着拖鞋走",4
8971,three-dimensional,"三维的,立体的,空间的,三度",4
8972,challenger,"挑战者,夺标者",4
8973,disarm,"裁军,解除武装,放下武器,使缴械,使息怒,缓和",4
8974,quiz,"提问，询问,小型考试,简单的小测验,恶作剧,盘问,挖苦,进行测试,张望",4
8975,impede,"阻碍,妨碍,阻止",4
8976,freelance,"自由作家,自由记者,特约的,自由职业的,当自由职业者",4
8977,aerospace,"航空与航天空间,宇宙空间（指地球大气层及其外面的空间）,航空航天学,航空航天工业,宇宙空间的，宇宙航行的",4
8978,mole,"鼹鼠,防波堤,痣,间谍",4
8979,preoccupation,"全神贯注，入神,当务之急,使人全神贯注的事物,偏见，成见",4
8980,antibody,<医>抗体,4
8981,internally,"内地,内心地,国内地,本质地",4
8982,geological,地质（学）的,4
8983,clench,"紧握，抓紧,钉牢,[航海] 系紧：用绳结捆绑,抓紧，咬紧,抓紧用具",4
8984,barren,"贫瘠的,不结果实的,不孕的,无价值的,荒原，不毛之地",4
8985,suicidal,"（想）自杀的，自杀性的,自我毁灭的，自取灭亡的,于己不利",4
8986,needy,"贫穷的,贫困的",4
8987,hinge,"铰链，折叶,关键，转折点,枢要，中枢,用铰链连接,依…为转移,给…安装铰链,（门等）装有蝶铰,依…而转移",4
8989,petal,花瓣,4
8990,hierarchical,"按等级划分的，等级（制度）的,分层的",4
8991,graffiti,在墙上的乱涂乱写(graffito的复数形式),4
8992,billing,"（节目单或戏院大门上的）演员表,（演员表上的）演员次序,开具账单,营业额",4
8994,outspoken,"直言的,坦率的,毫无保留的,心急口快",4
8995,restricted,"有受限制的,（土地）对公众不完全开放的,保密的,限制( restrict的过去式)",4
8996,bob,"使上下（或来回）快速摆动,剪短（头发）,截短（尾巴）,轻拍，轻叩,行屈膝礼,上下（或来回）快速摆动,用浮子钓鱼,咬住悬挂或漂浮的目标物,鲍勃,〈美口，英口〉同“shilling”,（女人，小孩的）短发，束发,轻拍",4
8997,timetable,"交通工具的运行时间表，时刻表,计划,课程表,进度,为…安排时间",4
8998,hypothesize,假设，假定，猜测,4
8999,wince,"赶紧避开,畏缩，退避,（由于疼痛，吃惊等）畏缩，退缩,[印]（洗染布时用的）绞车，六角绞盘",4
9000,hard-working,勤勉的，努力工作的,4
9001,cliche,陈词滥调,4
9002,forefront,"最前部,活动中心,前列,第一线",4
9003,chuck,"（牛）颈部到肩部的肉,咕咕（呼鸡声），砸砸（呼马声）,抛出,亲爱的,[机械工程]用卡盘夹紧,（口语）抛出，扔出,咕咕（咯咯、嘟嘟）地叫,（美国）辞职",4
9004,presbyterian,"长老派成员（长老会为苏格兰国教及美国最大教会之一）,长老制主义者,长老会的,长老制的",4
9006,spokesperson,发言人，代言人，辩护士,4
9007,differential,"差别的,特意的,[数]微分的,[机，物]差动的,[数]微分,差别,工资级差,[机]差动器",4
9008,observatory,"天文台,气象台,瞭望台",4
9009,mundane,"平凡的,宇宙的,寻常的,世俗的",4
9010,wreckage,"（坠毁物）残片，碎片，残骸,折断,失事",4
9011,liberalization,"自由主义化，使宽大,自由化",4
9012,raspberry,"悬钩子（树），覆盆子,木莓（树）,呸声，嘘声,[色彩] 紫红色",4
9013,prudent,"小心的，慎重的,精明的，节俭的,顾虑周到的，稳健的,世故的，精明的",4
9014,celestial,"天的，天空的,天人，神仙,（指封建时代的）中国人，天朝之人",4
9016,lest,"唯恐,以免,惟恐,生怕",4
9017,unanimous,"全体一致的,一致同意的，无异议的",4
9018,flute,"长笛，长笛吹奏者,细长香槟杯,（柱上的）凹槽,（女服的）管状裙褶,吹长笛，发笛声,用长笛吹，用长笛般的声音歌唱,在…上刻凹槽",4
9019,inner-city,"[]  [],（居民拥挤，住屋破旧的）市中心平民区,市中心的",4
9020,tavern,"小旅馆，客栈,酒馆",4
9022,continuation,"继续，连续，持续,延续，续篇，（线路等的）延长，延长部分,连接短裤的帮腿,（报刊等的）续刊、增刊",4
9023,barracks,"兵营，营房，简陋或难看的房屋,营房( barrack的名词复数 ),兵营,（临时性的）棚屋,外观简陋划一的房屋,向…提供营房（或棚屋）( barrack的第三人称单数 ),使住入营房（或棚屋）,大叫,喝倒彩起哄",4
9024,assassin,暗杀者，刺客,4
9025,nipple,"乳头,<美>（奶品的）橡皮奶头,（枪炮的）火门,[机]喷灯喷嘴，螺纹接套",4
9027,cedar,"雪松,西洋杉,香椿,香柏",4
9028,smear,"涂沫，敷,弄脏,污蔑，诋毁,〈俚〉彻底击败，摧毁,污迹，污点,黏稠物,（显微镜的）涂片,诽谤，诋毁,被弄脏，变脏",4
9029,dangerously,危险地，可能引起危险地,4
9030,all-purpose,"通用的，多用途的,万能",4
9031,intellect,"智力，理解力,有才智的人,知识分子",4
9032,popcorn,"爆米花,保护物品的小片：大量用于包装及运输中保护物品的一种小片，如聚苯乙烯,淡黄色",4
9034,beginner,"新手，初学者,创立人，鼻祖,初学者的好运气（或意外成功）",4
9035,flex,"弯曲（关节）,收缩（肌肉）,显示力量,弯曲,[电]花线",4
9037,etch,"蚀刻，浸蚀,刻划，描述,铭刻在心里/记忆里/脑海里,铭记,腐蚀剂",4
9038,nightly,每夜（的），夜夜（的）,4
9040,persecution,"迫害或受迫害，烦扰,苛求，困扰",4
9041,first-time,"[]  [],初次的",4
9042,worthless,"无价值的，不值钱的,卑微的,不足取的，不足道的,不足轻重",4
9043,preoccupied,"全神贯注的，入神的,被抢先占有的,心事重重的,占据（某人）思想，使对…全神贯注，使专心于( preoccupy的过去式)",4
9044,inspired,"有创造力的,品质优秀的,有雄心壮志的,（与名词、形容词以及副词构成形容词）受…影响的,鼓舞( inspire的过去式和过去分词 ),激励,赋予某人灵感,启迪",4
9045,rake,"耙子,放荡的男人，舞台等的倾斜度，,搜索,以耙子耙平（泥土等）,用耙子把…耙在一起,（翻阅旧记录、文件等以）搜寻事实等",4
9046,outright,"完全地,彻底地,坦率地，不客气地,即刻，马上,完全的，彻底的,直率的,明白的,总共的",4
9047,quotation,"引用，引证,[商业]行情，行市,行市表，估价单,引用语",4
9048,assassinate,"暗杀，行刺,中伤,诋毁",4
9049,chestnut,"栗子,栗色,栗树,栗色马,栗色的",4
9050,cilantro,芫荽叶,4
9051,plumbing,"水管装置,水暖工的工作,管道工程,用铅锤测量（plumb的现在分词）,探究",4
9053,perennial,"终年的，长久的,多年生的,不断生长的,四季不断的,多年生植物,长期存在的",4
9054,tremendously,"极大地,极端地,极其,非常",4
9055,longevity,"长寿,寿命,长期供职",4
9056,overlap,"重叠部分,覆盖物，涂盖层,[数]交叠，相交,重叠,与…部分相同,互搭，重叠,部分相同,[数]有与…共同的某物",4
9057,muse,"默想,沉思,冥想,谨慎地考虑,谨慎地说",4
9058,inflate,"使充气（于轮胎、气球等）,（使）膨胀,（使）通货膨胀,物价上涨",4
9059,stunned,"[]  [],击晕( stun的过去式和过去分词 ),使大吃一惊,给（某人）以深刻印象,使深深感动",4
9060,infuse,"灌输，加入（一种特性）,使充满,浸渍,鼓舞，激发,沏（茶），泡（草药）",4
9061,trickle,"滴,细细地流,使淌下,慢慢地移动,涓流,细流,稀稀疏疏缓慢来往的东西",4
9062,variant,"（词等的）变体，（字音的）转讹,[生]变种，变异体,变形，变量，转化,[统]变式,不同的，相异的，不一致的,多样的,变异的,易变的，不定的",4
9063,kinship,"亲属关系,（因起源或态度相似而产生的）亲切感",4
9064,anomaly,"异常，反常,不规则,畸形人（物）,异常现象",4
9065,intellectually,"[]  [],知性上，智力上",4
9066,mogul,"有权势的人，大人物,〈美〉富豪，贵族,小〉富豪，贵族坡，雪坡,蒙兀儿人",4
9067,windy,"有风的,腹胀的,吹牛的,空谈的",4
9068,handler,"处理者，管理者,（动物）驯化者,[自]（信息）处理机,拳击教练",4
9070,obsolete,"废弃的,老式的，已过时的,[生]已废退的,废词,被废弃的事物,淘汰,废弃",4
9071,greatness,"伟大,崇高,著名,大",4
9072,culprit,"犯人，罪犯,肇事者，被告人",4
9073,in-depth,深入的，彻底的,4
9074,differing,"[]  [],不同，有异( differ的现在分词 ),持异议",4
9075,zip,"拉链,精力，活力,尖啸声,一种程序压缩格式,给予…速度,用拉链拉上或扣上,尖啸而过,（使沿某方向）快速移动",4
9076,bankrupt,"破产的，倒闭的,完全缺乏的,（名誉）扫地的，（智力等）完全丧失的,垮了的，枯竭的,破产者,无力偿还债务者,丧失（名誉，智力等）的人,使破产，使枯竭，使极端贫困",4
9077,insignificant,"不重要的,微小的,毫无意义的,不足道",4
9078,high-risk,高危险度的，充满危险的,4
9079,jointly,"共同地，联合地，连带地,旅",4
9080,causal,具有因果关系的，构成原因的,4
9081,recycled,"[]  [],回收利用( recycle的过去式和过去分词 ),再利用,再次应用,重新使用（概念、方法、玩笑等）",4
9082,overtake,"追上，赶上,压倒,（不愉快的事）突然降临",4
9084,coping,"顶部，顶盖，墙的顶部,成功地应付，对付( cope的现在分词 )",4
9085,wonderfully,"精彩地,极好地,惊人地,奇妙地",4
9086,cache,"藏物处,隐藏处,藏匿的珍宝,<电脑>快速缓冲贮存区,贮藏,躲藏",4
9087,watcher,观看的人，观察的人,4
9088,cross-country,"越野的,横越全国的,越野赛跑",4
9089,arbitration,仲裁，公断,4
9090,introductory,"引导的，介绍的，导言的,开端的,序",4
9091,bunk,"（车、船等的）铺位,睡觉处，卧处,牲口食槽,空话，废话,睡在铺上,合铺，合住,为…提供铺位",4
9092,sweaty,"浑身出汗的,汗臭的,吃力的,汗似的",4
9093,bedside,"床边，床侧,床旁的,关于病人的，临床的",4
9094,excavation,"挖掘,开凿,开凿的洞穴（或山路等）,（发掘出来的）古迹",4
9096,greedy,"贪吃的,贪心的,贪婪的,渴望的",4
9097,salvage,"海上营救,抢救出的财产,救援费,经加工后重新利用的废物,（从火灾、海难等中）抢救（某物）,回收利用（某物）",4
9098,sequel,"继续,续集，续篇,结局，后果,余波",4
9100,disparate,"完全不同的,从根本上种类有区分或不同的",4
9103,wail,"哭叫，哀号,痛哭，哭声",4
9104,surrogate,"代理，代表,代用品，代替，代孕者，[心]代用人物,〈美〉遗嘱检验法庭[法官],代理的,代理，替代",4
9105,disadvantaged,"贫穷的，处于不利地位的,社会地位低下的,不利条件,使处于不利地位(disadvantage的过去式和过去分词)",4
9107,punitive,"处罚的，惩罚性的,令人受苦的",4
9108,storytelling,"讲故事,书,写小说",4
9109,blender,掺和器，搅拌机,4
9110,helper,"助手，帮手,起救助作用的东西",4
9111,yearly,"每年的，一年一度的,一年间的,每年，一年一度,在那一年间,年利,年鉴",4
9112,misconduct,"行为不正，不规矩,处理不当,（尤指官吏等的）胡作非为，渎职,处理…失当,不规矩",4
9113,shepherd,"牧羊人，羊倌,牧师,指导者,带领，引导,牧（羊），放牧,照看",4
9114,scissors,"剪刀,两腿前后错跃,剪开( scissor的第三人称单数),作剪式移动（尤指腿）",4
9116,anecdote,"趣闻，轶事,[复数]秘史",4
9117,sophistication,"老练，精明,强词夺理，诡辩,伪品，掺杂品,有教养",4
9118,token,"代币,象征,记号,作为对某事的保证的,象征性的,作为标志的,预兆：预示或象征，预兆",4
9119,admittedly,公认地,4
9120,co-op,"<俚>消费合作社,合作公寓,屋主没有产权,合作公寓是美国城市中低收入居民最主要的居住方式",4
9121,negotiating,"谈判,谈判，协商，议定( negotiate的现在分词 ),兑现（支票等）,通过，越过（险要路段）",4
9123,soybean,大豆，黄豆,4
9124,dismissal,"解雇，免职,撤退,解雇通知,[法]驳回，拒绝受理",4
9125,autograph,"亲笔签名,亲笔稿,手稿,真迹石版复制品,在…上亲笔签名,亲笔书写,亲笔签字,用石版术复制,亲笔的,自署的",4
9126,plywood,胶合板，合板，夹板,4
9127,apparel,"（商店出售的）衣服,外观，外表,覆盖物,给…穿衣服（尤指华丽或特殊的服装）",4
9129,contentious,"引起争论的，有争论的,爱争论的,爱议论的,矫情",4
9130,accomplished,"才华高的,技艺高超的,熟练的",4
9131,frail,"脆弱的，虚弱的,意志薄弱的，不坚定的,易损的，易碎的,<美俚>少女，少妇,灯心草篓",4
9132,trumpet,"喇叭,小号,[乐]音栓,喇叭似的声音,大声说出或宣告,吹喇叭，吹小号,发出回声",4
9133,entree,"<法>入场权,<美>主菜",4
9136,orchestrate,"把（乐曲）编成管弦乐,和谐地安排,精心策划",4
9137,rash,"鲁莽的，轻率的,性急的,不顾后果的,（皮）疹,爆发,同时大量出现的事件",4
9138,disgusting,"令人作呕的,令人厌恶的,不堪入目",4
9140,universally,"普遍地,一般地,人人,处处",4
9142,participating,参加，参与( participate的现在分词 ),4
9143,jack,"千斤顶,[信]插孔，插座,男人,纸牌中的J,提高，增加,用千斤顶顶起,抬起,抬起，使想起,<美>用篝灯打猎（或捕鱼）",4
9145,hone,"用磨刀石磨,磨孔放大,磨刀石",4
9146,gunshot,"枪炮射击，枪炮声,枪炮的射程",4
9147,congestion,"拥挤，堵车,阻塞,充血,（人口）过剩，稠密",4
9148,verb,"动词,动词结构",4
9149,continental,"大陆的，大陆性的，欧洲大陆的,〈美〉（独立战争时）美洲殖民地的,欧洲大陆人,〈美〉（独立战争中的）美国兵[纸币],〈美俚〉（起源于英国的）欧洲大陆发式",4
9150,sever,"分离或分开,切制,分离：断决（例如，关系）,切开：切开或打开,分开：相互分开或分离",4
9151,indispensable,"不可缺少的,绝对必要的,责无旁贷的,不可避开的,不可缺少的人或物",4
9153,cocoa,"可可，可可粉,可可饮料,深褐色",4
9154,ancestral,"祖先的,与祖先有关的,祖宗传下的",4
9155,intently,"专心地,专注地,热切地,热心地",4
9156,clearance,"清洁，清扫,[建]净空,空隙，间隙,放行证",4
9158,washing,"洗涤,洗涤剂,正在洗或待洗的衣服,洗下的污垢,洗涤用的,清洗用的,wash的现在分词",4
9159,dye,"染料，染色,颜色,染色,给…染色,染上或粘上（颜色）",4
9160,procedural,"程序的,有关程序的",4
9161,revolt,"（使）厌恶,反叛，背叛,厌恶，反感,造反，起义",4
9162,factual,"事实的，真实的,根据事实的,确凿的",4
9163,pamphlet,"小册子,活页文选",4
9164,buckle,"用搭扣扣紧,（使）变形，弯曲,搭扣，扣环",4
9165,discredit,"使不可置信,使被怀疑,败坏…的名声,拒绝相信,丧失名誉，名声,不信，怀疑,败坏名声的人或事,耻辱",4
9167,fern,<植>羊齿植物，蕨类植物,4
9169,salute,"欢迎，致敬,向…致意,赞扬，赞颂,致意，打招呼,行礼,致敬，欢迎,敬礼,举枪，举刀（礼）",4
9170,pajamas,睡衣裤,4
9171,long-range,"（飞机、火箭等）远程的,远大的,长期的,长程",4
9172,bun,"圆形的小面包或点心,（女子的）圆发髻,酒宴，闹饮,〈英方〉尾巴",4
9173,ooh,（表示惊讶、欣喜、痛苦等）嚯，呵,4
9174,judaism,"犹太教,犹太主义,（总称）犹太人",4
9175,inscription,"（作者）题词,献词,碑文,证劵持有人的登记",4
9177,oriental,"东方的,东方人的,东方文化的,优质的,东方人,东亚人",4
9178,clasp,"扣钩，扣环,握紧,拥抱,扣住,紧拥,紧握",4
9179,mitigate,"使缓和，使减轻,使平息,减轻，缓和下来",4
9180,freak,"反常的事,突然的念头,怪异物,[俚]吸毒（成瘾）者；颓废派成员；性变态者,胡闹，开玩笑,行事任性怪诞,[美国俚语]（尤指在服用迷幻药后）变得极度兴奋,[俚语]（像吸过毒似的）行为反常,激怒,[俚语]使采取不合常规的生活方式,[俚语]使处于幻觉剂影响之下",4
9181,stepfather,继父,4
9183,tidal,"潮水的,潮汐的,由于潮水作用的,定时涨落的",4
9184,hardwood,"硬（木）材，硬木树,双子叶植物的木材,双子叶树",4
9185,chronicle,"编年史,年代记,记录,将（某事物）载入编年史",4
9186,swarm,"蜂群，一大群,泛滥，挤满,云集，涌往,成群地移动或出现,成群飞离蜂巢，用于蜜蜂",4
9187,asbestos,"石棉,石棉制的，含石棉的",4
9188,mixer,"搅拌器,混合器,调音师",4
9189,citrus,"[植]柑橘属果树,柠檬，柑橘",4
9190,groundwater,地下水,4
9191,blockbuster,"重磅炸弹，了不起的人或事,大片,风靡一时的事物",4
9192,deterioration,"恶化,变坏,退化,堕落",4
9194,alteration,"变化，改变,变更",4
9195,intended,"有意的,预期的,已订婚者,打算(intend的过去式和过去分词),意指",4
9196,grit,"细沙，沙砾,<口>刚毅，坚韧,勇气,发出轧轧声,轧，研磨,以沙砾覆盖（某物），撒沙砾于,咬紧牙关",4
9197,vantage,优势，有利地位,4
9198,tow,"拖，拉,牵引,拖曳的行为或情况,被拖曳的某物,[印，纺]落纤，短麻屑",4
9199,interruption,"中断,打断,障碍物,打岔的事",4
9200,raisin,葡萄干,4
9201,unrest,"动荡，不安定,骚乱,风潮,乱腾",4
9202,puddle,"水坑,胶土,使泥泞,把…做成胶土,搅炼,搅泥浆",4
9203,obstruction,"障碍物,阻碍的行为或例子,阻碍，受阻,妨碍议事",4
9204,soothe,"安慰,缓和,使平静,减轻痛苦",4
9205,experimentation,"实验，试验,实验法",4
9206,peninsula,"半岛,[史]伊比利亚半岛，（第一次世界大战中指）加利波利半岛,（第一次世界大战中指）加利波利半岛",4
9207,visionary,"空想的，幻想的,预言性的,有远见的,有智慧的,空想家,预言家,有远见的人，有智慧的人",4
9208,duo,"二重唱,二人组",4
9209,blush,"脸红，惭愧,变红,害臊，怕羞,脸红，红色,<古>一见，一瞥",4
9210,calling,"呼喊,（从事某职业或活动的）欲望,职业,邀请,叫( call的现在分词),通电话,认为,估计",4
9211,despise,鄙视，看不起,4
9212,enjoyable,愉快的，快乐的,4
9213,dismay,"使惊愕，使焦虑，使气馁,惊愕，气馁",4
9214,mailbox,"邮筒,信箱",4
9215,by-product,"副产品,副作用,意外结果",4
9216,fend,"谋生,防御，保护,供养,闪避，挡开,照料,力争",4
9217,emulate,"仿真,竞争,努力赶上",4
9218,intruder,"闯入者，侵入者,干扰者，妨碍者,爱管闲事的人,[航]轰炸机",4
9219,untouched,"未触动过的,原样的,未被论及的,无动于衷的",4
9220,lavish,"过分慷慨的,非常浪费的,过分丰富的,大量生产的,过分给予，滥施,浪费，挥霍,慷慨地给与",4
9221,pilgrim,"香客，朝圣者,旅行者,追寻者,〈美〉新来移民，1620年移居美洲的英国清教徒,朝圣，参拜圣地,流浪",4
9222,doubtful,"难以预测的,难以预料的，未定局的,怀疑的，拿不准的,不明不白",4
9223,shutter,"遮光器,百叶窗,快门,使…停止运行，关闭,装上百叶窗或以百叶窗关闭：",4
9224,symbolism,"象征主义，象征手法,符号使用,象征主义,[宗]符号象征",4
9225,refrain,"抑制，克制,（诗歌的）叠句，副歌,经常重复的评价（或抱怨）,忍耐，节制",4
9226,jelly,"果冻,胶状物,肉冻,果酱",4
9227,checklist,"清单,检查表,备忘录,目录册",4
9228,pointed,"尖的，尖锐的,严厉的，直截了当的,突出的,显然的,“point”的过去式和过去分词",4
9229,affected,"感动的,受到影响的,（人或行为）假装的,倾向于…的,影响( affect的过去式和过去分词 ),假装,感动,（疾病）侵袭",4
9230,outgoing,"对人友好的，开朗的,出发的，外出的,即将离职的,乐于助人的",4
9232,clone,"（动植物的）克隆,无性繁殖系,复制人（或动植物）,（不动脑筋）机械行事的人，机器人,克隆，（使某物）无性繁殖,把…培养为纯种细胞,复制",4
9233,ballroom,舞厅，跳舞场,4
9234,logging,"<美>伐木搬运业,记录，存入,航行日志,砍伐树木(log的现在分词)",4
9236,knuckle,"（指人）指关节,（指动物）膝关节，肘,铰结，肘形接,铜指节套,用指关节打、压、碰、擦",4
9237,curtail,"缩短,剥夺（特权，官衔等）,削减",4
9238,bladder,"膀胱,囊状物,水疱,空话连篇的人",4
9239,milestone,"里程碑,划时代事件",4
9240,ceremonial,"仪式的,正式的,讲究仪式的,仪式，礼节",4
9241,hamper,"妨碍，束缚，限制,使困累,（有盖的）大篮子,阻碍物，足械,[航]船具",4
9242,retrospective,"回顾的,怀旧的,[法]有追溯力的,可追溯的,回顾展",4
9243,confidentiality,机密性,4
9244,lineage,血统，世系,4
9245,reappear,"再（出）现,再发生",4
9246,booming,"急速发展的,激增( boom的现在分词 ),猛涨,发出隆隆声,以低沉有力的声音说话",4
9247,amusing,有趣的，好玩的，逗人笑的,4
9248,herbal,"药草的,草本的,草药书,〈古〉草本志,植物标本",4
9249,vegetarian,"素食者,食草动物,素食者的,素菜的",4
9250,banquet,"宴会，盛宴,筵席,宴请，款待,宴请，设宴招待,饮宴，参加宴会,参加宴会",4
9252,frost,"使结冰霜,冻坏,（在蛋糕上）撒糖霜,结霜,受冻,霜冻，结霜,严寒，寒冷,冷淡",4
9254,motto,"座右铭,格言,箴言,主题句",4
9255,china,"瓷器,瓷餐具,杯、盘、碟等的总称,陶器",4
9257,luxurious,"奢侈的,豪华的,放纵的,词藻华丽的",4
9258,on-site,"现场的,[化] 场区内，在工地上，就地",4
9259,ratify,"批准,认可",4
9260,equilibrium,"平衡，均势,平静",4
9261,gravy,"肉汁，肉卤,〈美俚〉非法所得的钱，意外之财",4
9262,said,"[律]上述的,少说为妙,（做）某事有/没有很多优点（或好处）：某事物有/没有多少可说的,说到底,说，讲( say的过去式和过去分词 ),表明,念,说明",4
9264,guaranteed,"担保(guarantee的过去式和过去分词),有保证的,有人担保的",4
9265,seasoning,"调味品，佐料,风干，干燥（处理），老化,“season”的现在分词",4
9266,fragrant,"芳香的，香的,愉快的,喷香,芳菲",4
9267,upheaval,"突变，剧变,[地]隆起,举起，抬起",4
9268,walker,"散步的人,（帮助小孩学走路用的）学步车,助步车,助行架",4
9269,lava,"熔岩,火山岩",4
9271,ballpark,"棒球场,运动场的，大致正确的",4
9272,irresistible,"无法抗拒的,诱惑人的，具有非常的魅力的,不可抗拒,不可阻挡",4
9273,phenomenal,"现象的,显著的,异常的,能知觉的",4
9274,damned,"该死的,该谴责的，可恶的,十足的,被判为永久罪的,非常地,无比地,诅咒(damn的过去式和过去分词),严厉批评,罚…入地狱受罪,使彻底失败",4
9275,sustainability,"[]  [],持续性，能维持性，永续性",4
9276,tuberculosis,"肺结核,[医]结核病,痨,痨病",4
9277,peacefully,"平静地,安宁地",4
9279,fluorescent,"荧光的,发荧光的,（颜色、材料等）强烈反光的,发亮的,<美口>荧光灯,日光灯",4
9280,fireman,"消防队员,[矿]救火员，爆破工,司炉工",4
9281,sparkling,"发火花的，闪亮的,灿烂的，活泼的,闪闪发光的，闪烁的,起泡沫的,闪光，闪耀(sparkle的现在分词)",4
9282,imposing,"印象深刻的,壮观的，威风的,强迫( impose的现在分词)",4
9283,womb,"子宫,发源地，摇篮,容纳",4
9285,inadvertently,"漫不经心地，疏忽地,非故意地",4
9286,bouquet,"花束,酒香",4
9287,murky,"阴暗的，昏暗的,朦胧的，含糊的，暧昧的,（指水）脏的，（雾等）浓的,（陷入）心中无数的困境（或险境）,阴暗地，混浊地，可疑地,阴暗,昏暗,混浊,可疑",4
9288,sighting,"照准，观察，视线,“sight”的现在分词",4
9290,enclave,"飞地（指在本国境内的隶属另一国的一块领土）,被包围的领土",4
9291,bourgeois,"资产阶级的，资本家的,商人根性的，市侩的,无教养的，鄙俗的,贪图享受的,有产者，资产阶级,中产阶级的人,业主，店主,[印]〈古〉九点活字",4
9292,chalk,"粉笔，白垩,用粉笔画的记号,〈英〉（比赛）得分纪录，记入借方的款项,〈美俚〉牛奶,用粉笔写（记下）,用白垩粉擦（桌球杆等）,使苍白,（英）把（酒钱）记于（某人）账上",4
9293,demanding,"要求高的,苛求的,强求的,费力的，吃力的,要求(demand的ing形式),查问",4
9294,psychologically,心理上地，心理学地,4
9296,tutor,"家庭教师,导师,（大专院校的）助教,课本,当家庭教师,任大学导师,任课",4
9297,pigment,"颜料，色料,[生]色素,给…着色,呈现颜色",4
9298,pineapple,"菠萝,凤梨,〈俚〉手榴弹",4
9299,furnace,"熔炉，火炉,极热的地方,严峻的考验或磨难",4
9300,depressing,"令人忧愁的，使人沮丧的,使情绪低落的,令人忧愁地，使人沮丧地,压抑，郁闷,压下( depress的现在分词),使愁苦,降低（价格）,使跌价",4
9301,anthrax,"<医>炭疽（病）,炭疽脓疱",4
9302,leftist,"左派的人,急进派,左撇子,左派的,左撇子的,激进的",4
9303,mediator,"调停者,调解人,传递者,中介物",4
9304,trek,"长途跋涉,拖着腿走,徒步旅行,（牛）拉货车,艰难的旅程,远距离行走",4
9305,gadget,"小玩意,小配件,小装置",4
9306,stunt,"惊险动作，特技,噱头,发育不良的动植物,阻碍…发育（生长）,抑制，妨碍,表演特技,作惊人表演",4
9307,intuitive,"直觉的,凭直觉获知的,直观的",4
9308,caption,"标题，说明文字，字幕,字幕,第三档,给（图片、照片等）加说明文字,在（文件等）上加标题,在…上加字幕",4
9309,fortress,"堡垒，要塞,设置要塞,用要塞防守",4
9310,alcoholism,"酒精中毒,酗酒",4
9311,augment,"增强，加强,增加，增添,（使）扩张，扩大,增加，补充物",4
9312,racer,"专供比赛用的动物，比赛用的车辆,比赛者,（美洲）黑蛇",4
9313,nuance,"细微差别,细微的表情",4
9314,lifting,"举起,起重,上升,提高,举起，抬起( lift的现在分词 ),运送,解除（封锁、包围等）",4
9315,wisely,"聪明地，英明地,明智地",4
9316,devastation,"毁坏,荒废,极度震惊或悲伤",4
9317,safeguard,"保护，保卫,防护措施,安全设施,防护",4
9319,undercut,"（网球等）从下削球,廉价出售,较便宜的工资工作,（网球等）下旋球,牛的)腰部肉，里脊,底切",4
9320,touching,"令人同情的，感人的，动人的,<书>关于，至于,接触(touch的现在分词)",4
9321,shun,"避开，回避,避免",4
9323,binding,"捆绑,（衣服等的）镶边,粘合剂,书籍的封面,捆绑的,粘合的,（书面材料）有约束力的,应履行的,约束( bind的现在分词),装订,（用长布条）缠绕",4
9324,eradicate,"摧毁,完全根除,根除者,褪色灵",4
9325,underwater,"在水中的,水面下的,在水下，在水中",4
9326,malaria,"<医>疟疾,瘴气,瘴疠,痁",4
9327,displacement,"取代，替代,免职，停职,[船] 排水量,[化]置换",4
9328,scam,"骗局,诡计,<美俚>诓骗,故事,欺诈,诓骗",4
9329,interdisciplinary,"各学科间的,跨学科",4
9330,crossroads,"十字路口,转折点，重大的抉择时刻",4
9331,fallout,"放射尘,（核爆炸后的）沉降物,附带后果,余波",4
9332,horrific,"令人恐惧的，可怕的，恐怖的,令人毛骨悚然的",4
9333,larva,（昆虫的）幼虫，幼体,4
9334,raising,"增加,提高,高岗,高地,引起（ raise的现在分词 ）,养育,提起,唤起",4
9336,rapper,"叩击者,敲门者,说唱艺人",4
9337,cartridge,"子弹，弹药筒,笔芯，墨盒,暗盒，胶卷盒,录音带盒，唱头",4
9338,heed,"注意，留心,留心，注意，听从,嘻笑（ te-hee的过去式）",4
9339,allergic,"过敏的,过敏症的,对…极讨厌的",4
9340,lurch,"蹒跚而行，颠簸着行进,摇晃,突然倾斜,挫折",4
9341,insulin,胰岛素,4
9342,midday,"中午,正午,正午的",4
9345,barber,"理发师,理发店(= barber's shop),为…理发剃须,修整,当理发师,给人理发",4
9346,unsafe,"不安全的,危险的,不安稳的",4
9347,last-minute,最后的，归根究底的,4
9348,indonesian,"印度尼西亚人,印度尼西亚人后裔,西澳特罗尼西亚语族,（东印度群岛）前马来人的一员,（有关）印度尼西亚的，（有关）印度尼西亚人（语）的",4
9349,scant,"不足的,缺乏的,将近的,吝啬的,限制,节省,吝惜",4
9350,rocker,"摇杆，摇轴,摇椅，摇木马,摇滚乐歌曲，摇滚歌手,弯底冰鞋",4
9351,liken,"比拟,把…比作",4
9352,gamble,"赌博,投机，冒风险,孤注一掷,打赌,赌博，下赌注,使冒风险,赌博或其他投机,冒险",4
9353,licensed,"得到许可的,许可，颁发执照(license的过去式和过去分词)",4
9354,console,"安慰，慰问,控制台，操纵台,演奏台,悬臂,肘托",4
9355,arabic,"阿拉伯语,阿拉伯（文学）的，阿拉伯语的",4
9357,reaffirm,"重申,再肯定",4
9358,flea,"跳蚤，蚤目的昆虫,生蚤的动物",4
9359,brisk,"快的,轻快的,爽快而清新的,兴隆的,活跃起来,变得轻快,使…活泼,使…轻快",4
9360,heave,"举起,投掷,使起伏,呕吐,喘息,起伏,（山丘等）隆起,拖,气喘,波动,隆起",4
9361,solemn,"庄严的，严肃的,庄重的,隆重的，神圣的,犹豫的，阴沉的",4
9363,jumper,"跳高运动员，跳跃者,无袖套衫，针织套衫,[电]跳线，跨接线,经过训练能跳越障碍的马",4
9364,glaze,"装玻璃,上釉于,上光,（目光）变得呆滞无神,变得光滑,上釉的表面,釉料,光滑面,（浇在糕点上增加光泽的）蛋浆",4
9365,bounty,"（由政府提供的）奖金，赏金,慷慨，大方,赠物，赠金",4
9366,cramped,"狭窄的,难懂的,夹紧(cramp的过去式),用夹钳夹,约束",4
9367,concur,"同意,互助,同时发生,共同作用",4
9368,fatty,"油腻的,配胖的,多脂肪的,胖子",4
9369,avoidance,"逃避,职位空缺,废止,无效",4
9370,open-ended,"没有固定限度的,广泛的，无限度的,可以变更的,随意回答的",4
9371,authoritative,"权威的,有权力的,当局的,命令式的",4
9372,coma,"<医>昏迷,怠惰，麻木,<天>（彗星的）彗发",4
9373,hymn,"赞美诗,圣歌,唱赞歌,赞美",4
9374,finn,芬兰人,4
9375,tolerant,"宽容的,容忍的，忍受的,（植物、动物或机器）能在困难条件下生存（或操作）的,能耐…的",4
9376,irritation,"刺激,激怒，恼怒，生气,兴奋,令人恼火的事",4
9377,ostensibly,表面上地,4
9379,hound,"猎狗，猎犬,卑劣的人,[动]角鲨，星鲨，弓鳍鱼,有…迷[瘾]的人,追猎,不断侵扰，烦扰,激励,嗾使，煽动",4
9380,blindness,"失明,盲目,无知,轻率",4
9381,livelihood,"生活，生计,谋生之道,营生",4
9382,chemist,"化学家,药剂师,药商,药房",4
9384,dread,"害怕，担心,（古语）敬畏,恐惧，畏惧,令人恐惧的事物,可怕的,十分害怕",4
9385,camper,"露营者，野营者,（装有露营设备的）露营车,房车",4
9386,disregard,"不顾,不理会,漠视，忽视,蔑视，轻视,不理，不顾,不尊重",4
9387,rainfall,"阵雨，降雨,降雨量",4
9388,paddle,"[航海] 宽叶短桨,桨状物,搅拌金矿的铁器，类似铁铲的工具,洗衣板，扁板,涉水,趟水,用桨划船,荡桨,用浆划动，用船桨推动（船只）,搬运，运输,拍打,搅拌",4
9389,cranberry,"[植]蔓越橘,酸果蔓的果实",4
9390,crib,"（有栏杆的）小儿床,饲料槽,牛栏,剽窃，偷窃,束缚，限制,为…设置木栏,剽窃,抄袭,欺骗",4
9392,gala,"节日,庆祝,节日的,欢乐的",4
9393,inflammation,"[医]炎症,燃烧,发火",4
9394,outnumber,"数量多于,比…多",4
9395,syllable,音节,4
9397,inscribe,"雕，刻,题写，题献",4
9398,deprivation,"剥夺,丧失,免职，废止",4
9399,revealing,"有启示作用的，给人启发的,透露真情的,袒胸露肩的,显示，展示,揭示，揭露,泄露",4
9400,proxy,"代表权,代理人，代替物,委托书,代理服务器",4
9401,award-winning,成功的，优等的，一流的,4
9402,clumsy,"笨拙的,复杂难懂的,得罪人的,（文体等）臃肿的",4
9403,alphabet,"字母表,字母系统,入门，初步",4
9404,punctuate,"加标点符号,不时打断,加强，强调,不时打断某事物,使用标点符号",4
9405,spaghetti,"意大利面条,[电]漆布绝缘管",4
9406,expansive,"易扩张的，膨胀性的,胸襟开阔的，豁达的,辽阔的,健谈的",4
9407,stringent,"严格的,迫切的,（货币）紧缩的",4
9408,instinctively,本能地,4
9409,limestone,石灰岩，石灰石,4
9410,pollute,"污染,玷污，亵渎,破坏（品性），使堕落",4
9411,prod,"刺针，刺棒,刺激，激励,刺激,促使…行动,（用手指或尖物）戳,捅",4
9412,sliding,"滑行的，变化的,滑动，滑行( slide的现在分词 ),滑落,下跌,打滑",4
9413,portal,"入口,桥门,[解剖学]肝门,出孔,[解剖学]门的,肝门的,门静脉的,关于门静脉的",4
9415,energize,"加强，给与…以活力,使活跃,[物]给与…能量，给与…电压",4
9416,handwriting,"书法，手书,笔迹，字迹,亲手写(handwrite的ing形式)",4
9417,motivational,动机的，动力的,4
9418,motherhood,"母亲身份,母性,母亲们（总称）",4
9419,singular,"<语>单数的,<正>突出的,奇特的,非凡的,单数形式（的词）",4
9420,hypocrisy,伪善，虚伪,4
9421,federally,"[]  [],同盟地,联邦地,联邦政府地,在联邦政府一级",4
9422,amused,"被逗笑的,愉快的,顽皮的,“amuse”的过去式和过去分词",4
9423,autism,孤独症，自我中心主义,4
9424,overt,"明显的,公然的,公开的,阳",4
9425,covered,"大量的,有遮盖物的，（尤指）有顶的,覆盖( cover的过去式和过去分词),掩护,包括",4
9426,belongings,"动产,财物,家眷,亲属",4
9429,mourning,"悲痛，哀悼,戴孝,服丧期",4
9430,guru,"领袖,专家,权威,个人的宗教教师[指导]",4
9431,backer,"支持者，赞助者,（打字机的）垫纸,（赛马等的）赌客",4
9432,outpost,"前哨,警戒部队,前哨基地,边区村落",4
9433,captive,"被俘的,被监禁的,被关押的,无法逃离的,战俘，俘虏,被（爱情等）迷住的人,自保公司",4
9435,textual,正文的，版本的，原文的,4
9436,cartel,<经>卡特尔，企业联合,4
9438,curly,"有卷发的，长卷毛的,（木材）有皱状纹理的,蜷缩的,（植物）有卷叶病的",4
9439,martian,"火星人,火星的",4
9441,gin,"杜松子酒，,轧棉机,陷阱,轧棉，用轧棉机去籽,用陷阱（网）捕捉",4
9442,duplicate,"复制,复印,重复",4
9443,coil,"（一）卷，（一）盘,盘卷之物,线圈,纷乱，纠缠不清,盘绕,卷成一圈,绕成盘状,卷绕成圈",4
9444,infer,"推断,猜想，推理,暗示,意指,作出推论",4
9445,bedtime,就寝时间,4
9447,unreasonable,"不合理的，荒唐的,非理智的，不讲理的,（收费等）不当的,过度的",4
9449,conservatism,"保守主义,守旧性,〈英〉保守党（的主张]）",4
9450,reprint,"重印版，再改版,单行本,复印的邮票,重印",4
9451,rename,给…重新取名，改名,4
9452,hunch,"预感，直觉,肉峰,隆起,向前移动",4
9453,gaming,"赌博,博奕",4
9454,fundamentalist,信奉正统派基督教的人,4
9457,lineman,养路工人，巡道员,4
9458,redeem,"赎回，挽回,履行,偿还,兑现",4
9459,richness,"丰富,浓烈,富裕,富饶",4
9460,hysterical,"情绪异常激动的,歇斯底里般的,癔病的,癔病性",4
9463,fraternity,"兄弟会,大学生联谊会,友爱",4
9464,folly,"蠢笨,愚行,讽刺剧",4
9465,germ,"[生]幼芽，胚芽,微生物,起源，萌芽",4
9466,unofficial,"非官方的，非正式的,不作为官方活动的",4
9467,butcher,"屠夫，屠户,屠杀者，刽子手,残酷的人,肉铺,屠宰,屠杀,弄砸，弄糟,把…处死刑",4
9468,chic,"<法>漂亮的，时髦的，潇洒的,别致的,高雅，雅致",4
9469,stray,"走失,偏离正题,走入歧途,（已婚者或有固定关系者）有外遇,走失的动物，离群者,迷路的孩子,不在原位置的东西,独自的，零散的,（常指宠物）走失的,无主的,意外的",4
9470,affinity,"密切关系，姻亲关系,（男女之间的）吸引力，吸引人的异性,类同,类似，近似",4
9472,drugstore,"药房（兼售化妆品等）,〈美〉杂货店",4
9473,strangle,"扼死，勒死，绞死,使…窒息,抑制,压制,窒息而死，被勒死",4
9474,haitian,"海地的,海地人",4
9475,elude,"逃避,使…迷惑,理解不了,抓不到",4
9476,appetizer,"开胃品,促进食欲的活动,刺激欲望的东西,吊胃口的东西",4
9477,replica,复制品,4
9478,sprawl,"伸开四肢坐[躺],蔓延,杂乱无序地拓展,（城市）杂乱无序拓展的地区,随意扩展,蔓延物",4
9480,contingent,"依情况而定的,取决于…的,分遣队,代表团",4
9481,daring,"勇敢,鲁莽,胆大的，勇敢的,意气风发的,敢(dare的现在分词)",4
9482,firsthand,"（得自）直接来源的[地],第一手的[地],亲身,原始",4
9483,advancing,"进步,超前,提前,推进,（使）前进( advance的现在分词 ),（使）发展,促进,提高",4
9484,twitch,"（使）抽动，（使）颤动,猛拉,（使）发生剧痛,痉挛，抽筋,猛拉，猛抽,马勒",4
9485,pup,"小狗,自负的傻小子,（小狐，小海豹等）幼小的动物,〈俚〉学生,生小狗，生小动物,生（小狗等小动物）",4
9486,tanker,"油罐车,油轮,一辆坦克乘员中的一名",4
9487,fellowship,"友谊，交情,会社，团体,研究员职位,学术奖金",4
9488,ex-wife,前妻,4
9489,overflow,"溢出，淹没,挤满，充满,洋溢,资源过剩,泛滥，溢出物,溢流管,充溢，过多,超出额,泛滥，溢出,充溢,溢出的，满出的",4
9491,carton,"尤指装食品或液体的)硬纸盒,塑料盒,硬纸盒（或塑料盒）所装物品,纸板盒,用盒包装",4
9493,engender,"产生,造成,引起,形成",4
9495,sponsorship,"赞助,发起,倡议,保证人",4
9497,brigade,"旅,把…编成旅,把…编成队",4
9498,shriek,"尖叫,引人注意,发出一种类似尖叫的声音,尖叫声,尖锐的声音：一种能使人联想起这种尖叫的声音",4
9499,elegance,"高雅,（举止、服饰、风格等的）优雅,精致物品,（思考等的）简洁",4
9500,dreadful,"可怕的,令人畏惧的,讨厌的，糟透了的，丑陋的,糟糕的,<英>惊险小说[杂志]",4
9501,artisan,技工，工匠,4
9502,paramount,"最高的，至上的,最重要的，主要的,卓越的,有最高权力的,最高，至上,有最高权力的人,元首，首长",4
9503,shoreline,"海岸线,岸边线,滨线,水线",4
9505,suffice,"足够,有能力,满足…的需要,使满足",4
9506,glamour,"魅力,诱惑力,魔力,迷人的美,迷惑,迷住",4
9507,aesthetics,"美学,美术理论,审美学,美的哲学",4
9508,sponge,"海绵,海绵状物,（用海绵）擦拭,骗取,敲詐",4
9510,powerless,"无力的，无能的,无权力的,虚弱的,无资源的",4
9511,towering,"耸立的,高大的，杰出的,强烈的,极度的,远远高于，远远超过( tower的现在分词),（在能力、品德、名声等方面）胜过，远远超过（其他人）",4
9512,limo,豪华轿车,4
9513,burgeoning,"迅速成长的，迅速发展的,发芽，抽枝( burgeon的现在分词 ),迅速发展,发（芽），抽（枝）",4
9514,dissertation,"专题论文，学位论文,学术演讲",4
9515,preferably,更可取地，更好地，宁可,4
9517,fridge,"电冰箱,冷冻机",4
9519,needless,"不需要的,不必要的,无用的,多余的,不需要地,不必要地,不需要,不必要",4
9520,inconsistency,"不一致，不协调,前后矛盾，不一贯",4
9521,terminology,"专门名词,术语，术语学,用辞",4
9522,menace,"威胁,恐吓",4
9524,opaque,"不透明的,无光泽的，晦暗的,不传导性的,含糊的，迟钝的,不透明，晦暗,[建]遮檐,遮光涂料",4
9525,rewarding,"值得的,有报酬的",4
9526,nausea,"作呕,恶心,反胃,极度厌恶",4
9527,academically,"从学术观点,关于学院或大学,关于学会或协会,以学者风度",4
9528,asparagus,"芦笋，芦笋的茎,天冬",4
9529,editing,"[]  [],编辑的,编辑( edit的现在分词 ),剪辑（电影、录音磁带、无线电或电视节目、书等）,主编（报纸、杂志等）",4
9530,optics,光学,4
9531,horseback,"马背,隆起的条状地带（山脊）,性急的，草率的，未经充分考虑的,在马背上",4
9533,fuss,"忙乱,大惊小怪,大惊小怪的人,争吵,抱怨,使烦恼，使烦忧,使急躁,瞎忙一气，过分关心",4
9534,falter,"（嗓音）颤抖,支吾其词,蹒跚,摇晃,支吾，结巴,踌躇，不稳,颤抖",4
9535,world-class,"世界级的,国际水平的",4
9536,orchid,兰花,4
9537,cracked,"有裂缝的,声音沙哑的,精神失常的,破裂,崩溃(crack的过去分词),发沙哑声",4
9539,humiliate,"使蒙羞，使丢脸，使出丑,屈辱，羞辱",4
9540,multilateral,"多方面的，多边的,多国的,多国参加的",4
9541,hastily,"匆忙地，仓促地,匆猝,草草,率尔",4
9542,cactus,仙人掌,4
9544,numb,"麻木的，失去感觉的,无动于衷的，没感情的,使麻木，使麻痹",4
9545,pluralism,"多元化，多元主义,多元性（不同种族、不同政治或宗教信仰的多种群体共存）,兼职",4
9547,hebrew,"希伯来人，犹太人,希伯来语,希伯来人的,希伯来语的",4
9548,warden,"看守人，看门人,[史]州长，县长,典狱官,<英>校长",4
9549,famously,著名地，出名地,4
9551,racially,按人种地，人种上,4
9552,willingly,愿意地，乐意地,4
9553,miraculous,"奇迹般的,不可思议的,神奇",4
9554,socialization,"社会化，社会主义化,公有化",4
9556,tyranny,"暴虐,专横,暴行",4
9557,heavenly,"神圣的,天空的,天国的,庄严的,无比，极其",4
9558,pouch,"小袋,烟草袋,育儿袋,（使）成为袋状,把…装入袋中,吞进",4
9559,gravitational,"万有引力的，重力的,地心吸力的",4
9560,cupboard,"橱柜,衣柜,食物柜,壁橱",4
9561,unnoticed,"未被觉察到的，未被注意到的,不受人注意的，被忽视的,没人理睬的",4
9562,crackdown,"压迫，镇压,打击，制裁,强制取缔",4
9564,breadth,"宽度,宽容,（知识、兴趣等的）广泛",4
9565,amazement,"惊奇，惊愕，诧异,[废语] 迷惑，困惑",4
9567,extinct,"灭绝的,绝种的,消逝的,破灭的",4
9568,gangster,"匪徒，歹徒,流氓,恶棍",4
9569,vividly,"生动地,逼真地,鲜明地,活泼地",4
9570,orphanage,"孤儿院,孤儿身份",4
9571,muted,（声音）减弱的，变得轻柔的； （尤指感情的表达）缓和的，温和的,4
9572,twenty-one,二十一，二十一个所成之一组,4
9573,cloning,"无性（繁殖）系化，纯系化,（使某物）无性繁殖( clone的现在分词 )",4
9575,sterile,"不毛的，贫瘠的,不生育的,无菌的,无效果的",4
9576,networking,"网络化,[计]网络系统,人际网",4
9577,gorilla,"大猩猩,<口>暴徒，打手",4
9578,refinery,"精炼厂,精炼设备,提炼厂,冶炼厂",4
9579,cherokee,切罗基族（北美易洛魁人的一支）人,4
9580,impetus,"动力,促进,势头,声势",4
9581,lad,"少年，小伙子,〈口〉伙伴，老朋友,〈英〉管赛马房的马夫,〈俚〉情人",4
9582,scurry,"急匆匆地走,使急赶,催促,快步急跑，疾走,仓皇奔跑声,骤雨，骤雪,短距离赛马",4
9583,futile,"无效的，无用的,没有出息的,琐碎的，无关紧要的,一场空",4
9584,caring,"关心的,有同情心的,关心(care的现在分词)",4
9585,residency,"住所,（实习医师的）高级专科住院实习期",4
9586,self-determination,"自己决定,民族自决,[哲]（强调意志自由的）自我决定",4
9588,cutter,"切削者，切割机,独桅纵帆船,小艇，小型武装快艇,轻便雪橇",4
9589,salty,"含盐的,咸的,辛辣的",4
9590,hanging,"绞死,绞刑,（墙上装饰用的）帘子,帷幔,应处以死刑的,量刑偏重的,悬( hang的现在分词 ),（被）绞死,贴,逗留",4
9592,assimilation,"（食物等的）吸收,消化,（被）吸收或同化的过程,[生理]同化作用",4
9593,conspicuous,"明显的,显而易见的,惹人注意的,显目",4
9594,invasive,"侵略性的，侵害的,攻击性的,扩散性的，蔓延性的",4
9595,plump,"丰满的,肥胖的,丰富的,充裕的,突然地，猛地,（使）圆胖,（使）鼓起,（使）突然沉重地落下,扑通声,〈英〉阵雨,群",4
9596,bowel,"肠,内部,同情心，怜悯心",4
9597,accused,"被告,指责(accuse的过去式和过去分词),控告,被控告的",4
9598,satin,"缎，缎子,缎子衣服,[纺]缎纹,<俚>杜松子酒,绸缎做的,光滑的,似缎的,对（纸等）作加光处理",4
9599,idol,"偶像，崇拜物,幽灵,谬论,幻觉",4
9600,cultivation,"教养,栽培,耕作,（关系的）培植",4
9601,asshole,"屁眼儿,〈俗〉肛门,令人讨厌的人",4
9603,unilateral,"单边的，一方的,单方有义务的,片面的,仅由一方实行或承担的",4
9605,braid,"发辫,辫子,穗带,编织物,把（头发）编成辫子,把…打缏子,（用饰带等）镶缀,编织",4
9606,one-way,"单行的,单程的,片面的，单方面的",4
9607,hustle,"催促,硬挤，乱推,硬逼，逼使,强夺,赶紧,硬挤过去,拼命挣钱,忙碌，奔忙,挤，推,拥挤喧嚷",4
9608,ballad,"民谣，尤指叙事歌谣,民歌,[音]伤感的情歌",4
9609,reshape,"重塑,给…以新形态,采取新形式,打开新局面",4
9610,stud,"种马,大头钉,（衣袖等的）饰钮,[建]壁骨,用饰钮装饰,散布,用壁骨支撑",4
9611,barefoot,"赤脚的,光着脚的,赤着脚地",4
9612,posit,假定，设想，假设,4
9613,ordinarily,"平常地,通常地,一般地,按说",4
9614,tenor,"稳定的进程,要旨,男高音,票据的限期,男高音的",4
9616,platoon,"<军>排，团,一群，一组,〈美〉警察队",4
9617,placebo,"安慰剂,宽心话,为死者所诵的晚祷词,（试验药物用的）无效对照剂",4
9618,shady,"背阴的,隐蔽的,名声不好的,可疑的",4
9619,losing,"失败的，输的,失败，损失,遗失，失去( lose的现在分词 ),（使）失去（所需要的东西，尤指钱）,（因事故、年老、死亡等）损失,浪费",4
9620,ruthless,"无情的，冷酷的,残忍的,狠,辣",4
9621,magician,"魔术师,巫师,变戏法的人",4
9622,waver,"摇摆,踌躇,动摇,犹豫,挥动者",4
9623,emptiness,"空虚,空腹,无知,无能",4
9626,carcass,"（人或动物的）尸体,（家畜屠宰后的）躯体,骨架，遗骸、残迹等",4
9627,cripple,"使跛,受伤致残,严重削弱,使陷于瘫痪,跛子，瘸子,瘫子，残疾,<美方>杂木丛生的沼地,脚蹬",4
9628,outlaw,"歹徒，亡命之徒,逃犯,被剥夺法律保护者，丧失公权者,烈马,宣布…为不合法,将…放逐,剥夺…的法律保护",4
9629,state-of-the-art,"使用最先进技术的,体现最高水平的",4
9630,ecstasy,"狂喜,出神，忘形,无法自控的情绪,迷幻药",4
9631,radius,"半径（距离）,用半径度量的圆形面积,半径范围,桡骨",4
9632,footing,"立场，基础,关系，交情,立足点",4
9633,prophecy,"预言,预言能力,预言书",4
9634,broom,"扫帚,金雀花,[无线]自动搜索干扰振荡器,扫除,用扫帚扫,桩顶开花或开裂",4
9635,trendy,"时髦的，赶时髦的，追随时髦的,时髦人物，赶时髦的人,领导时尚的人",4
9636,man-made,人造的，人工的，合成的,4
9637,screenplay,电影剧本，剧本,4
9638,unison,"一致，协调,和谐,共同（做某事）,（音乐中的）齐唱",4
9639,motorist,"汽车驾驶员,乘汽车旅行的人",4
9640,unthinkable,"无法想象的,难以置信的,不能考虑的,绝不可能的",4
9641,lining,"衬里，里子,衬料,衬套,排队(line的现在分词)",4
9643,beet,"甜菜,甜菜根,糖萝卜",4
9644,framed,[]  [],4
9645,banish,"放逐，驱逐,消除，排除",4
9646,gloom,"昏暗，阴暗,忧郁,变黑，变暗,忧郁，沮丧,使变黑，变暗,使忧伤，沮丧",4
9647,salient,"显著的，突出的,重要的，主要的,跳跃的,（指角）凸出的,凸角，[建]突出部,<军>进攻或防卫阵地的突出部分",4
9648,bestow,"赠给，授予,放置，安置，贮藏,〈口〉给…提供住宿，让…留宿",4
9649,candid,"率直的，坦白的,公正的,偷拍的",4
9651,intimidating,恐吓，威胁( intimidate的现在分词),4
9652,hoist,"升起，提起,被举起或抬高,起重机，升降机,升起,<俚>推，托，举",4
9653,bandage,"绷带,用绷带绑扎",4
9654,undertaking,"企业,事业,殡仪事业,保证,担任( undertake的现在分词),着手作",4
9655,assimilate,"吸收， 消化,同化,透彻理解,使吸收",4
9656,upbeat,"积极乐观的,愉快的，高兴的,上升,弱拍,兴旺",4
9657,tangle,"纠缠，纠纷,混乱，慌乱,昏乱的状态,争论,（使）缠结，（使）乱作一团,使陷入，捕获,使纠纷,参加辩论、争执或冲突",4
9658,flier,"飞行器驾驶员,动作敏捷的人或动物,速度很快的车辆,（产品的）宣传单",4
9659,counting,"计算,（按顺序）数( count的现在分词),有价值,数出总数,算得上",4
9660,misconception,"误解,错觉,错误想法",4
9663,waiver,"弃权,放弃,弃权声明书",4
9665,solving,"解决( solve的现在分词 ),解答,解释,揭示",4
9666,fairway,"航路,水上跑道,（高尔夫球场上的）平坦球道",4
9667,dysfunction,机能障碍，机能失调,4
9668,rearrange,"重新安排,重新布置,改变既定的（计划等）,[化]（分子）重排",4
9669,hasten,"加速,使加紧,催促,赶紧，赶快,赶快,急忙",4
9670,prolong,"延长，拉长,拖延，延期",4
9671,jagged,"参差不齐的,锯齿状的,粗糙的,使成锯齿状(jag的过去式和过去分词)",4
9672,digest,"消化,整理,吸收,领悟,玩味,吸收食物,[化学]加热,文摘,摘要,法律汇编,罗马法典",4
9673,doughnut,"炸面圈，圈饼,汽车轮胎,环状物,电子回旋加速室",4
9674,plume,"羽毛,羽毛饰,羽毛状物,用羽毛装饰,（为某事）使形成羽毛状,自豪",4
9675,hesitant,"踌躇的,犹豫的,迟疑的,吞吞吐吐的",4
9677,relinquish,"放弃,让出（权利，财产等）,放开，松手,撤离",4
9678,noteworthy,值得注意的，显著的，重要的,4
9679,flurry,"一阵风、雨或雪,爆发，骚动,使迷乱,使慌张,慌张地行动",4
9680,dismal,"阴沉的，惨淡的，凄凉的,忧郁的,低落的情绪,<美>沼泽",4
9682,commence,"开始,着手,获得学位",4
9683,apprehension,"不安，忧虑，忧惧,理解（力），领悟，了解,拘捕",4
9684,clog,"木底鞋,障碍,阻碍,堵塞",4
9685,infantry,"步兵,步兵部队",4
9686,forty-five,<非正>45口径的（左轮）手枪； 每分钟四十五转的密纹唱片,4
9687,sloppy,"懒散的，草率的,稀薄的,多雨的，泥泞的,过于伤感的",4
9688,tangled,"纠缠的,紊乱的,混乱的,杂乱的,（使）缠结， （使）乱作一团( tangle的过去式和过去分词 )",4
9689,predicament,"困境，窘况,[逻]范畴",4
9690,algae,"水藻,[植] 藻类",4
9691,garnish,"装饰，文饰,给…加配菜,[法]传讯,装饰，装饰品,华丽的词藻,配菜,<俚>勒索金",4
9692,unmarried,"未婚的，独身的，单身的,离婚(unmarry的过去分词)",4
9693,sweetness,"甜蜜,美妙,芳香,可爱",4
9694,cut-off,"定点，取舍点,截止,界限",4
9695,override,"推翻，无视,践踏,优先于,覆盖,佣金,超驰控制装置,撤消，推翻",4
9696,perish,"死亡，丧生,毁灭,腐烂，枯萎,老化,使麻木,使毁坏",4
9697,healer,"医治者,治疗物,治病术士",4
9698,attentive,"注意的,周到的，殷勤的,温存,细心",4
9699,notch,"(V字形的)槽口,刻痕,<美>峡谷,等级,砍，切,在…上作刻痕、开槽口,作刻痕计算,得分",4
9700,one-on-one,面对面的；一对一的；仅限两人之间的,4
9701,dealership,"代理权，经销权,代理商",4
9702,donkey,"驴，毛驴,笨蛋，傻瓜,（美国）民主党的象征",4
9703,locus,"所在地，场所,核心,色点,圆图",4
9705,blueberry,越橘的一种,4
9707,transcribe,"（用不同的录音手段）转录,抄写，誊写,改编（乐曲）（以适应他种乐器或声部）",4
9708,vicinity,"附近，邻近,附近地区,大约的程度或者数量,〈罕〉近亲",4
9709,motionless,"不动的，静止的,呆若木鸡的,不运动的,靓",4
9711,humility,"谦逊，谦恭,谦让的行为,谦虚谨慎",4
9712,pleasing,"令人愉快的，舒适的,惹人喜欢的,满意的,（使…）高兴( please的现在分词),（使…）满意",4
9713,billionaire,"亿万富翁,巨富",4
9714,tickle,"（使）发痒,（使）愉快，逗乐,使高兴,使满足,胳肢,搔痒,愉快的情绪",4
9716,jockey,"赛马骑师,驾驶员,操作者,〈英〉小伙子，下属，帮手,驾驶，操作,欺骗，欺诈,骑马，驾驭,在马赛中骑马,运用手段谋利,耍花招",4
9717,mango,"芒果,芒果树,泡菜",4
9718,stuck,"刺(stick 的过去式及过去分词),动不了的,被卡住的,被…缠住的,被…难住的，不知所措",4
9719,limp,"跛行,挣扎着慢慢前进,（诗的）韵律紊乱,一瘸一拐地走,困难地航行,无力的,无生气的,易弯的,松软的",4
9720,biotechnology,"[生物]生物工艺学,[生物]生物技术",4
9723,traveling,"同行的,活动的,移动的,<篮球>带球走步，走步违例",4
9724,bony,"骨的,多骨的,骨瘦如柴的,骨头突出的",4
9725,anthem,"[宗]赞美诗，圣歌，赞歌,校歌,国歌,圣歌，赞歌,唱圣歌庆祝,唱赞歌",4
9726,vanity,"虚荣，浮华,自负,空虚，无聊的事物,无价值的东西",4
9727,scour,"冲刷,擦亮,四处搜索,（用泻药）泻,擦,洗涤剂",4
9728,caffeine,"[药]咖啡因,咖啡碱,茶精（兴奋剂）",4
9729,dilute,"稀释，冲淡,稀释的，冲淡的",4
9730,televised,"[]  [],由电视播送( televise的过去式和过去分词 ),电视拍摄",4
9731,twig,"细枝，嫩枝,理解，明白",4
9733,bulky,"庞大的,笨重的,体积大的",4
9734,freshwater,"淡水的,内陆的,淡水,内河,淡水湖",4
9737,skyline,"地平线,（以天空为背景的）轮廓线,架空索,展览会场的顶层,天空映衬出…的轮廓",4
9739,waterway,"水路,航道,排水沟",4
9740,kite,"风筝,鸢（猛禽）,空头支票,光棍,涂改（支票）,使上涨,上升,使用空头支票,轻快地移动",4
9741,ultraviolet,"紫外的,紫外线的,产生紫外线的,紫外线辐射,紫外光",4
9742,wizard,"男巫,行家,奇才,向导（程序）",4
9743,ascend,"攀登,继承,占领,上升,爬坡,追溯",4
9744,borrower,"借钱人,借用人，剽窃者",4
9745,exempt,"使免除，豁免,被免除的，被豁免的,被免除（义务，责任）的人,免税人",4
9746,compress,"压紧,压缩,精简,止血敷布,打包机",4
9747,mortal,"致命的,不共戴天的,终有一死的,极度的,凡人，人类",4
9748,ashore,"上岸,上陆,在岸上,在陆上",4
9749,downhill,"向山下,如下坡一般,每况愈下,向下的，下降的,倾斜的,[体]下降滑雪的,下坡路,滑降",4
9750,pageant,"盛会,露天表演,虚饰,选美比赛",4
9751,eldest,"最年长的，最老的,年事最高的(old的最高级),最年长者",4
9752,overshadow,"使失色,使阴暗,夺去…的光辉,遮阴",4
9753,limiting,限制的,4
9755,rectangular,"<数> 矩形的,成直角的,直角坐标的,长方",4
9756,best-known,众所周知的，著名的,4
9757,lunge,"突然刺（入）,套马索,刺,戳,突然向前冲[扑等]",4
9758,unhealthy,"不健康的,对健康有害的,危险的,反常的",4
9759,reed,"芦苇,芦苇杆,[乐]舌簧",4
9760,alligator,"短吻鳄,短吻鳄皮革,鳄口式工具",4
9761,ensue,"接踵发生，继而产生,[圣]追求",4
9762,havoc,"大破坏，浩劫,蹂躏，摧残,大混乱，大骚动,严重破坏,毁灭,损毁",4
9763,sulfur,"硫磺，硫黄,硫磺色,用硫磺处理",4
9764,rum,"朗姆酒,古怪的，奇特的,难对付的,蹩脚的",4
9765,intimately,"熟悉地,亲密地,私下地,谙熟地",4
9766,terrified,"很害怕的，极度惊慌的，吓坏了的,使恐怖，使惊吓，恐吓( terrify的过去式和过去分词 )",4
9768,repeal,"撤销，废除,否定，放弃,废除，作废,撤销",4
9769,evade,"逃避，躲避,避开,规避,逃脱,逃避",4
9770,two-way,"双向的,（电路等）双路的,相互的,双轨",4
9771,inference,"推理,推断,推论",4
9772,persuasion,"劝说，说服（力）,信仰",4
9774,monarchy,"君主政体,君主政治,君主国",4
9775,chlorine,[化]氯,4
9776,riches,"财富,富人( rich的名词复数 ),深的,富裕的,强烈的",4
9777,halo,"光环,荣光,（日月等的）晕,使有晕轮,围以光环,成晕轮",4
9779,wed,嫁，娶，（与…）结婚,4
9780,sane,"心智健全的,神志正常的,明智的,稳健的",4
9782,promotional,"促销的,增进的",4
9784,colonist,"殖民者,殖民地居民,移民",4
9785,somber,"昏暗的,（颜色等）暗淡的,忧郁的,严峻的",4
9786,containment,"牵制,包含,容量,密闭度",4
9787,robber,强盗，盗贼,4
9788,engulf,"吞没,包住,吞食,狼吞虎咽",4
9789,unsettle,"扰乱,使不安定,被扰乱",4
9790,malpractice,"<律>玩忽职守,[医]治疗不当，滥治,弊端,藏掖",4
9791,subtly,隐隐约约地,4
9792,generating,"发生，产生,生（儿、女）( generate的现在分词 ),（通过物理或化学过程）发生,生成,引起",4
9793,magnify,"放大,赞美,夸大,夸奖,有放大能力",4
9794,admirer,"赞赏者,羡慕者,崇拜者,（女子的）爱慕者",4
9795,bilingual,"双语的，两种语言的，能说两种语言的,能说两种语言的人",4
9797,misguided,"被误导的,搞错的,误入歧途的,使入歧途(misguide的过去分词)",4
9799,cd-rom,"[]  [],[计](=Compact disc read-only memory)（信息容量极大的）光盘只读存储器",4
9800,mailing,"<美>邮寄,投递,邮件,<苏格兰>农场租金,邮寄( mail的现在分词 )",4
9802,deity,"神，女神,上帝",4
9803,sinister,"危险的,不吉祥的,凶兆的,险恶的",4
9804,metabolism,"新陈代谢,代谢作用",4
9805,outburst,"（蒸汽，怒气等的）爆发,破裂",4
9806,ascertain,弄清，确定，查明,4
9807,warranty,"保证，担保,[法]（商品等的）保单,根据，理由,授权，批准",4
9808,auditorium,"观众席，听众席,礼堂，会堂",4
9809,juggle,"用…玩杂耍，边抛边接,歪曲，篡改,欺骗,失去平衡,玩杂耍,耍花招,花招，骗局",4
9810,plainly,"明显地，清楚地,简单地,朴素地,平坦地",4
9811,casket,首饰盒，匣子，<美>棺材,4
9812,deflect,"使歪斜,使弯曲,偏转，偏离",4
9813,defiance,"蔑视,挑战,反抗",4
9814,poisoning,"中毒，毒害，投毒,毒死( poison的现在分词 ),污染,放毒于,对…有不良影响",4
9815,starvation,"挨饿,饥饿,饿死,绝食",4
9816,plentiful,"丰富的,富产的,丰饶的,充沛",4
9817,caretaker,"看门人,看管着,守护者,暂时代理的，临时的",4
9818,microscopic,"显微镜的,用显微镜可看见的,微小的,细微的",4
9819,defining,"规定( define的现在分词 ),使明确,精确地解释,画出…的线条",4
9820,mower,"割草机,割草的人",4
9821,lofty,"高耸的，巍峨的,高尚的,傲慢的",4
9822,rusty,"生锈的，腐蚀的,铁锈色的，锈色的,变钝的,褪了色的",4
9823,staggering,"难以置信的，令人震惊的,蹒跚的,犹豫的,难以置信地，令人震惊地,蹒跚(stagger的现在分词),使…感到震惊[担心],错开",4
9824,incarnation,"化身,前身,典型体现",4
9825,limousine,"豪华轿车,大型豪华轿车,接送旅客的交通车",4
9826,amplify,"放大，扩大,增强,详述,引申,发挥",4
9827,horrify,使震惊，使感到恐怖,4
9828,meager,"瘦的,粗劣的,不足的,贫乏的",4
9829,pollen,"花粉,[虫]粉面,传授花粉给,用花粉掩盖",4
9830,grunt,"作呼噜声,（指人）发出类似的哼声,咕哝着说,发哼声，咕哝,（猪等的）呼噜声,咕哝，牢骚",4
9831,fume,"烟气，烟雾,愤怒，烦恼,冒烟,发怒,用烟熏,烘制（木材等）",4
9832,shear,"剪羊毛,切断,剪切,剥夺,修剪,穿越,[力]切变,大剪刀,剪下的东西,[力]切力",4
9833,self-confidence,"自信,自信心",4
9834,terrestrial,"陆地的,地球的,人间的,<天>类地行星的,地球人，陆地生物",4
9836,seeker,"搜索者，探求者,搜查人,自动导引的弹头",4
9837,snowy,"下雪的,被雪覆盖的,雪白的，洁白无瑕的,多雪的",4
9838,luminous,"发光的,明亮的,清楚的,辉赫",4
9839,guitarist,吉他弹奏者,4
9840,inauguration,"就职,就职典礼,开始,开创",4
9841,maritime,"海的,海事的,海运的,船舶的",4
9842,dryer,"干燥机,烘干机,干燥剂,干燥工,更干的( dry的比较级),干性的,干咳的,无趣味的",4
9843,foyer,"休息室,（戏院或旅馆的）门厅，前厅",4
9844,breaking,"破坏，阻断,打破，折断，弄坏( break的现在分词 ),（使）破,打破（纪录）,（常指好天气）突变",4
9845,dent,"凹痕，凹部,齿,减少，削弱,[名]登特,使产生凹痕,削弱,打击，破坏,产生不好的影响,出现凹痕,产生凹陷,凹进去,削减",4
9846,modernist,"现代主义者，现代派,现代主义艺术家",4
9847,rot,"腐烂，腐朽,（使）腐烂，（使）腐朽",4
9848,permeate,"弥漫,遍布,渗入,渗透,感染，传播,渗入，遍及,贯穿,穿透某物",4
9849,remotely,"遥远地,偏僻地,冷淡地,极小地",4
9850,late-night,深夜的，午夜的,4
9852,alienation,"离间,疏远,（觉得周围环境与自己格格不入的）疏离感,离心离德",4
9854,pollster,"民意调查（分析）者,整理民意测验结果的人",4
9855,bash,"痛击，猛击,严厉批评,怒殴,严厉地，威胁地批评指责,重击，猛撞,痛快的玩乐[消遣],<英方>尝试",4
9856,loophole,"漏洞,枪眼,观察孔",4
9857,jug,"n.大罐，壶，一大罐（壶）的容量,用陶罐或坛子煮，炖，煨,把…关进监狱",4
9859,acquaint,"使熟悉,使认识,把某事通知某人，告知",4
9861,perk,"（使）活跃,竖起，翘起,振作,滤煮,额外津贴，外快",4
9862,statistic,"统计资料中的一项,（一项）统计数据,统计量,（对总体具有代表性的）典型统计论,统计（上）的，统计学（上）的",4
9863,skater,滑冰者,4
9864,afflict,"使受痛苦,折磨,使苦恼",4
9865,defiant,"挑衅的,蔑视的,大胆的,目中无人的",4
9866,amass,积累，积聚,4
9867,managed,"使用( manage的过去式和过去分词 ),完成（困难的事）,经营,明智地使用（金钱、时间、信息等）",4
9868,apiece,"每个,每件,每人,各自地",4
9869,slum,"贫民窟，贫民区,（因好奇而）逛贫民区",4
9870,taxation,"课税,征税,税,税收",4
9871,browse,"浏览,吃草,随意翻阅,放牧",4
9872,soaring,"[]  [],高飞的，翱翔的,高耸的,高飞（ soar的现在分词 ）,猛增,（音乐）升高,高耸",4
9873,licensing,批准，许可，颁发执照( license的现在分词 ),4
9874,swollen,"膨胀的,肿起的,涨满的,增强，肿胀，鼓起(swell的过去式和过去分词)",4
9875,traverse,"穿过,横贯，横切,横木,[建]横梁,横越，横贯,通过,[法]否认，反驳,[木工]横刨,来回移动,旋转,横越,横贯的,横切的",4
9876,tan,"黄褐色，棕黄色,鞣料,马戏团,晒黑的皮色,（使）晒成棕褐色,鞣（革）,晒成棕褐色,黄褐色的，棕黄色的,鞣皮的",4
9877,protector,"防护器，保护装置,保护者,护国公,[英史]摄政者",4
9878,inefficient,"无效率的，无能的,不称职的,徒劳的",4
9879,implicitly,"含蓄地,暗示地,无疑问地,无保留地",4
9880,prominently,显著地，重要地,4
9881,unto,"对，向,直到,在…旁边",4
9882,cyclist,骑自行车（脚踏车）的人,4
9883,oppressive,"沉重的,压迫的,压抑的,沉闷",4
9884,thermometer,"温度计,体温表",4
9886,savvy,"知道，了解,机智,头脑,理解,悟性,有见识的，懂实际知识的，通情达理的",4
9887,arousal,"觉醒,激励",4
9888,finite,"有限的,[语]限定的,[数]有穷的，有限的,有限性,有限的事物",4
9889,mow,"刈，割,扫射,皱眉头,扮鬼脸,干草堆,干草堆积处,鬼脸",4
9890,disdain,"鄙视，轻蔑,鄙视,不屑于做，不愿意做",4
9891,cape,"斗篷,披肩,海角,岬",4
9892,unnatural,"不自然的，做作的,奇异的,不真诚的,违背人性的，变态的",4
9895,trafficking,"[]  [],非法交易",4
9896,impart,"给予,告知，透露,传授",4
9898,parachute,"降落伞,降落伞状物,[植]风散种子,用降落伞投送,用降落伞降落,跳伞",4
9899,vibrate,"（使）振动[颤动],摆动,犹豫,激动",4
9900,comer,"来者,有成功希望的人",4
9901,poignant,"尖锐的,辛酸的,深刻的,（记忆）活鲜鲜的",4
9902,precursor,"前辈，前驱，先锋，前任,预兆，先兆，初期形式,[核]前驱波，初级粒子,预报器",4
9903,discontent,"不满，不平,不愉快,不满的人,不满的,不安分的,不快的,使不满意,使不快",4
9904,swoop,"（鹰）俯冲，猛冲,突然扑向,出其不意的抓起,飞扑，攫取,[航]下扑",4
9905,marketer,"市场商人,市场营销人员,<美>在市场中买卖的人",4
9906,speedy,"快的，迅速的,敏捷的",4
9907,hippie,"嬉皮士,嬉皮模样的年青人,希比派,嬉皮的",4
9908,cleansing,"清洁，使清洁的人或物,有去污作用的,弄干净，清洗( cleanse的现在分词 )",4
9909,statutory,"法定的，法令的,依照法令的,可依法处罚的",4
9911,amuse,"使人发笑,逗乐,使消遣,娱乐",4
9912,eclectic,"折衷的,选择的,折中主义者",4
9913,vinyl,"[化]乙烯基,黑胶唱片",4
9914,underline,"在…下面画线,加强，强调,下划线,下期节目预告,图下说明文字",4
9915,intimidation,恫吓，恐吓，胁迫,4
9916,dissident,"持异议者，公开大唱反调者，持不同政见者,持不同意见的（人）",4
9917,hiker,远足者，长途旅行者,4
9918,close-up,"[影视]特写镜头,〈美俚〉精密观察,小传",4
9919,mileage,"英里数，里程,好处，利润,（按英里计算的）运费,〈美〉（公务员出差时）按英里支付的旅费",4
9920,coaster,"沿岸贸易船,杯托,雪橇",4
9921,treadmill,"踏车,单调的工作,（锻炼身体的）跑步机",4
9922,relegate,"使降级,使降职,转移,把…归类",4
9923,faintly,"微弱地,隐约地,虚弱地,有点",4
9924,motivated,"有动机的，有目的的,有积极性的,作为…的动机，激发，诱发( motivate的过去式和过去分词 )",4
9925,browser,"浏览程序,浏览器（用于在互联网上查阅信息）,浏览图书报刊者,逛商店的人",4
9926,centralized,"集中的，中央集权的,使处于中央的控制之下，把…集中于中央( centralize的过去式 )",4
9927,snag,"小困难或障碍,突出物,钩丝,戳坏,抓住,清除暗桩,妨碍,被戳坏",4
9928,geologist,地质学家，地质学者,4
9929,pundit,"有学问的人,评论员",4
9930,stained,"玷污的，褪色的,（使）染色( stain的过去式和过去分词 ),褪色，变污,玷污，败坏（名声）",4
9931,newfound,新发现的，新得到的,4
9933,abdomen,"腹部,[虫]腹部,下腹,腹腔",4
9934,speculative,"投机的,思考的,推理的，揣摩的",4
9935,conspire,"搞阴谋,协力促成,阴谋策划",4
9936,prescribed,"规定的，法定的,开药方( prescribe的过去式和过去分词 ),指示,规定,指定遵守",4
9938,bearded,"（男子）有胡须的,（植物）有芒的,（鱼钩等）有倒刺的,（编结针等）有钩的",4
9939,partition,"划分，分开,分割,隔离物,隔墙,分开，隔开,区分",4
9940,uniformed,"穿制服的，穿军服的,使统一，穿制服(uniform的过去式和过去分词)",4
9941,shadowy,"朦胧的,似影子的，模糊的,虚无的,影影绰绰",4
9942,oust,"驱逐，罢黜,取代,剥夺",4
9943,deterrent,"制止物,威慑物,制止的,遏制的",4
9944,reserved,"预订的,矜持的,储藏着的,保留[储备]某物( reserve的过去式)",4
9945,swelling,"肿胀,膨胀,增大,肿胀(swell的ing形式),增强,骄傲，自满",4
9946,sly,"狡猾的，狡诈的,暗中的，偷偷摸摸的,顽皮的，淘气的,<方>灵活的，巧妙的",4
9947,hairy,"多毛的,毛制的，仿毛的,[俚] 险象环生的，危险的",4
9948,pioneering,"首创的,先驱的,开创性的,pioneer的现在分词",4
9949,entice,"诱惑,怂恿",4
9950,squarely,"直角地，笔直地,规规矩矩地，公正地,干脆地,成方形",4
9951,quantify,"确定…的数量,[逻辑学] 用量词限定",4
9952,postseason,赛季后,4
9953,communion,"交流，恳谈,共享，共有,宗教团体,圣餐仪式",4
9954,recurring,"再发生，复发( recur的现在分词 ),再现",4
9955,silicon,"<化>硅,硅元素",4
9956,interpretive,作为说明的，解释的,4
9957,prom,正式舞会，毕业舞会,4
9958,marrow,"骨髓,脊髓,滋养品,〈英〉食用葫芦",4
9959,denote,"指代,预示,代表,意思是",4
9960,orbital,"轨道的,眼窝的",4
9961,occupied,"已占用的，在使用的，无空闲的,占领( occupy的过去式和过去分词 ),使用,使从事,任职",4
9962,platinum,"[化学] 铂，白金,唱片集达100万张的销售量,银灰色,唱片集已售出100万张的",4
9963,self-conscious,"害羞的，不自然的,忸怩的,<哲><心>有自我意识的,自觉的",4
9964,radiant,"照耀的,辐射的,容光焕发的,光点,[天]流星群的辐射点",4
9965,timeless,"永恒的，永久的,不受时间影响的,长期有效的,不合时宜的",4
9966,storyteller,"讲故事的人，说书人,故事作者",4
9967,stitch,"（缝纫或编织中的）一针,缝法,衣服,（缝合伤口的）缝线,缝,缝补,缝合裂口,缝缀,缝针，缝纫",4
9968,demolish,"摧毁，拆毁（建筑物等）,毁坏，破坏,推翻,驳倒（论点、理论等）",4
9970,backbone,"脊梁骨，脊椎,分水岭,支柱,决心，毅力",4
9972,nope,不，不是,4
9973,berth,"（船、列车等的）卧铺,（船舶的）停泊位或锚位,（轮船上的）住处,安全距离,停泊,供给舱位,为…提供铺位,使就职,占铺位",4
9975,semifinal,半决赛,4
9976,transnational,影响数国的，数国参与的，跨国的,4
9977,seminary,"神学院,中等学校,神学院学生",4
9978,loaded,"载重的，有负荷的,充满…的,〈美俚〉喝醉了的,〈美俚〉富有的,把…装上车[船]( load的过去式),装…",4
9979,checkpoint,检查站，车站的行李房,4
9980,authorization,"授权，批准,批准（或授权）的证书",4
9981,receptor,"[生]感受器，受体,[电]感受器，接收器,[化]接受器,感觉器官",4
9982,furiously,"狂怒地,狂暴地，猛烈地,气势汹汹,怒冲冲",4
9984,greasy,"油腻的,谄媚的,含脂肪多的",4
9985,bonding,"黏结,连[搭，焊，胶，粘]接，结[耦，焊，接]合，压焊,砖石砌体砌合",4
9988,populist,"平民主义者,平民论者,平民党党员,民粹主义者,平民主义的,平民化的",4
9989,devoid,缺乏，没有,4
9990,chaplain,"（王宫等的）附属教堂牧师,（军队、医院、监狱等的）牧师,犹太教教士,（在社团等会议上）执行宗教仪式的牧师（或俗人）",4
9991,armchair,"扶手椅,脱离实际的,安逸的",4
9992,immoral,"不道德的,邪恶的,猥亵的,悖德",4
9993,grieve,"使伤心,使悲伤,伤心,悲伤",4
9994,bathtub,浴缸，澡盆,4
9996,walkway,"走道,人行道",4
9997,supernova,（天文）超新星,4
9998,assorted,"各式各样的,五颜六色的,混杂的",4
9999,receptive,"善于接受的,能容纳的,有接受力的,感受的，感官的",4
10000,voltage,电压，伏特数,4
10001,finale,"[乐]终曲,结局，大团圆,最后一场，最后乐章,尾声",5
10002,heading,"标题，题名,信头,[航]航向,斩首,用头顶(head的现在分词)",5
10003,vigor,"<美>（法律上的）效力,智力,（语言等的）气势,（动，植物的）强健",5
10004,scarcity,"不足，缺乏,稀少,萧条",5
10005,darkened,变暗，转黑,5
10006,stiffen,"（使）变硬，（使）强硬,使绷紧,使猛烈,使粘稠",5
10007,quarry,"采石场,猎物,正方形，菱形,来源,挖出,努力挖掘,费力地找",5
10008,pediatrician,小儿科医师,5
10009,uninsured,未保险的,5
10010,incompetent,"无能力的,不胜任的,不适当的,无能者,不胜任者",5
10011,harness,"马具，挽具,背带,系带,利用,给（马等）套轭具,控制",5
10012,dissipate,"驱散,使消散,浪费，挥霍,耗尽,消散,放荡，挥霍",5
10014,leftover,"剩余的,未用完的,吃剩的,剩余物,残羹剩菜",5
10015,mahogany,"桃花心木，红木,赤褐色，红褐色,餐桌,搀蜜的杜松子酒",5
10016,publicize,"宣传,推广,宣扬,传播",5
10017,drizzle,"下蒙蒙细雨，下毛毛雨,蒙蒙细雨，毛毛雨",5
10018,wallpaper,"壁纸，墙纸,用（或好象用）壁纸盖住,糊墙纸",5
10019,fatality,"灾祸,死亡（事故）,宿命,致命性",5
10021,obscene,"淫秽的,下流的,猥亵的,可憎的",5
10022,visibly,显然，明显地,5
10023,oxide,[化]氧化物,5
10024,bulge,"膨胀,凸出部分,暴涨，突增,凸出,急增",5
10025,coercion,"强迫,高压政治,强制,威压",5
10026,locale,（事件发生的）场所或地点,5
10027,reimbursement,"退还，偿还,补偿,赔偿",5
10028,diocese,主教管区，教区,5
10030,ventilation,"空气流通,通风设备,通风方法,公开讨论",5
10031,ensuing,"（只用于名词前）接着发生的,接踵而至的,接着发生，因而产生( ensue的现在分词)",5
10032,subordinate,"级别或职位较低的,下级的,次要的,附属的,部属,部下，下级,使…居下位，使在次级,使服从,使从属",5
10033,manure,"肥料，粪便,施肥",5
10034,bidding,"（尤指拍卖中的）出价,<非正>请求,投标,召唤,出价，投标( bid的现在分词 ),恳求,命令,说（问候话）",5
10035,tenet,"原则,信条,教义",5
10037,pessimistic,"悲观的，厌世的,悲观主义的",5
10039,turbulent,"骚乱的，混乱的,激流的，湍流的,吵闹的,强横的",5
10040,longitudinal,"经度的,纵向的,纵的,纵观的",5
10041,cynicism,"讥笑，讥讽的言词,愤世嫉俗,玩世不恭,犬儒哲学，犬儒主义",5
10042,ethnographic,人种志的,5
10043,good-looking,"好看的,美貌的,标致的,丰采",5
10044,affirmation,"肯定,确认,证实,批准",5
10045,combustion,"燃烧，烧毁,氧化,骚动",5
10046,inviting,"吸引人的，诱人的,引人注目的,邀请(invite的现在分词)",5
10047,rustic,"乡村的，乡下的,质朴的，朴素的,粗鲁的,圆木造的,乡下人，农夫,粗汉",5
10049,invader,"侵略者,侵入者,侵犯者,侵入物",5
10050,holistic,"全盘的，整体的,功能整体性的",5
10051,light-year,<天>光年,5
10052,discrete,"分离的，不相关联的,分立式,非连续",5
10053,straddle,"叉开腿,跨坐,不表明态度,[军]向（目标）作夹叉射击[轰炸],观望,[军]夹叉射击[轰炸]",5
10054,mantle,"覆盖物,幕,披风,斗篷,覆盖",5
10056,aggravate,"加重，使恶化,使恼火,激怒",5
10057,norwegian,"挪威人,挪威语,挪威人的,挪威的，挪威语的",5
10059,insanity,"疯狂,精神失常,精神病",5
10061,exaggerated,"夸大的，言过其实的,过大的，逾常的,（使）扩大( exaggerate的过去式和过去分词)",5
10062,cornerstone,"奠基石,基础,最重要部份,柱石",5
10063,geometric,"几何学的,成几何级数增减的,几何装饰的",5
10064,seductive,"诱惑的，引诱的,有魅力的,性感的,引人注意的",5
10065,luncheon,"午餐,午餐会,午宴,两餐之间吃的一点食物",5
10066,called,"叫( call的过去式和过去分词 ),通电话,认为,估计",5
10067,problem-solving,[]  [],5
10068,wreath,"花环,花圈,（烟、云等的）圈状物,环状物,环绕",5
10070,proprietary,"专有的，专利的,所有（人）的,（商品）专卖的,所有权，所有物,所有人,专卖药品,独家制造（及销售）的产品",5
10071,troublesome,"令人讨厌的,令人烦恼的,引起麻烦的,（孩子等）难管的",5
10072,enclosure,"圈占,围绕,圈占地,附件",5
10073,disposable,"一次性的，可任意处理的,用后就抛弃的,免洗的,可供使用的,〈美口〉使用后随即抛掉的东西（尤指容器等）",5
10074,gloomy,"黑暗的,令人沮丧的,前景黯淡的,悲观的，阴郁的",5
10075,scribble,"潦草地书写,乱写，胡写,滥写（文学作品等）,[印，纺]粗梳,潦草书写,乱写,拙劣文字,粗制滥造的文章,乱写，乱涂",5
10076,warhead,（尤指导弹的）弹头,5
10077,sling,"吊索，鞋带,投石器,投掷,[医]悬带,吊起，悬挂,遣送，押往",5
10078,kinda,有一点，有几分,5
10079,wooded,"多树木的，长满树木的,木质…的",5
10080,flop,"（指书、戏剧等）彻底失败,（因疲惫而）猛然坐下,（笨拙地、不由自主地或松弛地）移动或落下,砸锅,笨拙地抛下,<非正>失败,扑通一声",5
10081,typewriter,打字机,5
10083,amidst,"在…中,在…的包围中",5
10084,annoy,"打扰,干扰,使烦恼,使恼怒,惹恼，令人讨厌，打搅,烦恼（等于annoyance）",5
10086,molest,"骚扰，干扰,调戏，（对女性）动手动脚,妨害",5
10087,ambivalence,"矛盾情绪,矛盾心理,摇摆,犹豫",5
10088,nighttime,"夜间,夜间发生的",5
10089,para,<口>帕拉胶,5
10090,flux,"[物]流量,流出,熔解,不断的变动,熔化",5
10092,query,"问题,疑问,询问,问号,质疑，对…表示疑问,表示怀疑",5
10093,torn,"撕( tear的过去分词),扯裂,破损",5
10094,blizzard,"暴风雪,大量",5
10095,condemnation,"谴责,定罪,谴责（或定罪）的理由,征用",5
10096,warm-up,"准备动作，热身,（使）加温，（使）变暖",5
10097,indicative,"象征的,指示的，表示的,[语]陈述的，直陈的,[语]陈述语气",5
10098,umpire,"裁判员,仲裁人,为…做裁判,裁决或判决,做仲裁人，当裁判",5
10100,managerial,"经理的,管理上的",5
10101,imprisonment,"关押，监禁,“imprison”的派生",5
10102,gothic,"gothic script or gothic type 哥特式书写体,哥特体",5
10103,tidy,"整洁的，整齐的,（数量）相当大的,相当好的,健康的,盛零碎物品的容器,椅子的背罩,使整洁,弄整齐,使有条理,整理，收拾",5
10104,hard-core,"硬（果）心的,特别坚定的,低级色情的,核心力量,铁杆分子",5
10105,revel,"陶醉,狂欢作乐,扬扬得意,狂欢，作乐,喧闹的宴会或庆典",5
10106,humorous,"幽默的,滑稽的,风趣的,谐",5
10107,blackness,"黑色,黑人民族性,阴郁,邪恶",5
10108,impaired,"受损的,出毛病的,有（身体或智力）缺陷的,损害，削弱( impair的过去式和过去分词 )",5
10109,vista,"远景,狭长的街景,追溯往事,展望，回顾",5
10110,melon,"甜瓜,圆鼓鼓像瓜似的东西",5
10112,lagoon,"环礁湖,泻湖,咸水湖",5
10113,worn,"穿旧的，用旧的,穿坏的，用坏的,筋疲力尽的,wear的过分词",5
10114,unavailable,"难以获得的,不能利用的",5
10115,dysfunctional,功能失调的,5
10116,forgotten,"忘记( forget的过去分词 ),不再想,忘记做（或带、买等）,不再考虑…的可能",5
10117,buyout,"全部买下,买下（公司或产业）",5
10118,scorer,"（体育比赛时的）记分员,得分或进球的运动员,刻划痕迹的人,算账的人，账房",5
10120,unmistakable,不会弄错的，不会误解的,5
10121,divisive,"离间的,造成不合的,制造分裂的",5
10123,sensational,"轰动的,耸人听闻的,极好的,绝妙的",5
10124,soundtrack,"声道,音带，声带,声迹,电影配音",5
10125,beware,"当心,提防",5
10126,condominium,"公寓,一套公寓住房,公寓的单元",5
10127,pertinent,"有关的，相干的,恰当的，中肯的,关于…的,切题的",5
10128,wrath,"愤怒,激怒",5
10129,shimmering,闪闪发光，发微光( shimmer的现在分词 ),5
10130,decor,"布置，装饰,布景,装饰风格",5
10131,wiring,"配线，布线,[电]接线，架线,线路,[医]金属线缝合术,装电线(wire的现在分词)",5
10133,insofar,在这个范围，到这种程度,5
10134,presumption,"推测，设想,放肆，傲慢,<律>推定",5
10135,smoky,"多烟的,冒烟的,有烟熏味的,烟状的",5
10136,usefulness,"有用，有益，有效,效能",5
10138,unanswered,"未予答复的,无反应的,无回报的",5
10139,vocation,"职业，使命,神召，天命",5
10140,bullshit,"胡说,胡说，哄骗",5
10141,pulpit,"（教堂中的）讲坛，神职人员（教士牧师）,高架操纵台,（捕鲸船的）标枪舌,〈英俚〉飞机驾驶员座位",5
10142,downplay,"贬低，轻视,不予重视,将…轻描淡写",5
10143,vineyard,"葡萄园,工作场所,苦心经营的地方",5
10144,worldview,"看,视力,观点,目的",5
10145,connected,"连接的，有关系的，有联系的,连贯的,有血统[婚姻]关系的,连接( connect的过去式和过去分词)",5
10146,obedience,"遵守,顺从,服从,（教会的）权威",5
10147,tart,"酸的，辛辣的,尖刻的,严厉的,果馅饼,轻佻的女人,妓女,小妞,将某人打扮得妖艳，将某物装饰得俗气",5
10148,endow,"捐赠，资助,赋予，赐予",5
10149,equitable,"公正的，公平的,平衡法的,义,合理",5
10151,logistics,"后勤,逻辑学,物流,组织工作",5
10152,flinch,"退缩,畏惧",5
10153,photon,<物>光子，光量子,5
10155,utilization,利用，使用，效用,5
10156,disseminate,散布，传播,5
10157,acknowledgment,承认，承认书，感谢,5
10158,witty,"诙谐的,机智的,会说俏皮话的,聪明的",5
10159,racket,"（网球等）球拍,〈美俚〉勒索金钱，讹诈，敲诈，骗局,（四周有围墙的）拍打回力网球，硬壁回力球,喧骚，吵闹，嚷闹，扰嚷，喧骚嘈杂的集会，狂欢,嚷闹，吵闹，纵情欢闹,用球拍打",5
10160,rounded,"圆形的,丰满的,全面的,[语]圆唇的,round的过去式和过去分词",5
10161,favored,"受到优待的,有天赋的,受优惠的,有利的,支持( favor的过去式和过去分词 ),赞成,照顾,促成",5
10163,waterfront,"海滨，江边,装在火炉前部的热水缸",5
10164,anyhow,"总之,无论如何,不管怎样,随随便便",5
10165,injunction,命令，禁令，强制令,5
10166,fret,"[建筑]回纹饰，状饰物,烦躁，烦恼,腐蚀处，磨损处,弓上木头的毛病,磨损，腐蚀,焦急,使烦恼,用回纹装饰,烦恼,磨损",5
10167,moss,"苔藓,藓沼,莫斯（男子名）,泥炭沼,以苔藓覆盖,使长满苔藓,[宇](=manned orbital space station)载人轨道航天站",5
10169,rapist,强奸犯,5
10170,careless,"粗心的,无忧无虑的,漫不经心的，不介意的,淡漠的",5
10171,rigor,"严格,严酷,严密,（由惊吓或中毒等导致的身体）僵直",5
10172,abandonment,"放弃,抛弃,遗弃,放任",5
10173,marking,"标记，记号,（支票的）认付,斑纹,批改，打分,作记号,在…留下痕迹,给…打分,注意,赋与特征的,使显眼的",5
10174,observed,"观察，研究( observe的过去式和过去分词 ),遵守,（尤指为科学目的的）观察,看到",5
10175,suspended,"暂停的，缓期的（宣判），悬浮的,悬( suspend的过去式和过去分词 ),延缓,暂停,使暂时停职（或停学等）",5
10176,flatter,"奉承,自命不凡,使显得更漂亮",5
10177,altered,"[]  [],[医]改变的,改变，更改( alter的过去式和过去分词 )",5
10178,stale,"陈腐的,不新鲜的,走了味的,变陈旧,变得不新鲜,（牛马、骆驼等）撒尿,（牛马、骆驼的）尿",5
10179,finishing,"最后的，完工的,结尾,结束,完成,修整,结束，完成( finish的现在分词 )",5
10180,showing,"（电影、电视节目等的）展映,放映,（在某事件中或某一期间的）表现,表演,给…看( show的现在分词 ),表现出,显露出,上演",5
10181,serum,"<医>血清，血浆,浆液，树液,乳清",5
10182,fetal,胎儿的，胎的,5
10183,runaway,"逃走的，逃亡的,私奔的,失去控制的,物价飞涨的,逃跑，逃亡,逃走者，逃亡者,脱缰之马,失控",5
10184,lapse,"小错，疏忽,行为失检，失足,流逝,[法]（权利等的）失效，消失,退步,陷入，堕入,失效，终止,[法]转归",5
10185,errand,"差使,差事,使命",5
10186,ballistic,"弹道学的,发射学的,飞行物体的",5
10187,levee,"堤,早朝,<美>总统或其它高级官员所举行的招待会,专为某人举行的招待会",5
10190,sucker,"容易上当受骗的人,酷爱…的人,吸盘,玩意儿,欺骗,诱骗",5
10191,frying,"油炸，油煎( fry的现在分词 ),皮肤晒黑,煎炸,油发",5
10192,short-lived,"短命的,短暂的，一时的,无常的",5
10193,kitten,"小猫,小动物,产小猫",5
10194,traitor,"卖国贼,叛徒,背叛者,背信弃义的人",5
10195,barge,"驳船,游艇,游览汽车,（鲁莽而笨拙地）闯入,蹒跚前进,用驳船运，乘驳船去",5
10196,unconventional,"非传统的,非常规的,不依惯例的,通脱自喜",5
10198,envoy,"使节，外交官,全权公使,谈判代表,书后，结尾诗节",5
10200,chromosome,<生>染色体,5
10201,driven,"奋发努力的,发愤图强的,受…影响的,由…造成的,驾驶（drive的过去分词）",5
10202,realist,"现实主义者，写实主义者,[哲]实在论者，唯实论者",5
10203,psychiatry,"精神病学,精神病治疗法",5
10205,chopper,"[电子] 斩波器,斧子，斧头,切碎机,<俚>直升机,用直升机运送,乘直升机飞行",5
10206,rehab,"修复,复兴,恢复名誉,复职",5
10208,judiciary,"司法部,（总称）法官，审判官,司法制度,法院的，审判员的,司法的",5
10210,analog,"类似物，同源语,<电脑>模拟,（钟表）有长短针的,<电脑>模拟的",5
10211,espouse,"拥护,赞助,嫁娶",5
10212,showdown,"摊牌,一决胜负,紧要关头",5
10213,lame,"跛的，瘸的,僵痛的,差劲的，无说服力的,蹩脚的,变跛,使跛，使残废,把…弄残废,（金属）薄板，薄片,（古代护身甲上的）重叠金属片",5
10214,scientifically,合乎科学地,5
10215,re-establish,"[]  [],重建,重新建立,恢复,重新安置",5
10216,graveyard,墓地,5
10217,midtown,"市中心区的，位于市中心区的,市中心区（商业区和住宅区的中间地）",5
10218,journalistic,"新闻工作者的,新闻业的",5
10219,improvisation,"即兴创作，即兴演说,即兴作品,急就章",5
10220,iceberg,"冰山,（事物全貌的）一小部分,冷若冰霜的人",5
10221,rodent,"[动]啮齿目动物,咬的，嚼的,<动>啮齿目的,[医]侵蚀性的",5
10222,markedly,"显著地,引人注目地",5
10223,mike,"通过话筒传送,(=microphone)<口>话筒，扩音器",5
10224,yeast,"酵母（菌）,酵母粉，酵母饼，酵母片,泡，泡沫,动乱，激动,发酵,起泡沫",5
10225,powdered,"变成粉的,涂了粉的,〈美俚〉喝醉了的,“powder”的过去式和过去分词",5
10226,thy,（旧式用法）你的(thou的所有格),5
10228,thump,"重击，捶击,步履沉重地走,（心脏等）扑扑地跳,砰地撞到,砰的重击声,（电话中的）电报噪音,[无线]键击噪音",5
10229,parrot,"鹦鹉,应声虫，学舌者,机械模仿别人的人,机械地重复,随声附和,死背,做…的应声虫",5
10230,divinity,"神，上帝,神性,神学,神圣，尽善尽美",5
10231,traction,"拖拉,牵引力,附着摩擦力",5
10233,tempo,"[乐]速度，拍子,（运动或活动的）速度，进度,（下棋的）一着，一步",5
10234,enrichment,"丰富,改进,肥沃,浓缩",5
10235,hegemony,"霸权,霸权主义,领导权,盟主权",5
10236,adherence,"依附,坚持,忠诚,密着",5
10237,strew,"撒在…上,散落于,点缀,撒满",5
10238,paralysis,"麻痹，瘫痪,中风,无能，无气力",5
10239,wilt,"（使）凋谢，（使）枯萎,使畏缩,使衰弱,枯萎,憔悴",5
10240,flowing,"流动的， （轮廓等）圆滑的，下垂的,流( flow的现在分词 ),垂,流出,（谈话、文体等）流畅",5
10241,termination,"终止妊娠,结束,终止处,结局",5
10242,faulty,"错误的,有错误的，有过失的，有缺点的,不完美的",5
10244,unfairly,"不公平地，不公正地,不正当地",5
10246,acquit,"宣判无罪,除去责任或义务,表现，履行,付清，还清",5
10247,promised,"[]  [],(promise的过去式或过去分词形式),承诺,允诺,答应,允诺( promise的过去式和过去分词 ),有…希望,预示",5
10248,forceful,"强有力的,有说服力的,有效的,强劲",5
10249,bland,"温和的，和蔼的,平和的,味道温和的,无动于衷的",5
10250,pediatric,小儿科的,5
10252,emblem,"象征，标记,纹章，徽章,标记，典型,〈古〉寓意画,象征,用象征表示,用图案（符号）表示",5
10253,convergence,"集收敛,集合,会聚,[气]辐合",5
10254,homage,"敬意,效忠,顺从",5
10255,gateway,"门,入口,途径",5
10256,deserted,"（ 地方） 无人居住的,空寂无人的,被抛弃的,被遗弃的,舍弃( desert的过去式和过去分词 ),废弃,（在需要时刻）背离,擅离（职守、工作岗位、现役等）",5
10257,template,"样板,模板,型板",5
10258,congratulations,"祝贺,贺词,祝词",5
10259,botanical,植物学的,5
10260,tack,"[航]食物,劣质材料，赝品,方针，方法,航向,用平头钉钉,附加，增补,帆船抢风行驶,用粗线脚缝",5
10262,password,"（进入房间、建筑或某个地区的）口令,<计>（使用计算机操作系统的）密码",5
10263,sailing,"帆船运动,（乘帆船的）航行,（轮船的）航班,驾驶( sail的现在分词),起航,坐船旅行,掠,航行的",5
10264,thriving,"兴旺的，旺盛的，繁荣的,兴盛，兴隆( thrive的现在分词 ),长得健壮",5
10265,fed,"(F-)<美，非正>（美国）联邦政府执法官员，（尤指）联邦调查局调查员,feed的过去式和过去分词,喂养( feed的过去式和过去分词 ),满足（欲望等）,向…提供,供…作食物",5
10267,aboriginal,"原产的，原始的,土著人的,土著居民,土生生物,澳大利亚土著",5
10268,unification,"统一，联合,一致",5
10269,wane,"衰落,（月）亏，缺,结束,变暗淡,衰退,衰退期,月亏期,缺角方木",5
10270,adjustable,可调整的，可调节的,5
10271,displaced,"移动( displace的过去式和过去分词 ),替换,移走,撤职",5
10273,stakeholder,"股东,利益相关者,赌金保管者",5
10274,willow,"柳树,柳木制品,用打棉机打开和清理",5
10275,savage,"未开化的,野蛮的,凶猛的,残忍的,（动物）凶狠地攻击（或伤害）,残害,猛烈批评,激烈抨击,未开化的人，野蛮人,野兽,<美>有拘捕狂的警察",5
10276,clipping,"剪下物,剪报,剪辑,零头衣料,剪的,<口>快速的,<俚>头等的,恰好的,用别针别在某物上，用夹子夹在某物上( clip的现在分词),剪掉,缩短,给…剪毛（或发）",5
10277,mashed,"[]  [],把…捣成泥，压碎( mash的过去式和过去分词 ),烂",5
10278,clinician,临床医生，门诊医师,5
10279,styling,款式，式样,5
10280,mantra,"颂歌，圣歌,咒语",5
10281,pickle,"腌渍（泡菜等）,腌菜，泡菜,腌制食品,遇到麻烦，处于困境",5
10282,immensely,"极大地，广大地,无限地，庞大地,〈口〉非常，很,“immense”的派生",5
10283,patronage,"资助，赞助,光顾，惠顾,任免权,支援，保护",5
10284,watchdog,"看门狗，看家狗,监视者",5
10285,stationary,"不动的，固定的,静止的，不变的,常备军的,定居的,不动的人,驻军,固定物",5
10286,imagined,"[]  [],想( imagine的过去式和过去分词 ),想像,料想,误认为",5
10287,palpable,"明白的，明显的,可感知的，摸得出的",5
10288,virgin,"处女，童男,童贞玛利亚（耶稣之母）,处女的,纯洁的,原始的,未使用的",5
10289,periphery,"边缘,圆周,外围,边缘地带",5
10290,cosmetics,"美容品,化妆品( cosmetic的名词复数 ),脂粉",5
10291,continual,"不间断的,不停的,多次重复的,频繁的",5
10293,pitching,"铺地石，俯仰,投( pitch的现在分词 ),用沥青涂,排列,把…定于特定角度",5
10294,imperfect,"有缺点的，不完美的,[语]未完成过去时的,[生]只有雄蕊或雌蕊的,[法]在法律上不能实施的,处理品，瑕疵品,[语]未完成式",5
10295,rectangle,[数]长方形，矩形,5
10297,whim,"一时的兴致,突然的念头,怪念头，奇想,幻想,心血来潮地向往",5
10298,stern,"严厉的，严峻的,坚定的，不动摇的,严肃的,船尾，艉,末端,斯坦恩，英语男子名",5
10299,ridicule,"嘲笑,奚落,嘲弄,戏弄,嘲笑，嘲弄，奚落,使…受嘲笑,取笑",5
10300,engaging,"迷人的,吸引人的,雇佣(engage的ing形式),预订",5
10301,mobilization,动员,5
10302,statesman,政治家,5
10303,marxist,"马克思主义者,马克思主义的",5
10304,dj,"disc jockey （广播电台）流行音乐播音员,流行音乐节目主持人",5
10305,denim,"斜纹粗棉布，牛仔布,工装裤",5
10306,comparatively,"对比地,相对地,比较地,有点",5
10307,angular,"有角的,用角测量的，用弧度测量的,生硬的，笨拙的,（人）瘦削的",5
10308,villa,"别墅，公馆,<英>（城郊）住宅",5
10309,proactive,"前摄的,积极主动的,主动出击的,先发制人的",5
10311,ulcer,"<医>溃疡,腐烂物,道德败坏",5
10313,stimulating,"刺激的，有刺激性的,刺激( stimulate的现在分词 ),激励,使兴奋,起兴奋作用，起刺激作用，起促进作用",5
10314,hoof,"（兽的）蹄，马蹄,〈俚〉（人的）脚,有蹄类动物,走，步行,以蹄踢（踏）",5
10315,invaluable,"非常宝贵的,无法估计的,无价的,金不换",5
10316,revert,"恢复,重提,回到…上,<律>归还,归属,恢复原来信仰的人,使恢复原状",5
10317,spotted,"有斑点的,有污点的,弄脏的,〈口〉受注意的,发现,玷污",5
10319,ringing,"响亮的,银铃般的,干脆的,斩钉截铁的,响声,铃声,打钟,把…圈起来( ring的现在分词),环绕,包围,打电话给",5
10320,bikini,"比基尼式游泳衣,比基尼岛",5
10321,infusion,"注入,灌输,泡制，浸渍,注入物",5
10322,sensual,"感觉的,肉欲的，肉体上的,色情的，淫荡的,世俗的",5
10323,appointee,"被任命者,被指定者,[法]指定的财产受益人",5
10324,halve,"把…分成两半,把…减半,对分,平摊",5
10325,hospitalize,"把…送入医院治疗,就医",5
10326,translucent,"半透明的,透亮的，有光泽的",5
10327,zest,"兴趣，热情,风味，滋味,风趣,热功率热核反应装置,给…调味",5
10328,fitting,"试穿，试衣,设备，器材,装置,装修,适合的，适宜的,适当的,相称的,使适合（fit的现在分词）,使合身,与…相符,安装",5
10329,psychosocial,社会心理的（指社会环境影响下的个人心理变化）,5
10330,poisonous,"有毒的,有害的,恶意的,<口>讨厌的",5
10331,startled,"受惊吓的,使惊跳，使大吃一惊( startle的过去式和过去分词 )",5
10332,coordinated,"协调的,使协调，使调和( coordinate的过去式和过去分词),协调,协同,成为同等",5
10333,brutally,"残忍地，野蛮地,狠狠地",5
10334,approved,"经核准的，被认可的,赞成，同意( approve的过去式和过去分词 ),批准,认可,核准",5
10335,contaminated,"把…弄脏，污染（ contaminate的过去式 ）,玷污，毒害，腐蚀（人的思想或品德）,被污染的",5
10336,numerical,数字的，用数字表示的，数值的,5
10337,grassy,"长满草的,草绿色的",5
10338,winding,"绕，缠,线圈，弯曲,弯曲的，蜿蜒的,旋的，盘绕的",5
10339,triumphant,"成功的,得意洋洋的,欢欣鼓舞的,凯",5
10340,shampoo,"洗发剂,洗发香波,（洗地毯、家具罩套、汽车等的）洗涤剂,洗头,用洗发剂洗头,用洗涤剂洗",5
10342,self-defense,"正当防卫,自卫",5
10344,mosaic,"马赛克,镶嵌图案,镶嵌工艺,[植]花叶病,摩西的,拼花的,镶嵌,用马赛克装饰",5
10345,in-house,"机构内部的，在机构内部进行的,在机构内部",5
10346,chandelier,枝形吊灯,5
10347,enthusiastically,"热心地，满腔热情地,起劲",5
10348,precarious,"危险的,不确定的,不安全的,可疑的",5
10349,self-interest,"利己主义,私心",5
10350,avalanche,"雪崩,崩塌",5
10352,concentrated,"集中的,全神贯注的,浓缩的,汰选出来的,集中(concentrate的过去分词),聚集，集结,凝缩，浓缩,[矿]汰选",5
10353,sanitation,卫生系统或设备,5
10354,biker,"骑自行车的人,骑摩托车的人",5
10355,squadron,"中队,骑兵中队,飞行中队,有组织的一个群体,把…编成中队",5
10356,rosy,"玫瑰色的,愉快的，乐观的,一切都称心如意,〈美〉滥醉的",5
10357,repetitive,"重复的，啰嗦的,复唱的",5
10358,coupon,"优惠券,息票，通票,试样，试件,配给券",5
10359,robotic,"机器人的,自动的,像机器人似的,呆板的",5
10360,unpaid,"未付的,（债等）未还、未缴纳的,不支付薪水服务的",5
10361,shredded,[]  [],5
10362,passionately,热情地，激昂地,5
10364,baker,"面包师,烤炉,贝克（姓氏）",5
10365,footnote,"脚注,补充说明,给…作脚注",5
10367,clam,"蚌，蛤,〈美口〉沉默寡言的人,钳子,〈美俚〉银币,（在沙滩上）挖蛤,〈美俚〉嘴紧,奏出（唱出）错音",5
10368,downstream,"在下游地,顺流地,顺流而下的,在下游方向的",5
10369,breathtaking,"非常激动人心的,惊人的,惊险的,使人透不过气来的",5
10370,festive,"节日的，过节似的,喜庆的,欢乐的",5
10371,grope,"触摸，试探着前进,探索，摸索,摸索（路）,<俚>抚摸身体,摸索，探索",5
10372,folding,"可折叠的,折叠，对折交叠( fold的现在分词 ),包围,包起,笼罩",5
10373,fluffy,"松软的，毛茸茸的,轻柔的,无聊的，琐碎的,肤浅的",5
10374,vector,"矢量,航向,[生]带菌者,[天]矢径,用无线电引导,为…导航",5
10375,sluggish,"行动迟缓的，反应慢的,不机警的,懒散的，不活泼的,无精打采的",5
10376,microbe,微生物，细菌,5
10377,ramification,"衍生物，结果,分叉，分支,支流",5
10378,notation,记号，标记法,5
10380,engaged,"（指厕所等）有人用的,已订婚的,（指电话）占线的,忙碌的,与某人订婚,保证，约定,从事( engage的过去式和过去分词),吸引或引起（注意、兴趣等）",5
10381,venerable,"令人尊重的,庄严的，珍贵的,副主教",5
10382,gust,"一阵狂风,风味,突发的一阵,（感情）迸发,（风）猛刮",5
10383,neutron,[物]中子,5
10384,purchasing,"购买，采购,购买( purchase的现在分词 ),购买东西",5
10385,seventeenth,"第十七,月的第十七日,十七分之一,第十七的,十七分之一的",5
10386,pathology,"病理（学）,〈比喻〉异常状态",5
10387,serene,"沉静的，宁静的，安宁的,安详的,晴朗的,清澈的",5
10388,incompatible,"不相容,矛盾，不能同时成立的,（与某物）不匹配,[医]配伍禁忌的",5
10389,hungarian,"匈牙利人，匈牙利国民，匈牙利语,匈牙利的，匈牙利人的，匈牙利语的",5
10390,minced,"[]  [],切碎( mince的过去式和过去分词 ),剁碎,绞碎,用绞肉机绞（食物，尤指肉）",5
10391,vain,"徒劳的,自负的,无结果的,无用的",5
10393,fir,"冷杉,[植]枞木,food-irradiation reactor 食物辐射（杀菌）用反应堆,firkin 弗京",5
10394,hearty,"衷心的，热诚的,健壮的，精神饱满的,丰盛的,猛烈的,朋友们，伙伴们,（英国大学的）运动员",5
10395,suppression,"压制,镇压,禁止,抑制",5
10396,cider,"<美>（用作饮料或制醋用的）苹果汁,<英>苹果酒",5
10397,holler,"呼叫，呼救,〈美〉盗贼受害人的控诉,（美国黑人随口哼的）劳动号子,发牢骚,叫喊,诉苦，抱怨,大声叫喊",5
10398,blurt,"突然说出,脱口而出,漏出",5
10399,retarded,"智力迟钝的,智力发育迟缓的,使减速(retard的过去式和过去分词),妨碍,阻碍（某人/某事物）的进步或发展",5
10400,vigil,"守夜，熬夜,节日（斋戒）前夜的守夜,警戒，监视,不眠",5
10401,taking,"吸引人的,迷人的,唾手可得,随手可拿,引人注目地，迷人地,引人注目，迷人,拿( take的现在分词 ),接受,学习,取得",5
10402,re-elect,"[]  [],重选，改选",5
10403,broke,"打破(break的过去式和过去分词),折断,破产的,缺乏资金的",5
10404,modernism,"[宗]现代主义,现代想法,现代用法,现代风尚，现代标准",5
10405,stairway,"楼梯,阶梯",5
10406,intrude,"侵入，侵扰，打扰,闯入,打扰,把观点强加于他人,[地质]侵入其他地层,把…硬挤",5
10410,orthodoxy,"正统,正教，信奉正教,正统派的观念[学说，做法等],正统性",5
10411,cerebral,"大脑的,脑的,理智的,非感情方面的",5
10412,dope,"麻醉剂,笨蛋,内幕消息,兴奋剂,给…服麻醉剂,使昏昏沉沉,给…用兴奋剂,在…中加入麻醉剂",5
10413,excavate,"挖掘,开凿,挖出,发掘",5
10414,crocodile,"鳄鱼,鳄鱼皮革,鳄类动物",5
10415,hip-hop,"嬉蹦舞乐曲,街舞,嘻哈",5
10416,parishioner,教区居民,5
10417,metric,"米制的，公制的，十进制的,度量的,距离的,度量标准,[数学]度量,诗体，韵文，诗韵",5
10418,snail,"蜗牛,慢性子",5
10420,cornerback,（美式橄榄球）侧卫,5
10421,osteoporosis,[医]骨质疏松症,5
10422,cost-effective,"有成本效益的，划算的,合算的（等于cost-efficient）",5
10424,dearly,"深深地,昂贵地",5
10425,exemplary,"典型的,示范的,惩戒性的",5
10426,mapping,"[]  [],映射，绘制…的地图，计划,测图,测绘",5
10427,euro,欧元,5
10428,favorably,顺利地，好意地，亲切地,5
10429,gleam,"（使）闪烁，（使）闪亮,闪光，闪亮,闪现,流露",5
10431,gait,"步态，步法,[印，纺]花纹循环,（走，跑等的）速度,训练（马的）步法",5
10432,symmetry,"对称,对称美,整齐，匀称",5
10433,colombian,"哥伦比亚人,哥伦比亚的",5
10434,zeal,"热心,热情,奋发",5
10435,rejoin,"重新加入,重返,再回答,与…再会合,重新会合,重新接合,答辩，回答",5
10436,locked,"上锁的,不灵活的,锁定的,下定决心的,锁住（ lock的过去式和过去分词）,卡住，不动,陷入,卷入（困境、争论、争执等）",5
10437,resurrection,"<宗>耶稣复活,使复活者,恢复使用,<宗>（最后审判日）所有死者的复活,复活的，复兴的",5
10438,acoustic,"听觉的,声学的,原声的,音响的",5
10439,earthly,"地球的，地上的,尘世的，世俗的,可能的",5
10440,decipher,"破译（密码）,辨认（潦草字迹）,解读,解释（古代文学）,密电译文",5
10441,stressor,"紧张性刺激,应激物",5
10442,caravan,"（可供居住的）拖车，大篷车,（穿过沙漠地带的）旅行队（如商队）,<英>活动住宅,<美>移民列车,乘拖车度假,参加旅行队旅行",5
10443,innate,"天生的,特有的，固有的,内在的，直觉的",5
10445,finalist,决赛选手，决赛队,5
10446,obsessive,"着迷的,急迫的,强迫性的,难以释怀的,强迫症患者",5
10447,sincerely,"真诚地,诚恳地,谆",5
10448,perverse,"不正当的，堕落的,执拗的，刚愎的,故意作对的,有悖常情的",5
10449,handmade,"手工做的,手工制品",5
10450,electronically,电子地,5
10451,subsistence,"存活，生存,生计，维生之道",5
10452,fragmented,"[]  [],成碎片的，片断的",5
10453,babe,"婴儿,<俚>姑娘,天真幼稚的人",5
10454,legion,"大批部队,众多，大量,古罗马军团,众多的,大量的",5
10455,proficiency,熟练，精通，娴熟,5
10456,deplete,"耗尽，用尽,使枯竭,[医]减液，放血,耗尽,减少，损耗",5
10457,rhyme,"韵脚,韵文,押韵词,押韵,作押韵诗",5
10458,coronary,"冠的，花冠的，冠状的,冠状动脉或静脉的,冠状动脉,（病理学）冠状动脉血栓形成",5
10459,shattered,"破碎的,极度疲劳的,打碎,破坏，损坏,使心烦意乱(shatter的过去分词)",5
10462,martini,（一杯）马丁尼酒,5
10463,unresolved,"未解决的,不坚决的，不果断的,未分解的,无决断力的",5
10464,sect,"宗派，教派,学派，党派",5
10465,adept,"精于…的，擅长于…的,巧妙的",5
10466,gambler,"赌徒,投机商人",5
10467,patriarchal,"家长的,族长的,父权的,父系",5
10468,handicapped,"残疾的,有生理缺陷的,智力低下的",5
10469,outdated,"过时的，旧式的，落伍的，不流行的,使过时(outdate的过去式和过去分词)",5
10470,kosher,"犹太教所规定允许的，合适的,使合适",5
10471,coastline,"海岸线,海岸地形（或轮廓）",5
10473,foray,"突袭,侵略,冒险,袭击,劫掠",5
10474,accreditation,委派，信赖，鉴定合格,5
10475,analogous,"相似的，可比拟的,<生>同功的,模拟式",5
10476,brittle,"易碎的,难以相处的，尖刻暴躁的,冷淡的,声音尖利的",5
10478,cloudy,"多云的,阴天的,朦胧的,愁容满面的",5
10479,scold,"责骂,斥责,常骂人的人",5
10481,torque,"（尤指机器的）扭转力,转（力）矩,<史>（古高卢人、布立吞人戴的）金属项圈,金属颈环",5
10482,installment,"部分,分期付款,（丛书杂志等的）一部，一期",5
10483,necessitate,"使…成为必要，需要,强迫，迫使",5
10484,slug,"子弹，金属块,鼻涕虫,动作缓慢的人,[物]斯勒格，斯（质量单位）,动作迟缓,偷懒,重击,在…中插嵌片",5
10485,ho,引人注意，表示惊讶，满足,5
10486,rebuilding,"重建( rebuild的现在分词 ),重新组装,再形成某事物,恢复",5
10487,curricular,课程的,5
10488,subtract,"减去,扣除",5
10489,understandably,可理解地,5
10490,slowdown,"减速，减缓,怠工,降低速度",5
10491,sectarian,"宗派的，派系的,党派心强的,偏狭的,宗派主义者，属于宗派的人,宗派心强的人",5
10492,nourish,"滋养，施肥于,抚养，教养,怀抱（希望、怨恨）,使健壮",5
10493,upbringing,"养育，培养，教养,家教",5
10495,sixteenth,"第十六,月的第十六日,十六分之一,第十六的,十六分之一的",5
10496,hysteria,"[医]癔病,（特指女人的）歇斯底里,病态兴奋,脏躁",5
10497,strategically,战略上，战略性地,5
10498,minivan,小型货车,5
10499,precipitate,"下掷，由高处抛下,使提前或突然发生,[气象] 使凝结而下降,[化]使沉淀,[气象]凝结,[化]沉淀,倒落，一头栽下,仓促行进的，匆促的,轻率的，冲动行事的水蒸气，降水,突然发生的,[化]沉淀物,结果，产物",5
10500,festivity,"欢庆,欢宴,喜庆日",5
10501,likeness,"相象，相似,外表,照片，肖像",5
10502,barrage,"拦河坝,阻塞,弹幕,齐射式攻击,以密集火力攻击（或阻击）",5
10503,drinker,"酒徒,喝的人,（给家禽喂水的）饮水器",5
10504,inspiring,"鼓舞人心的,激励的,启发灵感的,鼓舞(inspire的现在分词),激励,启迪",5
10505,savior,"救助者,救星,(S-)救世主,上帝",5
10506,hacker,"（电脑） 黑客,计算机迷",5
10508,polymer,"多聚物,[高分子] 聚合物",5
10509,thrift,"节俭，节约,茁壮成长,〈英〉繁荣的手段，工作，劳动,[植] 海石竹",5
10510,subgroup,"小群，隶属的小组织，子群,给…加副标题",5
10511,reflex,"反应能力,反射作用,复印，复制,影像，映像,反射的，反射性的,反作用的,反省的，回想的,本能的,反折,反曲,反射",5
10512,consolation,"安慰，慰问,起安慰作用的人（或事物）",5
10513,spaniard,西班牙人，西班牙居民,5
10514,intolerance,"不能容忍，不容异议，心胸狭窄,[医]不耐（性）",5
10515,rust,"铁锈,锈病，锈菌,荒废，停滞,锈，锈色,（使）生锈,[植]害锈病,变钝，荒废",5
10518,nicotine,"尼古丁,[化]烟碱",5
10519,insulate,"使隔离，使孤立,使绝缘，使隔热",5
10520,conglomerate,"联合大企业,砾岩,合成物,组合物,成团的,砾岩性的,使聚结,使成团",5
10521,honorary,"荣誉的，光荣的,名誉的，名誉上的,道义上的,纪念性的,名誉学位,获名誉学位者,名誉团体",5
10522,receptionist,接待员,5
10523,transmitter,"传送者,传达者,发射机,发报机",5
10524,ivy,"[植]常春藤,常春藤联盟的",5
10525,cheerleader,"啦啦队队长,（强有力的）支持者",5
10526,sealed,"未知的，密封的,密封( seal的过去式和过去分词 ),决定,确定,封上（信封）",5
10527,disproportionate,"不成比例的,不相称的,不均衡的,打破平衡",5
10528,bailout,"（公司所受的）紧急援助,跳伞,抽资",5
10529,audition,"听力,听觉,试听,试音,对…进行面试,让…试唱",5
10531,portuguese,"葡萄牙人,葡萄牙语,葡萄牙的,葡萄牙人的,葡萄牙语的",5
10533,operative,"手术的,（计划、法律等）实施中的，起作用的,最适合的,关键词句,工作人员,（尤指）体力劳动者,密探,（尤指政府的）特工人员",5
10534,township,"小镇,镇区,种族",5
10535,dissatisfied,"感到不满的，不满意的，不高兴的,显出不满的,使不满意",5
10536,anthology,（诗、文等的）选集,5
10537,notoriously,"恶名昭彰地,声名狼藉地,著名地,众所周知地",5
10538,herring,鲱鱼,5
10539,vacancy,"空缺,空虚,空白,空位",5
10540,regiment,"（军队的）团,大量的人或物,严格地管制，严密地编组",5
10541,unbearable,"难以忍受的，不能忍受的，经受不住的,承受不住的",5
10542,imprint,"盖印,痕迹,特征,版权标记,盖（印）,刻上（记号）,使铭记",5
10544,eloquent,"雄辩的，有口才的,有说明力的,富于表情的，逼真的,动人的",5
10545,supplemental,补足的，追加的,5
10546,addictive,"使成瘾的,上瘾的,易令人沉溺的",5
10547,packing,"包装，打包,包装材料,（缝隙）填料,压紧(pack的ing形式),装满",5
10549,ion,<物>离子,5
10550,seedling,"秧苗，幼苗,树苗,实生苗",5
10551,wares,"货物，商品,商品( ware的名词复数 ),制品,作…用的器皿,…室的物品",5
10552,quaint,"古色古香的,少见的，古怪的,离奇有趣的，,做得精巧的",5
10553,nigger,"黑鬼（蔑称）,下层人",5
10554,time-consuming,"费时的,旷日持久的,花费大量时间的",5
10555,skid,"滑向一侧,滑道,滚道,制轮器,（通常指车辆）侧滑,打滑,滑行,（住在）贫民区,防滑的，抗滑的,刹住，使减速，滚滑",5
10556,prehistoric,"史前的,陈旧的",5
10558,tofu,<日>豆腐,5
10560,projector,"放映机，幻灯机,投影仪,设计者,放映技师",5
10561,ascent,"上升,登高,上坡,追溯",5
10562,federation,"联邦，同盟,联盟，联合会,联邦，联邦政府",5
10563,abuser,"[]  [],滥用者",5
10564,hospice,"（宗教团体开办的）旅客招待所,（晚期病人的）安养院,收容所，救济院",5
10568,beta,贝塔，希腊字母中的第二个字母,5
10570,brilliance,"（卓越的）才华,光亮,光辉,光彩",5
10571,oasis,"（沙漠中的）绿洲,（困苦中）令人快慰的地方（或时刻）,乐土，宜人之地,慰藉物",5
10573,thirsty,"口渴的,渴望（求）…的,干旱的，缺水的,耗油的",5
10574,misfortune,"不幸,厄运,不幸的事,灾难",5
10575,anecdotal,"轶事的,趣闻的,多轶事的,含轶事的",5
10576,reverence,"尊敬，敬畏,敬礼,受尊敬,尊严,尊敬,崇敬,敬畏",5
10577,smoked,"熏制的,用烟处理的,冒烟( smoke的过去式和过去分词 ),抽烟,用烟熏制,吸（烟），抽",5
10578,tapestry,"挂毯,绣帷,织锦,用挂毯装饰,在一块挂毯中制织出或描绘,罩上绣花罩毯",5
10579,telling,"有效的,显著的,生动的,说明问题的,讲述( tell的现在分词),告诉",5
10580,obese,极为肥胖的，肥大的,5
10581,hostess,"女主人,（夜总会的）女招待,（电视或广播节目的）女主持人,（餐馆的）迎宾女招待,作东，请客",5
10583,balk,"畏缩不前，犹豫,（指马）不肯跑,拒绝,[体]假动作,阻止，阻碍,推诿,过错,阻碍，妨碍,错误，挫折,田埂",5
10584,thoughtfully,"沉思地,深虑地,亲切地,体贴地",5
10585,estimation,"估计,评价,判断,尊敬",5
10586,clad,"穿衣的,覆盖的,镀过（另一种）金属的,用金属包被的,穿（衣）( clothe的过去式和过去分词),在（金属）外面包上另一种金属,（用语言）表达,<文>覆盖",5
10587,monstrous,"丑陋的,巨大的,畸形的,与传说中怪物相象的",5
10588,profess,"声称,宣称,公开表明,信奉",5
10589,aquarium,"水族馆,水族槽，养鱼缸,玻璃鱼池",5
10590,scarlet,"猩红色,红衣,象征罪恶的深红色,绯红色,深红的,鲜红色的,罪孽深重的,淫荡的",5
10591,adjective,"形容词,形容词的,附属的，不独立的,[法]有关程序的",5
10592,inception,"开始，开端，初期,获得学位",5
10593,jihad,"<宗>伊斯兰圣战,维护信仰[主义，政策等]的运动反对某项主义的运动,讨伐异教徒，护教战争，拥护运动",5
10594,brother-in-law,"内兄，内弟,大伯，小叔,姐夫，妹夫,连襟",5
10595,rosemary,"<植>迷迭香,罗斯玛丽（女子名）",5
10596,unintended,非故意的，无意识的,5
10597,feud,"不和，世仇,封地,长期不和,经常争吵",5
10598,monologue,"（戏剧）独白,独角戏,长篇大论",5
10600,squirm,"蠕动，扭动,难为情,局促不安,蠕动",5
10601,lecturer,"（大学或学院中的）讲课者，授课者，（英美大学中的）讲师,演讲者",5
10602,disgrace,"丢脸,耻辱,不光彩,丢脸的人（或事）,使丢脸,使失宠,使受耻辱,贬黜",5
10603,beaten,"被打败的,锤薄的,耗损的，常走的,筋疲力尽的,（心脏等）跳动( beat的过去分词),击打,（风、雨等）吹打",5
10604,moratorium,"（行动，活动等的）暂停，暂禁,[法]延期偿付权，延缓偿付期",5
10605,sprig,"小树枝，幼枝,扁头钉,<谑>子孙,小伙子，少年,用小枝装饰，加小枝花样,用钉子钉,使草蔓生,钉扁头钉",5
10606,embryonic,"胚芽的，胎儿的,初期的",5
10607,contaminant,污染物，致污物,5
10608,resurgence,"复苏，复活,中断之后的继续,再起,回潮",5
10609,brilliantly,"灿烂地，出色地,灿然",5
10610,convertible,"可改变的,可变换的,（货币）可以自由兑换的,（汽车等）有折篷的,敞篷车",5
10611,winery,葡萄酒酿造厂,5
10612,anew,再，重新,5
10613,grad,"毕业生，校友,研究生",5
10614,fledgling,"（刚学会飞的）幼鸟,无经验的人,乳臭小儿,刚开始的,无经验的",5
10615,audible,听得见的,5
10616,fuse,"熔化,融合,使融合,使融化,给…装信管,保险丝,导火线,雷管,引信",5
10617,disapproval,"不赞同，反对,非难",5
10618,fabricate,"制造,装配,捏造",5
10620,sow,"播（种），播种于,灌输,激起,散布,煽动,母猪",5
10622,modernize,"使现代化，使适应现代需要,现代化，使用现代方法,现代化事物",5
10623,pharmacist,药剂师,5
10624,hardy,"强壮的,大胆，勇敢的,鲁莽的,[植]耐寒的,强壮的人,耐旱植物,方柄凿",5
10626,stoop,"门廊，游廊,自贬,弯腰，驼背,屈服,屈服，忍辱,弯腰,倾斜",5
10627,pantry,"餐具室，食品储存室,〈美俚〉胃",5
10628,avocado,"<植>鳄梨，鳄梨树,暗黄绿色,暗黄绿色的",5
10630,brandy,"白兰地酒,把…在白兰地酒中浸泡",5
10631,getaway,"（尤指犯罪后的）逃跑,（比赛的）开始",5
10632,trusted,"[]  [],可[置]信的，无错的,相信，信任( trust的过去式和过去分词 ),认为可靠,想,希望",5
10633,unused,"未用过的,不用的，空着的,不习惯的,无经验的",5
10634,casserole,"焙盘,砂锅,焙盘菜,砂锅菜",5
10637,predictive,预言性的，成为前兆的,5
10638,collateral,"担保物,旁系亲属,并行的,附属的,旁系的",5
10639,sublime,"庄严的，雄伟的,令人赞叹的,极端的,傲慢的,庄严，崇高,高无上，顶点,（使）升华，精练,（使）变高尚,升华,变高尚",5
10640,complexion,"肤色，面色，气色,形式，局面",5
10641,decency,"正派,正直,体面,社会上高尚文雅行为的标准",5
10642,plaid,"彩格呢,格子图案,毛呢长披肩（苏格兰民族服饰）,有格子图案的",5
10643,notwithstanding,"尽管,虽然,尽管如此，仍然,还是,虽然，尽管",5
10644,internship,<美>实习医师，实习医师期,5
10645,forestry,"林学,林业,造林术,林地",5
10646,infiltrate,"（使）渗透，（使）渗入,（使）潜入,渗透物",5
10647,testosterone,"[生化]睾酮,睾丸素（男性荷尔蒙的一种）",5
10648,paramedic,<美>护理人员，医务辅助人员,5
10649,wrench,"扳手,扭伤,突然的悲痛,扭转,歪曲",5
10650,tendon,<解>筋，腱,5
10651,accessibility,"易接近，可到达,学习资料利用率,可诣达性,可达性",5
10652,pixel,（显示器或电视机图像的）像素,5
10653,enlightened,"开明的,有知识的,有见识的,进步的,启发,开导",5
10654,interrogate,"询问，审问,提出问题,[计]询问,审问,质问",5
10655,zucchini,"夏季产南瓜之一种,(US) N [C/U] 绿皮密生西葫芦 [英=courgette]",5
10656,ecstatic,"狂喜的,入迷的，出神的,狂喜的人",5
10657,grieving,"[]  [],感到悲痛，伤心( grieve的现在分词 ),使…伤心",5
10658,waive,"宣布放弃,搁置,推迟,放弃（权利、要求等）",5
10661,chatter,"唠叨，喋喋不休,（鸟等）鸣，啁啾,（牙齿，机器等）振动，打颤,运动时摇摆或嘎嘎作响,不加思索地说出,闲聊,咔哒声,（动物的）啁啾声,潺潺流水声",5
10662,disintegrate,"使某物碎裂，崩裂,使某物衰微，瓦解，分崩离析,碎裂，崩裂,衰微，瓦解，分崩离析",5
10664,conceivable,可想到的，可相信的，可想像的，可能的,5
10665,obliterate,"涂去，擦掉,使消失,使被忘却,忘掉",5
10667,thaw,"解冻，融雪,变缓和,变得不冷淡,使融化,融雪,温暖气候,放松",5
10668,visitation,"访问,探望,天罚,天降的祸福",5
10669,hypertension,"高血压,过度紧张",5
10670,zipper,"<美>拉链,用拉链的人，装拉链的包,拉上拉链,用拉链扣上",5
10671,detach,"分离，拆开,派遣,分派,使超然",5
10672,extravagant,"过度的，过分的,奢侈的，浪费的,放肆的,大量的",5
10673,rover,流浪者，漫游者,5
10674,brew,"酿造,泡，煮,策划，酿成,以酿造麦酒或啤酒为职业,被冲泡,即将发生,酿造的饮料,啤酒",5
10675,biopsy,活组织检查，活体检视,5
10676,belgian,"比利时人,比利时的",5
10677,exploratory,"探索的，考察的，探索的,“explorative”的变体,试探性",5
10678,clientele,"诉讼委托人,顾客，客户,被保护者，追随者",5
10679,snore,"打呼噜，打鼾,呼噜，鼾声",5
10682,zinc,"[化]锌,镀锌于…,在…上镀锌",5
10683,mediocre,"普通的,中等的,质量中等偏下的,碌",5
10684,heartland,"心脏地带,中心区域",5
10685,entrust,委托，托付,5
10686,adrenaline,"<生化>肾上腺素,<喻>刺激物,激励因素,一阵兴奋（或激动）",5
10687,sparse,"稀疏的,稀少的",5
10688,endowment,"捐赠,基金,天赋,养老保险",5
10689,cutback,"削减，缩减,（电影等）倒叙,[园]剪枝,回冲浪峰",5
10690,present-day,"现在的,当今的，现代的",5
10691,beacon,"灯塔，信号浮标,烽火,指路明灯,警标，界标,照亮，指引,为…设置信标,用灯指引,像灯塔般照耀",5
10692,reorganization,"改组,改编,重新制定,整顿",5
10693,aye,"赞成票,投票赞成者,（回答）是,赞成",5
10694,sacrament,"（天主教的）圣事,圣礼,神圣的东西,庄严的誓言",5
10695,incremental,增加的,5
10696,remedial,"治疗的，医治的,补救的，挽回的,补习的,纠正的",5
10697,narrate,"讲，谈到，叙述,做旁白说明,讲故事,叙述，讲述",5
10698,inflammatory,"令人激动的,有煽动性的,炎性的，发炎的",5
10701,taut,"紧的，绷紧的,整洁的，整齐的,紧张的",5
10702,caste,"（印度社会中的）种姓,印度的世袭阶级,等级（制度）",5
10703,glisten,"闪耀，闪亮,闪光，闪耀",5
10706,speck,"污点,微粒,使有斑点",5
10708,unanimously,无异议地，全体一致地,5
10709,gymnastics,"体操，体育,体操运动",5
10710,gritty,"多沙的，含砂的,勇敢的，坚毅的，坚定的",5
10711,completed,"完整的，包含全部内容的,完成,使完善( complete的过去式和过去分词 ),使完整,填写（表格）",5
10712,pleasantly,"愉快地,快活地,和气地,和蔼地",5
10713,saloon,"大厅,酒吧，酒馆,展览场，公共大厅,大轿车",5
10714,rift,"裂缝，裂口,不和,使断裂,使分开,裂开",5
10715,curfew,"宵禁，戒严,晚钟，晚钟时刻",5
10716,tattered,"破烂的，衣衫褴褛的,扯碎，撕碎( tatter的过去式和过去分词)",5
10717,courtship,"求爱期，追求期,求爱，求婚,[动]求偶（现象）",5
10720,rendition,"演奏,翻译,给予,引渡逃奴",5
10721,orgasm,"极端的兴奋,[医]情欲亢进,性高潮",5
10722,objectivity,客观性，客观现实,5
10723,undecided,"未解决,未确定,（天气等）不稳定的,犹豫不定",5
10724,gracefully,"优美地,优雅地,雅致地,温文地",5
10726,kuwaiti,"科威特人,科威特的，科威特人的",5
10727,encyclopedia,"百科全书,“encyclopaedia”的变体",5
10728,preseason,活跃季节前的，旺季前的,5
10729,shortfall,"缺少,不足之数,亏空",5
10730,pentagon,[]  [],5
10731,cellphone,"蜂窝式便携无线电话，大哥大,手机",5
10732,progressively,"前进地，日益增加地,逐步",5
10734,melting,"熔化的,融化的,溶解的,混合的,（使）融[溶，熔]化( melt的现在分词 ),溶解,（使）消散，消失,（使）软化，变得温柔",5
10735,admirable,"令人钦佩的,极好的，绝妙的,值得赞扬的,可贵",5
10736,satire,"讽刺,讽刺文学,讽刺作品",5
10737,biomass,（单位面积或体积内）生物的数量,5
10738,victimization,"牺牲，欺骗,害人",5
10739,dues,"税，应付款，该缴之款,应有的权利，应得到的东西( due的名词复数 ),应缴款（如俱乐部会费）,会费",5
10741,extraction,"取出，抽出,血统，家世，出身,[化]提取（法），萃取（法），回收物，提出物，精炼,[数]开方，求根",5
10742,affidavit,"<法>宣誓口供,宣誓书",5
10745,principally,主要地，大部分,5
10746,behold,"看到，注视,领悟,瞧,用在祈使句中以引起人注意,瞧，看呀",5
10747,beforehand,"事先，预先,提前,提前的,预先准备好的",5
10748,cubicle,小卧室，斗室,5
10749,proportional,"比例的，成比例的,相称的，均衡的,[数]比例项，比例量",5
10752,remorse,"懊悔,悔恨,自责,同情",5
10753,wring,"绞，拧,扭干，绞出,折磨，使苦恼,曲解,蠕动,扭动,感到痛苦,感到苦恼,绞，扭,紧紧握手,剧痛",5
10754,yen,"日元,渴望，热望,渴望",5
10755,margarine,"人造奶油,人造黄油",5
10756,lookout,"守望,远景，前途,瞭望台,警戒",5
10757,pew,"座位,教堂长椅,会众,排座位",5
10758,neural,"神经的,背的，背侧的",5
10759,austrian,奥地利人,5
10760,sewing,"缝纫,缝纫机,针线活,缝纫物,缝制",5
10762,pedestal,"底座，基座,根底，基础,[机]托轴架,受人尊敬的地位,搁在架上,支持,给…加台脚",5
10763,batting,"拍打,（用在被中等的）棉花胎,棉套,棉絮",5
10764,tedious,"单调沉闷的,冗长乏味的,令人生厌的",5
10765,cot,"小床,小房子",5
10766,nostalgic,"怀旧的,乡愁的,令人怀念的",5
10767,dignified,"有尊严的,庄严的,高贵的,厚重",5
10768,relentlessly,"无情地,残酷地,不懈地,不屈不挠地",5
10769,folded,"折叠的,折叠，对折交叠( fold的过去式和过去分词 ),包围,包起,笼罩",5
10770,scroll,"（常用于录写正式文件的）纸卷,书卷，画卷，卷轴,涡卷形（装饰）,〈古〉表，目录,使成卷形,（电脑屏幕上）从上到下移动（资料等），卷页,（似卷轴般）卷起,（像展开卷轴般地）将文字显示于屏幕",5
10771,scripture,"经文，圣典,文稿",5
10772,makeover,打扮，装饰,5
10773,humanities,"（总称）人( humanity的名词复数 ),人性,人道,人文学科",5
10774,omission,"省略，删节,遗漏,疏忽,[法]不履行法律责任",5
10775,turbulence,"骚动，骚乱,[物]湍流,（海洋、天气等的）狂暴,动荡",5
10776,reptile,"爬行动物,卑鄙的人,爬虫类的,卑鄙的",5
10777,emeritus,名誉退休的，退休的,5
10779,confound,"使混淆，使混乱,挫败,诅咒",5
10780,parody,"拙劣的模仿,恶搞,滑稽的模仿诗文,滑稽地拙劣地模仿,把（他人诗文）模仿成滑稽体裁",5
10781,nation-state,单一民族国家,5
10782,alternatively,"二者择一地,要不然,或者",5
10784,mathematician,数学家,5
10785,rebate,"折扣,回扣,减少,打折",5
10787,ethiopian,"埃塞俄比亚的，黑人的,埃塞俄比亚人，黑人",5
10788,fleeting,"疾驰的，飞逝的,短暂的,稍纵即逝,翩",5
10789,annoyance,"恼怒，烦恼,使人烦恼的事，令人讨厌的人或事",5
10790,diarrhea,"腹泻,腹泻的,![deterrent](../images/deterrent.jpg)",5
10791,paranoia,"<医>妄想狂,偏执狂,（对别人的）瞎猜疑,疑神疑鬼",5
10792,cadre,"干部,骨架,核心,骨干",5
10793,abdominal,"腹部的,[鱼]有腹鳍的,腹肌（常用作复数）",5
10794,differentiation,"区别，分化,分异,衍进,求导数",5
10795,insecure,"无安全的,不稳定的,不牢靠的,（地面，冰等）易坍陷的",5
10796,biographer,传记作者,5
10798,relocation,"迁移,再定位",5
10800,modern-day,现代的；当代的,5
10801,spew,"呕吐,（使某事物）喷出,涌出，射出,渗出,呕吐物,喷出物,渗出物",5
10803,majestic,"宏伟的,壮丽的,庄重的,磅礴",5
10804,cleanse,"净化,使…清洁,清洗",5
10805,surreal,超现实的，离奇的,5
10806,identifiable,"可辨认的,可视为相同的",5
10807,blue-collar,"蓝领工人的,工人阶级的,体力劳动者的",5
10808,adopted,"被收养的，被采用的,采用( adopt的过去式和过去分词 ),收养,正式接受,吸收（外来词语）",5
10809,individualism,"个人主义，利己主义,自由放任主义,个性，独特性,不干涉主义",5
10810,amnesty,"大赦，特赦,对…实行大赦,赦免",5
10811,disgusted,"厌恶的,厌烦的,使恶心,使讨厌",5
10812,delineate,勾画，描述,5
10813,commend,"推荐,表扬,托付,受到赞同",5
10814,rink,"溜冰场,冰球场,（草地）木球场,溜冰",5
10815,confiscate,"没收,充公,查抄,征用,被没收的，被充公的,被征用的",5
10816,neuron,"神经元,神经细胞",5
10817,rafter,"椽,筏夫,装椽于",5
10819,paradoxically,"反论,荒谬,自相矛盾,似非而可能是",5
10820,deli,<美口>熟食品，熟食店,5
10821,resilience,"弹性,弹力,快速恢复的能力,回弹",5
10822,encircle,"包围,围绕",5
10824,generously,"慷慨地,不吝啬地,丰富地,丰盛地",5
10825,hydraulic,"水力的，水压的,用水发动的,[建]水硬的,水力学的",5
10826,coroner,"验尸官,法医",5
10828,measured,"仔细斟酌的，慎重的,缓慢而又有节奏的,量( measure的过去式和过去分词 ),测量,衡量,量出",5
10829,boldly,"大胆地，显眼地,冒",5
10830,lotion,"洗液，洗剂,护肤液，乳液",5
10831,delicately,优美地，精致地，微妙地,5
10832,impediment,"妨碍，阻止,口吃，结巴,障碍物,法定婚姻的障碍",5
10833,burglary,"夜盗，盗窃,夜盗行为",5
10834,dynasty,"王朝,朝代",5
10835,rediscover,再次（重新）发现,5
10836,watery,"含水的，水分多的,水一般的,无味的,有雨意的",5
10837,disco,"迪斯科舞厅，迪斯科舞会,的士高",5
10838,downsize,以较小尺寸设计（或制造），缩小（汽车等的）外部尺寸,5
10840,buttocks,"臀部,臀部，屁股( buttock的名词复数 )",5
10841,forcefully,强有力地,5
10842,bewildered,"困惑的,晕眩的,混乱的,不知所措的,使困惑",5
10843,resurrect,"使复活,复兴，重新使用,挖出,复活，复苏",5
10845,thee,<古>(thou的宾格)你,5
10846,electromagnetic,<物>电磁的,5
10847,foreclosure,丧失抵押品赎回权，排斥,5
10849,preferable,"更好的，更可取的,略胜一筹的",5
10850,backfire,"发生回火,适得其反，事与愿违的结果,逆火",5
10851,anti-semitism,反犹太主义,5
10852,individuality,"个人,个性,个人特征",5
10853,captivity,"被俘,囚禁,束缚",5
10854,defeated,"[]  [],击败( defeat的过去式和过去分词 ),战胜,挫败,使困惑",5
10856,reassurance,"使安心,再保证",5
10857,downright,"完全地,彻底地,全然,直率的，直截了当的,明白的，露骨的,显明的,毫不含糊的",5
10858,derail,"出轨,使（火车）出轨，使脱轨",5
10859,steward,"管家,乘务员,干事，理事,[部门，工厂]的工会代表,当服务员,当管事,管理",5
10860,revitalize,"使恢复元气,使新生,使复兴",5
10861,bumper,"减震器,保险杠,干杯中的满杯,〈口〉巨物,特大的，丰盛的,装满,为…祝酒,干杯",5
10862,remake,"再作，再制,修改，翻新,重制，改造,翻新,重制物,重新摄制的影片",5
10863,manageable,"易处理的,易控制的,可做到的,温顺的",5
10864,reciprocal,"相互的,互惠的,倒数的,倒数,互相关联的事物",5
10865,tentatively,"试验性地，暂时地,权,聊且",5
10866,kayak,爱斯基摩单人划子,5
10867,cover-up,"掩饰,隐蔽,掩盖手段[手法]",5
10868,storefront,"<美>店面（房），铺面（房），临街房,临街的,在一楼工作的",5
10869,guise,"〈古〉装束，外衣,形象，化身,伪装,借口,使化装",5
10871,viral,病毒的，病毒引起的,5
10872,bipolar,有两极的，双极的，两极世界的,5
10873,anxiously,"焦急地，担忧地,眼巴巴,亟",5
10875,menopause,"[医]停经，经绝（期）,活动终止期,更年期,绝经期",5
10877,electrode,"电极,电焊条",5
10878,sparkle,"闪耀，闪烁,活跃，焕发活力和才智,光亮,活力",5
10879,stylistic,"文体的,文体（论）的,体裁上的",5
10880,disciplined,"受过训练的,遵守纪律的,训练(discipline的过去式和过去分词),使有纪律",5
10881,ornate,"装饰华丽的,（文体）绚丽的,矫揉造作的",5
10883,refinement,"精炼，提纯，净化,改良品,细微的改良，极致,优雅，高贵的动作",5
10884,neurological,"神经学的,神经病学的",5
10885,outpatient,门诊病人，不住院病人,5
10886,awkwardly,"笨拙地,困难地,难看地,尴尬地",5
10887,edible,"可以吃的，可食用的,食物",5
10888,thrilling,"令人兴奋的,毛骨悚然的,颤动的,<医>震颤的,“thrill”的现在分词",5
10889,neutralize,"使中立化,使无效,宣布中立,中和",5
10890,chute,"斜槽，滑道,降落伞,用斜槽或斜道运送,顺斜道而下，在斜槽或滑道中滑行",5
10891,focused,"聚焦的,（使）集中， （使）聚集( focus的过去式和过去分词 ),调整（镜头，眼睛）焦点[焦距]以便看清,（光、声等的）焦点,集中（光束于）",5
10892,skyscraper,"摩天大楼，超高层大楼,特别高的东西",5
10893,thunderstorm,"雷电交加的暴风雨,大雷雨",5
10894,booklet,小册子,5
10895,inexperienced,"无经验的,不熟练的,陌生,不经事",5
10896,funky,"惊恐的，恐慌的,有臭味的,畏缩的,时髦的",5
10898,schoolteacher,（中、小学的）教师,5
10899,pronouncement,"声明,公告,宣告,判决",5
10901,yugoslav,"[]  [],南斯拉夫的，南斯拉夫人的,南斯拉夫人",5
10902,theorize,"创建理论，建立学说,推理,提出关于…的理论,使理论化",5
10903,erratic,"飘忽不定的,行为古怪，反复无常,（运动或行为）不规则的,古怪的人,[地]漂砾",5
10904,stronghold,"要塞,据点,根据地",5
10905,expend,"花费,耗尽,用光",5
10906,resilient,"能复原的,弹回的，有弹性的,能立刻恢复精神的,社会渣滓",5
10908,mormon,"摩门教徒,一夫多妻主义者,摩门教徒的,摩门教的",5
10909,dispel,"消除（疑虑等）,驱散（云雾等）,驱逐",5
10910,hilarious,"欢闹的,非常滑稽的,令人捧腹的,喜不自禁的",5
10911,eggplant,茄子,5
10912,mother-in-law,"岳母,婆母",5
10913,redesign,"重新设计,新设计",5
10914,airy,"空气的,空中的,轻快的,通风的",5
10915,revere,"崇敬,尊崇,敬畏",5
10916,small-town,"偏狭的，小都市的，土里土气的,小城镇",5
10917,wiggle,"摆动,扭动",5
10918,taunt,"嘲笑，奚落,用嘲笑刺激,嘲弄，奚落,讥讽,嘲弄的对象，笑柄,[航]（桅杆）很高的",5
10919,syringe,"注射器，注射筒,灌肠器,注油筒,洗涤器,注射,（用注水器）灌溉，浇，洗涤",5
10920,renounce,"放弃，抛弃,拒绝，否认,宣布与…决裂，断绝关系,垫牌,放弃,牌戏中的垫牌",5
10922,handshake,握手,5
10923,envelop,"包围，包住,笼罩，遮盖",5
10924,pointer,"建议,线索,教鞭,（测量仪器上的）指针",5
10925,emigrate,移居国外,5
10926,distrust,"不信任,怀疑,不信任，猜疑,疑惑，不相信",5
10932,bribe,"贿赂，行贿,贿赂,诱惑物",5
10933,overstate,"夸大（某事）,把…讲得过分,夸张",5
10934,investing,"投资，花费( invest的现在分词 ),授予,（把资金）投入,投入（时间、精力等）",5
10935,swath,"收割的刈痕，细长的列,草条,刈幅,割幅",5
10936,whichever,"任何一个,无论哪个,究竟哪一个,究竟哪个，无论哪些,无论哪一个",5
10937,disapprove,"不赞成,反对，否决,持相反的意见",5
10938,kindly,"亲切地,友好地,诚恳地，衷心地,（用作请求时的礼貌用语或把命令说成请求的反语）请,厚道的，亲切的,温和的，宜人的,〈古〉自然的",5
10940,yawn,"打呵欠,张开，裂开,<文学>张开大口,呵欠,无聊的人或事,裂口",5
10941,lore,"（专门的）知识,学问,口头传说,[动]眼端，眼光",5
10944,gag,"塞口物，（牲畜的）口衔,言论限制,恶作剧,张口器,塞住…的口,抑制言论自由,使窒息,用张口器将嘴张开,作呕,窒息,开玩笑，说俏皮话",5
10945,hearth,"灶台，炉边,（高炉的）炉膛，炉缸,〈比喻〉家庭,壁炉地面",5
10946,emphatically,强调地，断然地，明显地,5
10947,closeness,"亲密,密闭,严密,接近",5
10948,gal,女孩，少女,5
10949,obstruct,"阻塞,堵塞,阻碍,阻止,妨碍,（给…）设置障碍",5
10950,simplistic,"过分单纯化的,过分简单化的,把复杂问题搞得过于简单的",5
10951,improbable,"不大可能是真实的，不大可能的,未必确实的,未必会发生的,非概然",5
10952,cringe,"畏缩,卑躬屈膝,阿谀奉承",5
10953,climax,"顶点，极点,高潮,层进法,[生物学]顶极群落,达到顶点,达到巅峰,使达到高潮,使达到性高潮",5
10954,trudge,"跋涉，吃力地走,跋涉，长途疲劳的步行,沉重的脚步,沉重疲累地走着的人",5
10955,czar,"（帝俄的）皇帝,沙皇,独裁者,独揽大权者",5
10956,breeder,"（动物）饲者，种畜,起因,增殖反应堆",5
10957,smuggler,"走私者,走私船",5
10958,roadway,"路面，道路,车道",5
10959,memorabilia,"值得纪念的事物,大事记,应记录下来的地方,言行录",5
10960,faucet,<美>水龙头,5
10961,unearth,"发掘,揭露,从洞中赶出",5
10964,proclamation,"宣布，公布,公告，布告,宣言书",5
10965,caliber,"口径,能力,水准,枪弹的直径",5
10966,victimize,"使受害，使受骗,使牺牲,欺骗",5
10967,confinement,"监禁，关押,分娩，生产,限制，约束",5
10968,shard,（玻璃、金属或其他硬物的）尖利的碎片,5
10969,sharing,"分配,均分,共价,共享",5
10970,glean,"捡拾落穗,收集,拾落穗",5
10971,updated,"最新的,现代化的,适时的,校正的,更新，使现代化( update的过去式和过去分词 ),向…提供最新信息",5
10972,humid,"潮湿的,湿气重的,湿润的,温湿",5
10973,varsity,"大学（尤指牛津或剑桥）,（学校的）代表队",5
10974,contributing,"贡献的，起作用的,捐献( contribute的现在分词 ),捐助,撰稿,投稿",5
10975,humiliating,"丢脸的,羞辱性的,“humiliate”的现在分词",5
10976,choral,"合唱队的,合唱的,圣诗队的,赞美诗,唱诗班,（唱赞美诗的）专业合唱团",5
10977,testament,"[法] 遗嘱,（基督教）圣约书,确实的证明,誓约",5
10978,anthropological,人类学的,5
10979,induction,"归纳（法）,（电或磁的）感应,诱发,就职，就职典礼",5
10980,ambivalent,"对某物、某人或某境况具有矛盾情感的,矛盾的,两性人",5
10981,wrapper,"包装纸,封皮,封套,（食品等的）包装材料",5
10982,worldly,"世间的，世上的,尘世的,追逐名利的，鄙俗的,世俗地,世故地",5
10984,fillet,"肉片，鱼片,头带，带状物,[建]平缘，木摺,[纹章学] 筋鞘,用带缚或装饰,把（鱼、肉）切成片",5
10985,unreliable,"不可靠的，靠不住的,不能信任的",5
10986,life-threatening,威胁生命的,5
10987,feeding,"给食,喂,饲养,吃,给食的,饲用的,逐渐强烈的,供给饲料的,喂养( feed的现在分词 ),满足（欲望等）,向…提供,供…作食物",5
10988,tutoring,"[]  [],当家庭教师( tutor的现在分词 ),任大学导师,任课",5
10989,dwindle,"减少，变小，缩小,衰落，变坏，退化",5
10990,stash,"隐（贮）藏物,（旧）藏身处,隐藏，藏匿,贮藏,〈英〉停止",5
10992,shortstop,游击，速显液,5
10993,rejoice,"高兴,欢庆,使高兴,使欢喜",5
10994,unequal,"不平等的,不均匀的,不规则的,不胜任的,不相等的人",5
10995,suggestive,"提示的,暗示的，提醒的,引起联想的,富于暗示的",5
10996,arid,"干旱的，干燥的,贫瘠的，荒芜的，不毛的,枯燥无味的，无趣的",5
10998,attributable,"可归因于…的,由…引起的",5
10999,doorstep,"门阶,厚三明治或面包,上门访问",5
11001,biased,"有偏见的,有偏的,结果偏倚的,使存偏见(bias的过去式和过去分词)",5
11002,centimeter,厘米,5
11004,ukrainian,"乌克兰人（语）,乌克兰的，乌克兰人（语）的",5
11005,flyer,"飞鸟,飞行物,飞行员,传单",5
11007,dialect,"方言，土语,语调,[语]语支,专业用语",5
11008,peruvian,"秘鲁的,秘鲁人",5
11009,bungalow,"<英>平房,<美>单层小屋，多于一层的小屋",5
11010,evergreen,"常绿植物，常绿树,常绿树枝,[植] 常绿的,永葆青春的",5
11011,positioning,"配置，布置,定位",5
11014,welcoming,"欢迎( welcome的现在分词 ),迎接,乐于接受,希望有",5
11015,unspoken,"未说出口的,无人与之交谈的,没人理睬的,不言而喻的,取消，撤回( unspeak的过去分词)",5
11017,recruiter,招聘人员，征兵人员,5
11018,substitution,"代替,代用,替换,<化>取代（作用）",5
11019,inconvenience,"不方便,麻烦,为难之处,麻烦事,给…带来不便,给…添麻烦,打扰,使为难",5
11020,kettle,"（烧水用的）壶,小汽锅",5
11021,misdemeanor,"不法行为,（相对于重罪的）轻罪，小罪",5
11022,patriarch,"家长，族长，元老，（特指）犹太民族的祖先,创始人，鼻祖",5
11023,saucer,"茶杯托，茶碟,（放花盆的）垫盘（等）,浅碟形盆地,〈美〉拳击场",5
11024,recurrence,"复回，重现,反复，隐现,[数]循环,重新提起",5
11026,sleeper,"卧车,轨枕,睡觉（呈某种状态）的人,冬眠动物",5
11027,generalize,"概括，归纳,推广，普及,使一般化,形成概念,概括",5
11028,transient,"短暂的,转瞬即逝的,临时的,临时旅客,瞬变现象,候鸟",5
11029,caricature,"漫画，讽刺画,漫画手法,夸张讽刺的描绘,滑稽可笑的模仿,把…画成漫画,画成漫画讽刺,用漫画手法描绘",5
11030,foothill,山麓，小丘,5
11031,loot,"掠夺物，战利品,（官吏的）赃物，非法收入,抢劫,外快,抢劫，掠夺,（官吏）贪污",5
11032,adoptive,"收养的,有收养关系的,被采纳的,装出来的",5
11033,legalize,"使合法化,使得到法律认可",5
11035,attire,"服装，衣服,使穿上衣服，使穿上盛装",5
11036,info,信息,5
11037,racing,"速度比赛，赛跑，赛马，赛车等,竞赛,专为比赛而设计或饲养的，比赛用的,赛马(race的ing形式)",5
11038,derivative,"[数]导数，微商,[化] 衍生物，派生物,[语]派生词,衍生的,导出的,拷贝的",5
11039,macho,"大男子气概的,男子汉",5
11040,colonialism,"殖民主义，殖民政策,殖民地特征,〈美〉守旧主义",5
11041,frontal,"前面的,正面的,前额,遮挡祭坛前的帷幕,建筑物的正面",5
11042,strained,"紧张的,不友善的,经过滤的,态度不自然的，勉强的,拉紧( strain的过去式和过去分词),尽量利用,尽全力,过滤,过滤，滤去,歪曲,扭伤,拉紧,受到强大的压力,不懈,拉紧，紧绷,犹豫,口气，语调,过劳损伤,压力,紧张状态",5
11043,viability,"生存能力，发育能力,生活力",5
11044,mare,"母马，母驴,<天>月球表面阴暗部,〈外〉海,骒马",5
11045,synonymous,"同义的，类义的,同义词的",5
11046,clothe,"给…提供衣服，把衣服穿（在身上）,<文>覆盖,赋予,（用语言）表达,使蒙受（耻辱）,赋与…以（权力，特性等）,穿衣服",5
11047,abstinence,"节制,节欲,戒酒",5
11048,twirl,"（使）快速转动,（使）快速旋转,扭动,卷曲,旋转，转动,万能钥匙,捻弄,旋转的东西",5
11049,picket,"罢工纠察员,警戒队,[建]尖木桩,[军]步哨，哨兵,用尖桩围住,派…担任纠察,用警戒哨保卫,（把马等）系在桩上,担任纠察",5
11051,propulsion,"推进,推进力",5
11052,sub,"潜水艇,代用品，代替者，替补队员,地铁,审校员,做替身，做替补队员,做替身，审校（文稿）",5
11053,spreading,"撒布,伸开( spread的现在分词 ),展开,（使）传播,（使）散布",5
11054,second-hand,"[]  [],旧的，二手的,用过的,间接得来的,（学说等）不是独创的,（钟表的）秒针,旧货,间接地,第二手地",5
11055,blatant,"公然的,明目张胆的,露骨的",5
11057,overboard,"越过船边坠入水中,极其热心的,全身心投入的",5
11058,informative,"提供信息的,增长见闻的",5
11059,funnel,"漏斗,（轮船，火车等的）烟囱,漏斗状物,[矿]通风井,把…灌进漏斗,使成漏斗状,成漏斗形,使汇集",5
11060,emmy,[人名] 埃米,5
11061,stated,"定期的，规定的，一定的,规定( state的过去式和过去分词 ),陈述,确定,[法律]详述（案情等）",5
11062,combatant,"战斗的,好斗的,斗士,战士,争斗者,[体]队员",5
11064,distorted,"扭歪的，受到曲解的,歪曲( distort的过去式和过去分词 ),曲解,扭曲,使变形",5
11065,fanatic,"狂热者，入迷者,狂热入迷的",5
11066,outfielder,外场手,5
11067,familial,"家族的，家庭的,家族性",5
11068,hopelessly,"绝望地,无望地,无可救药地,完完全全（用以表示强调）",5
11069,nominal,"名义上的,微不足道的,票面上的,名字的，列名的,名词性词",5
11070,frivolous,"无价值的，毫无意义的,轻率的，轻易,不务正业的,孩子气的",5
11071,recapture,"重新捕获[夺回],重温,重新捕获,再次体验",5
11072,porn,色情作品,5
11073,remembrance,"回想，回忆,纪念品,记忆，记忆力",5
11074,upstate,"州的北部地区的,在州的北部地区,（美国的一州内）远离大城市的（地）,远离海岸线的（地）,州内远离大城市的地区，州的北部",5
11075,going,"出行，离去,出发,行为,工作情况,活着的，现在的,进行中的，营业中的,现行的,流行中的,进行(go的现在分词)",5
11076,attainment,"达到,成就，造诣,学识",5
11077,repercussion,"弹回，返回,反响，影响,（光、声等的）反射,浮动诊胎法",5
11078,exceedingly,"非常，极其，特别，十分,极大地,过分地,极度地，极端",5
11079,mussels,贻贝，蚌类( mussel的名词复数 ),5
11080,wrinkled,"有皱纹的,使起皱纹( wrinkle的过去式和过去分词 ),（尤指皮肤）起皱纹",5
11081,detachment,"分离，分开,派遣,分遣队",5
11082,tame,"驯服的,平淡的,无精打采的,驯服,抑制",5
11083,rendering,"翻译,表演,（墙壁的）初涂，打底,（建筑物等）透视图,致使,打底(render的ing形式),给予补偿(rendr的ing形式)",5
11084,thirst,"（口）渴,渴感,长期的干渴,渴望,口渴",5
11085,mindful,"留心的，注意的,记住的，不忘的,警觉的,经意",5
11086,ancestry,"<集合词>祖先,世家，名门,[生]系谱,血统",5
11087,pictorial,"绘画的,有图片的,图画似的,形象化的,画报,画刊,画页,图画邮票",5
11088,bison,野牛,5
11089,genus,"（动植物的）属,类,种,型",5
11090,flashy,"浮华的，俗丽的,闪光的，瞬间的，昙花一现的,（脾气等）暴烈的",5
11092,cohesion,"凝聚，内聚,（各部的）结合,[力]内聚力,[植]连着",5
11093,debacle,"崩溃，瓦解,（河水的）奔溢，泛滥,[地]山崩,突然大地混乱",5
11094,hygiene,"卫生，卫生学,保健法",5
11095,provisional,"暂时的，临时的,暂定的,临时性,临时人员",5
11096,vial,"小瓶,小玻璃瓶,药水瓶,郁积的情绪（如愤怒等）",5
11097,funded,"[]  [],成为有固定利息的长期借款的",5
11098,centennial,"一百周年（纪念）,世纪的,百年纪念的",5
11099,accelerated,"加速的,（使）加快， （使）增速( accelerate的过去式和过去分词 ),促使…早日发生，促进,[教育学]使（学生）跳级,提早学完（课程等）",5
11101,at-risk,处于危险中的,5
11103,deport,"行为，举动,把…驱逐出境",5
11104,dweller,居民，居住者(dwell的派生),5
11105,ardent,"热心的，热情的，热烈的,炽热的,强烈的,激烈的",5
11106,relive,（在想像中）重新过…的生活，再经历,5
11107,amen,"阿门,<美口>认可或批准,<古>真实地",5
11109,oversized,大于一般的，特大号的，太大的,5
11110,decoy,"诱饵，诱鸟,圈套,诱捕",5
11111,righteous,"正直的,正义的,公正的",5
11112,narration,叙述，故事，[语]叙述法,5
11113,blare,"发出响而刺耳的声音,嘟嘟地发出,高声发出,高声宣布,嘟嘟声，巨响,（颜色等的）光泽",5
11114,gobble,"狼吞虎咽地吃,（火鸡）咯咯地叫,贪食,（火鸡的）咯咯叫声",5
11116,jolt,"（使）摇动，（使）震惊,使震惊,使颠簸,摇晃，颠簸而行,颠簸，摇，震惊，严重挫折,震惊，引起震惊的事情,突然的猛击,意外的挫折",5
11117,mend,"修理，修补,改正，纠正,加强,使恢复健康,康复，痊愈,修理，矫正,修补,补丁,痊愈",5
11118,subpoena,"<法>传票,<法>传唤（某人）,传讯",5
11119,teller,"出纳员,叙述者,银行柜员机,计票人",5
11120,naturalist,"自然主义者,博物学者,<英>买卖玩赏动物的商人,动物标本剥制师,自然的（等于naturalistic）,自然主义的,博物学的",5
11121,detrimental,"有害的,不利的,有害的人（或物）,不受欢迎的求婚者",5
11122,spiritually,在精神上地,5
11123,demolition,"毁坏，破坏，拆毁,(pl.)炸药",5
11124,internalize,"使内在化,使藏在心底",5
11125,noted,"闻名的，著名的,[乐]附有乐谱的,注意，记下,“note”的过去式和过去分词",5
11126,metaphysical,"形而上学的,超自然的,抽象的,（英国）玄学派诗歌或诗人的",5
11127,unprepared,"无准备的,尚未准备好的,即兴的,不备",5
11128,appalling,"骇人听闻的，令人震惊的,可怕的",5
11129,valuation,"估价,估定的价格或价值,定价,评价",5
11130,reorganize,"改组，重新组织,改编，整编",5
11131,leafy,多叶的，叶茂的，多树木的,5
11132,tweak,"拧,捏,扭,苦恼,稍稍调整（机器、系统等）",5
11133,cheerfully,"欢乐地,愉快地,爽朗地,乐意地",5
11135,ponytail,马尾发，马尾辫,5
11136,boiler,"锅炉,烧水壶,热水器",5
11137,powerfully,"强大地，强烈地,有效地",5
11138,learned,"有学问的,博学的,学术上的,精通某门学问的,学习(learn的过去式和过去分词),得知",5
11139,proprietor,"所有人，业主,地主",5
11140,exaggeration,"夸张,夸大,夸张的言语,夸张的手法",5
11141,ailing,"生病的,不舒服的,使受病痛,使痛苦(ail的ing形式)",5
11143,unjust,"不公平的,非正义的,不讲信用的",5
11144,accentuate,"强调，着重指出,重读,给…加上重音符号",5
11145,strife,"斗争,争吵,冲突,[古]奋斗",5
11146,devout,"虔诚的,真诚的，诚恳的,献身于宗教的",5
11147,penetration,"渗透,穿透,[军]突破,洞察力",5
11148,fielder,"外野手,外场员",5
11149,baggy,"袋状的,宽松下垂的",5
11150,validation,确认,5
11151,primer,"底漆,启蒙读本,入门书",5
11153,adventurous,"爱冒险的,大胆的,危险的",5
11154,grimace,"鬼脸，怪相,痛苦的表情,扮怪相，做鬼脸",5
11155,gutter,"（路边）排水沟,（屋顶的）天沟,贫民窟,形成沟或槽于…,为…装檐槽,在沟槽或小溪中流淌,淌蜡,（烛火）风中摇晃",5
11156,leash,"拴猎狗的皮带,用皮带系住",5
11157,baby-sitter,代人临时照看婴孩者,5
11158,reinstate,"使复原,使恢复,使恢复健康,使复任",5
11160,colonization,"殖民地的开拓，殖民，殖民地化,移殖",5
11161,pane,"窗玻璃,窗格,嵌板,方框,装窗玻璃于,镶嵌板于,用染色小布片拼做（衣服）",5
11163,privatize,"使私有化,使归私有,“privatism”的派生",5
11164,jordanian,"约旦的，与约旦有关的,约旦人，约旦国民,约旦人的后裔",5
11166,exporter,"出口商,输出者，输出国",5
11168,bottled,瓶装的,5
11171,specified,"指定( specify的过去式和过去分词 ),详述,提出…的条件,使具有特性",5
11172,stabilization,"稳定性,稳定化,安定面",5
11173,feeder,"支流，支线,进料器,供给装置,饲养员",5
11174,co-star,"联合主演,（指电影等）由（某明星）与其他明星联合主演,（与某人）联合主演，合演",5
11175,standoff,"冷淡的，有支架的,离岸,避开,僵局,僵持不下",5
11178,trainee,"受训练的人[动物],新兵,练习生，实习生",5
11180,childbirth,"分娩,生产",5
11181,smother,"（使）窒息，（使）透不过气,遮掩,抑制,窒息物,浓烟，浓雾",5
11184,refund,"资金偿还,偿还数额,退还,归还或偿还,进行偿还",5
11185,islamist,伊斯兰教主义者，伊斯兰教教义及习俗等,5
11186,backstage,"后台,秘密地,背地里,在幕后",5
11187,stairwell,楼梯井,5
11188,propensity,倾向，习性，癖好，偏爱,5
11189,horde,"一大群,游牧部落",5
11190,jeep,吉普车,5
11191,auditory,"听觉的，听觉器官的,听众,礼堂",5
11192,synthesize,"综合,人工合成,（通过化学手段或生物过程）合成,（音响）合成,合成",5
11193,alternately,"轮流地，交替地,交互,更番",5
11194,breathless,"气喘吁吁的，喘不过气来的,（紧张得）屏住气息的,透不过气的,死的，气绝的",5
11195,infancy,"婴儿期，，幼年时代,初期，摇篮时代,[法]未成年",5
11196,uncanny,"神秘的,可怕的,怪异的,危险的",5
11197,solidify,"使凝固，固化,使结晶,使团结,使团结一致,凝固,具体化,团结",5
11198,intersect,"横断，横切，横穿,（指线条、道路等）相交，交叉",5
11200,eyeball,"眼球,眼珠子,打量,盯住看,仔细打量,盯着",5
11201,craftsman,"工匠,手艺人,名匠,技工",5
11202,forgiving,"宽大的，宽容的，仁慈的,宽大地，宽容地，仁慈地,原谅( forgive的现在分词 ),饶恕,对不起,请原谅",5
11203,methodological,"方法的，方法论的,教学法的",5
11204,delusion,"欺骗,谬见,错觉,妄想",5
11205,hideous,"令人惊骇的,极其丑陋的，可怕的,丑恶的，讨厌的,媸",5
11206,aspiring,"有志气的,有抱负的,高耸的,渴望,追求",5
11207,mute,"缄默的,哑的,无声的,（字母）不发音的,哑巴,（乐器上的）弱音器,减轻（声音）,使…柔和",5
11208,physiology,"生理学,生理机能",5
11210,ascribe,"把…归于，认为…是由于,认为…具有",5
11211,dampen,"抑制,使潮湿,使…沮丧,隔音，防音,变得潮湿,丧气",5
11212,trafficker,"商人,贩子,从事违法勾当者",5
11213,rouse,"叫醒，惊醒,鼓励，鼓舞,使发脾气,使振奋,觉醒,奋起,[军]<英>起床号,干杯,醒来",5
11214,dormitory,"（学校等的）宿舍,集体寝室,（在市内工作的人的）郊外住宅区,住宅区的",5
11215,hassle,"困难的事情,麻烦的事情,争论,不断烦扰,与…争辩,使…烦恼,争论，争辩",5
11216,sincerity,"真挚，诚心诚意，诚意,笃实,襟怀坦白,愫",5
11217,quirky,诡诈的，离奇的,5
11218,plutonium,[化]钚,5
11219,stricken,"被打击的,受挫的,患病的,受灾的,打击(strike的过去分词)",5
11220,professionalism,"职业水准或特性,职业化",5
11221,eject,"喷出,驱逐,强制离开,弹射出",5
11222,unauthorized,"未经授权的,未经许可的,未经批准的",5
11223,flatly,"断然地,干脆地,直截了当地,单调地",5
11224,marshal,"元帅,典礼官,执法官,消防局长,整理，排列，集结,排列,编队",5
11225,staffing,"[]  [],安置职工,人员配备,staff为…配置（的现在分词）",5
11226,remarry,"再婚,使再婚",5
11227,stipulate,"（尤指在协议或建议中）规定，约定，讲明（条件等）,规定，明确要求,有托叶的",5
11228,oatmeal,燕麦片,5
11230,watermelon,西瓜,5
11231,adultery,"通奸，私通,通奸行为",5
11232,first-class,"最好的,第一流的,优秀的,最好地,第一流地,优秀地",5
11233,undesirable,"不受欢迎的，讨厌的,不合需要的,不方便的,不良的,不受欢迎的人,不良分子",5
11234,atm,"Automatic Teller Machine 自动取款（出纳）机,Asynchronous Transfer Mode 异步传输模式",5
11236,escalating,"[]  [],（使）逐步升级( escalate的现在分词 ),（使）逐步扩大,（使）更高,（使）更大",5
11237,treacherous,"骗人的,不忠的,奸诈的,不可信的,背信弃义地,背信弃义，背叛",5
11238,foreman,"工头，领班,首席陪审员",5
11239,memorandum,"[外]照会，备忘录,[商]便笺，函,记录,[法]（契约等条文的）节略",5
11240,fragmentation,分裂，破碎,5
11242,moderation,"适度,自我节制,稳定，镇定,（牛津大学）B.A学位的第一次考试",5
11243,outstretched,"伸展的,扩张的,伸出,扩展(outstretch的过去分词)",5
11245,mulch,"护根（用以保持水分、消灭杂草等的覆盖物，如稻草、腐叶或塑料膜）,用护根覆盖（植物根部或其周围地面）",5
11246,mythical,"神话的,虚构的",5
11247,mover,"原动力,搬家工人,鼓动者,搬运公司",5
11248,far-reaching,深远的，广泛的，深至远处的,5
11250,embodiment,"体现,化身,具体化",5
11251,leukemia,<医>白血病（俗称血癌）,5
11252,dwindling,"[]  [],逐渐减少的,逐渐变少或变小( dwindle的现在分词 )",5
11253,intrusive,"闯入的，打扰的,侵入的",5
11254,confidently,"确信地，肯定地,自信地",5
11255,infinitely,"无限地，无穷地,极其",5
11256,powerhouse,"强大的集团[组织],精力充沛的人，身强力壮的人,动力室",5
11257,front-runner,"赛跑中跑在前头的人,竞争中的领先者",5
11258,syndicated,"成为企业组合的,（使）联合组成辛迪加( syndicate的过去式和过去分词 ),（通过报业联合组织）出售（稿件）",5
11259,overdue,"过期的,延误的，迟到的,未兑的,早应完成的",5
11260,metabolic,"新陈代谢的,变化的",5
11264,shabby,"破旧的，衣衫褴褛的,卑鄙的,悭吝的,低劣的，下流的",5
11265,determining,"（使）下决心， （使）做出决定( determine的现在分词 ),决定,确定,使决定",5
11266,overhaul,"彻底检查,翻修，检修,赶上（他船）,解松（船的）绳索,检查,彻底检修,详细检查,大修",5
11267,warmly,"温暖地,亲切地,热烈地,热心地",5
11268,unnamed,"未命名的,没有明确指定的",5
11269,trough,"水槽，食槽,低谷期,[航]深海漕,[气]低气压槽",5
11271,gladly,高兴地，乐意地，欣然,5
11273,prolific,"（艺术家、作家等）多产的,众多的,富饶的,（植物、动物等）丰硕的",5
11274,generalized,"广泛的,普遍的,非具体的,整体的,概括，归纳,推论(generalize的过去式和过去分词),推广，普及",5
11275,upwards,"向上地，上升地,在上面，向上头",5
11277,marginalize,"使处于社会边缘,使脱离社会发展进程,忽视,排斥",5
11281,tenderness,"柔软,温和,亲切,心软难处理",5
11282,cognition,认识，认知,5
11283,beige,"米黄色,淡棕色,原色哔叽呢,米色的，淡棕色的",5
11284,nigerian,尼日利亚人,5
11286,conducive,有助于…的,5
11287,defective,"有错误的,有缺陷的，有瑕疵的,[语]变化不全的,智力低于正常的,身心有缺陷的人,变化不全的词",5
11288,mammoth,"[动]猛玛（象）,庞然大物,庞大的，巨大的",5
11289,predatory,"掠夺成性的,食肉的,捕食生物的",5
11290,treasurer,"财务主管,司库,出纳员",5
11291,disable,"使无能力,使残废，使伤残,使无资格,使不中用",5
11293,censor,"监察官，检查员,（牛津大学等的）学监,[心理]潜意识压抑力,[心]抑制性潜意识,审查，检查,审查（书刊等）,检查（信件等）,删改",5
11294,ludicrous,"可笑的,荒唐的",5
11295,articulation,"清晰度，咬合，关节,发音,接合",5
11296,chiefly,"首先，第一,主要,尤其,领袖（般）的",5
11297,optimum,"最适宜的,最佳效果,最适宜条件,[生物学] 最适度",5
11298,treasury,"国库，金库,（政府的）财政部,宝库，宝藏,贮藏所，库房",5
11299,trappings,"马饰,装饰,外部标志,（标志官职的）服饰",5
11300,dagger,"匕首,短剑,用剑刺",5
11303,thicket,"灌木丛,丛状物,错综复杂",5
11304,conceptualize,"使有概念,概念化",5
11305,revolver,"左轮手枪,旋转者，旋转式装置,[冶]转炉",5
11306,sweatshirt,运动衫,5
11307,determinant,"决定物,决定因素,行列式,免疫因子,决定因素的,限定性的",5
11308,sanity,"神志正常,心智健康,头脑清楚,通情达理",5
11309,idealism,"理想主义,理想化,唯心主义",5
11310,construe,"分析,解释,口译",5
11312,suggested,"暗示的,建议( suggest的过去式和过去分词 ),暗示,使想起,启示",5
11313,burglar,"窃贼,破门盗窃者,夜盗",5
11315,scoff,"（特指对宗教的）嘲笑,嘲弄，愚弄,笑柄,食品,嘲笑，嘲弄,掠夺，攫取,狼吞虎咽",5
11316,throng,"人群，大群人,众多,群集,蜂拥而至,挤满",5
11317,prep,"进入预备学校,预备，准备,使预备好,预备学校,准备,预备功课，家庭作业,大学预科生,预备的",5
11319,specificity,"特异性，特征，种别性,种特性",5
11320,booze,"酒,酒宴,暴饮,痛饮",5
11322,campfire,营火，篝火,5
11323,fervor,热烈，热情,5
11324,taiwanese,"台湾的，台湾人的,台湾人",5
11325,veggie,素食者,5
11326,pitfall,"陷阱,圈套,诱惑",5
11327,shrewd,"精明的，敏锐的,奸诈的，狡猾的,有眼光的,精于盘算的",5
11329,abduction,"绑架，拐骗，劫持,<生理>外展,<律>诱拐罪,<逻>不明推论式",5
11330,overlapping,"重叠，搭接,部分重叠( overlap的现在分词 ),（物体）部份重叠,交叠,（时间上）部份重叠",5
11331,revolutionize,"发动革命,彻底改革,使革命化,革命化,引起革命",5
11332,subtlety,"精妙，巧妙,敏锐，敏感,狡猾，阴险,细微的差别等",5
11333,clerical,"文书或办事员的,教士的，牧师的,教权主义的,牧师，教士,牧师服，教士服",5
11334,ooze,"渗出,慢慢地消失或减退,慢而稳地进步,出众,使液体缓缓流出,（秘密等）泄漏,溜走,充分地表露或散发,软泥,渗出物,鞣皮用的浸液",5
11335,mommy,<儿>妈咪,5
11336,cavern,"大山洞,凹处,挖空,置…于山洞中",5
11337,prerequisite,"先决条件，前提，必要条件,必须先具备的，必要的,先决条件的",5
11338,hem,"（布等的）褶边,用以引起注意的哼声,缝…的褶边,包围",5
11339,prowess,"英勇,高超技艺",5
11340,involuntary,"无意识做出的，非故意的,非自愿的，不随意的,不由自主的",5
11341,dugout,"独木舟,掩护部，防空洞",5
11342,steaming,"冒热气的,热气腾腾地,蒸热,通入蒸汽,蒸汽加工,汽蒸,冒蒸汽( steam的现在分词 ),快速行走，疾行,（靠蒸汽）行驶,蒸煮",5
11343,antisocial,"反社会的,危害社会安宁的,违反公益的,不喜欢社交的",5
11344,astonished,"使惊讶，使大为吃惊(astonish的过去式和过去分词),吃惊的",5
11345,spearhead,"先锋，前锋,先头部队,矛头,枪尖,当…的先锋,带头",5
11346,padded,"（服装）有衬里的，带衬垫的,给…装衬垫，加垫子( pad的过去式和过去分词 ),步行，放轻脚步走",5
11347,hamstring,"腿筋,割断…的腿筋",5
11348,argentine,"银,银色素,银色工艺材料,阿根廷人,银的，银色的，阿根廷的",5
11351,multiculturalism,多元文化,5
11352,shortcut,"捷径，近路,被切短的东西",5
11353,quad,"四倍,空铅,（大学的）四周有建筑物围绕的方院,四胞胎之一,在…填补空铅",5
11355,simulated,"假装的,冒充的,仿造的,模仿的,假装( simulate的过去式和过去分词 ),模仿,（用计算机或模型等）模拟",5
11356,magistrate,"地方法官，治安官,文职官员,治安推事",5
11357,truce,"休战,停战（协定）,停止争辩（的协议）,中止,以休战结束,停止争执,停战",5
11358,threatening,"胁迫的,险恶的,凶兆的,（天气等）要变坏的,恐吓,威胁,预示（某事）(threaten的现在分词)",5
11360,scowl,"皱眉,怒视,皱眉表示,对…沉下脸,愁容,怒容",5
11361,timer,"定时器,计时器,点火调节装置,跑表，时计",5
11362,beak,"（猛禽等的）嘴，喙,鹰钩鼻,地方执法官",5
11363,bristle,"（猪等的）鬃毛,刚毛,（动，植物的）短硬毛,（人的）胡须茬,发怒,（像鬃毛似的）竖立,（因害怕、激怒等而）毛发直立,密密地覆盖,使（毛发等像鬃毛似的）直立,把…弄粗糙,给（刷子等）安鬃毛,使林立",5
11364,mistakenly,错误地，被误解地,5
11365,repository,"仓库,贮藏室,博物馆,亲信",5
11366,verification,"证明,证实,<哲>（指通过经验）证明（某命题正确）,核实",5
11367,shallot,"葱,红葱,青葱",5
11372,sweetie,"<非正> <英>（儿语或用于对儿童说话时）糖果,（用于称呼自己喜欢或所爱的人）亲爱的,好心人,热心肠的人",5
11374,locality,"位置,地区,产地",5
11375,diffusion,"扩散,<物，化>扩散,传播,<人>（文化等的）传流",5
11376,tenuous,"薄的，细的,精细的,稀薄的,贫乏的",5
11379,misty,"多雾的，被雾笼罩的,模糊的,（眼睛）泪汪汪的,无知识的",5
11380,collage,"拼贴画,大杂烩,拼贴艺术,拼贴,把…创作成拼贴画,制作拼贴",5
11381,underside,"下侧,下部表面,底面,阴暗面",5
11382,splendor,"华丽,壮丽,光辉,显赫",5
11383,falling,"落下,坠落,下降,陷落,落下的，下降的,降低( fall的现在分词 ),来临,成为,降落",5
11384,relational,亲属的，相关的，有关的,5
11385,perjury,假誓，伪证，伪证罪,5
11386,hanger,"衣架,挂钩,挂东西的人,绞刑执行者",5
11387,shingle,"鹅卵石,木瓦板,小招牌,用木瓦板盖（屋顶）,把（女子头发）剪短",5
11388,knowingly,"会意地,故意地,狡黠地，机警地,“knowing”的派生",5
11389,canister,"（通常为金属的）小罐（装茶叶、咖啡等）,霰弹筒,滤毒罐",5
11390,reassuring,"令人安心的,鼓气的,可靠的,reassure的现在分词",5
11391,strikingly,"醒目地，引人侧目地,斐然可观",5
11392,meticulous,"谨小慎微的,过度重视细节的",5
11393,pedagogical,"教师的，适宜于教师的，教学（法）的(pedagogical),师范",5
11396,refute,"驳斥，驳倒,否认真实性",5
11397,spontaneously,"自然地，自发地，不由自主地,不禁,油然",5
11399,pee,"小便，撒尿,小便，尿",5
11400,sympathize,"同情，怜悯,共鸣，同感,支持，赞成,安慰",5
11401,iris,"虹膜,鸢尾属植物",5
11402,showroom,"陈列室,去实体店体验之后用更少的钱在网上购买",5
11403,stillness,"静止,不动,沉静,镇定自若",5
11405,neglected,"被忽视的,疏忽( neglect的过去式和过去分词 ),忽略,遗漏,疏于照顾",5
11406,onslaught,"猛攻，攻击,突击,大量的倾泻",5
11407,garner,"获得,贮藏，积累,谷仓",5
11408,schoolchild,学童,5
11409,militarily,"[]  [],以武力，以军事行动",5
11410,blah,"废话,空谈,胡扯,浮夸的文章,无聊的,枯燥的",5
11412,eminent,"（指人）知名的，杰出的，卓越的,（指品质、特性）明显的，显着的，突出的,显赫的,闻达",5
11413,richly,"丰富地,富裕地,完全地",5
11414,submerge,"淹没,把…浸入,沉没，下潜,使沉浸,沉浸,潜入水中,湮没",5
11415,realistically,"现实地,实际地,逼真地",5
11416,decorated,"装饰( decorate的过去式和过去分词 ),点缀,粉刷,授予（某人）勋章",5
11417,backseat,后座，次要位置,5
11418,pastime,消遣，娱乐,5
11420,fraudulent,"欺骗的，不诚实的,奸诈",5
11421,sinner,罪人,5
11424,vaccination,"<医>种痘，接种,牛痘疤",5
11425,pebble,"卵石,水晶,水晶透镜,卵石花纹,用卵石铺,用石子扔,使纹理粗糙",5
11426,housekeeper,"主妇,女管家,房屋管理人",5
11427,blister,"水疱,水肿,疱,气泡,（使）起水泡,（使表皮等）涨破，爆裂",5
11428,institutionalize,"使…制度化,使成为惯例,把（某人）置于公共机构下",5
11429,hindsight,"后见之明,（步枪的）照尺,表尺",5
11430,sputter,"喷溅声,劈啪声,急语,咕哝,唾沫飞溅,发劈啪声,喷出,飞溅出",5
11431,budge,"（使）稍微移动,（使）改变主意，（使）让步,（立场等）动摇,推动,（毛向外翻的）羔羊皮,革囊,〈美方〉酒,用羔羊皮装饰的,<古>浮夸的,自负的,庄严的",5
11432,saturate,"浸湿，浸透,使充满,[化]使饱和,使渗进，使湿透,浸透的，渗透的,饱和的,颜色浓[深]的",5
11433,jut,"突出，伸出,使伸出，使突出,突出，突出物",5
11434,incorrectly,不正确地，错误地,5
11435,usable,"可用的,合用的,便于使用的,使得",5
11436,imposition,"强加,被迫接受,过分的要求,税收",5
11437,methane,<化>甲烷，沼气,5
11438,biotech,生物技术,5
11439,whereabouts,"在什么地方,靠近什么地方,下落,行踪,去向,所在之处",5
11440,bedding,"寝具,基底，基坑,适于花坛种植的,“bed“的现在分词",5
11441,raging,"猛烈的，狂暴的,非凡的,奰,熊熊",5
11442,peacekeeper,维和士兵,5
11443,imperialism,帝国主义，帝国主义政策,5
11444,rebellious,"反叛的,造反的,难控制的",5
11445,throttle,"节流阀,喉咙，气管,[机]风门,扼杀，压制,勒死，使窒息,使节流,（用节汽阀等）调节,节流，减速,窒息",5
11446,shrinking,"收缩( shrink的现在分词 ),（使）缩水,退缩,畏缩",5
11447,illumination,"照明,阐明，解释清楚,<物>照度,彩饰，图案花饰",5
11448,sliver,"条子，梳条,细片，长条,裂片,（作鱼饵用的）小鱼片,使成薄片,使裂成小片,裂开,把…剖成长条",5
11449,discreet,"谨慎的，慎重的,考虑周到的,小心的,持重",5
11450,uniformly,"一致地,相同地",5
11451,newsroom,"新闻编辑室,报刊阅览室",5
11452,allusion,"暗指，间接提到,影射,典故",5
11455,divergent,"有分歧的,叉开的,发散的,扩散的",5
11456,swivel,"转节,转环,旋轴,旋转接头,（使）旋转,在枢轴上转动,（把身子或脸等）转向另一方,转身",5
11457,forage,"牛马饲料,寻找粮草,搜寻（食物），尤指动物觅（食）,（尤指用手）搜寻（东西）",5
11460,binary,"双重的，由两个东西组成的,二态的,二元的,二进制的,一双,双体,二进制数,双子星",5
11461,dated,"有日期的,陈旧的,过时( date的过去式和过去分词 ),使…显老,显示出…时代（或年龄）,鉴定…的年代",5
11463,dane,"丹麦人,戴恩（男子名）",5
11464,antioxidant,抗氧化剂，硬化防止剂,5
11465,thorn,"刺,棘刺，荆棘,带刺的植物,刺痛",5
11467,blackout,"灯火管制,灯火熄灭,暂时失去知觉",5
11469,inward,"向内的,内部的,本质上的,亲密的,向内,内心里,内部,内脏",5
11470,quarrel,"争吵，口角,反目,抱怨…的原因（理由）,[史]方镞箭，角镞箭,争辩，争吵,不同意,挑剔,责备，埋怨",5
11471,topping,"构成顶部的东西,糕点上的装饰配料,杰出的，一流的,高耸的,加顶,到达顶部(top的现在分词形式)",5
11472,pricey,价格高的，昂贵的,5
11473,ignition,"（汽油引擎的）发火装置,着火，燃烧,点火，点燃",5
11474,grandma,"奶奶，外婆,<口>奶奶，外婆",5
11475,arabian,"阿拉伯的，阿拉伯人的,阿拉伯人，阿拉伯半岛居民",5
11476,murderous,"蓄意谋杀的,杀人的，残忍的,凶残的",5
11477,heady,"顽固的,任性的,兴奋的,（酒等）易使人醉的",5
11478,restored,"归还( restore的过去式和过去分词 ),交还,使恢复,修复",5
11479,repel,"击退,使厌恶,抵制,使不愉快",5
11480,bookshelf,"书架,书橱",5
11481,fad,"一时的流行,一时的风尚,一时的怪念头,[生化](=flavin adenine dinucleotide)黄素腺嘌呤二核苷酸",5
11482,espionage,"侦察,间谍活动",5
11483,prenatal,出生前的，胎儿期的,5
11484,censored,"[]  [],受审查的，被删剪的,删剪（书籍、电影等中被认为犯忌、违反道德或政治上危险的内容）( censor的过去式和过去分词 )",5
11485,condone,容忍，宽恕，原谅,5
11486,ferocious,"残忍的,极度的,凶猛,恶",5
11487,bulldozer,"推土机,恐吓者，威胁者",5
11489,contemplation,"注视,凝视,沉思,意图",5
11490,graphite,"<化>石墨，黑铅,铅笔粉",5
11491,hitch,"（免费）搭乘他人之车,猛拉,蹒跚,（使）结婚,（用环、钩等）套住，钩住（某物）,故障，挫折,系住，勾住,急拉",5
11492,rehabilitate,"使康复,使复原，修复,使恢复原状,使恢复名誉",5
11493,gulp,"狼吞虎咽地吃，吞咽,大口地吸（气）,哽住,吞咽,一大口（尤指液体）",5
11494,subdued,"制服的，被抑制的,缓和的,有节制的，抑制,顺从,征服( subdue的过去式 ),克制,制服",5
11497,ethos,"民族精神,社会思潮,气质",5
11499,homecoming,"归国,同学会,省亲回家,校友日",5
11500,gaping,"口的,张口的,敞口的,多洞穴的,目瞪口呆地凝视( gape的现在分词 ),张开，张大",5
11501,rationality,"合理性,（常复数）合理的行动（或见解、措施等）",5
11502,bloated,"发胀的,浮肿的,傲慢的,使膨胀，使肿胀( bloat的过去式和过去分词),用盐腌",5
11503,woodland,"林地，森林,林地的，树林的,林栖的",5
11504,homogeneous,"同性质的，同类的,由相同（或同类型）事物（或人）组成的,均匀的,[数]齐性的，齐次的",5
11505,headset,戴在头上的耳机或听筒,5
11506,profitability,"获利（状况），盈利（情况）,[经]收益性,利益率,有利",5
11507,dementia,[医]痴呆,5
11508,sociological,社会学的，社会学上的,5
11510,speaking,"说话,讲话,谈话,演讲,演讲的,富于表情的,（肖像）栩栩如生的,雄辩的,讲，谈(speak的现在分词 )",5
11511,pertaining,"与…有关系的，附属…的，为…固有的(to),关于( pertain的现在分词 ),有关,存在,适用",5
11512,iced,"冰冷的，装冰的，冰冻的,（使）结冰( ice的过去式),（使）结冰( ice的过去式和过去分词)",5
11513,bogus,"假冒的，伪造的,佯作",5
11514,delicacy,"精美,美味佳肴,敏锐，敏感,世故，圆滑",5
11515,titanium,<化>钛,5
11516,seismic,"地震的,由地震引起的,震撼世界的",5
11517,spree,"欢闹,狂欢,无节制的狂热行为,狂饮",5
11518,masculinity,"男性,男子气概",5
11519,flair,"天资,天分,眼光,鉴别力",5
11520,delve,"探究,挖掘,钻研,穴,洞",5
11521,handcuff,"手铐,思想上的桎梏,给…戴上手铐,限制",5
11522,inland,"内地的，内陆的,国内的,向内地，在内地,向内陆，在内陆,内地，内陆,国内",5
11523,troll,"（使）旋转,合唱中的轮唱,放声高唱,钓（鱼）,旋转，轮唱，钓鱼",5
11525,unpublished,"未公开出版发行的,未发表过的",5
11526,giddy,"头晕的,眼花的,轻浮的，轻佻的,轻狂的,使眩晕,使眼花",5
11527,adamant,"坚硬无比的,牢不可破的,坚定不移的,坚决的,坚硬的物质,<地质>硬石,<诗>牢不可破",5
11528,cashier,"出纳员,解雇,抛弃",5
11529,afloat,"在船上（的）,浮在水面（的）,漂流着的,漂浮不定",5
11530,galley,"单层甲板大帆船,军舰舰长用的大划艇,（船舰，飞机上的）厨房,活版盘，长条校样",5
11531,puree,"浓汤,果泥,菜泥,煮成浓汤或者酱",5
11533,fella,"伙伴，伙计,小伙子",5
11535,frigid,"寒冷的,极冷的,冷漠的,（尤指女人）性冷淡的,寒冷地，冷漠地,寒冷，冷漠",5
11536,itinerary,"旅程，路线,旅行日程,旅行指南,旅行日记,旅程的,巡回的，流动的,旅行途中的",5
11537,overrun,"超过（范围）,（尤指坏事或不欲之事）泛滥,蹂躏,蔓延,泛滥成灾,超过限度,泛滥",5
11538,jig,"吉格舞,吉格舞曲,玩笑，诡计,[矿]筛选机,跳吉格舞，演奏吉格舞曲,急动，蹦蹦跳跳,用鱼钩钓,上下晃动,用夹具辅助加工（一物件）,淘汰选矿，筛选",5
11539,hepatitis,肝炎,5
11540,ecologist,生态学者,5
11542,gloss,"光彩，光泽，光滑,注释，注解,假象,发光，给…加光泽,掩饰（错误）",5
11543,insistent,"坚持的,引人注意的,显眼的,紧急的",5
11544,disturbed,"被扰乱的,心理失常的,为心理失常者服务的,干扰(disturb的过去分词)",5
11545,economical,"节约的,经济的,合算的",5
11547,imaginable,"可想像的,可能的",5
11548,covenant,"协议，协定,盖印合同,[法律]契约条款,[宗教]誓约,立约，立誓,订立盟约,订立契约,立约承诺,缔结盟约,订协定",5
11549,gush,"喷涌,迸出,涌出,迸发",5
11550,wildflower,野花,5
11551,flipping,"讨厌之极的,轻弹( flip的现在分词 ),按（开关）,快速翻转,急挥",5
11552,infinity,"<数>无穷大,无限的时间或空间",5
11553,full-scale,"全面的,彻底的,极大限度的,照原物尺寸的",5
11554,dichotomy,一分成二，对分,5
11555,nibble,"啃，一点一点地咬（吃）,啃出（洞），一点一点咬出（洞）,慢慢减少,小口咬,（对提议、建议等）显出略有兴趣的样子,表示对…稍感兴趣,轻咬,显出有兴趣,很少量食物",5
11556,further,"更远的，较远的,更进一步的，深一层的,更多的,进一步地,更远地,而且,促进，推动,增进",5
11558,high-rise,"（建筑物）有多层的，高楼的,超高层的,高楼，大厦，多层建筑物",5
11559,astonishment,"惊讶，惊奇,令人惊讶的事物或人",5
11560,convent,女修道院,5
11562,ghostly,"鬼似的，幽灵似的,可怕的",5
11563,stylist,"发型师,文体家,造型设计师",5
11564,corpus,"全集，文集,资金，本金,[计]语料库,器官",5
11566,mini,"袖珍型的东西,微型汽车,微型电脑,迷你短裙,袖珍的，微型的,（裙）超短的",5
11567,expulsion,"驱逐,开除,排出,喷出",5
11568,undocumented,无正式文件的，无事实证明的,5
11569,esteem,"尊敬，敬重,认为，以为,考虑,估价,尊敬，尊重,意见，看法,评价,名声",5
11570,tinker,"〈英〉小炉匠，补锅匠，修补匠，补锅，修补,拙劣的工人，粗劣的修补,〈美〉杂活工人，打杂工 4。吉卜赛人，流浪工人，流浪者,<美>小鲭鱼,做焊锅匠,焊补,胡乱修补,笨手笨脚地做某事,粗修,修补,（尤指不起作用地）修修补补,小修理",5
11572,contextual,文脉上的，前后关系的,5
11573,quartet,"四重唱（奏）曲,四重唱（奏）组,四件一套",5
11574,barricade,"路障，障碍物,防御，阻碍,设路障于，以障碍物阻塞,封锁，阻挡",5
11576,taint,"污点，污名,<废〉气味,传染，腐败,使变质,使污染,败坏,玷污,被污染,腐坏",5
11577,truthful,"说实话的，真实的,诚实的，老实的",5
11579,concerted,"协调的,协定的,协商好的,[乐]合拍调的",5
11580,trample,"践踏,蹂躏,无视，蔑视,侵犯，伤害,践踏，重重地踩,脚步沉重地走,践踏声",5
11581,dummy,"仿制品,沉默寡言的人,笨蛋，蠢货,挂名代表，傀儡,制作样本，制作样张,不吭声，缄口,〈美俚〉装聋作哑,替别人占领土地,假的,摆样子的，做样品的,挂名的,虚设的",5
11583,subversive,"颠覆性的，破坏性的,危险分子，颠覆分子",5
11584,bog,"沼泽，泥塘,沼泽地区,<英口>户外厕所,（使）陷入泥沼,阻碍，使不能前进",5
11585,rut,"车辙,发情期,老一套，惯例,犁,处于发情发动期",5
11586,riding,"骑马,乘车,自找麻烦，自讨苦吃,区,骑，驾驶( ride的现在分词),乘坐",5
11587,madden,使狂怒，使发狂,5
11588,timid,"胆小的,羞怯的,怕人,羞手羞脚",5
11589,landslide,"[地]山崩,大胜利",5
11590,fieldwork,"野战工事,野外工作,实地调查,现场工作",5
11591,deduct,"扣除，减去,演绎",5
11592,rummage,"翻查,搜出,翻箱倒柜,翻查，搜查,杂物，七零八碎的东西",5
11593,academia,学术界，学术环境,5
11594,tandem,"两匹[数匹]前后串联在马车上的马,双马串联马车,双人自行车,串联,一个跟着一个地,纵排地,（两匹马）前后纵列的,串联的",5
11595,doze,"打盹儿，打瞌睡,假寐,打瞌睡度过,瞌睡",5
11596,urgently,紧急地，急迫地,5
11597,penalize,"对…予以惩罚,使处于不利地位",5
11598,vice,"恶习,不道德行为,（肉体的）缺陷，疾病,（文体等的）缺点，瑕疵,代替,取代,副的,代替的,用老虎钳夹紧,钳制",5
11599,vulgar,"庸俗的，俚俗的，粗俗的,一般大众的，老百姓的,粗野的，下流的,[古语]平民，百姓",5
11600,improperly,"[]  [],不正确地，不适当地",5
11601,destabilize,"使打破平衡，使不稳定,使动摇",5
11602,edgy,"锋利的，泼辣的，尖锐的,神经紧张的，易激动的，急躁的,（画）轮廓过于分明的",5
11603,wrongly,"错误地,不正确地,不恰当地,不正直地",5
11604,semantic,<语>语义的，语义学的,5
11605,wrestler,"摔跤选手,扭斗者，搏斗者",5
11607,upstream,"向上游的,逆流而上的,（石油工业等）上游的,向上游,逆流地,上游部门",5
11608,entourage,随行人员,5
11609,borrowing,"借款,贷款,借用的言语（或思想等）,借，借入（borrow的现在分词）",5
11610,cross-cultural,超越一种文化的，比较各种文化的,5
11612,re-examine,"再检查,再审问,再考试",5
11613,accompaniment,"伴奏,伴随物",5
11614,ax,"斧头,削减,解雇",5
11615,obligate,"使（在法律或道义上）负有责任或义务,对…施以恩惠,有义务的，必要的",5
11616,ambush,"埋伏,伏击,伏击者，伏兵,伏击点",5
11617,creepy,"令人毛骨悚然的,令人不寒而栗的,慢慢爬行的,讨好老师的",5
11618,croatian,"克罗地亚人[语],克罗地亚人[语]的",5
11619,anglo,北美白人，英裔美国人,5
11620,incorporation,"团结,合并,编入,法人组织",5
11621,taboo,"禁忌,忌讳,戒律,禁忌的事物（或行为）,禁忌的，忌讳的,把…列为禁忌，禁止",5
11622,symposium,"专题讨论会，座谈会，学术报告会,专题论文集,（古希腊）酒宴，宴会",5
11623,neutrino,中微子,5
11624,birdie,"小鸟儿,小鸟球（高尔夫中指某洞的杆数低于标准杆一杆）,高尔夫中以低于标准杆一杆的成绩打进",5
11626,clarification,"（液体的）澄清,净化,澄清法,（意义等的）澄清、说明",5
11627,deference,"顺从,依从,尊重,敬重",5
11628,felon,"重罪犯,瘭疽,甲沟炎,指头脓炎,<古>残忍的，残暴的，邪恶的",5
11629,pro-life,"反对人工流产合法化的，反堕胎的,反堕胎的",5
11630,chancellor,"大臣,（某些美国大学的）校长,（德国或奥地利的）总理,（英国大学的）名誉校长",5
11631,recourse,"求援,追索权,依赖,所依靠的物[人]",5
11632,sunscreen,"（防晒油中的）遮光剂,防晒霜",5
11633,janitor,"看门人,看管房屋的人,锅炉工",5
11634,purport,"声称,意图,意味着,打算,意义，要旨,目的，意图",5
11635,adversity,"逆境,不幸,灾难",5
11636,slit,"切开，撕开,使有狭缝,狭长切口,裂缝,投币口",5
11637,medically,"医学上地，医药上地,体格上地",5
11638,kernel,"核心,要点,谷粒,核,把…包在核内",5
11641,corroborate,"证实，支持（某种说法、信仰、理论等）,使（信仰等）坚定,使巩固，使加强,确证者，证物",5
11642,deserving,"值得的,应得的,有功的,值得帮助的,应得,值得,应得报酬,应得赔偿",5
11643,incite,"刺激,激励,煽动,促使",5
11644,hamlet,"村子,〈英〉（无教堂的）小村庄,〈比喻〉优柔寡断的人,哈姆雷特",5
11645,impatience,"不耐烦,焦躁,渴望,切望",5
11646,remodel,改变…的结构[形状],5
11647,artificially,"人工地,人为地,不自然地,做作地",5
11649,ex-husband,前夫,5
11650,anarchy,"混乱,无秩序,无政府状态",5
11653,roadblock,"路障,<美>障碍,设置路障",5
11655,quicker,"聪明的( quick的比较级 ),快的,灵活的,短时间做成的",5
11656,discriminatory,"有识别力的,差别对待的,歧视性",5
11657,coerce,"强迫，强制,控制，限制,威胁,逼迫",5
11658,eyepiece,目镜,5
11659,axe,"斧子,<俚>解雇,用斧砍,削除，解雇,大量削减（经费），精简（机构）",5
11660,primate,"灵长目动物,（英国教会的）大主教,<古>首领,监督长,灵长目动物的,首要的",5
11661,cumin,"孜然芹，孜然芹果,枯茗,莳萝",5
11662,assertive,"观点明确的,坚决主张的",5
11663,immortal,"不死的,永恒的，不朽的,神的,流芳百世的,神仙,流芳百世的人,不朽的作家",5
11664,yolk,"蛋黄,卵黄,羊毛油脂,胚乳",5
11665,picturesque,"美丽的,别致的,生动的,奇特的，独创的",5
11666,parchment,"羊皮纸,文凭,上等纸,羊皮纸古文稿",5
11667,noticeably,显著地，明显地,5
11668,oats,"燕麦,燕麦粥",5
11669,terrorize,"使恐怖,胁迫,实行恐怖统治",5
11671,oily,"油的，油质的,含油的，油多的,油腻的,油滑的，会奉承的",5
11672,maternity,"母性，为母之道,妇产科医院,产妇用的,产科的,孕妇的",5
11673,flagship,"旗舰,〈比喻〉最重要的一个,佼佼者",5
11674,wreak,"造成（混乱或破坏）,实施（报复）",5
11675,ascii,American Standard Code for Information Interchange 美国信息交换标准代码,5
11676,recurrent,"复发的，复现的,周期性的，经常发生的,回归的,循环的",5
11678,acutely,"尖锐地,剧烈地",5
11679,seventy-five,"七十五,七十五，七十五毫米口径大炮",5
11680,unsuccessfully,不成功地，失败地,5
11682,palate,"味觉，嗜好,审美眼光，鉴赏力,<解>腭,[植]下唇瓣",5
11683,connotation,"内涵，含义,言外之意,[逻辑学]内涵",5
11684,campsite,野营地，露营预定地,5
11685,depressive,"郁闷的,[精神分析学]抑郁症患者",5
11686,rented,"租用的，租金的,租用( rent的过去式和过去分词 ),出租（房屋等）,租借（房屋、土地、机器等）,撕碎( rend的过去式和过去分词 )",5
11687,whack,"重击，使劲打,分配,击败,削减,重击,一份儿,尝试,状况",5
11688,washer,"洗涤者,洗涤器,洗衣机",5
11690,seminal,"种子的，精液的,升值的",5
11691,bidder,"出价者，投标人,命令者，嘱咐者,[牌]叫牌人",5
11692,after-school,课外的,5
11693,skeletal,"骨骼的，骸骨的,骨瘦如柴的",5
11694,menacing,"威胁的,险恶的,威胁(menace的现在分词),恐吓",5
11695,debilitating,使（人或人的身体）非常虚弱( debilitate的现在分词 ),5
11696,rainforest,（热带）雨林,5
11697,relieved,"放心的,宽慰的,解除(relieve的过去分词),减轻,使得到解脱,使宽慰",5
11698,geopolitical,地理政治学的,5
11699,customize,"定制，定做,按规格改制",5
11701,caveat,警告，附加说明,5
11702,arithmetic,"算术，计算,算法",5
11703,spore,"孢子,胚种,（事物的）根源，原因,长孢子",5
11704,patterned,"有图案的,组成图案的,模仿,以图案装饰,复写,使形成",5
11705,targeted,[]  [],5
11706,folklore,"民间传说,民俗学,民间创作",5
11707,bustling,"繁忙的，熙熙攘攘的,闹哄哄地忙乱，奔忙( bustle的现在分词 ),催促",5
11708,publicist,"宣传人员,宣传代理人,政论家,时事评论员",5
11710,subvert,"颠覆，推翻,破坏,搅乱人心,败坏风化",5
11713,gruesome,"可怕的,令人毛骨悚然的,可憎的,阴森的",5
11715,redirect,"使改寄，更改（信件等）姓名地址,改变方向，改变线路,重新寄送,再查问（证人等）,再直接的",5
11717,measurable,"可量度的,可测量的，可预见的,重大的",5
11718,quarterly,"季度的，按季度的,四分之一,按季的,[农] 一季一次地,纵横四分地,季刊,季考",5
11720,hospitalization,"医院收容，住院治疗,送入医院,留诊",5
11721,wad,"填充物,炮塞（弹塞）,小块软物,可观的一卷纸币，大量的钱,使成一团（或一卷，一叠等）,（用填料）填塞,将炮弹放入（炮筒）,把弹塞填入,形成团",5
11722,liter,[计量] 公升（容量单位）,5
11723,ravine,"沟壑，深谷,〈诗〉劫掠",5
11725,tributary,"支流,进贡国,附庸国,进贡者,（需向…）进贡的,附庸的,辅助的,支流的",5
11726,stately,"庄严的,高贵的,雄伟的,富丽堂皇的",5
11728,penchant,（强烈的）倾向，爱好，嗜好,5
11729,quicken,"（使）变快,增速,鼓舞,使复活,苏醒,使有生机",5
11730,repressive,"抑制的，镇压的,压抑的",5
11731,abnormality,"反常,变态,畸形,不合常规的现象或事件",5
11732,abduct,"劫持,诱拐,使外展",5
11733,crumbling,"（把…）弄碎， （使）碎成细屑( crumble的现在分词 ),衰落,坍塌,损坏",5
11734,unpack,"从（包裹等）中取出（所装的东西），打开行李取出,拆包,解除…的负担,吐露（心事等）,卸下（车、马等）的负荷物",5
11735,depress,"压下，压低,使沮丧,使萧条,使跌价",5
11736,boon,"恩惠,福利,快乐的,<古>慷慨的",5
11737,lengthen,"延长,伸长",5
11738,sitter,"坐着的人，被画像的模特,临时保姆,孵卵鸡",5
11739,pointless,"无意义的,不得要领的,钝的,无谓",5
11740,separated,"分开的,分开(separate的过去式和过去分词)",5
11741,songwriter,流行歌曲的作者,5
11742,geology,"地质学,（某地区的）地质情况,地质学的著作",5
11743,tablecloth,桌布，台布,5
11745,conformity,"符合,一致,遵从,依照",5
11747,rodeo,"竞技表演，竞技者,（集中牛马的）圈地,（为打烙印的）驱集牛马,牧人马术表演,竞技",5
11748,accelerator,"加速器,催速剂",5
11749,hive,"蜂箱,蜂巢,蜂群,喧闹地区,使（蜂）入蜂箱,贮（蜜）于蜂箱中,储备，积累,（蜂）进入蜂箱,聚居",5
11750,joyful,"快乐的，高兴的,令人开心的，使人喜悦的,快意,融融",5
11751,waking,"醒着的，不眠的,醒( wake的现在分词 ),唤醒,唤起（记忆）,使再次感觉到",5
11752,seated,"就座的,固定的,有…座位的,根深蒂固的,使就座( seat的过去式和过去分词 ),使就职,使获得座位（或席位）,可容纳若干座位",5
11753,yarn,"纱，线,（尤指）毛线,故事,（旅行）轶事,讲故事",5
11755,converse,"交谈，谈话,[计]对话，会话",5
11756,liturgy,"礼拜仪式,（英国国教的）祈祷书",5
11758,secretive,"遮遮掩掩的，守口如瓶的，秘密的，偷偷摸摸的,[生]（促进）分泌的,嘴紧,鬼头鬼脑",5
11759,teeter,"摇晃，蹒跚,上下动，前后动,犹豫不决,使…上下晃动,踉跄，摇摆,跷跷板",5
11760,slay,"残杀,[俚]被笑或爱淹没",5
11762,horrifying,"令人恐惧的，使人惊骇的,使震惊，使感到恐怖( horrify的现在分词 )",5
11763,stroller,散步者，闲逛者,5
11764,benevolent,"好心肠的,与人为善的,乐善好施的,慈善的",5
11765,modestly,"谦虚地，审慎地,适度地",5
11766,thrash,"打（谷等）使脱粒,猛烈摆动,（用棍、鞭等）痛打，责打,彻底打败,打谷，脱粒,拍打,徒劳地努力，白忙,打谷,[泳]（自由式用脚，手）打水,[航]逆行",5
11767,crackle,"发出轻微的爆裂声，发出噼啪声,噼啪声，爆裂声，（碎瓷上的）裂纹",5
11768,bale,"大包,灾害,悲痛,将某物打成包或包装成捆",5
11769,shaped,"合适的,成某种形状的,有计划的,有目标的,成形(shape的过去分词和过去式),发展",5
11770,logically,"逻辑上，符合逻辑地,能推理地",5
11772,strut,"炫耀,在…上趾高气扬地走,给…加支撑,趾高气扬地走,高视阔步,（框架的）支杆,支柱,趾高气扬的步态,（尤指跳舞或表演时）卖弄",5
11773,drone,"雄蜂,嗡嗡声,持续低音,无人驾驶飞机,嗡嗡叫,嗡嗡响,絮絮叨叨地说",5
11774,coward,"胆小鬼，懦夫,怯懦的，胆小的",5
11775,ploy,"策略，手法,工作,横队变纵队",5
11777,toasted,"[]  [],向…祝酒，为…干杯( toast的过去式和过去分词 ),烤火，取暖，使暖和",5
11778,stirring,"激动人心的,鼓舞人心的,令人激情澎湃的,激起（stir的ing形式）,萌动,出现,酝酿,开始",5
11779,pretense,"借口,（无事实根据的）要求,自称,假装",5
11780,vertically,"垂直地,直立地,陡峭地,在顶点",5
11781,big-time,<美俚>一流的，快乐时光,5
11782,acclaimed,"[]  [],向…欢呼( acclaim的过去式和过去分词),向…喝彩,称赞…,欢呼或拥戴（某人）为…",5
11783,balancing,"配平,（使）平衡( balance的现在分词 ),（使）均衡,（使）相抵,权衡",5
11786,destroyer,"驱逐舰,破坏者，扑灭者,驱逐者,起破坏作用的事物",5
11787,unborn,"未出生的，未诞生的,未来的，后世的",5
11788,glittering,"辉煌的,闪闪发光的,光辉灿烂的,闪烁，闪耀，闪光(glitter的现在分词)",5
11789,barley,"大麦,大麦粒,麦子",5
11790,quiver,"微颤，抖动,使震动,抖动,颤音,箭筒",5
11791,reactive,"反应的,电抗的,活性的",5
11792,coherence,"一致性,相干性,凝聚,联接",5
11793,briskly,"轻快地,活泼地,伶俐地,迅速地",5
11794,deceptive,"欺诈的，骗人的,靠不住的,迷惑的,虚伪的",5
11795,fabrication,"制造,捏造",5
11796,fearless,"无畏的,大胆的,不怕的",5
11798,manufactured,"人造的,（大规模）制造( manufacture的过去式和过去分词 ),捏造,加工,粗制滥造（文学作品）",5
11799,barbed,"装有倒钩的,尖刻讥讽的,锋利的",5
11800,dormant,"潜伏的，蛰服的，休眠的,静止的,资金没有利用的,权利尚待争取的",5
11801,californian,"[]  [],加利福尼亚的,加利福尼亚人",5
11802,birch,"桦树，桦木,（鞭打用的）桦条,（用桦条）抽打，鞭挞",5
11803,manpower,"人力,劳动力,人力资源,人手",5
11804,disarmament,"解除武装，裁军,缴械",5
11805,carnage,大屠杀，残杀,5
11806,microorganism,微生物,5
11807,stiffness,"僵硬,生硬,强直,顽固",5
11809,calculator,"计算器,计算者,计算图表",5
11810,lobe,"耳垂,肺叶,脑叶,裂片",5
11813,georgian,"乔治亚州人,格鲁吉亚人,格鲁吉亚语,佐治亚州人,乔治亚的,格鲁吉亚人的,格鲁吉亚语的,乔治王时代艺术风格的",5
11814,counterproductive,反生产的，使达不到预期目标的,5
11817,antidote,"解药，解毒剂,矫正方法，对抗手段",5
11818,purge,"清除，（使）净化,（使）通便,肃清,净化,<医>泻药,整肃",5
11819,legitimize,"使合法化，宣布合法化,官方[正式]认可，授予…权力,（对非婚生子）给予合法地位,证明…有理",5
11820,juncture,"时刻，关键时刻,接合点",5
11821,antelope,"羚羊,羚羊皮革",5
11822,ration,"定量,配给量,口粮,合理的量，正常量,限量供应，配给供应,给与…一天口粮,供给（兵士）伙食，限定（粮食等）",5
11823,autobiographical,"自传的，自传体的,自传作家的",5
11824,commando,"突击队，突击队员,[史]（南非布尔战争时代的）义勇队",5
11825,smallpox,"天花,痘疮,痘",5
11827,relativity,"<物>相对论,相关性,相对性",5
11828,treatise,"论文,论述,专著",5
11829,saliva,"唾液，口水,津,吐沫,涎",5
11830,lunchtime,"午餐时间,午休时间",5
11831,clockwise,"顺时针方向的,右旋的,正转的,顺时针方向转动地,右旋地,正转地",5
11832,labyrinth,"迷宫,（文字，建筑，事件）错综复杂,难解的事件",5
11833,deteriorating,"[]  [],恶化，变坏( deteriorate的现在分词 )",5
11834,troupe,"剧团，戏班子,一班，一团,巡回演出",5
11836,veterinarian,<正>兽医,5
11837,headphone,"戴在头上的收话器，双耳式耳机,听筒",5
11839,lcd,液晶显示屏，液晶显示器(Liquid Crystal Display),5
11840,vigilant,"警惕的，警觉的,警戒的,机警",5
11841,reunification,"重新统一,重新团结",5
11842,sufferer,"患者,受苦的人,受难者",5
11843,contrasting,"（靠近或作比较时）显出明显的差异，形成对比( contrast的现在分词 ),对比，对照",5
11844,ingenious,"灵巧的,精巧的,设计独特的,有天才的，聪明的",5
11845,totalitarian,"极权主义的,极权主义者,极权主义",5
11847,sushi,<日>寿司，生鱼片冷饭团,5
11848,contagious,"有传染性的,传染病的,有感染力的,会蔓延的",5
11849,baltic,波罗的海的，波罗的海各国的,5
11851,replay,"重播，重放,重演，重新举行",5
11852,thematic,"词干的,题目的,主题的,论题的",5
11853,enlighten,"启发，启蒙,开导，教导,〈古〉照耀",5
11854,intertwine,"缠结在一起,使缠结,纠缠,编结",5
11855,inspirational,"给予灵感的，带有灵感的,鼓舞人心的",5
11857,surfer,冲浪运动员,5
11858,birthplace,诞生地，出生地,5
11859,stewardship,"管事人之职位及职责,管理工作",5
11860,lemonade,"柠檬汽水,一杯（或一瓶）柠檬饮料",5
11862,sporadic,"不定时发生的，时有时无的,零星的，分散的,哩哩啦啦",5
11863,squid,"乌贼，墨鱼,鱿鱼",5
11864,unconditional,"无条件的，绝对的,无限制的,无保留的",5
11865,victorious,"胜利的,得胜的,凯",5
11866,outcry,"高声叫喊，尖叫,公开反对，强烈抗议,拍卖，叫卖",5
11867,hazy,"有薄雾的,模糊的，朦胧的,不清楚的,糊涂的",5
11868,blockade,"封锁,封锁部队,障碍物，阻碍物,实行封锁,阻塞，挡住",5
11869,swan,"天鹅,诗人，歌手,游荡,闲逛,随意旅行",5
11870,supremacy,"至高无上,最高权力,最高地位,霸权",5
11871,pore,"毛孔,气孔,细孔,细看,钻研,凝视",5
11872,rebirth,"再生,复兴,轮回",5
11874,procurement,"获得，取得,采购",5
11875,rooster,"公鸡,[美]狂妄自负的人，好斗者",5
11876,spaceship,（尤指小说中的）宇宙飞船,5
11877,plop,"扑通声，啪嗒声,扑通地坠落",5
11878,ligament,"[解]韧带,纽带",5
11879,conveniently,"方便地，便利地，合宜地,顺便,随手,信手",5
11880,composting,"堆制肥料,混合肥料，堆肥( compost的现在分词 )",5
11881,dashboard,"仪表板,仪表的控制盘,挡泥板,仪表盘",5
11883,tally,"计数器,标签,记账,测量，计数,通过做记号记录,加标签于,使符合，使吻合,符合，吻合,记录，计分",5
11884,puffy,"膨胀的，肿胀的,膨胀，肿胀",5
11885,unavoidable,"不可避免的，不得已的,不能废除的，不能废除的，不能取消的,必不可免,不免",5
11886,utopian,"乌托邦的,空想的,不切实际的,空想的社会主义者，空想家,乌托邦居民",5
11887,caucasian,"高加索人,白种人,高加索语,高加索的,高加索人的,高加索语的,白种人的",5
11888,rescuer,救助者,5
11889,geographically,地理学上，在地理上，地理方面,5
11891,subtitle,"小标题，副标题,（电影的）字幕,给…加副标题[字幕]",5
11892,shin,"胫，胫骨,小腿肉,攀,快步步行,攀爬,踢或打…的胫骨",5
11894,milieu,"周围,环境",5
11896,baptism,"（基督教的）洗礼,严峻考验",5
11897,sabotage,"蓄意破坏,怠工,对…采取破坏行动，捣乱,破坏活动",5
11898,shaman,萨满教的道士（僧人、巫师）,5
11899,hugely,非常,5
11901,insensitive,"感觉迟钝的,（对某事物）无感觉的,（对变化）懵然不知的,不敏感的",5
11903,parochial,"教区的,范围有限的,狭小的,狭隘的",5
11904,stench,"臭气，恶臭,使)发恶臭,发恶臭",5
11906,rave,"胡言乱语，说梦话,愤怒地说,咆哮,狂喜,热烈谈论，奋笔疾书,围栏，围板,（人、风、浪的）狂闹，怒吼,狂欢晚会,<俚>狂热入迷",5
11907,prosthesis,"假体（如假肢、假眼或假牙等）,<医>人体修复（术）",5
11908,diaspora,移民社群,5
11909,ingenuity,"足智多谋，心灵手巧,独创性,独出心裁，设计新颖,巧妙，精巧",5
11910,oregano,牛至,5
11911,boulevard,"大马路,林荫大道",5
11913,touring,转动，旋转,5
11914,crutch,"拐杖,支持物,精神上的寄托,胯部,支撑,支持",5
11915,superstition,"迷信,迷信行为,<古>邪教",5
11916,encode,"（将文字材料）译成密码,编码，编制成计算机语言",5
11917,groin,"腹股沟,交叉拱,穹窿交接线,堤坝，折流坝,使成穹窿形,建堤坝",5
11918,fidelity,"忠诚，忠实,逼真,保真度,尽责",5
11919,solvent,"[化]溶剂，溶媒,解释，说明,解决方法,使瓦解的东西,有溶解能力的，可溶解的,有清还债务能力的,起瓦解作用的",5
11920,totality,"整体,全部,总数,总额",5
11921,conscientious,"认真负责的,本着良心的,谨慎的,正大光明",5
11922,planter,"种植园主，大农场主,种植者，播种机,殖民者,培植器皿，花架",5
11923,cascade,"倾泻,小瀑布，瀑布状物,串联,流注,大量落下",5
11924,charisma,"魅力,<宗>神授的力量或才能,超凡的个人魅力,感召力",5
11925,topical,"有关时事的，时下关注的,局部的,题目的，论题的",5
11926,violet,"紫罗兰,蓝紫色，紫罗兰色,堇菜,羞怯的人,蓝紫色的,紫罗兰色的",5
11927,occupancy,"占有，占领,居住,[物]占有率,占据期间",5
11928,foreseeable,可预见到的,5
11929,braille,"盲文，（盲人用）布莱叶点字法,用布莱叶点字法印刷,(B-)布莱叶(Louis, 1809-1852，法国盲人教育家，盲文点写法的设计者)",5
11930,predominant,"主要的，占主导地位的,占优势的，卓越的,有影响的,特优种",5
11931,instructive,"有益的,教育性的,有益地,有教益地,教育,指导性",5
11932,shawl,围巾，披肩,5
11933,retribution,"应得的惩罚，报应,报复,报答，报偿",5
11934,budding,"正发芽的,开始发育的,初露头角的,新获得成功的,发芽，含苞,[植]芽接（法），（出）芽（繁）殖,“bud”的现在分词",5
11935,secretary-general,秘书长，总书记，书记长,5
11936,optimize,使最优化，使尽可能有效,5
11937,fiddle,"小提琴,[航]桌面柜,〈非〉胡扯，无聊,欺诈，欺骗行为,拉小提琴,神经质地摆弄手指或手,瞎搞，胡混,干预，篡改,用提琴演奏（乐曲）,欺诈，欺骗,伪造",5
11938,apprehend,"理解,逮捕，拘押,忧虑,担心",5
11939,stony,"多石头的,冷酷的，无情的,〈俚〉破产的，不名一文的",5
11940,unheard,"没有听到的，不予倾听的,<古>前所未闻的",5
11941,solidly,"坚固地,牢靠地,团结一致地,整整地",5
11942,worrisome,令人不安的,5
11943,fennel,"<植>茴香,小茴香",5
11944,tyrant,"专制统治者，暴君,（古希腊的）僭主,专横的人",5
11945,commotion,"混乱，喧闹,暴动，骚动",5
11946,decry,<正>公开反对，谴责,5
11947,subjectivity,主观性，主观,5
11948,low-level,低水平的,5
11949,receiving,"接受,收款，收货,接受的,收到( receive的现在分词 ),接到,接纳,接待",5
11951,sinking,"沉没,（使）下沉， （使）沉没( sink的现在分词 )",5
11952,peddle,"传播，散播,兜售，叫卖,忙于做琐事",5
11953,threatened,"[]  [],受到威胁的,威胁(threaten的过去分词)",5
11954,left-wing,左派的，左翼的,5
11955,fastball,（投手投出的）快球,5
11956,stormy,"有暴风雨的,暴风雨般的,热烈的,激烈的,有暴风雨地，愤怒地，冲动地,<气>风暴度,暴躁，激烈",5
11958,penguin,企鹅,5
11959,depletion,"消耗，用尽,耗减",5
11960,highland,"高地的，高原（地区）的,苏格兰高地的,高地，高原（地区）",5
11962,spoken,"口头讲的,口头的,口语的,（用以构成复合词）具…说话特点的,讲，谈（ speak的过去分词 ）,说,演说,从某种观点来说",5
11963,depot,"仓库,火车站或汽车站,航空站,[军]补给站,把…存放在储藏处,药性持久的",5
11964,easel,画架，黑板架,5
11965,stretcher,"担架,延伸器,顺边砖,框架结构的横档",5
11967,bloodshed,"流血,屠杀，杀戮,流血事件",5
11968,coupling,"[电]耦合,联结,[机]管箍,（火车的）车钩,连接(couple的现在分词)",5
11969,knack,"诀窍，窍门,熟练技术，技巧,需要技巧的工作,巧妙手法",5
11970,reliably,可靠地，确实地,5
11971,languish,"憔悴，潦倒,（草木等）凋萎,失去活力,烦恼，焦思,憔悴,惹人怜爱的感伤模样[倦态等],脉脉含情",5
11972,medic,"医生,医学院学生,苜蓿属植物",5
11973,tremor,"震颤,战栗,震颤声,大地的轻微震动",5
11975,animosity,憎恨，仇恨，敌意,5
11976,predictably,可预见地，果不出所料地，脱不出老一套地,5
11977,staunch,"坚定的，坚固的,忠诚的，可靠的,不漏水的,止住,止血",5
11978,incomprehensible,"难以理解的，难懂的,莫测高深的,不可思议的,无限的",5
11979,bask,"晒太阳，取暖,享受乐趣，得到满足",5
11980,tripod,"[摄]三脚架,三脚凳,三脚桌,三足鼎",5
11981,airwaves,"电视广播,电视，广播的频道( airwave的名词复数),〔电子〕空中电波",5
11982,frenchman,"法国男人,法国人",5
11984,glucose,[化]葡萄糖，右旋糖,5
11985,squander,"挥霍，浪费,驱散，使散开,浪荡，漂泊",5
11986,flawless,"无瑕的，完美无缺的,无疵可寻,无瑕可谪,无疵",5
11988,serpent,"蛇,狡猾的人",5
11989,petite,"<法>（女子）娇小的，柔弱的,小号妇女服装",5
11990,beggar,"乞丐,家伙,使贫困,使无用",5
11991,streamline,"把…做成流线型,使现代化,组织,使简单化,流线,流线型",5
11993,prematurely,过早地，贸然地,5
11994,spasm,"痉挛,抽搐,（能量、行为等的）突发,发作",5
11995,matchup,"火柴,比赛,竞赛,匹配,相配,相称,相比",5
11996,real-world,"[]  [],现实生活的，工作的",5
11997,staging,"分段运输,工作台",5
11998,discontinue,（使）终止，中断，中止,5
11999,small-scale,"小规模的,小型的,小比例尺的（地图）",5
12000,intermediary,"中间人的,调解的,居间的,媒介的,中间人,媒介,调解人,中间阶段",5
12001,prognosis,"[医]预后，判病结局,预测",5
12002,miraculously,奇迹般地,5
12003,queer,"古怪的,可疑的,不适的,〈俚〉同性恋的,<贬>同性恋者,怪人,伪造的货币,搞糟,使陷于不利地位",5
12004,segregated,"[]  [],分开的,被隔离的,隔离(segregate的过去式和过去分词),分离",5
12005,etiquette,"礼仪，礼节,规矩,礼数",5
12006,deportation,"驱逐出境，放逐,递解出境",5
12007,bourbon,"波旁威士忌,一杯波旁威士忌酒",5
12009,intestine,"[解]肠,内部的,国内的",5
12010,caress,"爱抚，抚摸,接吻,拥抱,怜爱，宠爱,亲吻",5
12011,galactic,银河的,5
12012,crushing,"压倒的,决定性的,支离破碎的,压碎，压坏( crush的现在分词),镇压，征服,冲入(crush的现在分词)",5
12013,inadequacy,"不充分，不适当,不完全,[医]官能不足，机能不全,不十分",5
12015,riddle,"粗筛,谜语,猜不透的难题，难解之谜,用筛分选（卵石等），筛分,用子弹把耙子打成蜂窝似的,精查（证据）,解（谜），猜",5
12016,immature,"不成熟的,未完成的,粗糙的,幼小",5
12017,sinus,"弯曲处，凹陷处,[解]窦，窦道,[植]弯缺,（软体动物的）弯",5
12018,volatility,"挥发性,挥发度,反复无常",5
12019,negligence,"疏忽,[法]过失,粗心大意",5
12020,harshly,"粗糙地,刺耳地,严厉地,苛刻",5
12021,durability,"耐久性,持久性",5
12022,shutdown,"关闭，倒闭,关机,停工，停业,停播",5
12023,weakly,软弱地，无力地，疲软地,5
12024,dimly,"昏暗地，朦胧地，模糊地,依稀,影影绰绰,隐隐约约",5
12025,thirds,"第三( third的名词复数 ),三分之一",5
12026,perceptual,"知觉的，有知觉的,感性",5
12027,humankind,人类,5
12028,englishman,"英格兰（男）人，英国（男）人,英吉利人",5
12029,medicinal,"医学的,医药的，药用的,治疗的，医疗的,粟砂",5
12030,fraught,"充满的，满载的,担心的，忧虑的,货物，装载物,装货于",5
12032,low-key,"低调的，软调的,低强度的,抑制的,有节制的",5
12033,wicker,"柳条（编制品）,（编制筐篓的）枝条,枝条[柳条]编的,装在柳条编织物里的",5
12035,fruitful,"果实累累的,肥沃的,效果好的",5
12036,restroom,<美>公用厕所，盥洗室，卫生间,5
12037,ketchup,番茄酱,5
12038,squeal,"发尖叫声,〈俚〉激烈抗议,〈俚〉告密,长而尖锐的叫声,〈美〉抗议",5
12040,mayonnaise,蛋黄酱,5
12041,cheekbone,颊骨，颧骨,5
12042,junkie,"<俚>吸毒者,<口>爱好者,有毒瘾者,废旧品商人",5
12043,dishwasher,"洗碗工,洗碟机，洗碗机",5
12046,pathologist,病理学家,5
12047,hobble,"跛行,蹒跚,使跛行,阻碍,捆缚（马等）之两腿（以防走失）,<口，方〉困境",5
12048,impatiently,"不耐烦地,性急地,焦急地,焦躁地",5
12052,interracial,人种间的，人种混合的,5
12053,tort,<律>民事侵权行为,5
12055,torrent,"奔流，急流,爆发，迸发,连续不断,（质问等的）连发",5
12057,dribble,"点滴留下,（使液体）滴下或作细流,运球，带球,口水,涓滴，细滴,运球,少量（液体）",5
12058,interstellar,"星际的,恒星际",5
12059,unconsciously,"未意识到地,不知道地,失去知觉地,神志不清地",5
12061,primal,"第一的，最初的,原始的,首位的，主要的,根本的",5
12063,appellate,（尤指法庭）上诉的，受理上诉的,5
12065,chilean,智利人，智利人所说的西班牙语,5
12066,notification,"通知,通知单,布告,公布",5
12067,locomotive,"火车头,机车,移动的,运动的",5
12068,nitrate,"硝酸盐,硝酸根,硝酸盐类化肥,硝酸酯,用硝酸处理,使硝化",5
12070,shameful,"可耻的,丢脸的,不体面的,猥亵的",5
12071,utmost,"极度的，最大的，最远的,极限，最大限度",5
12072,fiance,<法>未婚夫,5
12073,fundamentalism,"<宗>原教旨主义,fundamental的派生",5
12074,grandeur,"伟大,宏伟，壮观,富丽堂皇",5
12075,peacekeeping,维护和平的，执行（或监督）停火协定的,5
12077,unmarked,没有标志的，未被注意到的,5
12078,beaver,"河狸,河狸毛皮,[印]海狸绒布,工作勤恳的人",5
12079,groundwork,"基础,基本原理",5
12080,silky,"丝一样的，像绸缎的,柔软的，光滑的,优雅的,（酒）舐着舒服的",5
12082,aptly,适当地，适切地，巧妙地,5
12083,precipitation,"匆促,沉淀,（雨等）降落,某地区降雨等的量",5
12084,candlelight,"烛光,暗淡的人造光,掌灯时分,薄暮",5
12085,mast,"桅杆,栓柱,橡树果实,在…上装桅杆",5
12086,cyberspace,（电子计算机创造的）通讯、信息空间,5
12087,mesmerize,"施催眠术,迷住，迷惑,感化",5
12089,obscenity,"淫秽,猥亵,下流,淫秽的词语或行为",5
12090,situational,[]  [],5
12092,preschooler,学龄前儿童,5
12093,hard-line,主张采取强硬路线的，毫不妥协的，采强硬态度的,5
12095,protracted,"拖延的,延长的,拖延“protract”的过去式和过去分词",5
12097,dreamer,"做梦的人，梦想家,不切实际的人,dream的派生",5
12098,interplay,相互作用,5
12099,acculturation,"文化适应，同化过程,文化互渗",5
12100,clinically,冷静地，客观地,5
12101,baffle,"使受挫折,使困惑，使迷惑,用隔音板隔音,挡住（水流等）,隔板，挡板,迷惑,遮护物，阻碍体,[军]迷彩",5
12102,bye-bye,再见,5
12103,alloy,"合金,（合金中的）劣等金属,搀杂品,成色,合铸，熔合（金属）,铸成合金,在…中搀以杂质，使（金属）减低成色",5
12104,populace,"百姓,平民,人口",5
12105,formative,"形成的,造型的,[语]构词用的,构词要素,用构词要素构成的词",5
12106,dogma,"教义，教条，信条,武断的意见,教义的，教条的，信条的",5
12107,breaker,"[电]断路器,破坏者，破碎者,轧碎机，破碎机,碎浪",5
12108,policy-making,政策制定；决策,5
12109,horrendous,可怕的，令人吃惊的,5
12110,lug,"用力拖拉,手柄,（英）耳朵,突出部,<俚>笨家伙",5
12111,adjunct,"附件，助手,附属的",5
12112,densely,浓密地，稠密地，密集地,5
12113,existential,有关存在的，存在主义的，存在判断的,5
12114,coarsely,"粗糙地,鄙俗地",5
12116,elastic,"有弹力的,可伸缩的,灵活的,松紧带，橡皮圈",5
12117,befriend,"以朋友的方式对待,帮助,照顾",5
12118,pavilion,"亭，阁楼,（公共活动或展览用的）临时建筑物,大型文体馆,看台,搭帐篷,笼罩,置…于亭中",5
12119,ore,"矿,矿石，矿砂",5
12120,midwife,"接生婆,助产士,接生,[喻]协助…的产生",5
12121,bandit,土匪，强盗,5
12123,nutmeg,"[植]肉豆蔻（树）,〈美〉自负不凡的蠢货",5
12124,heroism,"英雄行为，英勇精神,英雄气概，英雄品质,英雄主义,勇敢的事迹",5
12125,bullying,"[]  [],恐吓，威逼( bully的现在分词 ),豪,跋扈",5
12126,protrude,"使突出,使伸出,突出,伸出",5
12127,breast-feeding,"[]  [],（用）母奶喂养,以母乳抚育，哺乳( breast-feed的现在分词 )",5
12128,ruined,"毁灭的,堕落的,破产的,破坏( ruin的过去式),毁掉,使破产,使沦落",5
12129,feasibility,"可行性,可能性,现实性",5
12130,optimist,"乐观主义者,乐天派",5
12131,doorbell,门铃,5
12132,crumple,"弄皱,碎裂,变皱,破裂,崩溃,压痕,皱痕",5
12133,moody,"喜怒无常的,忧悒的,（无缘无故）不高兴的,脾气坏的,喜怒无常地，情绪多变地,喜怒无常",5
12134,behaviour,"行为,举止,（人、动植物、化学药品等的）表现方式,态度,“behavior”的变体",5
12135,teamwork,"协力,配合,联合作业,集体工作",5
12136,handbag,"（女用）手提包,旅行包",5
12139,wretched,"不幸的，悲惨的，可怜的,卑鄙的,恶劣的,（用于表示烦恼）讨厌的",5
12140,guidebook,旅行指南,5
12141,mischief,"损害，危害,顽皮，淘气,恶作剧,祸根",5
12143,wanted,"受通缉的,被征求的,缺少( want的过去式和过去分词 ),应该,打算,需要…在场",5
12144,exhale,"发散出,放出，放射,使蒸发,[医]渗出,呼气,放出,发散",5
12145,fray,"（使布、绳等）磨损，磨破,使（关系，神经等）紧张,〈古〉吓唬，使惊恐,〈古〉吵架，打架,打斗，争吵,争辩,（织物等的）磨损处",5
12147,manhood,"成年,男子,男子气概,刚毅之气",5
12148,childish,"幼稚的,孩子气的,不复杂的",5
12149,rbi,"[]  [],Run Batted In （棒球）打点,The Reserve bank of India 印度储备银行",5
12150,discretionary,"任意的,自由决定的,酌情行事的,便宜行事的",5
12151,connecting,"连接，管接头，套管,连接( connect的现在分词 ),把…看作有关联,由…联想到,给…接通电话",5
12152,generational,生育的，世代的,5
12154,attrition,"消耗,消磨,摩擦,（神学）不彻底的忏悔",5
12155,workload,（某一人或组织）工作量，工作负担,5
12156,taker,"收取者,接受者,同意打赌的人，打赌者,捕获者",5
12157,prelude,"序曲，前奏曲,开场戏，序幕,前兆，预兆,为…作序，开头,成为…的序曲,演奏序曲，唱开场戏",5
12158,gingerly,"小心翼翼地,慎重地,小心翼翼的,谨慎的",5
12159,gnp,gross national product国民生产总值,5
12160,waft,"吹送，飘送,使飘荡,漂浮,一股,一阵微风,飘荡,风信旗",5
12161,unprotected,"无保护（者）的,无防卫的,不受关税保护的,无保护(unprotect的过去分词)",5
12162,pellet,"小球,小子弹,石弹，炮弹,（货币等的）圆浮雕,用小球扔,用子弹射击,将…制成丸状,把…弄成小球形",5
12163,forbidden,"不允许的，被禁止的,禁用的,禁止( forbid的过去分词)",5
12164,helium,<化>氦,5
12165,dissect,"解剖,仔细分析,进行解剖，进行详细分析",5
12166,cosmology,宇宙学,5
12167,aristocratic,"贵族的，贵族气派的,赞成贵族政治的，爱挑剔的",5
12168,glitter,"闪烁，闪耀,华丽夺目，炫耀,灿烂的光辉,闪烁,（表面的）诱惑力,吸引力",5
12169,disputed,"辩论，争论（ dispute的过去式和过去分词 ）,争夺,阻止,就…进行辩论,有争议的",5
12170,cardinal,"基数,红衣主教,大红色，深红色,女式斗篷,基本的，最重要的,大红色的，深红色的",5
12171,verbally,"言词上,口头地,照字面地,作为动词",5
12173,abyss,"深渊，无底洞,深邃,<古>地狱，阴间,浑沌",5
12174,estranged,"疏远的,隔绝的，疏离的,久未联系的,（夫妻）分居的,使疏远,使隔离,使离间(estrange的过去式和过去分词)",5
12175,enclosed,"被附上的,（用墙等）围住的,封闭的,与外界隔绝的,（用墙、篱笆等）把…围起来( enclose的过去式和过去分词 ),把…装入信封,附入,（尤指墙、篱笆等 ）围住",5
12176,rout,"打垮,赶跑,挖掘出,（体育）打败对方,搜寻,用鼻子拱土,溃败,暴动,混乱的群众,盛大的晚会",5
12178,wasp,"黄蜂,[昆]胡蜂,易动怒的人",5
12179,negotiated,"[]  [],谈判，协商，议定( negotiate的过去式和过去分词 ),兑现（支票等）,通过，越过（险要路段）",5
12180,modesty,"谦虚，谦逊,稳重,端庄,朴实，质朴",5
12181,termite,白蚁,5
12182,fencing,"剑术,围墙,筑栅栏的材料,击剑( fence的现在分词),围以栅栏",5
12183,redwood,（美国加州产的高大的）红杉,5
12184,fantasize,"想像,幻想,沉溺于幻想",5
12185,idealistic,"理想主义的,空想家的,唯心主义的,唯心论的",5
12188,clandestine,"秘密的,私下的,暗中的",5
12190,weaponry,"（总称）武器，兵器,“weapon”的派生,仗",5
12191,mysteriously,"神秘地,不可思议地,诡秘地,故弄玄虚地",5
12192,re-enter,"[]  [],重新进入",5
12193,tether,"（拴牲畜用的）系绳,限度，极限,用绳拴住,拘束，束缚",5
12194,medalist,"奖牌设计者,奖牌制作者,得到奖牌的人,奖牌收藏家",5
12195,enigmatic,"神秘的,似谜的,令人困惑的,高深莫测的",5
12197,cub,"幼小的兽,愣头青，毛头小伙子,新手,（野兽）生仔,捉幼狐（幼兽）",5
12198,allure,"诱惑力，魅力,引诱，诱惑,吸引,勾引,诱人，吸引人",5
12199,unruly,"不守规矩的,任性的,难驾驭的,难控制的",5
12201,distraught,"心神错乱的,几乎发狂的,忧心如焚的",5
12202,alaskan,"[]  [],阿拉斯加州人,阿拉斯加州的，阿拉斯加人的",5
12203,grassland,"草原,牧场,草地",5
12205,approximate,"约莫的，大概的,极相似的,[植]相近但不连接的,接近于,近似于,靠近,使接近,使结合",5
12206,bagel,硬面包圈,5
12207,up-to-date,"现代的，最新的,最近的,新式的",5
12209,thankfully,"（用以表示高兴或宽慰）幸亏,高兴地，感激地",5
12210,jab,"猛刺,猛击,猛碰,戳，刺,猛戳,刺进,注射",5
12211,eschew,避开，回避,5
12212,stuffing,"填充物,填充(stuff的现在分词)",5
12213,looming,"上现蜃景（光通过低层大气发生异常折射形成的一种海市蜃楼）,隐约出现，阴森地逼近( loom的现在分词 ),隐约出现，阴森地逼近",5
12214,borough,"自治的市镇,有议员选举权的市镇,纽约市五个行政区之一",5
12215,hind,"（常指动物腿）后面的,在后的,（通常与can或could连用）唠叨不停,滔滔不绝,雌鹿,石斑鱼,<古>乡下人,<英>有经验的农场工人",5
12216,wither,"使枯萎,使畏缩,使衰弱,凋谢,衰弱,萎缩",5
12217,propagate,"繁衍，增殖,使遗传,扩散,使蔓延,繁殖,扩大,[物] 通过媒介传送",5
12218,almighty,"全能的,万能的,有无限权力的,非常的,非常,全能的神",5
12219,liberating,"[]  [],解放，释放( liberate的现在分词 )",5
12220,reimburse,偿还，付还，归还,5
12221,tibetan,"西藏人,藏族人,藏文,藏语,西藏的,藏族（人）的,藏文的,藏语的",5
12222,solace,"安慰，安慰物,安慰，慰藉,减轻,使快乐",5
12223,grossly,"非常,十足地,下流地,大略",5
12224,coding,译码,5
12225,silvery,"银色的,清脆的,银铃般的,银白",5
12226,screech,"尖叫声，尖锐的声音,发出尖叫声，发出尖锐刺耳的声音,发出恐惧或痛苦的叫喊声",5
12227,extinguish,"熄灭（火）,使（希望、爱情等）不复存在,偿清",5
12228,brute,"畜生，兽,残暴的人,兽性,残忍的,畜生的，动物的,无理性的",5
12229,piety,虔诚，虔敬,5
12230,opium,"鸦片,麻醉剂",5
12231,cancellation,"取消,<数>（相）约,被取消的事物,作废",5
12232,anterior,"位于前部的,先前的,早期的,（逻辑上）在前的",5
12233,ransom,"付赎金救人，赎金,[神]赎罪,赎回,[神]赎救",5
12234,inaugurate,"开创,创始,举行开幕典礼,举行就职典礼",5
12235,fluent,"流畅的,流利的,液态的",5
12236,meticulously,"过细地，异常细致地,无微不至,精心",5
12237,perpetrate,"犯（罪）,做（恶）",5
12238,wag,"摇动，摇摆,饶舌,（时势等）推移，变迁,摇动，摆动,爱说笑的人,滑稽角色,<英俚>逃学，偷懒,摆动,喋喋不休,蹒跚而行",5
12240,trimming,"整理,修剪,装饰品,配料,整理(trim的现在分词),削减,装饰",5
12241,reconnaissance,"（对某地区的）侦察或观测（尤指为军事目的），（执行侦察任务的）巡逻队、飞行队等,勘探,选点,勘查",5
12242,tar,"焦油，沥青，柏油,尼古丁,<口>水手，水兵,以焦油或沥青覆盖或涂抹（某物）",5
12243,schizophrenia,"[医]精神分裂症,矛盾",5
12244,airliner,客机，班机,5
12245,mitigation,缓解，减轻，平静,5
12246,bittersweet,"又苦又甜的，苦乐参半的,蜀羊泉,白英",5
12247,delta,"希腊语字母表第四字母δ,（河流的）三角洲,[数]变量增量",5
12249,rationalize,"使合理化,据理解释,使消根,文饰",5
12250,subset,子集,5
12251,circumvent,"围绕，包围,用计防止,避免,（用欺骗手段）陷害",5
12252,sludge,"泥浆，烂泥,沉淀物,泥状雪,清除污泥",5
12254,uphill,"上坡的，向上的,费力的，辛苦的，艰难的,位于高处的,上山地，上坡地,艰难地,登高，上坡",5
12255,hourly,"每一小时的,常常的,每小时地,时时，随时",5
12256,scorn,"鄙视,轻蔑,不屑一顾,笑柄,轻视,看不起,蔑视,不屑做,表示轻蔑,表示鄙视,嘲笑",5
12257,otter,"（水）獭,水獭皮,一种钓具",5
12258,tamper,"窜改,篡改,（用不正当手段）影响，干预,瞎摆弄,贿赂,夯，夯具,捣乱者,填塞者,反射器",5
12259,elective,"选任的,有选举权的,（课程）选修的,（可选择的）可选择的,选修课程",5
12261,uniqueness,唯一性，单值性，独特性,5
12262,ace,"幺点,发球得分,王牌驾驶员,佼佼者,第一流的,极好的,能干的,杰出的,彻底打败，击败,得高分,顺利通过考试",5
12263,taped,"用带子捆起来( tape的过去式和过去分词 ),录音",5
12264,chilled,"已冷的，冷硬了的，冷冻的,（使）变冷( chill的过去式和过去分词 ),使很冷,使冰冷,使恐惧",5
12265,leopard,"豹,美洲豹，金钱豹，花豹",5
12266,latch,"门闩,弹簧锁,闩上,用碰锁锁上（门等）,抓住，占有",5
12267,bunny,"兔子,可爱的女郎",5
12268,stratum,"岩层,地层,社会阶层",5
12269,vinaigrette,"色拉调味汁（用油、醋和各种香草等混合而成）,嗅瓶",5
12270,mash,"麦芽浆,麦麸,糊状物，浆状物,（捣成的）泥，（碾碎的）颗粒,捣碎，磨碎,捣成糊状的混和物,〈俚〉调情，挑逗（异性）",5
12271,shuffling,"洗（纸牌）( shuffle的现在分词 ),拖着脚步走,粗心地做,摆脱尘世的烦恼",5
12272,buddhism,"佛教,释,佛门,释门",5
12273,contracting,收缩的，缩成的，缩小的,5
12274,temp,"临时雇员，（尤指）临时秘书,打临时工，做临时工作，打零工,temperature温度",5
12275,midway,"中途，半途,娱乐场，游乐场,折中办法，中间道路,中途地，中间地,中途，半路,居中的，中途的",5
12276,attendee,（会议等的）出席者,5
12277,venetian,"威尼斯的,威尼斯人",5
12278,bullpen,<美>牛栏，<口>大房间（尤指候审犯人用的），候补队员区,5
12279,exodus,"离去，退出,古代以色列人出埃及",5
12281,bystander,"旁观者,局外人,看热闹的人",5
12282,untrue,"不真实的,不合标准的,不忠实的,非真",5
12283,munch,"用力咀嚼（某物）,大声咀嚼",5
12284,compulsive,"极有趣的,令人着迷的,因着迷而引起的,强迫性的,极有趣地，令人着迷地，强迫性地",5
12285,paramilitary,"准军事的,辅助军事的,准军事部队的成员",5
12286,woven,"编，织，织成( weave的过去分词 ),编排,杜撰,（把…）编成",5
12287,flannel,"法兰绒，绒布,法兰绒衣服,毛巾,<俚>花言巧语,法兰绒的,用法兰绒擦[包],使穿法兰绒衣服",5
12289,blinding,"炫目的，耀眼的,使人眼花缭乱的,使人昏聩的,刺眼的,使失明，使眩晕(blind的现在分词),碎石子，细沙",5
12290,bliss,"极乐,天赐的福,幸福无比,狂喜,使欣喜若狂，使狂喜,欣喜若狂，狂喜",5
12291,recital,"独唱会,独奏会,小型音乐会、舞蹈表演会等,一系列事件等的详述",5
12292,infertility,"不肥沃，不毛,不育",5
12293,warship,军舰，战舰,5
12294,adjoining,"毗连的，邻近的,邻近，毗连( adjoin的现在分词 )",5
12295,tunic,"（动植物的）膜皮,束腰宽松外衣,一套制服的短上衣,（天主教主教等穿的）短祭袍",5
12296,rushing,"急流的，旺盛的,（使）急速行进，仓促完成( rush的现在分词 ),突袭,（使）仓促行事,催促",5
12297,infidelity,"无信仰,不忠实,不贞的行为",5
12298,specialization,"特别化,专门化,（意义的）限定,<生>特化（作用）",5
12299,bearer,"持票人,送信人,搬运工人",5
12303,digestive,"消化的,助消化的,消化剂",5
12304,incense,"香,焚香时的烟,奉承,使愤怒,激怒",5
12305,probing,"探索的,寻根究底的,寻求真理的,（问题）深入锐利的,探索，用探针（或探测器等）探查，探测( probe的现在分词 ),盘问,（用试探性袭击等）侦察（敌情）,用尖物刺穿（物件）",5
12306,vice-president,副总裁，副校长,5
12307,waterproof,"不透水的，防水的,用防水材料处理过的,使防水，使不透水,给（布）上胶,防水衣物，雨衣 usually plural,防水布，油布,防水物，防水材料",5
12309,illegitimate,"非婚生的，私生的,法律不容的,（指辩论等的结论）不合逻辑的,非嫡出子",5
12310,meteorite,"陨星,陨石,陨铁,流星",5
12311,plush,"〈俚〉豪华的，漂亮的，舒服的,长毛绒做的,长绒棉,长毛绒,长毛绒裤",5
12313,aha,啊哈（表示惊讶、胜利、嘲弄等）,5
12314,burnt,"烧坏的,烧伤的,烫伤的,灼伤的,（使）燃烧( burn的过去式和过去分词 ),使用某物为燃料,烧毁,烧坏",5
12315,conceivably,令人信服地,5
12316,disqualify,"使无资格,使不合格,取消…的资格",5
12317,snug,"温暖舒适的,小而整洁的,建造良好的,紧身的,使变得温暖舒适,使变得安全,偎依,舒适地蜷伏,雅室",5
12318,serviceman,"军人,维修人员",5
12319,nonstick,（锅）锅底不粘的,5
12320,scheduling,"行程安排，时序安排,排时间表",5
12321,plumber,"管子工，水暖工,<美><口>（防止泄密的）堵漏人员",5
12322,conservationist,自然资源保护者，生态环境保护者,5
12323,jesuit,"[天主]耶稣会会士,阴险的人,虚伪狡诈的人",5
12324,scholastic,"学校的，教育上的,学术上的",5
12325,postoperative,手术后的,5
12326,itch,"痒，发痒,渴望，极想,渴望，热望,痒,疥疮",5
12328,undeniable,"不可否认的，无法抵赖的,无可争辩的,确实优秀的,无可疵议的",5
12329,formality,"礼节,拘谨,正式手续",5
12330,chrome,"谷歌浏览器,铬，铬合金,镀以铬,用铬化合物印染",5
12331,ravage,"毁坏,劫掠,破坏,蹂躏",5
12332,assemblage,"装配,聚集,（聚集在一起的）一堆东西,组合成的艺术品",5
12333,right-hand,"右手的,用右手的,右边的,得力的",5
12334,polity,"政治组织,国家组织,政体",5
12335,logistical,"[]  [],逻辑的,后勤方面的",5
12336,tsunami,海啸,5
12337,incompetence,"不胜任,无资格,不适当,不熟练",5
12338,swerve,"使突然转向,使转弯,改变方向",5
12339,muffled,"（声音）被隔的,听不太清的,（衣服）裹严的,蒙住的,压抑，捂住( muffle的过去式和过去分词 ),用厚厚的衣帽包着（自己）",5
12340,processed,"加工过的，经加工的,加工( process的过去式和过去分词 ),处理,审阅,审核",5
12342,desolate,"无人的,荒凉的,孤独的，凄凉的,荒废的,使荒无人烟，使荒芜,使凄凉，使孤单",5
12343,torment,"折磨，痛苦,痛苦的根源,刑罚,使折磨，使痛苦,使烦乱,纠缠",5
12344,koran,"《古兰经》（伊斯兰教）,《可兰经》",5
12345,harp,"竖琴,竖琴状的东西,[天]天琴座,<美俚>爱尔兰人,弹竖琴,唠叨，喋喋不休,不停地说",5
12346,pumping,"抽吸[动、水、空],泵唧[送],汲取,充[打]气，泵作用,用抽水机汲水( pump的现在分词 ),给…打气,用泵（或泵样器官等）输送,涌出",5
12347,retaliate,"报复，反击,回敬,报复",5
12348,spreadsheet,电子表格程序,5
12349,amino,<化>氨基的,5
12350,sequential,"按次序的，相继的，构成连续镜头的,时序,序贯",5
12351,summertime,夏季，夏天,5
12352,wherein,"其中,在那里，在哪方面,在哪一点上,在什么地方",5
12354,wee,"很小的，极小的,很早的,一点点,一会儿",5
12356,ethnically,人种上，民族上,5
12357,sculpt,"雕刻,雕塑,使成雕塑状,雕刻，雕塑",5
12358,welsh,"威尔士的，威尔士人的，威尔士,威尔士人,威尔士语语的",5
12359,workstation,工作站,5
12360,momentary,"短暂的,瞬间的,随时会发生的,时时刻刻的",5
12361,prophetic,"预言的，先知的,先兆的",5
12363,impersonal,"没有人情味的,非个人的，和个人无关的,不具人格的，一般性的,[语]非人称的,[语]非人称动词,非人称代名词,不具人格的事物",5
12364,whiff,"吸气或吹气,一种比目鱼,<口>难闻的气味,小雪茄烟,吸,喷出,击球失败,喷气,垂钓,轻吹",5
12365,artichoke,"朝鲜蓟,洋蓟,洋百合,法国百合",5
12366,clamor,"喧哗声，喧闹,大声的要求或抗议,喧哗，吵闹,大声地要求或抗议",5
12367,creed,"（尤指宗教）信条，教义,主义，纲领,宗派",5
12368,relaxing,"令人轻松的,放松,休息(relax的ing形式),缓和,松懈",5
12370,pow,"脑袋,砰（表示射击、爆炸声等的拟声词）,(=prisoner of war)战俘",5
12371,latent,"潜在的,潜伏的,休眠的,潜意识的,指纹，指印",5
12372,unwelcome,"不受欢迎的，令人失望的，令人讨厌的,冷淡,冷淡地对待",5
12373,defending,"[]  [],辩护( defend的现在分词 ),保卫,（足球、曲棍球等）防守,进行辩护",5
12374,pervade,"遍及，弥漫,渗透，充满",5
12375,spectral,"（似）鬼的,幽灵的,谱的,光谱的",5
12376,seamless,"无缝的,无漏洞的",5
12377,figurative,"比喻的,修饰多的,象征的,呈现的",5
12379,analytic,"解析的,分解的,善于分析的,<语>分析型的",5
12380,instill,<美>逐渐使某人获得（某种可取的品质），逐步灌输,5
12381,shrill,"（声音）尖锐的,刺耳的,高频率的,强烈的，刺激的,以尖声的方式说出,尖叫,发出一种尖锐的声音",5
12382,disarray,"混乱，紊乱,衣冠不整,使混乱,弄乱,使脱去衣服",5
12383,poppy,"[植]罂粟（花）,罂粟属植物,深红色",5
12384,preferential,"优先的,优先选择的,特惠的",5
12385,skew,"斜的，歪的,[数学] 不对称的,[统计学] 歪斜，扭曲,歪曲,曲解,使歪斜,偏离，歪斜,斜视,歪斜,斜交",5
12386,hangar,飞机库，飞机棚,5
12387,misuse,"使用…不当,把…派作不正当的用途,虐待,滥用",5
12388,negligible,"可以忽略的,微不足道的,无足轻重的,不足轻重",5
12389,mythic,神话的，虚构的,5
12390,suspiciously,"猜疑地，怀疑的,疑心很深地,引起怀疑地,心怀鬼胎地，满腹狐疑地",5
12392,facilitator,"促进者，帮助者,服务商",5
12394,grapefruit,"葡萄柚，西柚,葡萄柚树",5
12396,ram,"公羊,<天>(R-)白羊（星）座,<机>夯,攻城槌,夯实（土等）,猛撞,猛压,反复灌输,（使）猛烈撞击,迅速移动,迫使…明白",5
12397,lapel,（西服上衣或夹克的）翻领,5
12398,rapport,"友好关系,融洽，和谐",5
12400,tuxedo,<美>餐服，无尾晚礼服,5
12401,compulsion,"强迫,强制,冲动,打动人的力量",5
12402,unimaginable,"难以想象的，想不到的,不能想像",5
12403,fender,"（车辆的）挡泥板,防御物,火炉围栏",5
12404,windfall,"意外之财,意外的收获,被风吹落的果子",5
12405,gilded,"镀金的,涂上金色的,装饰的,有钱的,把…镀金( gild的过去式和过去分词 ),给…上金色,作多余的修饰（反而破坏原已完美的东西）,画蛇添足",5
12406,papal,"教皇的,教皇职位或权力的,罗马教廷的,教皇任期的",5
12407,dissolution,"溶解，融化,（社团等）解散,<律> 离婚,腐朽，崩溃",5
12408,endemic,"某地特有的,（尤指疾病）地方性的,风土的,（动，植物）某些特产的,地方病,某地特产的植物[动物]",5
12409,anesthesia,"感觉缺失，麻木,麻醉",5
12410,devotee,"热爱者，迷恋者,皈依者,信徒",5
12411,resin,"树脂,合成树脂,松香,用树脂处理,涂擦树脂于",5
12412,stinging,"刺一样的，刺人的，激烈的,螫伤，刺伤( sting的现在分词 ),感到剧痛,激怒,使不安",5
12413,literate,"有读写能力的,有文化修养的,识字的人,有学问的人",5
12414,battleground,"战场,论争的主题",5
12415,supplant,"把…排挤掉，取代,代替",5
12416,religiously,笃信地，虔诚地,5
12417,seeming,"表面上的，似乎真实的,外观，外貌，表象,好像，仿佛( seem的现在分词 )",5
12418,conduit,"[电]导管,水道，沟渠",5
12419,teddy,"妇女连衫衬裤,泰迪玩具熊,特迪",5
12420,mammogram,乳房X线照片,5
12422,suspense,"悬而未决，含糊不定,焦虑，挂念,悬念,中止，暂停",5
12423,parity,"平价，价值对等,同等，平等,奇偶性",5
12425,fresco,"壁画,温壁画技法，湿壁画,在…作壁画,用壁画法画出,作壁画",5
12427,ashtray,烟灰缸,5
12429,sexism,"性别歧视,男性至上主义",5
12430,spirited,"精力充沛的，生机勃勃,激烈的,spirit的过去式和过去分词",5
12431,sexist,"男性至上主义者,性别歧视者",5
12432,diagonal,"[数]对角线,斜线,斜列,斜纹布,对角线的,斜线的,斜的,斜纹的",5
12433,tonic,"滋补品,奎宁水,<音>主音,<语>浊音,滋补的,<语>声调的,<医>强直的,<音>主音的",5
12434,handout,"救济品,施舍物,印刷品,讲义",5
12435,oppressed,"受压迫的，受压制的,使烦恼( oppress的过去式和过去分词),压迫，压制",5
12436,disintegration,"瓦解,崩溃,<物>裂变,蜕变",5
12437,awakening,"觉醒中的,唤醒的,觉悟的,（兴趣等）正在产生的,觉醒,被激起,意识,觉悟,（使）醒(awaken的现在分词),（使）意识到",5
12438,stupidity,"愚蠢,愚行,蠢事,蠢话",5
12439,arcade,"商场，游乐中心,拱廊，连拱廊,有拱廊的街道",5
12440,nobility,"贵族阶级,高贵的身分[出身],高尚，崇高,庄严，雄伟",5
12441,masked,"戴面具的,化妆的,隐蔽的,[医]潜伏的，不明的,伪装,mask的过去式和过去分词",5
12443,gallop,"（马等）疾驰，飞奔,（比喻）飞快,（使马）飞驰,飞速传递,快速做[说]某事",5
12444,inequity,不公平，不公正,5
12445,burrow,"挖掘（洞穴），挖洞,翻寻,地洞",5
12446,patriot,爱国者，爱国主义者,5
12447,clutter,"杂乱,混乱,喧嚣,使凌乱,乱糟糟地堆满,乱哄哄地跑,发出吵闹声",5
12448,obituary,"讣告,讣闻,讣告的,死亡的,有关死者的",5
12449,morgue,太平间，停尸房,5
12450,tango,"探戈舞，探戈舞曲,跳探戈舞",5
12452,clear-cut,"轮廓鲜明的,清晰的,清场伐木,为开辟空地而砍伐（树木）",5
12453,sill,"窗台（板）,门槛,[地]岩床，海底山脊，平巷底",5
12454,deterrence,"威慑，制止,制止物，制止因素,挽留的事物,核威慑",5
12457,trolley,"手推车,触轮,电车，有轨电车,空中吊运车,载运用有轨电车运送（乘客）,乘电车",5
12458,rarity,"稀有，罕见,稀薄，稀少,珍品，罕见的东西",5
12459,biomedical,（有关）生物医学的,5
12460,vascular,"脉管的,血管的,含有血管的,充满活力的",5
12462,mite,"小虫,极小量,小孩子,微小的东西",5
12463,interdependence,"互相依赖,互赖",5
12464,rudimentary,"基本的，初步的,发育不完全的，未成熟的,退化的",5
12465,biceps,二头肌，强健的筋肉,5
12466,onward,"向前的，前进的,向前,在前面",5
12467,proficient,"精通的，熟练的,能手，老手，专家",5
12468,instrumentation,"使用仪器，装设仪器,乐器法,乐曲研究,手段",5
12469,metropolis,"大都市，大都会,首府，首都,大主教区,大城市",5
12471,detached,"分离的，分开的,公平的,超然的,分遣的，派遣的,分开(detach的过去式和过去分词),分离，退出,派遣",5
12472,affectionate,"深情的，挚爱的,慈爱的,有感情的,亲热",5
12473,incarceration,"监禁，禁闭,钳闭",5
12474,gorge,"山峡，峡谷,咽喉,暴食,障碍物,使吃饱,吞下,使扩张,狼吞虎咽，拚命吃",5
12475,quirk,"奇事，巧合,怪癖,突然的弯曲",5
12476,antler,"鹿角,角枝",5
12477,earned,"挣得的,赚得( earn的过去式和过去分词 ),挣钱,生（利）,获（利）",5
12480,counteract,"抵消,阻碍,中和",5
12481,magnesium,[化]镁（金属元素）,5
12482,bluntly,"钝地,率直地,迟钝地",5
12483,agitate,"搅动，摇动,使不安,激烈讨论,鼓动，煽动",5
12484,hardened,"变硬的，坚毅的,（使）变硬( harden的过去式和过去分词 ),（使）坚固,（使）硬化,（使）变得坚强",5
12485,duet,"二重奏，二重唱,一对",5
12487,accrue,"增加,（通过自然增长）产生,获得,（使钱款、债务）积累,（利息等）自然增值,[法]（诉讼）发生",5
12488,delinquency,"不法行为,少年罪犯,过失,罪过",5
12489,camouflage,"伪装,掩饰,〈喻〉幌子,欺瞒",5
12490,solemnly,"庄严地,严肃地,正式地,神圣地",5
12491,replenish,"补充,重新装满,把…装满,〈古〉使牲口[人和动物]众多",5
12492,evangelist,"圣经新约福音书的作者，福音传道者,福音传教士",5
12493,sesame,<植>芝麻，脂麻,5
12494,campground,野营地，露营场所,5
12496,state-owned,"州立的,公",5
12498,crimson,"深红色,深红色的,变为深红色,脸红",5
12499,airtight,"不透气的,密封的,<主美口>（防守等）严密的,无懈可击的",5
12502,aforementioned,"上述的,前述的",5
12503,utterance,"说话方式,表达,说话,发言",5
12505,vignette,"装饰图案，小插图,把…印放为虚光照",5
12506,prized,"被看作最重要的，被看作最有价值的,珍视，珍惜( prize的过去式和过去分词 )",5
12507,stagnant,"不流动的，停滞的,污浊的,不景气的,迟钝的，呆笨的",5
12508,hectic,"繁忙的，忙乱的,兴奋的，狂热的,（因患肺病等）发烧的,患热病的,肺病热患者,[医]潮红",5
12509,anti-american,反美的，反美利益的,5
12510,migratory,"迁移的,有迁居习惯（或特色）的,流浪的,<医>游走性的",5
12511,tubing,"（金属、塑料等的）管形材料,装管,敷管,丘宾筒",5
12512,litany,"连祷,[宗]启应祷文,（英国国教公祷书中的）连祷文,冗长而枯燥的陈述",5
12513,requisite,"必需品,要素，要件,需要的，必要的",5
12514,real-time,（计算机）即时处理的，实时的,5
12515,dynamite,"炸药,具有爆炸性的事物，有潜在危险的人,引起轰动的人(或物,破坏，炸毁,装炸药,极好的",5
12516,gull,"鸥,欺骗某人",5
12517,polarize,"使极化,使偏振,使两极分化",5
12518,illustrator,插图画家,5
12519,for-profit,以盈利为目的的,5
12520,bent,"弯曲的,决心的,<英>腐败的,同性恋,爱好，癖好,[建]排架,剪股颖属草,[植]梗草，荒草地,（使）弯曲，屈身(bend的过去式和过去分词)",5
12521,nonstop,"直达的,不停的,不休息的,不断的,直达地,不停地,不休息地,不断地,直达车，班机",5
12522,albanian,"阿尔巴尼亚的，阿尔巴尼亚人[语]的,阿尔巴尼亚人",5
12523,concussion,"震荡,脑震荡,冲击,震动",5
12524,detour,"绕路，绕道,绕道,弯路",5
12526,undress,"脱…衣服,使卸下装饰,暴露,从（例如伤员）脱去绷带,脱衣服,便服,裸体,衣服未穿完整",5
12527,lovingly,亲爱地,5
12528,exude,"使渗出,使流出,充分显示，显露,发出，散发,渗出,缓慢流出,发出，发散",5
12530,self-control,"自我控制，自制,自控,自我克制",5
12531,citizenry,公民成市民（集合称）,5
12532,rind,"（瓜、果等的）皮,（干酪等）外皮,硬皮，壳,剥去…的皮",5
12533,lifeless,"无生命的,死气沉沉的，无生气的,无趣味的,毫无生气",5
12534,regal,"君主的，皇家的,属于君主的，适合君主的,豪华的",5
12535,polio,<医>脊髓灰质炎（等于poliomyelitis）,5
12536,proton,[物]质子,5
12537,potassium,<化>钾,5
12538,incest,"乱伦,近亲通婚,乱伦罪,血族相婚",5
12541,eater,"吃…的人,腐蚀物，腐蚀剂",5
12542,assured,"确定的,自信的,自大的，狂妄的，胆大妄为的,<英>被保了险的,被保险人,保险受益人,深信无疑,非常肯定,使相信，使确信(assure的过去式),保险,使相信，使确信(assure的过去式和过去分词)",5
12543,ultrasound,"超声,超声波",5
12544,meltdown,彻底垮台,5
12545,unfavorable,"不利的,相反的,令人不快的,不吉利的",5
12546,warlord,军阀,5
12547,fable,"寓言，童话,传说,无稽之谈,人人谈论的话题,讲故事，编寓言,虚构，杜撰,煞有介事地讲",5
12548,civility,"礼貌,客气,礼仪,客套",5
12549,neutrality,"中立，中立地位,<化>中性",5
12550,overrule,"驳回，否决,统治，支配,对…施加影响",5
12551,earmark,"指定用途,标记,打耳记,特征,耳记",5
12552,aerobics,"有氧健身法,有氧健身计划,耗氧健身运动",5
12553,decisively,决然地，果断地,5
12555,burnout,"烧毁,烧坏,筋疲力尽,筋疲力尽的人",5
12557,proliferate,"增生，增殖,激增,扩散,使激增,使扩散",5
12558,pertain,"关于，有关,适合,附属，从属",5
12559,joyous,"快乐的，使人喜悦的,欢娱,喜庆",5
12560,cadence,"（声音的）抑扬顿挫,节奏,韵律,调子",5
12561,disgruntled,"不满的,不高兴的,怏怏",5
12562,anti-depressant,"抗抑郁药,使人放松（或快乐）的事物；解忧良药",5
12563,drilling,"演练,钻（孔）( drill的现在分词 ),打（眼）,操练,训练",5
12564,fourteenth,"第十四,每月的第十四日,十四分之一,第十四的,十四分之一的",5
12565,quintessential,"精髓的,典型的",5
12566,impossibly,不可能地，无法可想,5
12567,engraving,"版画,雕刻（作品）,雕刻艺术,镌版术,在（硬物）上雕刻（字，画等）( engrave的现在分词 ),将某事物深深印在（记忆或头脑中）",5
12569,grimly,"可怕地,严肃地,坚强地,讨厌地",5
12570,hijacker,"抢劫者，劫持者,劫机者,劫匪",5
12571,finnish,"芬兰的,芬兰人，芬兰语",5
12572,untreated,"未经处理的,未加工的,未浸渍的,未得到治疗的",5
12573,wasted,"（常指因病而）憔悴的，疲惫不堪,徒劳的；无用的",5
12574,flowering,"开花,兴盛时期,成熟期,饰以花,开花的,有花的",5
12577,weaving,"编，织，织成( weave的现在分词 ),编排,杜撰,（把…）编成",5
12578,prerogative,"特权，君权，天赋的特权（能力等）,特性，特点，显著的优点,[史]优先投票权,<美史>总督委任组成的法庭,有特权的,[罗史]有优先投票权的",5
12579,cumbersome,"笨重的,累赘的，难以携带的,缓慢复杂的，冗长的,麻烦的",5
12580,high-ranking,"[]  [],阶级高的,高级的,高级官员的，职位高的",5
12581,incidental,"附属的,易发生的，偶然发生的,伴随发生的,附带事件,伴随事件，杂费,非主要的附带项或费用",5
12582,sentencing,"[]  [],宣判，判决( sentence的现在分词 )",5
12583,telegram,"电报,电报：用电报机发送的信息",5
12585,squeak,"短促的尖叫声，，吱吱的叫声,尖厉刺耳的噪音,机会,短促地尖叫，吱吱叫,发出尖厉刺耳的噪音,告密,以尖厉的声音说话,使发出吱吱声",5
12586,cede,"让给，割让,放弃",5
12588,toughness,"韧性,坚韧,刚性,健壮性",5
12589,regularity,"规则性，规律性,整齐,正规,匀称",5
12590,particulars,"细节，详细情况，详情,特殊情况( particular的名词复数 ),（总体中的）一项,（可分类或列举的）项目,[逻辑学]特殊性",5
12591,owing,"欠着的，应付的，未付的,感激( owe的现在分词 ),应把…归功于,欠…债,（对位高权重者）忠诚",5
12592,freestyle,"自由式,自选动作,自由式的,自由泳的",5
12594,doubtless,"无疑地,确定地,多半,无疑的,确定的",5
12597,faithfully,"忠实地,诚心诚意地,如实地",5
12598,alright,"好的,正确,令人满意,没问题的",5
12599,kickoff,（足球）开球，（社会集会等）开始,5
12600,illiterate,"目不识丁的，文盲的,目不识丁者,文盲,无知",5
12602,decreased,"[]  [],（使）缩短，减小，减少( decrease的过去式和过去分词 )",5
12603,utilitarian,"功利的,功利主义的，实利主义的,有效用的,实用的,功利主义者,实用主义者",5
12604,intermittent,"间歇的,，断断续续的,间歇性",5
12605,haunted,"闹鬼的,忧心忡忡的,“haunt”的过去式和过去分词",5
12606,grotesque,"怪诞的，荒诞不经的,奇形怪状的,奇形怪状的东西,奇异风格",5
12607,seaside,"海滨,海边,海边的,海滨的",5
12608,tulip,"郁金香,郁金香的花朵或球根",5
12609,camaraderie,同志之爱，友情,5
12610,inventive,"发明的,善于发明的,有创造力的,独出心裁的",5
12611,anti-abortion,反对堕胎的,5
12612,heartfelt,"衷心的,诚挚的,真诚的,深切",5
12613,ufo,不明飞行物，飞碟,5
12616,panelist,小组辩论，猜谜参加者,5
12617,horribly,"可怕地,<口>非常，极其",5
12618,feeble,"虚弱的，衰弱的,无效的，无意的,缺乏决心的，缺乏活力的",5
12619,buff,"米色,爱好者,黄褐色软皮革（尤指水牛皮或黄牛皮革）,黄皮军装上衣,浅黄色的,米色的黄褐色软皮革（尤指水牛皮或黄牛皮革）,黄皮革制的,<美，俚>健美的,用软物擦亮（金属）,使皮革柔软,减低（力量）,减弱,作缓冲器，缓冲",5
12620,bellow,"发出吼叫声，咆哮（尤指因痛苦）,大声喝道，大叫，出大而有力的声音,吼叫声，轰鸣声",5
12621,agrarian,"土地的,农业的,农村的,促进农业利益的,平均地权论者",5
12622,malignant,"恶性的，致命的,恶意的，恶毒的,怀有恶意的人,<英史>保王党员",5
12623,paved,"[]  [],铺( pave的过去式和过去分词 ),为…铺平道路",5
12624,enamel,"搪瓷,珐琅,指甲油,给…上珐琅,在…涂瓷漆",5
12625,stow,"装，装载,收藏,使暂停,堆装",5
12626,reliever,救济者,5
12627,sunken,"沉没的,凹陷的，下陷的,低于周围平面的,水底的，埋着的,陷入，下沉,沉没",5
12628,dick,"〈口〉家伙,〈俚〉阴茎,〈美俚〉侦探,〈俚〉誓言",5
12629,impartial,"不偏不倚的,公平的，公正的,无私的,持平",5
12630,concurrent,"〈正式〉同时发生的,同时完成的,同时存在的,[数] 共点,同时发生的事件",5
12631,triangular,"三角（形）的,由三个部分构成的,三方面的",5
12632,prickly,"多刺的,刺痛的,麻烦的，棘手的,易动怒的",5
12633,casing,"框,壳,罩,套",5
12634,unsalted,未加盐的，未腌渍过的,5
12637,sandstone,"砂岩,砂石",5
12638,overpower,"制服,压倒,使无法忍受",5
12639,wand,"魔杖,指挥棒,嫩枝,（做箭靶的）狭长木板",5
12640,heyday,"盛世，全盛期,壮年",5
12643,indignation,愤怒，愤慨，气愤,5
12644,disproportionately,不匀称，不相称,5
12645,timeline,时间轴，时间表,5
12646,skillful,"灵巧的，熟练的,制作精巧的,圆熟",5
12648,coercive,"强制的，强迫的,高压的",5
12649,snarl,"（动物的）龇牙低吼，愤怒叫嚷（声）,咆哮（声）,混乱,缠结,（指狗）吠，嗥叫，（人）咆哮,咆哮着说，厉声地说,搞乱,使缠结",5
12650,coveted,"[]  [],令人垂涎的,垂涎的，梦寐以求的,贪求，觊觎(covet的过去分词),垂涎,贪图",5
12651,dumbbell,"哑铃,<美俚>蠢人,笨蛋,傻瓜",5
12652,engrave,"（使）铭记,雕刻，镌刻,深印于（心上）,印刷",5
12653,cervical,"[解]颈的,子宫颈的",5
12655,originality,"独创性，创造性,匠心,独到之处,新颖",5
12656,wry,"扭曲的，歪斜的,嘲弄的,错误的，处置不当的,牵强附会的,歪曲，扭曲,扭转",5
12658,pouring,"传布,涌出( pour的现在分词 ),倾，倒,涌流,倾泻",5
12659,clinch,"（尤指两人）互相紧紧抱[扭]住,<非正>解决（争端、交易），达成（协议）,敲弯,钳子，夹子",5
12660,countryman,"乡下人,同胞,某地人，某国人",5
12661,toxicity,毒性，毒力,5
12662,yearning,"思念，渴望,思念的，渴望的,渴望，切盼，向往( yearn的现在分词 )",5
12664,bravery,"勇敢，勇气,辉煌，华丽,刚毅",5
12665,faraway,"遥远的,恍惚的,辽,偏远",5
12666,mayhem,"骚乱,慌乱",5
12667,darn,"织补,缝补,补缀,织补之处,补丁",5
12668,crescent,"新月，月牙,伊斯兰教的标记,新月形的,渐圆的，渐强的",5
12669,airway,"航线,（矿井的）风道,（肺的）气道,通气道",5
12670,soaked,"被湿透的，浸泡的,淋透的,浸( soak的过去式和过去分词)",5
12671,antarctic,南极的,5
12673,iconic,"符号的,图标的,图符的,偶像的",5
12674,dishonest,"不诚实的，不老实的,不正直的,狡猾的，阴险的,不可靠的",5
12675,brim,"（浅底容器的）边缘,突出的边沿,充盈，满,溢出,注满",5
12676,gratification,"满足,满意,喜悦,使人满意之事",5
12677,boyhood,"男孩时代，少年时期,童年",5
12678,panties,"（妇女或儿童的）短衬裤,童裤，女裤( panty的名词复数 )",5
12679,oblivion,"遗忘,淹没,赦免",5
12680,evict,"依法驱逐（房客等）,依法收回（房屋等）",5
12682,crayon,"彩色蜡笔或粉笔,用彩色蜡笔[粉笔]画",5
12683,baton,"（警察武器）警棍,（乐队指挥用的）指挥棒,接力棒",5
12684,inhibition,"抑制,压抑,禁止",5
12685,tasting,"尝味，品尝,尝，品尝，尝到( taste的现在分词 ),吃,喝,浅尝",5
12686,admiral,"海军将领,舰队司令,旗舰,渔船队长，商船队长",5
12688,self-help,"自助，自立,自救行为",5
12690,predicted,"[]  [],预言，预测，预示( predict的过去式和过去分词 )",5
12691,raccoon,"浣熊,浣熊毛皮",5
12692,insidious,"隐伏的，潜在的,暗中为害的,阴险的,狡猾的",5
12693,white-collar,白领阶级的，脑力劳动的,5
12695,correctional,"改正的,纠正的,矫正的",5
12696,rotor,"轮子，旋转器,旋翼",5
12698,wording,"用词，措辞,用词语表达，讲话(word的ing形式)",5
12699,handlebar,手把，八字胡,5
12700,arson,"纵火（罪）,纵火,（故意）放火",5
12702,mountainous,"多山的,巨大的,山一般的",5
12703,versatility,"多才多艺,多用途,可转动性,易变",5
12704,unarmed,"未武装的,徒手的,<动>（昆虫）无突的,缴械，放下武器( unarm的过去式和过去分词)",5
12705,mop,"用拖把拖,擦拭,搭拉着脸,拖把,蓬松的头发,鬼脸",5
12706,paradoxical,"矛盾的,反常的，荒谬的,反论的，反面议论的,似非而是的",5
12707,concealed,"隐藏的,隐藏，隐瞒，遮住( conceal的过去式和过去分词 )",5
12708,purposely,故意地，蓄意地,5
12711,indistinguishable,"难区分的，不能分辨的,不易察觉的,无特征的",5
12712,accumulated,"[医]蓄积的，累积的,堆积，积累( accumulate的过去式和过去分词 ),（数量）逐渐增加，（质量）渐渐提高",5
12713,refresh,"使恢复，使振作,使焕然一新，翻新,给（电池）充电,恢复精神,补充给养",5
12714,thyroid,"甲状腺,甲状软骨,甲状腺剂,甲状腺粉,甲状腺的,甲状（软骨）的,盾状的",5
12717,runner-up,"第二名，亚军,亚军队",5
12718,seduction,"诱惑,引诱,被引诱,诱惑物",5
12719,demo,"演示,示威,样本唱片,民主党员",5
12720,horseman,"骑手，马术师,马术运动员,养马人",5
12721,transpire,"蒸发,泄露,（事情）发生,使蒸发,使排出,[医]发汗,（秘密）被泄漏",5
12722,swinging,"愉快活跃的，多姿多彩的,（使）摇摆( swing的现在分词 ),（使）摇荡,（使）旋转,（使）突然转向",5
12723,snowflake,雪花，雪片,5
12725,mounted,"骑在马[自行车]上的,安装好的,裱好的,登上，骑上( mount的过去式和过去分词),增加，上升,上演,准备",5
12726,exuberant,"生气勃勃的,（活力）充沛的,茂盛的，繁茂的,（词藻）过于华丽的，极度的,生气勃勃地,（活力）充沛地,茂盛地",5
12727,watchful,"注意的，留心的,小心提防的，警戒的,<古>不眠的,惕",5
12728,exertion,"努力,费力,（能力、权力等的）运用,行使",5
12729,absurdity,"极端无理性,荒谬,谬论,荒谬的行为",5
12730,hijack,"劫持,绑架,拦路抢劫,操纵（会议等，以推销自己的意图）,敲诈,威逼",5
12732,negate,"取消，使无效,否定，否认,使作废,无效,反面，对立面",5
12733,dosage,"（药物等的）剂量,（通常指药的）服法,下药，配药",5
12734,segregate,"（使）分开,分离,隔离,隔离并区别对待（不同种族、宗教或性别的人）",5
12736,contested,"[]  [],争夺，竞争( contest的过去式和过去分词 ),争辩，提出异议",5
12737,falsely,"虚伪地，不实地，错误地,冒",5
12739,pairing,"配对,（核子等）成对,摞合,[机] 双层轧制,（使…）成对，（使…）成双( pair的现在分词),交配",5
12740,cutting-edge,前沿的，最前沿的,5
12741,sadden,"使悲哀,使伤心",5
12742,contraception,"避孕,节育",5
12743,reddish,"淡红色的，微红的,混有或染有红色的",5
12744,exec,"execute 实行,executive 实行的",5
12745,ambient,"周围的，包围着的,产生轻松氛围的,环境",5
12746,meditate,"沉思,打算,深思,策划",5
12748,juxtaposition,"并置,并列,毗邻",5
12749,industrialization,工业化,5
12750,sham,"赝品,假冒,骗子,套,枕套,假装,掩饰,虚假的，假装的",5
12751,delayed,"延时的，定时的,（使）耽搁，延误( delay的过去式和过去分词 ),推迟,使延期,使延迟",5
12752,craving,"渴望，渴求,渴望，热望( crave的现在分词 ),恳求，请求",5
12753,pedagogy,教育学，教学法,5
12755,marginally,"在边缘,在页边",5
12756,concoct,"调制,捏造,图谋，策划",5
12757,looting,"[]  [],抢劫，掠夺( loot的现在分词 )",5
12758,horsepower,<物>马力,5
12759,scallop,"扇贝,扇贝壳,扇（贝）形,使成扇形,拾扇贝",5
12760,abort,"使流产,使夭折,使中止,流产,堕胎,发育不全,中止计划",5
12761,respectfully,"恭敬地,此致敬礼",5
12762,fateful,"重大的,命中注定的,决定性的,预言性的",5
12763,diffuse,"四散的,散开的,冗长的,累赘的,传播,四散,漫射,发散,弥漫,舒缓",5
12764,agonizing,"痛苦难忍的,使人苦恼的,使极度痛苦,折磨(agonize的ing形式)",5
12765,missed,错过（miss的过去式和过去分词 ）,5
12768,virtuous,"有道德的，有德行的,善良的,贞洁的,有效力的",5
12769,taco,（包着肉、蔬菜和辣酱的）墨西哥玉米薄饼卷,5
12772,blitz,"闪电战,大规模空袭,突然袭击，闪电攻势,用闪电战攻击,实行闪电战,闪电战的,闪电式的，凌厉的",5
12773,underdog,"失败者,退居下风的人,受压迫者,打败了的选手",5
12774,sunflower,"向日葵,葵花籽,向日葵色",5
12775,ledger,分类账,5
12777,mania,"<医>狂躁,狂热,热衷,狂爱",5
12778,admonish,"劝告,训诫,（温和地）责备,轻责",5
12779,emerald,"祖母绿,绿宝石，翡翠,翠绿色,[印]一种活字,祖母绿的,翡翠的,翠绿色的",5
12780,animate,"使有生气,驱动,使栩栩如生地动作,赋予…以生命,有生命的,活的,有生气的,生气勃勃的",5
12781,passageway,（尤指两面有墙的）通道，走廊,5
12783,dazzle,"使目眩,使惊异不已,耀眼,眩惑,灿烂,目眩,赞叹",5
12784,multivariate,"多变量的，多元的,多变元",5
12785,aptitude,"（学习方面的）才能，资质，天资,适合性,倾向",5
12786,immersion,"沉浸,洗礼",5
12787,hard-liner,不妥协者,5
12788,acclaim,"称赞,赞扬,向…欢呼,向…喝彩,公开赞扬,称誉,热烈欢迎或赞同",5
12789,appease,"安抚，缓和,对…让步,绥靖，姑息,满足（欲望）",5
12790,emigration,"移居外国，迁移出境,（总称）移民",5
12791,daisy,"雏菊,菊科植物,<俚>名流，上等品,雏菊一样的,上等的",5
12792,skyrocket,突升，猛涨,5
12793,healthful,有益于健康的,5
12794,marinade,"腌泡汁,在腌泡汁里泡的肉[鱼],腌泡",5
12796,jargon,"行话,行业术语,黑话",5
12797,senseless,"无知的,愚蠢的,无意义的,无感觉的",5
12799,tentacle,"（动）触手,触角,触须",5
12800,pagan,"异教徒，非基督教徒,没有宗教信仰的人,异教徒的,非基督教的,无宗教信仰的",5
12801,unwillingness,不情愿，勉强,5
12802,sub-saharan,撒哈拉沙漠以南的非洲（大陆）的,5
12804,obscurity,"朦胧,晦涩,默默无闻,费解",5
12805,arduous,"努力的,艰巨的,难克服的,陡峭的",5
12806,billow,"巨浪，如波涛滚滚而来之物,在波涛中翻滚,扬起，鼓起",5
12807,cartilage,"<解>软骨,软骨结构",5
12808,unforgettable,"难忘的,铭刻肺腑的",5
12809,cinematic,电影的，影片的,5
12810,cramp,"痛性痉挛，抽筋,（腹部）绞痛,夹子，扣钉,（制靴）弓状木,使痉挛，使抽筋,<俚>使扫兴,用夹子夹紧,限制，束缚,难懂的，难认的,受拘束的，狭窄的",5
12811,detractor,贬低者,5
12812,defuse,"拆除（爆炸物）的引信,减少…的危险性,使变为无害,平息，缓和",5
12813,firewood,"木柴,柴火,柴草,荛",5
12815,polo,"马球,水球",5
12816,toad,"蟾蜍，癞蛤蟆,讨厌的家伙",5
12817,securely,"安全地,牢固地,被妥善保管地,有把握地",5
12818,blindly,"盲目地,无目的地,摸索地,不继续地",5
12819,excitedly,"兴奋地，激动地,勃然,兴冲冲",5
12820,incarcerate,"监禁，禁闭,关进监狱,[医]钳闭",5
12821,calculated,"计算出的,有计划的,适当的,适合的,计算(calculate的过去式和过去分词)",5
12822,whirlwind,"旋风,猛烈的势力,混乱,破坏性的力量或事物,旋风般的,急速的,喧嚣混乱的",5
12823,overriding,"最重要的，高于一切的,推翻，无视(override的现在分词),（以权力）否决,优先于,比…更重要",5
12824,moderator,"（讨论、会议等的）主持人,<物>（原子堆中的）减速剂,<英>成绩核对人,（新教的）宗教领袖",5
12825,objectively,客观地,5
12826,crotch,"（人体的）胯部，两腿分叉处,裤裆",5
12827,finalize,"完成,使结束,使落实,把…最后定下来,定案",5
12828,psychotherapy,"[医]精神疗法,心理疗法",5
12829,priceless,"无价的,极贵重的,非常有趣的,极荒谬的,非卖品",5
12830,trance,"出神,恍惚,[医]迷睡，神志昏迷,着迷，入迷,使恍惚,使出神,使发呆",5
12831,stealth,"秘密行动,鬼祟,隐形，潜入",5
12832,aberration,"偏差，差错,脱离常规，越轨,[医]心理失常，精神迷乱,[法]过失",5
12833,front-page,"头版的,重要的,轰动的,把…登在头版",5
12834,technologically,技术上地,5
12835,hunk,"厚片，大块,（俚语）强壮,好的,行的",5
12836,incision,切开，切口,5
12837,two-time,欺骗，出卖，对妻子（丈夫）不忠,5
12838,temperate,"有节制的,（气候）温和的,适度的",5
12839,transmitted,"发射，播送，广播( transmit的过去式和过去分词 ),传播,传导,传（热、声等）",5
12840,crossover,"[生]（杂色体的）杂交，交换,[铁路]岔道，转线路,<英>（交搭胸前的）女围巾,天桥",5
12841,epitomize,"作…的摘要,成为…的缩影,概括,集中体现",5
12842,bedrock,"牢固基础,基本事实，基本原则,最低点,基岩",5
12843,ornamental,"装饰的，装饰用的,观赏植物,装饰物",5
12844,chi,希腊字母的第 22字,5
12845,indulgence,"沉溺,迁就，宽容,嗜好,溺爱，放纵",5
12846,dreamy,"如梦的，梦幻般的,梦想的,轻柔的,恍惚的",5
12847,fungal,"真菌的，由真菌引起的,同“fungous”",5
12848,irritating,"气人的，使人不愉快的,<医>起刺激作用的,使恼怒，使急躁,使感到不适，使疼痛",5
12849,bisexual,"两性的,雌雄同体的,双性恋的,雌雄同体,两性人",5
12851,byzantine,"拜占庭的,东罗马帝国的,拜占庭建筑风格的,错综复杂的",5
12853,legislate,"立法，制定法律,〈美〉以立法程序创立",5
12854,workable,"可行的,可经营的,（物质）可加工的,可塑的",5
12855,tarp,防水布，油布,5
12856,creak,"发出咯吱声或叽嘎声,咯吱声或叽嘎声",5
12857,pounce,"突袭，猛扑,掌握，抓住,扑过去抓住,猛扑,爪",5
12858,glimmer,"微光，闪光,少许,发微光,隐约出现",5
12859,propeller,"螺旋桨，推进器,=propellor",5
12861,duel,"决斗,竞争，斗争,使（另一人）参加决斗,反对,参加正式决斗",5
12862,calamity,"灾祸，灾难,不幸之事,困苦,不幸",5
12863,muzzle,"枪口，炮口,（防止动物咬人的）口套,（四足动物的）鼻口部,（狗）等凸出的鼻子和口,给（狗等）戴口套,使缄默，钳制…言论,封锁…的言论,〈美俚〉亲嘴",5
12864,tragically,悲剧地，悲惨地,5
12865,conclusive,"决定性的,令人信服的,确凿的,消除怀疑的",5
12866,goodies,"[]  [],特别吸引人的东西,糖果,好吃的东西,美味的食品,特别吸引人的东西，美味的食品( goody的名词复数 )",5
12867,carnival,"狂欢节,嘉年华,节日，联欢",5
12868,revolving,"旋转的，轮转式的,循环的,（使）旋转( revolve的现在分词 ),细想",5
12869,transgression,违反，违法，罪过,5
12870,decreasing,"减少的，渐减的,（使）缩短，减小，减少( decrease的现在分词 )",5
12871,tundra,"（多数位于北极圈的）冻土带,苔原,冻原,寒漠",5
12872,bombardment,炮击，轰炸,5
12873,exhaustive,"彻底的，透彻的,消耗的，使枯竭的,详尽的，无遗的,详尽无遗",5
12874,high-powered,"高性能的,精力充沛的,大功率的,马力大的",5
12875,ammonia,"氨,氨水,氨气",5
12876,punt,"踢悬空球,平底船,下赌注者,用篙撑（方头平底船）,下赌注,弃踢,[美俚]撒手不干,[足]踢悬空球,向庄家下赌注,乘方头或平底船旅行",5
12877,intolerable,"不能忍受的,无法容忍的,不堪的,难堪",5
12878,heartbreaking,"令人心碎的，悲痛的,心碎，断肠( heartbreak的现在分词 )",5
12879,connector,连接器，连接体,5
12881,taxable,应纳税的,5
12882,diving,"跳水，潜水,下潜 dive的现在分词",5
12883,spruce,"衣着整洁的,漂亮的,针枞,云杉,云杉木,灰绿色或墨绿色,（把…）打扮得整洁漂亮,把…收拾整洁,打扮",5
12884,authorized,"权威认可的，审定的，经授权的,授权，批准，委托( authorize的过去式和过去分词 )",5
12885,stepmother,继母，后母,5
12886,thereof,"它的,其,关于那,由此",5
12887,suffocate,"（使某人）窒息而死,（将某人）闷死,阻碍,呼吸困难，窒息,受扼制,受阻（发展不了）",5
12888,suitor,"求婚者,起诉者,请愿者",5
12890,cyclical,"循环的,周期的,环状的",5
12891,helplessly,"无力地，无助地,无可奈何地,眼睁睁",5
12893,excessively,"过度地,过分地,极度地",5
12894,symbolically,象征性地,5
12895,tantrum,"突然发怒,〈口〉发脾气",5
12897,harmonious,"和谐的，融洽的,协调的,音调优美的,悦耳的",5
12901,metaphorical,隐喻性的,5
12902,hallucination,"幻觉，幻想,错觉",5
12903,philippine,菲律宾的，菲律宾人的,5
12904,hurtle,"猛冲,猛烈碰撞,猛投,冲向,猛掷,使猛烈冲击,碰撞,碰撞声",5
12905,astonish,使惊讶，使大为吃惊,5
12906,herald,"使者，先驱，通报者,（旧时的）传令官,传达，通报,预告，预示…的到来,欢呼",5
12907,flickering,"闪烁的,摇曳的,忽隐忽现的,一闪一闪的,（通常指灯光）闪烁，摇曳( flicker的现在分词 )",5
12908,captor,"捕捉者，捕手,俘虏者,攻夺者,捕捉船",5
12910,irregularity,"不规则，无规律,非正则，非正式,不整齐,不规则的事物",5
12911,horizontally,水平地，横地,5
12912,aloft,"在空中,在高处",5
12913,goofy,愚笨的，傻瓜的,5
12914,irreversible,"不可逆的,不能翻转的,不能倒置的,[法]不可取消的",5
12915,unreal,"不真实的，假的,幻想的，虚构的,非现实的,虚幻",5
12916,escalation,扩大，增加,5
12918,lighthouse,灯塔,5
12919,floppy,"松软的,懒散的,软盘",5
12920,placid,"平和的，宁静的,温和的,满意的，满足的,平缓",5
12921,insulting,"出言不逊的，侮辱的,无礼的,侮辱，冒犯( insult的现在分词)",5
12922,bleachers,"<美>（运动场的）廉价座位，露天看台,漂白者，漂白剂，露天看台( bleacher的名词复数 )",5
12923,westward,"向西的,西部，西方,向西方",5
12924,gravitate,"受重力作用,被吸引",5
12925,explanatory,"解释的,说明的,解释性",5
12926,watering,"洒水，浇水，（指动物）饮水,给…水喝( water的现在分词 ),在…浇水[洒水],往（酒里）掺水,（尤指江河）流经并供水给（某地区）",5
12927,wildfire,"野火,（消息）不胫而走，迅速传播开来",5
12928,bookcase,书橱，书架，书柜,5
12929,sailboat,<美>帆船(= sailing boat),5
12930,potter,"陶工,制陶工人,稀里糊涂地混日子,慢条斯理地走，闲逛,混（日子），浪费（时间）",5
12931,splinter,"尖片,碎片,微不足道的事情,〈美俚〉极瘦的人,使分裂,木头、玻璃、石头等（使）裂成碎片,团体分裂,分离出来",5
12932,ecumenical,一般的，普通的,5
12933,drained,"（使）流干， （使）逐渐流走( drain的过去式和过去分词 ),喝光，喝干,使（精力、金钱等）耗尽",5
12934,son-in-law,女婿，养子,5
12935,congregate,"使集合，聚集,聚集的，集合的,集体的,集团的",5
12936,accuser,原告,5
12937,pinnacle,"顶峰,顶点,尖顶,[建]（哥德式建筑的）小尖塔,为…加尖塔,把…放在高处",5
12938,revoke,"撤销，取消,废除,有牌不跟",5
12939,smug,"自鸣得意的,自以为是的,整洁的,体面的,自命不凡的人，沾沾自喜的人,书呆子",5
12940,compilation,"编辑,汇编",5
12941,forgo,没有也行，放弃,5
12942,dizzying,"令人昏乱的，灿烂的,使人眩晕的( dizzy的现在分词 ),头昏眼花的,引起头晕的,愚蠢的",5
12944,manifesto,"宣言,声明,告示,〈罕〉发表宣言[声明]",5
12945,transatlantic,"大西洋彼岸的,横跨大西洋的,美国的",5
12946,renaissance,"文艺复兴,文艺复兴时期,文艺复兴时期（欧洲 14、15 和 16 世纪时，人们以古希腊罗马的思想文化来繁荣文学艺术）,（某一学科或艺术形式等衰落后的）复兴",5
12947,puberty,"青春期，春情发动期,开花期,发身",5
12948,pendulum,"摆，钟摆,摇摆不定的事态（或局面）",5
12949,reverberate,"回响,弹回,反射,使回响,使反射,使回弹",5
12951,silicone,"硅树脂,（聚）硅酮",5
12952,bumpy,"崎岖的,颠簸的,气流不稳的",5
12953,rotary,"旋转的,旋转式机器,环行交叉路",5
12954,embellish,"装饰,润色,修饰,装饰起来,加以润色",5
12955,downfall,"（雨等的）大下特下,（家，国等的）没落,垮台",5
12956,laden,"满载的，负载的,受压迫的,装载(lade的过去分词)",5
12957,appreciative,"感激的,有欣赏力的,表示赞赏的",5
12958,steamy,"蒸汽的，充满水汽的,雾重的，潮湿的,色情的",5
12959,reintroduce,再引入，再提出,5
12960,twelfth,"第十二,十二分之一,第十二的,第十二个的,十二分之一的",5
12961,adversely,"逆地，反对地,不利地,有害地",5
12962,euphoria,"精神欢快,幸福感,欣快",5
12963,shank,"胫，小腿,钥匙柄,轮轴",5
12964,unnerve,"使失去勇气,使身心交疲,使焦躁,使失常",5
12965,vacate,"搬出,空出,取消,使撤退,腾出,辞（职）,休假",5
12966,undue,"过度的，过分的,不适当的,未到期的,逾分",5
12967,soggy,"湿透的，浸透的,沉闷的，乏味的",5
12968,erroneous,"错误的,不正确的,秕谬,讹",5
12969,influenza,"<医>流行性感冒,[兽医]家畜流行性感冒,流感",5
12970,melted,"（使）融[溶，熔]化( melt的过去式和过去分词 ),溶解,（使）消散，消失,（使）软化，变得温柔",5
12971,detergent,"洗涤剂,去垢剂",5
12972,aperture,"孔，洞,（照相机，望远镜等的）光圈,孔径,隙缝",5
12973,ta,<英·非正>谢谢,5
12974,provocation,"挑衅，挑拨,激怒，刺激,愤怒,愤怒的原因",5
12975,covet,"贪求，觊觎,值得渴望的",5
12976,subdue,"征服,克制,制服",5
12977,sweetly,"舒适地,美妙悦耳地,甜蜜地,亲切地",5
12978,underwrite,"签名承认（担保），签名接受（保险）,给…保险,认购,在…下面写,经营保险业",5
12979,tumultuous,"骚乱的,吵闹的,狂暴的,激烈的",5
12980,medicaid,（亦作 m-）<美>（由各级政府资助、以穷人和伤残者为对象的）医疗补助（制度）,5
12981,gnaw,"咬，啮,使苦恼，折磨,侵蚀,使腐蚀,咬,折磨",5
12982,enlightenment,"启迪，启发,教化，开导,启蒙运动",5
12983,fright,"恐怖,惊吓,可怕的东西，难看的人,使惊恐",5
12985,handwritten,"手写的,用笔写的,用手写(handwrite的过去分词)",5
12986,wide-eyed,"睁大眼睛的，吃惊的，天真的,天真的,吃惊的",5
12987,trump,"王牌，法宝,有效手段,<古，诗>喇叭，号声,<口>好人,打出王牌赢,胜过,出王牌,捏造，编造,吹喇叭",5
12988,gridlock,"交通全面大堵塞,僵局,（交通等）堵塞",5
12989,atheist,无神论者,5
12990,fauna,"动物群,动物志",5
12991,femininity,"女性气质,娇弱，温柔,妇女的总称",5
12992,pocketbook,"皮夹,小本子,女用钱袋,<美>必须花费的钱",5
12993,peg,"钉，桩,借口，遁词，,（提琴等的）弦钮,尖头物，爪，（晒衣用的）衣夹，（帽）挂,固定，限制，限定（工资等）,在…上钉木钉，用木钉[短桩]钉住,疾行,孜孜不倦地做某事,越往下端越细的",5
12994,knowing,"（对别人不知道的秘密）知悉的,世故的,难以预料,无从知道,知道( know的现在分词 ),看到过,听到过,经历过",5
12995,sheath,"护套,鞘,叶鞘,紧身装,包，盖",5
12996,pawn,"典当，抵押物,（国际象棋中的）兵，卒,<比喻>爪牙,人质,典当，抵押,以（某事物）担保,拿（生命，名誉等）作保证",5
12997,simmering,"炖，慢煮( simmer的现在分词 ),充满势将爆发的（怒气等）",5
12998,exhilarating,"使人高兴的，令人兴奋的,振奋的,使高兴，使兴奋( exhilarate的现在分词)",5
12999,glaring,"耀眼的，闪闪发光的,炫耀的，显眼的,瞪眼的,粗俗的,怒目而视(glare的现在分词),发强光",5
13000,loathe,"憎恨，厌恶（某人、某事物）,[口]极不喜欢（某事物）",5
13001,veal,"牛肉,小牛",5
13002,naughty,"顽皮的,不听话的,淘气的,下流的",5
13003,refinance,"再为…筹钱,对…再供资金",5
13004,wobble,"<使>晃动,<使>摇摆不定,颤动,摇动，晃动,不稳定",5
13005,inseparable,"不可分的，分不开的,不能分离的,不可分离的事物,形影不离的好友",5
13006,clamber,"（吃力地）攀登，攀爬,困难的或麻烦的攀登",5
13007,enactment,"（法律的）制定，颁布,法律，法规,扮演",5
13008,unilaterally,"单方面做出地,仅影响一方地,单方面地,单边地",5
13009,baron,"男爵,大亨，巨头,贵族,脊肉",5
13010,nook,"角落,隐蔽处,每个角落,到处",5
13011,detonate,"（使）爆炸，引爆,触发（一连串事件）",5
13012,strenuous,"费力的，用力的,热烈的,紧张的,奋发的",5
13013,millimeter,毫米,5
13015,logger,"<美>樵夫,伐木工,记录器",5
13018,entrenched,"根深蒂固的，牢固的，固守的,用壕沟围绕或保护…( entrench的过去式和过去分词 ),牢固地确立…",5
13019,utensil,"器具，用具,器皿,家庭厨房用具",5
13020,honk,"雁叫声,汽车的喇叭声,（使）发出雁叫似的声音，鸣（喇叭），按（喇叭）",5
13021,immaculate,"洁净的,无瑕疵的,精确的,完美的",5
13022,substantiate,"用事实支持（某主张、说法等），证实,使具体（实体）化",5
13023,flaming,"燃烧的,火红的，火焰般的,热情的，激情的,flame的现在分词,燃烧,变亮",5
13024,intervening,"发生于其间的,介于中间的,介入(intervene的现在分词),调停,干涉,介于…之间",5
13025,glitch,小过失，差错,5
13026,mba,"工商管理学硕士(Master of Business Administration),海洋生物协会(Marine Biological Association),multiple-beam antenna 多波束天线,主要战区(Main Battle Area)",5
13027,full-blown,"成熟的,（花）盛开的,（帆）张满的,充分发展的",5
13028,countertop,（厨房的）工作台面,5
13030,overtly,"明显地，公然,<律>蓄意地",5
13032,momentous,"重大的,重要的",5
13033,bosom,"胸部，乳房,衣服的胸襟,家庭般的温暖,胸怀,怀抱,把…藏在心中,心爱的,亲密的",5
13034,cosmopolitan,"世界性的，全世界的,四海为家的,全球的,世界主义者,四海为家者",5
13035,fluctuate,"波动,涨落,使波动,使动摇",5
13036,insightful,富有洞察力的，有深刻见解的,5
13038,forfeit,"（因违反协议、犯规、受罚等）丧失，失去,罚金，没收物，丧失的东西,代价,丧失了的，被没收了的",5
13039,individualized,赋予个性，个别地加以考虑( individualize的过去式和过去分词 ),5
13040,selectively,不普遍地,5
13041,captivate,"迷住，迷惑,<古>逮捕",5
13042,chimpanzee,黑猩猩,5
13043,bathing,"（在海里）等游泳，沐浴,给…洗澡，游泳( bathe的现在分词 ),冲洗,浸,用水清洗（尤指身体部位）",5
13044,vibe,感应,5
13046,binge,"饮酒作乐,狂饮，狂闹,放纵，狂热,社交集会,沉溺，放纵,狂饮作乐,大吃大喝",5
13047,stucco,"粉饰灰泥,用拉毛粉饰法粉饰",5
13048,foggy,"有雾的,雾气朦胧的,模糊的,混乱的",5
13049,apprenticeship,"学徒身份,学徒期",5
13050,adherent,"支持者，拥护者,粘着的,<植>贴生的,（由于协议、合约等而）发生关系的,<语>修饰语的",5
13051,spam,"香火腿,（斯帕姆）午餐肉,垃圾邮件,（非索要的）电邮广告,向…发送垃圾函件",5
13052,homestead,"家宅，宅地,农场",5
13053,checkup,"检查，核对,体格检查",5
13054,pessimism,"悲观,悲观情绪,悲观主义",5
13055,unnecessarily,不必要地，多余地，不需要地,5
13056,paternal,"父亲的,父亲（般）的,父系的,父方的",5
13057,registry,"记录，登记,登记处，挂号处,记录簿,船舶的国籍",5
13058,pimp,"男妓，皮条客,妓院老板,引人作坏事的人,拉皮条,帮助干坏事",5
13059,experimenter,实验者,5
13060,pointedly,尖地，明显地,5
13061,antics,"古怪、可笑的举动，滑稽动作,古怪姿态,愚蠢的、可能会带来问题的行为",5
13062,nurturing,"[]  [],养育( nurture的现在分词 ),培育,滋长,助长",5
13063,oftentimes,时常地,5
13064,victor,胜利者，获奖者,5
13065,amputation,"<医>截肢（术）,切断,切除,删除",5
13066,hasty,"仓促完成的,急忙的,草率的,轻率的",5
13068,incline,"（使）倾斜，弄斜,（使）偏向，倾向于,（使）认为,点（头）（以示同意、打招呼等）,斜坡,斜面,坡度,倾斜",5
13069,binder,"包扎物，包扎工具,[法]临时契约,粘合剂,装订工",5
13070,chronology,"年代学,年表，（按时间排列的）大事记",5
13071,skewer,"串肉杆,烤肉叉子,叉状物,针状物,用串肉扦串起来,刺穿,串住",5
13072,roasting,"用于烤炙[烘焙]的,燥热的，灼热的,严厉批评,受到严厉批评,烤，烘，焙( roast的现在分词 ),嘲讽,（对某人）非常生气，严厉批评",5
13073,scuttle,"天窗，气窗,煤桶，煤箱,筐,[船]舷窗,破坏（计划），毁坏,（在船底凿孔）使船沉没，凿沉,快跑，急走,逃避，急忙撤退",5
13075,impasse,"绝境,僵局,死路,死胡同",5
13076,boo,"嘘声，喝倒采,发出嘘声,（表示不满、轻蔑等）嘘，呸",5
13077,sobering,"有节制的,清醒的，冷静的,朴素的，柔和的,持重的,使清醒(sober的ing形式),使冷静",5
13080,epiphany,"对事物真谛的顿悟,显灵",5
13081,overcoat,"大衣,外套,保护层，护膜",5
13082,cameraman,"摄影师,摄影记者",5
13083,anova,[]  [],5
13084,butler,"男管家,仆役长,司膳官",5
13085,parmesan,"（源自意大利语）帕尔马干酪,（意大利北部城市）巴马的",5
13086,uncomfortably,不舒适地，不自在地，令人不快地,5
13087,flashback,"闪回，倒叙,药效幻觉重现",5
13088,beleaguered,"受到围困[围攻]的,包围的,围攻( beleaguer的过去式和过去分词),困扰,骚扰",5
13089,airfield,飞机场,5
13090,mourner,"哀悼者，悲伤者,悲伤的人，哀伤的人,忏悔者,[拳]眼圈被打得发黑的拳手",5
13091,inflated,"（价格）飞涨的,（通货）膨胀的,<贬>言过其实的,充了气的,使充气（于轮胎、气球等）( inflate的过去式和过去分词 ),（使）膨胀,（使）通货膨胀,物价上涨",5
13092,crease,"皱褶，折缝,折痕,（皮肤上，尤指脸上的）皱纹,板球运动（投球手和击球手的）位置线,使有皱褶，弄皱,表面被子弹擦伤或击伤,起皱",5
13093,espresso,浓咖啡，蒸馏咖啡（让蒸汽或开水通过磨碎的咖啡豆制成的浓咖啡）,5
13094,whipped,"鞭打( whip的过去式和过去分词 ),抽打,搅拌…直至变稠,偷",5
13095,sneer,"讥笑，冷笑,嘲笑，冷笑,讥笑的表情（言语）",5
13096,polarization,"产生极性,极化,（光）偏振,对立",5
13097,outperform,"做得比…更好，胜过,（机器等）性能比…好",5
13098,accomplice,"共犯,帮凶",5
13099,self-sufficient,"自足的，极为自负的，傲慢的,自给,自给自足",5
13100,aversion,"厌恶,讨厌的人或东西,<废>转变方向,背离",5
13101,coalesce,联合，合并,5
13102,calculus,"[医]结石，石，积石，牙垢,[数]运算，演算，微积分（学）",5
13103,mistaken,"（人）弄错的，理解错误的,（行动、想法、判断等）错误的,被误解的,弄错，误解(mistake的过去分词),认不出,误会,误解",5
13104,idiom,"习语，成语,方言，土语,（语言）风格,惯用语法",5
13105,workman,"工人,技工，工匠",5
13106,colossal,"巨大的,<口语>异常的",5
13107,conceptualization,化为概念，概念化,5
13108,vaginal,"<解>阴道的,<植>叶鞘的",5
13109,egalitarian,"主张平等的,平等主义的,平等主义,平等主义者",5
13111,insomnia,[医]失眠，失眠症,5
13112,uterus,<解>子宫,5
13113,piercing,"（指风、寒冷等）刺骨的,（眼睛或眼神）锐利的,锋利的,打动人心的,刺入，穿透( pierce的现在分词)",5
13114,sheen,"光泽，光辉,华服,有光泽的纺织物,有光泽的,光辉的,华丽的,闪耀,发光",5
13115,apparition,"特异景象,幽灵,鬼,（特异景象等的）出现",5
13116,serenity,"安详,宁静,尊贵的阁下,平静",5
13117,whopping,"巨大的，庞大的,非常地，异常地,打( whop的现在分词 ),抽出,打败,征服",5
13118,sneeze,"喷嚏,喷嚏声,打喷嚏",5
13119,acreage,"英亩数,（总称）（以英亩计的）土地面积,<美> 按英亩出售的土地",5
13120,launcher,"发射器,发射者,运载火箭,（火箭、导弹等的）发射装置",5
13121,combo,"小型爵士乐队，小型伴舞乐队,<美口>套餐，如色拉、三明治、饮料等的组合食物",5
13122,acrylic,"丙烯酸塑料,<画>丙烯画,丙烯酸树脂漆,塑胶,<化>丙烯酸的,<化>丙烯酸衍生物的",5
13124,composure,"镇静，沉着,头脑镇定或沉着的状态",5
13125,purposeful,"有目的的，故意的,意志坚强的，果断的,有意义的，意味深长的,重大的,果断地，有明确目标地",5
13126,arsenic,"砷,三氧化二砷，砒霜,砷的，含砷（主要指五价砷）的",5
13127,equator,"赤道,（平分球形物体的面的）圆,（任何）大圆",5
13128,unethical,不道德的,5
13129,shopkeeper,店主，老板,5
13130,in-law,"姻亲,内亲",5
13131,dramatize,"改编成剧本,把…戏剧化,戏剧化",5
13132,analyse,"分析,分解,细察,“analyze”的变体",5
13134,fiasco,彻底失败，惨败,5
13136,lastly,最后，终于,5
13137,assailant,"攻击者,攻击的",5
13138,mating,交配,5
13139,compulsory,"必须做的，强制性的,义务的,必修的",5
13140,permissible,"可允许的,许可的,不碍事的,得到准许的",5
13141,mutant,"突变体,突变异种,变种生物,突变,突变的,变异的,变异所引起的,经过突变的",5
13142,twinkle,"闪烁,（眼睛）闪亮,经光照耀而)闪闪发光,（舞蹈者的双脚）轻快地移动,闪闪发出,使闪烁,使闪亮,使轻快地移动,闪光,瞬间，一刹那,（眼睛的）闪亮,（脚的）轻快移动",5
13143,appalled,"<美>使惊骇，使充满恐惧( appall的过去式和过去分词),惊骇的,丧胆的",5
13145,compressed,"压缩的,<生>扁长形的,压紧，压缩( compress的过去式和过去分词 ),精简",5
13146,modality,"形式,模式,方式",5
13147,unimportant,"不重要的,琐细的,平凡的,不要紧",5
13148,aback,"吃惊地,向后,<航海>（帆船）突遇顶风而停止前进,<航海>处于顶风位置的",5
13149,deftly,灵巧地，熟练地，敏捷地,5
13150,leek,韭葱,5
13151,one-sided,"单方面的，一边的,片面的，不公道的,倾向一边的,[法]片面的",5
13152,waxed,给…打蜡，给…上蜡（wax的过去式与过去分词形式）,5
13153,priesthood,"祭司职,神职",5
13154,whiteness,"白，洁白,苍白,清白，纯洁,白色物质",5
13155,fortify,"加强，增强,增加营养物,使体力增加,鼓励，使（意志等）坚定,构筑防御工事",5
13157,patchwork,"补缀品，拼缝物,混杂物",5
13158,diminishing,"逐渐缩小的,（使）减少，缩小( diminish的现在分词 ),减弱…的权势",5
13159,thud,"重击声,砰的一声,砰然下落,发出砰声",5
13160,gimmick,"花招，诡计,骗人的玩意,暗机关,<俚>产品广告噱头,使暗机关,搞骗人的玩意,在…上暗设机关",5
13161,deficient,"不足的，缺乏的,有缺陷的,不充分的,短少",5
13162,spec,"说明书,投机,（尤指地产开发中）投机性建房的",5
13163,keenly,"敏锐地,敏感地,锐利地,强烈地",5
13164,tabletop,桌面,5
13165,microprocessor,[计]微处理器,5
13166,coupe,双座四轮轿式马车，分隔车房,5
13167,full-fledged,"羽毛生齐的,经过充分训练的，成熟的",5
13168,windmill,"风车,旋转玩具,<口>直升飞机",5
13169,perilous,危险的，冒险的,5
13170,pitiful,"可怜的,可鄙的,<古>充满同情或怜悯的,惨",5
13171,bonfire,营火，篝火,5
13173,geographer,地理学家,5
13174,anti-semitic,"[]  [],反对犹太人的",5
13175,helplessness,"无可奈何状态，无能为力,无助的状态",5
13176,cavernous,"洞穴状的,瓮声的,多孔的",5
13177,mail-order,邮购的,5
13178,knead,"揉,捏（面团、湿粘土等）,按摩,揉捏（肌肉等）",5
13179,subculture,"亚文化（模式）,次文化",5
13180,marina,"小艇船坞，小艇停靠区,玛丽娜（女子名）",5
13181,culmination,"顶点，极点,高潮,极盛期,完成，成就",5
13182,venom,"（某些蛇、蝎子等分泌的）毒液,恶意,<古>毒物,放毒",5
13183,classy,"优等的,上等的,〈俚〉漂亮的",5
13184,intravenous,"进入静脉的,静脉注射的",5
13185,primacy,"首位，第一位,卓越,（英国教会）大主教的职务",5
13186,baby-sit,<美><口>当临时保姆,5
13188,rustle,"发出沙沙的声音,沙沙声,急忙,飒飒声",5
13189,pre-emptive,先发制人的；抢先的,5
13190,unwittingly,"不知情地,无意地,不经意地,不知不觉地",5
13191,fondly,"亲爱地,深情地,天真地,盲目轻信地",5
13193,cypress,"柏属植物（原产北美、欧、亚），柏树,柏树枝（用作哀悼的标志）,似柏树树种,柏木：这些树的木头",5
13195,lowland,"低地,低地的",5
13196,grizzly,"灰白头发的,北美洲灰熊",5
13197,epoch,"纪元,时期,新时代,世",5
13198,rocking,"摇摆的，摇动的,（使）来回摆动( rock的现在分词 ),使震惊，使受震动",5
13199,microbial,微生物的，由细菌引起的,5
13200,pious,"虔诚的，信神的,伪善的,尽责的，孝敬的,可赞的，好心的",5
13201,limbo,"[宗]地狱的外缘,不稳定，中间状态,监狱,林波舞（西印度群岛的一种舞）",5
13202,astound,使震惊，使大吃一惊,5
13203,english-speaking,说英语的,5
13204,sullen,"愠怒的，不高兴的,（天气）阴沉的,悲哀的,行动缓慢的",5
13205,ale,"浓啤酒,（英国产）麦芽酒,（英国乡村的）麦芽酒节",5
13208,algebra,代数学，代数,5
13211,materialism,"唯物主义,唯物论,实利主义，物质主义,[艺]写实主义",5
13212,reset,"重置,重排,重新安装,重新放置,重放之物,清零",5
13213,earthy,"泥土的,土质的,朴实的,粗俗的",5
13214,scoot,"疾走，迅速跑开,溜走",5
13215,fixation,<心>固着，固恋,5
13216,wondrous,"奇妙的,令人惊奇的,非常的,惊人地,异乎寻常地,令人惊叹地",5
13217,companionship,"伙伴关系,友情，友谊",5
13218,appointed,"指定的，约定的,任命( appoint的过去式和过去分词 ),确定,约定,安排",5
13220,mid-air,空中；半空中,5
13221,egregious,极坏的，异乎寻常的,5
13222,adorable,"值得崇拜的，可敬重的,可爱的，讨人喜欢的",5
13223,chronically,慢性地，习惯性地，长期地,5
13224,twisting,"翘曲，扭曲,扭，搓，缠绕（ twist的现在分词 ）,缠绕的,曲折的,转动的",5
13225,imbue,"灌输,使感染,浸染",5
13226,meander,"（指溪流、河流等）蜿蜒而流,闲逛，无目的地走动,漫谈,曲径,迂回曲折的旅程",5
13227,stamina,"体力，耐力，持久力,雄蕊( stamen的名词复数),毅力,恒劲",5
13228,localized,"限局性的,地区的,使局部化( localize的过去式),使具地方色彩",5
13229,empirically,以经验为主地,5
13230,cork,"软木,软木塞,（钓鱼用）软木浮子,[植]外皮,抑制，压制（感情）,用软木塞塞住,（滑稽歌剧化妆中）用软木炭把脸涂黑,用软木制的",5
13232,impossibility,"不可能（性）,不可能的事（情况）",5
13233,schema,概要，计划，图表,5
13234,teapot,茶壶,5
13236,flail,"用连枷打,鞭打,抽打,连枷（脱粒用的工具）,扫雷装置",5
13237,cunning,"狡猾的,奸诈的,灵巧的,狡猾,诡诈,狡黠",5
13238,dreary,"沉寂的,阴沉的,令人厌烦的,枯燥的,可怕的人物",5
13239,baptize,"给…施洗礼,（施洗时）授…以教名,给…精神上的洗礼,使经受考验,行浸礼（或洗礼）",5
13240,preparedness,有准备，已准备,5
13241,cherished,"[]  [],珍爱( cherish的过去式和过去分词 ),怀有,爱护,抚育",5
13242,reflector,"反射器，反射光[热、声音]的物体,加工某物使之反射光线,在…上装反射器",5
13243,magnification,"放大，夸大,放大率",5
13244,chap,"小伙子，小家伙，家伙,（使）疼痛，变粗糙，皲裂",5
13245,steamed,"蒸熟的,冒蒸汽( steam的过去式和过去分词 ),快速行走，疾行,（靠蒸汽）行驶,蒸煮",5
13246,cayenne,辣椒,5
13247,salted,"盐腌的,盐味的,有经验的,（动物）有免疫力的,（撒盐似的）散布( salt的过去式和过去分词 ),使更有趣,加盐于…以调味,把盐撒在路面上（以使冰雪融化）",5
13248,idiosyncratic,"乖僻的,怪异的",5
13249,paraphrase,"释义，意译,演释曲,改述,意译",5
13250,high-pitched,"声调高的，声音尖锐的,陡坡，斜度大的,紧张的，激烈的",5
13251,jumping,"用于跳跃的,跳( jump的现在分词 ),跳过,快速移动,（因吃惊、害怕或激动而）猛地一动",5
13252,poach,"水煮,偷猎,窃取,把…踏成泥浆",5
13253,refill,"再注满,重新装满,再填,再补充,替换物,被再注满",5
13254,shroud,"寿衣,覆盖物,船的横桅索,[电] 护罩,覆盖,用裹尸布包",5
13255,booty,"战利品,获得之物,赃物,臀部",5
13257,wellness,健康,5
13260,inhibitor,"抑制剂，抑制者,抗老化剂",5
13261,camcorder,摄像录像机,5
13262,named,"指定的,确定( name的过去式和过去分词 ),决定,给…取名,说出…的名字",5
13263,eagerness,渴望，热心，热切,5
13264,macaroni,意大利粉，通心面,5
13266,gamma,"希腊字母表的第三个字母,微克,[物]伽马,[虫]V纹蛾",5
13267,impeccable,"无缺点的，无瑕疵的,不会做坏事的,不会作坏事的人,毫无缺点的人",5
13268,promulgate,"宣扬（某事物）,传播,公布,颁布（法令、新法律等）",5
13269,elegantly,优美地，雅致地，高雅地,5
13270,upside,"好处,上边,（糟糕局面的）好的一面,颠倒着",5
13271,apocalyptic,"天启的,启示录的,决定性的,预示大灾变的",5
13274,trucker,"卡车司机,物物交易者,小贩",5
13275,cornmeal,<美>（粗磨）玉米粉，其他谷物磨的粉，<苏格兰>（燕）麦片,5
13276,fodder,"草料,炮灰,<美>管自己的事,自己谋生,用饲料喂",5
13277,dependable,"可信赖的，可靠的,准,塌实,踏实",5
13278,gunner,"炮手，枪手,火炮瞄准手,猎枪手",5
13279,inescapable,"不可避免的，逃避不了的,不可推卸",5
13280,onlooker,"旁观者，目击者,观众（等于spectator）",5
13281,pun,"双关语,俏皮话,说双关语,捣结实",5
13282,biologically,"[]  [],生物学上",5
13283,aggregate,"合计,聚集体,骨料,集料（可成混凝土或修路等用的）,总数的，总计的,聚合的,[地]聚成岩的,使聚集，使积聚,总计达",5
13284,immortality,不朽，不朽的声名,5
13285,loudspeaker,"扩音器，扬声器,喇叭,扬场器",5
13286,childlike,"孩子般的,天真的",5
13288,apricot,"杏,杏仁,杏树,杏黄色,杏黄色的",5
13290,layered,分层的，层状的,5
13291,publicized,"[]  [],宣传（某事物）（尤指用广告）( publicize的过去式和过去分词 )",5
13292,parable,"寓言,格言",5
13293,wholesome,"有益健康的,健全的,合乎卫生的",5
13294,flora,"（某地区或某时期的）植物群,植物志,植物区系,（大写）Flora:[罗神]花神弗洛拉，弗洛拉（女名）",5
13295,hooded,"戴头巾的,有罩盖的,颈部因肋骨运动而膨胀的",5
13297,cartoonist,漫画家,5
13298,persecute,"（尤指宗教或政治信仰的）迫害,烦扰，困扰,强求，死缠着要",5
13300,borderline,"分界线，国界线,边界上的,边界附近的,暧昧的,不明确的",5
13301,re-evaluate,再估价,5
13302,listed,"列入文物保护名册的,登记上市的",5
13303,entirety,"整体，全面,作为一个整体,完全",5
13304,simulator,模拟装置，模拟器,5
13305,wasteful,"浪费的,挥霍的,奢侈的,〈诗〉荒芜的",5
13306,chime,"敲出和谐的乐声,报时,机械地重复,合节奏,合奏钟声，钟乐,谐音，韵律,和谐,[航]甲板上的沟",5
13307,spook,"鬼,幽灵,<俚>出没无常行踪古怪的人,间谍,鬼怪般地出没,吓唬，恐吓,（因受惊吓而）逃窜",5
13308,elongated,延长，加长( elongate的过去式和过去分词 ),5
13310,stranded,"处于困境的,使滞留，使搁浅( strand的过去式和过去分词 )",5
13311,compatibility,"适合,互换性,通用性,和睦相处",5
13312,coloring,"[]  [],色彩,色调,着色法,着色剂",5
13313,manually,用手地，手工地,5
13314,kicker,"踢者,善踢的人,爱踢的马,<口>抱怨者",5
13318,agitation,"搅动，搅拌,激动,煽动，鼓动,[医]兴奋",5
13319,grazing,"放牧，牧场，草场,（让动物）吃草( graze的现在分词 ),轻擦，擦破,擦过,掠过",5
13321,blazer,"燃烧物，燃烧体,（法兰绒的）运动上衣,传播者，宣传者",5
13322,raucous,"粗声的，沙哑的,刺耳的",5
13323,domestically,家庭式地，合乎国内地,5
13324,reindeer,<动>驯鹿,5
13325,treason,"叛国（罪）,不忠,谋反,背信",5
13326,therein,"其中，在那里,在那点上，在那方面",5
13327,annuity,"年金,养老金,年金享受权,年金保险投资",5
13328,scallions,"[]  [],青葱( scallion的名词复数 ),冬葱,大葱,韭菜",5
13329,marching,"（坚定地向某地）前进( march的现在分词 ),进军,进展,游行示威（或抗议）",5
13330,replication,"复制，折叠,回答,反响,[植]反叠",5
13331,deluxe,"高级的,豪华的",5
13332,nonverbal,不用言辞表达的,5
13334,slew,"许多，大量,杀死，宰杀，杀戮( slay的过去式 )",5
13335,creatively,创造性地，有创造力地,5
13336,all-out,"全部的,竭力的,完全的",5
13339,co-owner,"共有人，共同所有人,共业者",5
13340,mystique,"神秘性,奥秘，秘诀",5
13341,self-concept,自我概念,5
13342,respite,"休息期间,缓解，暂缓,延期,（刑罚的）缓期执行,缓期执行（死刑）,使休息，使（苦痛等）暂时停止，使缓和,[军]停付（军人）薪饷",5
13343,guinea,"畿尼（英国的旧金币，值一镑一先令）,几内亚,[俚语] 意大利人：用作贬义词，指意大利人或意大利后裔",5
13345,quell,"压制，镇压,减轻,消除,使镇定,<古>屠杀,杀戮",5
13346,torpedo,"鱼雷,油井爆破筒,[鱼]电鯆,职业杀手,用鱼雷袭击,破坏,（在油井内）装置爆破筒,使失去（活动能力等）",5
13347,imperfection,"不完美,缺点，瑕疵",5
13348,drench,"使湿透,给（牲畜）灌药,使充满，使洋溢,弄湿,浸液",5
13349,innumerable,"无数的，数不清的,指不胜屈,不可胜数,无可胜数",5
13350,enrage,激怒，使暴怒,5
13353,droplet,"小滴，微滴,小水珠",5
13354,contraceptive,"避孕用具,[药]避孕剂,避孕的，避孕用的",5
13356,fascist,"法西斯主义者,法西斯分子,法西斯主义的,法西斯主义者的,法西斯党的",5
13357,inaccessible,"达不到的,难见到的,不能接近的,无法理解的",5
13358,redevelopment,"再开发,再建,复兴",5
13359,notoriety,"恶名，丑名,臭名昭著，声名狼藉",5
13360,cohesive,"有黏着力的,紧密结合的",5
13361,overestimate,"对（数量）估计过高，对…作过高的评价,，对…估计过高,过高的估计,过分的评价,估计过高,评价过高",5
13362,precedence,"领先,优先权,地位先后，级别高低,位次",5
13363,amish,（宗）阿们宗派（十七世纪成立的孟诺教派，因创此教派的雅可布阿们而得名）,5
13364,vagina,"[解]阴道,[植]叶鞘",5
13365,smog,"烟雾,烟尘,烟雾污染",5
13366,recognized,"公认的，经过验证的,认出( recognize的过去式和过去分词 ),承认[认清]（某事物）,赏识,承认…有效[属实]",5
13367,approaching,"侵入，逼近，接近,侵入的，逼近的，接近的,接近，走近，靠近( approach的现在分词 ),（在性质、数量、质量、情形、时间等方面）近似,接洽,使移近",5
13368,redundant,"多余的，累赘的,（因人员过剩）被解雇的，失业的,重沓,衍",5
13369,inertia,"<物>惯性，惰性,迟钝,不活动",5
13370,unhappiness,"不快，痛苦,不幸",5
13371,proverb,"谚语，格言,话柄，笑柄,人人知道的事情，有名的事情,俚谚剧，俚谚游戏",5
13372,flimsy,"薄的，薄弱的,易损坏的,不足信的,没有价值的,薄纸,复写纸,打字纸,电报",5
13373,lodging,"出租的房间,暂住,寄宿,借宿,存放（ lodge的现在分词）,卡住",5
13374,underworld,"阴间，地狱,下流社会,（地球另一面的）对跖点,<古>地球",5
13375,nightgown,"女睡袍,男用长睡衣",5
13377,cello,大提琴,5
13378,reuse,再用，重新使用,5
13379,rendezvous,"约会,约会的地点,集结地,会合,在指定地点与…相会",5
13381,handbook,"手册,指南",5
13383,full-length,"全长的,全身的,标淮长度的,未经删节的",5
13384,understate,"少说，少报,有意识地轻描淡写,保守地说,有意轻描淡写",5
13385,cobalt,"[化]钴（符号为Co）,钴类颜料,深蓝色",5
13386,agitated,"不安的,激动的,颤抖的,（问题等）争论不休的,搅动( agitate的过去式和过去分词 ),激怒,使焦虑不安,（尤指为法律、社会状况的改变而）激烈争论",5
13387,computation,计算，估计,5
13388,caribou,（北美洲产的）驯鹿,5
13389,herein,"此中，于此,焉",5
13390,holster,（系在腰带等上的）手枪皮套,5
13391,nagging,"唠叨的，挑剔的,使人不得安宁的,不断地挑剔或批评（某人）( nag的现在分词 ),不断地烦扰或伤害（某人）,无休止地抱怨,不断指责",5
13392,brothel,妓院,5
13393,digging,"挖掘,挖，掘( dig的现在分词 ),（如用铲、锨或推土机等）挖掘,挖得,寻找",5
13395,self-contained,"独立的,设备齐全的,自给自足的,沉默寡言的",5
13396,bandwidth,带宽,5
13398,fractured,"[]  [],（使）折断，破碎( fracture的过去式和过去分词 )",5
13399,auspice,"预兆,前兆,吉兆,（以飞鸟行动为根据的）占卜",5
13400,bloodstream,血流,5
13401,vulture,"秃鹰，秃鹫,贪婪的人,劫掠者",5
13404,dutifully,忠实地，忠贞地,5
13405,inexplicable,"无法解释的,费解的,莫名其妙的",5
13406,lax,"<医>（肠）宽松的,松弛的,松懈的,不严格的,泻肚,（挪威，瑞典的）鲑,松元音",5
13407,plurality,"诸多,多元化,处于多数,（选举中的）相对多数（票）",5
13408,warring,"交战的，进行战争的,敌对的,冲突的,势不两立的,战斗，战争,进行战争(war的现在分词形式)",5
13409,porter,"门童,搬运工人,（医院里护送病人的）护工,（尤指卧铺车厢的）列车服务员",5
13410,toil,"长时间或辛苦地工作,艰难缓慢地移动,跋涉,报酬很低的苦活，苦工,罗网，圈套",5
13411,restart,重新开始,5
13412,oppress,"使烦恼，使意气消沉，使气馁，使无精神,压迫，压制,虐待，欺侮,〈古〉压倒,给与沉重的感觉",5
13413,participatory,供人分享的,5
13414,dissemination,"散播，宣传,浸染",5
13417,inundate,"淹没,泛滥,（洪水般的）扑来,使充满",5
13418,assigned,"[计][修]（已）赋值[分配],[计]指定的，赋值的,指定的，赋值的,分配( assign的过去式和过去分词 ),指派,指定,（作为说明或原因）提出",5
13419,stockholder,"股票持有者,股东",5
13420,reparation,"赔偿（款项）,修理,修理工作,维修工程",5
13421,recur,"再发生,复发,重现,回想",5
13422,zombie,"（某些非洲和加勒比地区的宗教及恐怖故事中）靠巫术起死回生的僵尸,无生气的人，麻木迟钝的人",5
13423,prism,"棱镜，棱晶,[数]棱柱体，角柱（体），[物]（结晶）柱,[物]分光光谱，光谱的七色，折光物体",5
13424,bigotry,"偏执，顽固，偏执的行为,盲从",5
13425,transistor,"晶体管,晶体管收音机，半导体收音机",5
13426,sync,同时，同步,5
13427,postulate,"假定,提出要求,视…为理所当然,先决条件,基本原理",5
13428,boiled,"<俚>喝醉的,煮沸的，煮熟的,（使）沸腾，开( boil的过去式和过去分词 ),用开水煮，在沸水中煮,怒火中烧，异常气愤",5
13429,periodical,"期刊,杂志,周期的，定期的,时常发生的,定期发行的，期刊的",5
13431,predispose,"使预先有倾向,使易接受,使倾向于做,使易于患（病）",5
13432,mane,"（马颈背上、狮子脸部和颈部的）长鬃毛,鬣",5
13433,furry,"毛皮的，毛皮制的,有皮毛般覆盖的,有舌苔的,<美俚>可怕的，毛骨悚然的",5
13434,painkiller,止痛药,5
13435,roomy,宽敞的，宽大的,5
13436,untold,"未说过的,未透露的,说不尽的,未叙述的，没有说到的",5
13437,hangover,"宿醉（酒后醒来的头痛和不舒服）,遗留的感觉（或风俗、习惯等）,<医>后遗症,残余物",5
13438,policing,"（警察、军队等）巡查( police的现在分词 ),维护治安,（委员会等）监督,管制",5
13439,repress,"抑制,镇压,压抑",5
13440,speechless,"无言的,（因惊愕）一时语塞的,默然,无言以对",5
13441,tableau,"人构成的画面或场景,活人画（舞台上活人扮的静态画面）,戏剧性的场面",5
13442,bombard,"炮击，轰炸,<核>以高能量粒子或放射能冲击,射石炮（古代的臼炮）",5
13443,tranquil,"安静的,平静的,宁静的",5
13444,pungent,"辛辣的,刺激性的,苦痛的,尖刻的",5
13445,centrality,"中心,中央,向心性,集中性",5
13447,stardom,"演员们,明星界,明星地位,群星",5
13448,over-the-counter,（证券等）不通过交易所直接售给顾客的,5
13449,miscarriage,"流产，早产,（信件等的）误投，误送,失策，失败",5
13450,assembled,"集合，收集( assemble的过去式和过去分词 ),装配，组合",5
13451,scapegoat,"代人受过的人，替罪羊,替身,使…成为替罪羊",5
13452,telltale,"搬弄是非的,（机械装置）起监督作用的,泄露秘密的,能说明问题的,搬弄是非者,指示器,<海>舵角指示器,警告悬条标（铁路用标志，表示前有旱桥等）",5
13453,mindless,"愚笨的,不小心的,无心的，无意识的,不顾…的",5
13454,rightful,"合法的,正当的,正直的",5
13456,sarcastic,讥讽的，讽刺的，挖苦的,5
13457,pulmonary,"肺的，肺部的,有肺[肺状器官]的，肺状的,患肺部疾病的，易患肺部疾病的,肺活量",5
13458,mire,"<尤文>泥潭,深陷",5
13459,burly,"结实的，健壮的,直率的，直截了当的,粗鲁的",5
13460,first-rate,"第一流的,最上等的,最高级的,<口>很好，极好,非常好地",5
13462,gymnasium,"健身房，体育馆,大学预科，高级中学",5
13463,mmm,"[]  [],merchandising,marketing,military medical mobilization 军事医疗动员,millimicron(s) 毫微米",5
13465,panorama,"全景画,全景照片,一连串景象或事,概论",5
13466,trustworthy,"值得信赖的，可靠的,把稳,妥靠,信实",5
13467,trilogy,"（小说、戏剧、音乐等的）三部曲,美国Trilogy全球研发中心",5
13468,preparatory,"预备的，准备的，筹备的,初步的,在先前，作为准备,<美>大学预科,<英>私立预科学校",5
13469,led,light-emitting diode 发光二级管,5
13470,sidestep,"向侧方跨步,回避,让开…的路,躲避，绕开,台阶,[体]避开与强手对阵,侧跨步,横跳躲闪",5
13471,linked,"连接的，显示连环遗传的,连接( link的过去式和过去分词 ),联系,相关联,说明（两件东西或两人之间）有联系（或关系）",5
13472,buried,"埋葬( bury的过去式和过去分词 ),掩埋,原谅,沉溺于",5
13473,wide-ranging,范围或内容广泛的,5
13474,hiking,"徒步旅行,徒步旅行( hike的现在分词 ),<口>提高（价格等）",5
13475,kissing,"接吻的,开压边（内）浇口,吻( kiss的现在分词 ),轻拂，轻触",5
13476,topography,"地形学,地形测量学,地貌",5
13478,transcendent,"卓越的，至高无上的,超然的,卓越的人，尤物,超越认识的事物",5
13479,variously,"不同地,各种各样地，多彩的,多方面地",5
13480,marquee,"大帐篷,大天幕,选取框,门罩",5
13481,drying,"烘干,变干，把…弄干( dry的现在分词 ),去湿",5
13482,finder,"探测器,发现者",5
13483,whimsical,"异想天开的,反复无常的,古怪的，奇形怪状的",5
13485,croat,克罗地亚人[语],5
13487,grinder,"研磨机，粉碎机,研磨者，磨刀匠,臼齿,〈口〉用功学生",5
13488,mounting,"装备,衬托纸,登上,乘骑,上升的，增长的,登上，骑上( mount的现在分词 ),增加，上升,上演,准备",5
13489,effortlessly,不作努力地，不费力地,5
13490,somali,（东非国家）索马里族（人）索马里语,5
13491,gravely,"严肃地,庄重地,严重地,沉重地",5
13492,activation,"活化，激活，[化]活化作用,致活",5
13493,lyrical,"热情奔放的，抒情般的,感情丰富的",5
13495,perpetually,"永恒地,终身地,不断地",5
13496,fondness,"喜爱，钟爱,溺爱",5
13497,shellfish,"贝类动物,甲壳类动物,甲壳类（食物）",5
13498,absentee,"缺席者，缺勤者,在外地主,[信]空号,缺席者的，在外地主的，在外业主的",5
13499,erection,"建立，设立,勃起,直立，竖立,充血的过程",5
13500,diva,"歌剧中的女主角,主要女歌手,著名女歌唱家",5
13501,evasion,"逃避，规避，躲避某人,遁辞，借口",5
13503,fifteenth,"第十五,十五分之一,（与the连用）第十五（个）,月的第十五日,（与the连用）第十五的，第十五个的,十五分之一的",5
13504,push-up,"俯卧撑,模面挤凹",5
13505,disoriented,"分不清方向或目标的，无判断力的,使（某人）迷失方向( disorient的过去式和过去分词 )",5
13506,lighted,"点火( light的过去式和过去分词 ),（使）容光焕发,（使）发光,（使）发亮",5
13508,scooter,"<英>小型摩托车,（儿童）滑板车",5
13509,undisturbed,"未被打搅的,泰然自若的,镇静的,未扰动",5
13511,din,"喧闹声,喧闹,喋喋不休地说",5
13514,attracting,"[]  [],吸引( attract的现在分词 ),使喜爱,引起…的好感（或爱慕）,具有吸引力",5
13515,weakest,"弱的( weak的最高级 ),微弱的,无说服力的,淡的",5
13516,complimentary,"表示敬意的,赞美的,恭维的,赠送的,崇敬地，赞美地，赞许地",5
13517,jamaican,牙买加人（的）,5
13518,vip,"very important people 贵宾，大人物,vasoactive intestinal peptide 血管活性肠肽,Video Interface Processor 视频接口处理器,Variable Information Processing 可变信息处理",5
13519,malicious,"恶意的，有敌意的,蓄意的,预谋的,存心不良的",5
13520,transfusion,"输血,渗透,倾注",5
13521,courier,"旅游团的服务员,导游,（传递信息或重要文件的）信使,通讯员",5
13522,extremism,"极端主义,极端性,过激论，极端论",5
13523,astute,"机敏的，精明的，狡猾的,聪慧",5
13524,heirloom,祖传遗物，传家宝,5
13527,recoil,"反跳，跳回,退却，后退,报应,（尤指枪炮的）反冲,后退，退缩,反冲力",5
13528,duke,"公爵,君主,<俚>(pl.)拳头,[植]公爵樱桃,战斗",5
13529,ovation,"热烈欢迎,热烈的鼓掌,欢呼",5
13530,ordain,"任命（某人）为牧师,授予（某人）圣职,（上帝、法律等）命令,判定",5
13531,pep,"活力，精力,劲头,激励,使精力充沛,给…打气,使活泼",5
13532,stiffly,"僵硬地,顽固地,坚硬地,生硬地",5
13533,unaffected,"不受影响的,不装扮的，无装饰的,自然的,不矫揉造作的",5
13534,checkbook,<美>支票本(=chequebook),5
13535,vestige,"遗迹,退化的器官,残余部分,毫不",5
13537,discernible,"可识别的,可辨别的",5
13538,khaki,"卡其布,土黄色,卡其布军服,卡其布裤子,卡其色的,土黄色的,卡其布做的",5
13540,appal,"使惊骇，使充满恐惧,惊吓,减弱,变得苍白",5
13541,archaic,"古代的,过时的，陈旧的,古体的,古色古香的",5
13542,appraise,"估价,估计,估量,评价，鉴定",5
13543,afar,"从远处,遥远,远离着,从远方",5
13544,prosthetic,<医>义肢的，假体的,5
13545,prowl,"小心翼翼地移动,徘徊,（动物）潜行（为捕猎等）,潜行（图谋不轨等）,（因无聊、焦躁等）徘徊,（动物）悄然潜行（以觅食）,人)（人为抓捕或行窃等）悄悄巡行以寻找",5
13546,understatement,"保守的陈述,轻描淡写",5
13547,writhe,"（因极度痛苦而）扭动或翻滚,痛苦，苦恼,蠕动，蜿蜒移动,扭动，翻滚,扭动，转动，弄歪,盘绕，缠绕",5
13548,entrench,"用壕沟围绕或保护…,牢固地确立…,挖掘壕沟,壕沟,防御设施",5
13549,overcrowded,"挤满的,过度拥挤的,拥挤(overcrowd的过去式和过去分词)",5
13550,manic,"<医>躁狂的，患躁狂病的,疯狂的,躁狂者",5
13551,financier,"金融家，财政家,资本家,投资家,对…提供资金，通融资金给,筹划财政，管理财务,骗取,从事欺骗性金融活动",5
13552,fluency,（尤指外语）流利，流畅,5
13553,armpit,"腋窝,胳肢窝,丑陋的地方,肮脏的角落",5
13554,failing,"（性格中的）弱点，缺陷，短处,如果（某事）不发生,如果没有（某事物）,如果（某人不在）,如果没有（某人）,在…中失败( fail的现在分词),衰退,不及格(fail的ing形式),破产,失败的,衰退中的,减弱中的",5
13555,glee,"快乐，欢喜,重唱的歌曲,[乐]合唱曲",5
13556,excruciating,"使苦恼的,极度的",5
13557,vindicate,"维护,证明…无辜,证明…正确,为…辩护",5
13558,impractical,"不切实际的,无用的,不现实的,不善做实际工作的",5
13559,revamp,"将（某物）更新，翻新,修补，修改,修理,改进,换新鞋面",5
13560,embedded,"植入的，深入的，内含的,把…嵌入，埋入( embed的过去式和过去分词 )",5
13561,stoke,"拨旺火,使饱吃一顿,给（机车等）烧火,烧火,做司炉工,大吃大喝,斯托克",5
13562,year-long,长达一年的，一年之久的,5
13563,consensual,经双方同意的，一致同意的,5
13564,hormonal,"激素的，荷尔蒙的,生理的",5
13565,burned,"（使）燃烧( burn的过去式和过去分词 ),使用某物为燃料,烧毁,烧坏",5
13566,fertilization,"施肥,受精，受精过程，受精行为[现象],受孕,受胎",5
13567,uproar,"吵闹,骚乱，骚动,喧嚣",5
13568,uncontrollable,"无法控制的,难以驾驭的,无法管束的,不可控",5
13570,jolly,"快活的,兴高采烈的,愉快的,有趣的,很,非常,使高兴，使愉快,打趣,开玩笑,作乐,寻欢作乐,奉承，逢迎,皇家陆战队兵士,老富豪",5
13571,migraine,[医]偏头痛,5
13572,candor,"坦率,爽直,公正,公平",5
13573,ply,"使用（工具）,经常供应（食物、饮料）,固定往来,经营生意,（毛线、绳等的）股,层,厚,（夹板的）层片,（娴熟地）使用",5
13574,cadmium,镉,5
13575,figurine,小雕像，小塑像,5
13576,precondition,"前提,先决条件,预先处理,事先准备",5
13577,extracurricular,"学校课程以外的,课外",5
13578,sister-in-law,"夫或妻的姐妹,嫂,弟媳",5
13579,arcane,"秘密的,神秘的,晦涩难解的",5
13580,quail,"鹌鹑,鹌鹑肉,<美俚>女大学生,沮丧,畏缩，胆怯,感到恐惧,使沮丧,使畏缩",5
13581,err,"犯错，做错,走上歧途,犯罪",5
13582,overdose,"过量用药,用药过量,给服过量的药",5
13583,medium-sized,"[]  [],中型的,中等大小的,普通型的",5
13584,observational,"[]  [],观察的，观测的",5
13585,covering,"掩蔽物，遮盖物,覆盖( cover的现在分词)",5
13586,renegade,"叛徒,变节者,改变信仰者,背叛的,变节的,背叛",5
13587,assisted,"[]  [],[计]辅助的,帮助，促进( assist的过去式和过去分词 ),为…的助手,为…当帮手,辅助",5
13588,gathered,"[]  [],（使）聚集（ gather的过去式和过去分词 ）,集合,推断,了解",5
13589,standout,"杰出的人,出色的，杰出的",5
13592,skirmish,"小规模战斗,小争论,小冲突,[体]〈美〉比赛,参与小争斗,进行小争论,搜索,侦察,进行小规模战斗,发生小争论",5
13593,dredge,"清淤，疏浚（河道等）,挖掘（泥土等），使显露,捞取,（用面粉、糖等）撒,疏浚,挖掘,采捞,挖泥机，疏浚机,（采牡蛎，捕鱼等用的）拖网，捞网,悬浮矿石",5
13594,caterpillar,"毛虫,履带,履带拖拉机",5
13595,doc,"<口>医生,同 doctor,(j计算机) 文档,同 document",5
13596,instil,"逐步灌输,使渗透,滴注",5
13597,personalized,"在（某物上）作物主标志（尤指表示物主的地址或姓名的首字母）（ personalize的过去式和过去分词 ）,使（某事物）针对个人、带有个人感情或个性化",5
13598,semblance,"外表，外观,类似,假装,副本，拷贝",5
13599,blunder,"（因无知、粗心等造成）的错误,大错，失策，疏忽,犯错误,踉踉跄跄地走,无意中说出，漏嘴说出,弄糟，弄错，做错，办错",5
13602,hoax,"欺骗,戏弄,骗局,恶作剧",5
13603,replete,"饱食的,充满的，供应充足的,[昆] 贮蜜蚁",5
13606,winged,"有翼的,迅速的,飞行的,翼受伤的",5
13607,junction,"连接，接合,会合点，接合点,（公路或铁路的）交叉路口,（电缆等的）主结点",5
13609,computational,计算的,5
13610,thorny,"多刺的,痛苦的,棘手的",5
13611,memento,遗物，纪念品，用以回忆的东西,5
13612,intrinsically,从本质上（讲）,5
13613,allot,"分配，摊派给,分派，派给,拨给,指定（款项等）作某种用途",5
13614,posh,"精美的,豪华的,漂亮的,时髦的",5
13616,jostle,"推挤，撞,使激动,与…竞争，争夺,贴近,竞争，争夺,推挤,拥挤,推撞",5
13617,stand-up,"站立的；直立的；说单口相声的,光明正大的，敢说敢干的，坦率正直的，不耍手段的，凭真功夫的,（衣领）直立的",5
13618,seaweed,[植]海草，海藻,5
13619,blocking,"舞台场面设计,舞台调度,舞台场面调度设计,模块化,堵塞( block的现在分词 ),阻碍,设计（电视录像的摄像镜头布局）,[球类]（合法）阻挡（对手）",5
13620,eel,"鳝鱼,鳗鱼,小线虫,精明油滑的人",5
13621,cull,"挑选，剔除,采，摘（花）,精选,拣出的东西,剔除",5
13622,encase,"包装,围绕,把…装箱",5
13623,pare,"削皮,削减,修剪（指甲等）",5
13624,axle,"轮轴,车轴,轴端",5
13627,primordial,初生的，初发的，原始的,5
13628,budgetary,预算上的,5
13629,mouthful,"一口,满口,<俚>适当[不适当]的批评[暗示]",5
13630,wacky,古怪的，疯癫的,5
13631,urn,"大茶壶,瓮，缸,坟墓,骨灰瓮",5
13632,manslaughter,"杀人,过失杀人,[法]过失杀人罪",5
13633,choosing,"挑选( choose的现在分词 ),选择,选定,喜欢",5
13634,heterogeneous,"各种各样的,成分混杂的",5
13635,standardize,"使标准化,用标准校检",5
13636,magically,如魔法般地，用魔法地,5
13637,stripper,"脱衣舞表演者，脱衣舞女,分离相片负像或正像的人,剥皮剂,低产井",5
13640,mismanagement,"管理不善，经营不当，处置失当,处置失当",5
13641,newscast,<美>新闻广播,5
13642,angst,"焦虑,担心,恐惧，沮丧",5
13645,custard,蛋奶糊，牛奶沙司，蛋羹,5
13646,configure,"配置,设定,使成形,使具一定形式",5
13647,muck,"污物，污泥,废石,湿粪,秽物,施粪肥于…,弄脏,清除",5
13648,increment,"增长,增量,增额,定期的加薪",5
13649,pornographic,"色情的，淫秽的,色情作品的，春宫画的",5
13650,mull,"（加糖，香料等）烫热（酒等）,深思熟虑,磨碎,混乱,细软薄布",5
13651,secluded,"与世隔绝的,隐退的,偏僻的,使隔开，使隐退( seclude的过去式和过去分词)",5
13652,veritable,"名副其实的,真正的",5
13653,clot,"凝结,拥塞,凝块,（人，动物等的）聚集",5
13655,eyelash,睫毛,5
13657,behemoth,巨兽，庞然大物,5
13658,abate,"减少，减轻,[法]取消法令，作废,减轻,失效,折扣",5
13659,wisp,"小捆,小束,小缕,把…卷成小把,一缕缕地飘动",5
13661,infuriate,"使大怒，激怒,狂怒的",5
13664,expatriate,"侨民，移居国外者,被逐出国外者,移居国外的,被逐出国外的,移居国外，放弃原国籍,使移居国外，使放弃国籍,放逐，流放",5
13665,sheltered,"受庇护的,免税的,（尤指为病弱者）提供食宿的,提供抚养方便的,庇护( shelter的过去式和过去分词)",5
13666,nascent,"初期的,初生的,开始形成的,发生中的",5
13667,electrician,电工，电气技师,5
13668,minuscule,非常小的，极不重要的,5
13669,tropics,"热带地区,回归线( tropic的名词复数),热带，热带地方",5
13670,elitist,"优秀人才的,杰出者的,优秀人材,杰出人物,杰出人物统治论的鼓吹者",5
13671,one-man,"个人的,仅一人的,仅供一人的,只关于一个人的",5
13672,marinate,"把…浸泡于腌泡汁中,浸泡在卤汁中",5
13673,geneticist,遗传学者,5
13674,fanfare,"喧耀,号角齐鸣",5
13675,corrective,"矫正的,惩治的,矫正物,改善法,补救药",5
13676,father-in-law,"岳父,公公,继父",5
13677,glint,"闪烁，闪光,窥视,（箭一样）飞出,使发光，使闪光,闪光，闪耀,短暂微弱的显露,（雷达的）回波起伏,闪烁,（光线）反射,闪闪发光",5
13678,crazed,"疯狂的,有裂纹的",5
13679,two-dimensional,两维的，没有深度感觉的,5
13680,psychotic,"精神病的,患精神病的,精神病患者,疯子",5
13681,mainstay,"支柱，柱石,骨干，中流砥柱,主要的依靠,主桅支索",5
13682,sprinkler,"洒水器，喷洒器,（建筑物内的）自动喷水灭火装置",5
13683,wiry,"金属丝的,金属线制的,铁丝似的,瘦长结实的",5
13685,chemically,"化学地,化学上地,用化学,以化学方法",5
13686,scuba,水肺，便携式水下呼吸器,5
13687,linoleum,"油地毯,油毡,漆布,油地毡",5
13688,nutritious,有营养的，滋养的,5
13689,asking,"问,寻问,请求,要求,问（ ask的现在分词 ）,询问",5
13690,nutritionist,营养学家,5
13691,filipino,"菲律宾人,菲律宾语,菲律宾的,菲律宾人的",5
13692,molten,"熔化的，熔融的,铸造的，浇铸的,灼热的",5
13693,impromptu,"即席的,临时的,无准备的,即席地,临时地,无准备地,即兴曲,即席演出,即席之作,即席演说",5
13694,nah,<美俚>不,5
13695,colonize,"将…开拓为殖民地,从他地非法把选民移入,移于殖民地,[生]移植植物,开拓殖民地,移居于殖民地",5
13696,unquestionably,毫无疑问地，确凿地,5
13697,little-known,鲜为人知的,5
13698,deafening,"震耳欲聋的,极喧闹的,隔音,隔音装置,使…聋(deafen的ing形式)",5
13699,cardiologist,心脏病专家,5
13700,borrowed,"借来的，虚构的，伪造的,借，借进( borrow的过去式和过去分词 )",5
13701,observance,"遵守，奉行,（宗教的，正式的）仪式,惯例,庆祝",5
13702,inconceivable,"不能想像的，不可思议的，难以置信的,〈口〉难于相信的，惊人的",5
13703,polyester,聚酯,5
13704,hooker,"渔船,妓女",5
13705,rotting,"深蚀刻，沤麻,（使）腐烂， （使）腐朽( rot的现在分词 )",5
13706,deduce,"推论，推断,演绎,追溯根源",5
13707,prick,"刺，扎，戳,刺伤，刺痛,刺，扎,尖形器具",5
13711,evolving,"进化的，展开的,演变，进化( evolve的现在分词 ),（动植物等 ）进化，进化形成",5
13712,bribery,"行贿,[法]贿赂",5
13714,broadband,宽带,5
13715,well-established,"已为大家接受的,信誉卓著的,（树等）生了根的,根深蒂固的",5
13716,levy,"征兵,征税,征收，索取,征税，征集",5
13717,biographical,"传记的,传记体的",5
13718,caper,"跳跃，雀跃,雀跃，跳跃,[植]续随子，刺山柑花蕾,嬉戏,不法活动,嬉戏，开玩笑",5
13719,kiosk,"亭子，凉亭,（车站、广场等处的）书报摊，，公共电话亭,小摊棚，售货亭",5
13720,stereotypical,"[]  [],典型的,带有成见的",5
13721,pamper,"纵容,细心照顾,娇惯",5
13722,politicize,"使政治化,从事政治",5
13723,forcibly,"强迫地,强制地,强有力地,有说服力地",5
13724,unrestricted,"不受限制的,无限制的,自由的,敞开",5
13725,procure,"取得，获得,实现，完成,导致,取得,介绍娼妓，拉皮条",5
13726,sonic,"<物>音波的，音速的,能发声音的",5
13727,postage,邮费，邮资,5
13728,nocturnal,"夜的，夜间的,（动物）夜间活动的,（植物）夜间开花的,[乐]夜曲的",5
13729,lull,"使镇静，使安静,哄，哄骗,使入睡,平静，安静,平息,减弱,停止,暂停,间歇,暂时平静,催眠的东西",5
13730,brooding,"孵卵,郁闷的,沉思的,徘徊不去的,孵蛋(brood的现在分词),沉思",5
13731,stubbornly,倔强地，顽强地，顽固地,5
13732,inherited,"通过继承得到的，遗传的,继承权的,继承( inherit的过去式和过去分词 ),经遗传获得（品质、身体特征等）接替（责任等），继任",5
13733,beep,"哔哔声,嘟嘟响",5
13734,constitutionally,体质上，在本质上,5
13735,implied,"暗指的，含蓄的,暗示，暗指( imply的过去式和过去分词 ),必然包含,说明，表明",5
13736,intercom,内部通话系统,5
13738,reformed,"改革过的，革新的,改善( reform的过去式和过去分词 )",5
13740,gouge,"挖凿,用拇指插入…的眼睛,欺诈，诈取,半圆凿,凿孔,欺诈，骗子",5
13741,inefficiency,"无效率，无能,无效率事例",5
13742,tote,"手提，携带,背负,合计,搬运,手提,负担,总额,装运物",5
13743,doubly,"加倍地，双倍地,两方面地,有双重原因造成,倍增",5
13744,alibi,"犯罪现场,<美口>辩解，托辞,[法]不在犯罪现场的抗辩事实,辩解,找借口,为…辩解,为（某人）提供不在现场的证词",5
13745,dermatologist,"皮肤病学家,皮肤科医生",5
13746,blackboard,黑板,5
13747,waffle,"华夫饼,无聊、含糊的话,胡扯,唠叨",5
13748,geek,"笨蛋，蠢货,对电脑痴迷的人,不可救药的人",5
13750,know-how,"诀窍,实际知识,专门技能,专有技术",5
13751,battleship,战舰,5
13752,steamer,"汽船，轮船,蒸锅,蒸汽机,用蒸汽工作的人",5
13753,dislodge,"把…逐出，驱逐,把…移动,移走，离开原位",5
13754,cultivated,"耕种的,栽培的,有教养的,耕作(cultivate的过去式和过去分词),促进增长,教养，改善,陶冶思想[感情]建立（友谊）",5
13755,preface,"序言，引语,开端，前奏,[宗]（弥撒的）序诵，序祷,作为…的序言，作为…的开端,作序,给…作序,开始，导致",5
13756,dripping,"滴,滴下,滴下物,油滴,（使）滴下( drip的现在分词 ),滴出,含有,充满",5
13757,pendant,（装在项链等上的）垂饰，坠儿,5
13759,impulsive,"冲动的,任性的,受感情驱使的,[物]瞬动的，冲击的",5
13760,stout,"强壮的,结实的,勇敢的,坚定的,烈性黑啤酒,胖子,特大号",5
13762,funk,"惊恐,沮丧,懦夫,（因恐惧）避开（某事物）,害怕,使闻到刺鼻的味道,畏缩,发出刺鼻臭味",5
13764,radiator,"暖气片，散热器,（汽车引擎的）冷却器,辐射体,冰箱",5
13765,haste,"匆忙，急忙,急速，紧迫,轻率,赶紧，匆忙,<古>使快，催促",5
13766,circumstantial,"（指描述）详细的,（指证据）有充分细节却无法证实的",5
13769,shipyard,"船坞,造船厂",5
13771,estuary,"（江河入海的）河口，河口湾,港湾",5
13772,consolidated,"加固的，整理过的，统一的,团结的，统一的,（使）巩固， （使）加强( consolidate的过去式和过去分词 ),（使）合并",5
13773,misgiving,"疑虑， 担心， 恐惧,不安,使（某人的情绪、精神等）疑虑，担忧，害怕( misgive的现在分词 )",5
13774,monoxide,一氧化物,5
13775,repertory,"仓库，贮藏所,（尤指知识等的）贮藏，搜集,贮藏物,全部剧目",5
13776,skylight,天窗,5
13777,subsidized,"[]  [],给…津贴或补贴，资助或补助…( subsidize的过去式和过去分词 )",5
13778,muffle,"裹住，围住,捂住,压抑，阻止,消音,用厚厚的衣帽包着（自己）,低沉的声音,消声器,包裹物,隔焰窑",5
13779,archival,关于档案的,5
13780,darkly,暗黑，呈黑色,5
13781,smuggling,"走私，偷运,偷运( smuggle的现在分词 ),私运,走私,不按规章地偷带（人或物）",5
13782,retardation,"延迟,留级,制动,光程差",5
13783,pre-war,"[]  [],（尤指第一次和第二次世界大战）战前（的）",5
13785,debtor,"债务人,借方,受恩人,罪人",5
13787,unregulated,未受管理[控制、约束]的，未校准[调整、调节]的,5
13789,spade,"铁锹，铲子,纸牌中的)黑桃,铲",5
13791,vehemently,"激烈地,暴烈地,强烈地,热烈地",5
13792,fascism,法西斯主义,5
13793,chide,"责骂，斥责,责备,呵叱，责骂,（风，猎犬等）怒号，咆哮",5
13795,musically,音乐上,5
13796,adventurer,"探险家，冒险家,投机商人",5
13798,leisurely,"从容的，不慌不忙的,悠闲的,从容不迫地，慢慢地，悠闲地",5
13799,mater,<英>母亲，妈妈,5
13800,uncontrolled,"不受控制的，不加克制的,无控,无拘束",5
13801,nozzle,"管嘴，喷嘴,〈俚〉鼻子",5
13802,banned,"[]  [],取缔（ ban的过去分词 ）,查封,禁止,禁止某人做某事（或去某处等）",5
13803,cashmere,"开司米，山羊绒,开士米羊毛织品",5
13805,minimally,"[]  [],最低限度地，最低程度地",5
13806,flaunt,"炫耀,轻蔑，蔑视,张扬,夸耀，招摇,飘扬，招展",5
13807,apex,"顶,<喻>顶峰,<美><矿>脉尖,尖端",5
13808,slant,"（使）倾斜，歪斜,有倾向性地编写或报道,倾斜,斜线，斜面,偏向,偏见,倾斜的",5
13809,tortoise,"乌龟,行动迟缓的人（或物）",5
13810,crumpled,"[]  [],摺皱的，弄皱的,压皱，弄皱( crumple的过去式和过去分词 ),变皱",5
13811,payout,"支出,花费",5
13813,repressed,"被抑制的，被压抑的,抑制( repress的过去式和过去分词 ),约束,镇压,制止",5
13815,aggressor,"侵略者,挑衅者,侵略国",5
13816,dispatcher,"发报机,收发,调度",5
13817,climatic,"气候的,风土的,受气候影响的",5
13818,dislocation,"[医]脱位，脱臼,[物]位错,混乱，紊乱,[地]断层",5
13819,popularize,"使受欢迎,普及,使通俗化,使流行",5
13820,philharmonic,"交响乐团的，音乐团体的,爱好音乐的,交响乐团,爱音乐的人,爱乐团体",5
13821,juniper,"刺柏属丛木或树木,刺柏,杜松,（美）桧状植物（多用于装饰）",5
13822,pathological,"[医]病理学的,由疾病引起的,病态的，疾病的",5
13824,juxtapose,把…并列，把…并置，把…放在另一个旁边,5
13825,stalemate,"僵局,[游戏]王棋受困,使陷入僵局",5
13826,overture,"器乐前奏曲,序曲，序乐,序诗,主动表示，提议,提议",5
13827,guarded,"谨慎的，有保留的,保护，控制( guard的过去式和过去分词 )",5
13828,acknowledgement,"承认，确认,致谢，鸣谢,收条,[法]承认书",5
13829,lithuanian,"立陶宛（前苏联加盟共和国）人,立陶宛的，立陶宛人的，立陶宛语的",5
13830,beset,"镶，嵌,困扰,包围,[航]被冰块包围",5
13832,naming,"命名,确定( name的现在分词 ),决定,给…取名,说出…的名字",5
13833,fiberglass,玻璃纤维，玻璃丝,5
13834,buggy,"婴儿车，童车,<俚>旧汽车,小机动车,轻便马车,多臭虫精神病的，疯的的,<俚>神经有毛病的，古怪的，淘气的",5
13835,discreetly,谨慎地，小心地,5
13836,veneer,"饰面，护面,外饰，虚饰,表层饰板,薄木片,给…镶以饰片,虚饰，粉饰,镶盖,胶合",5
13838,chronological,"按时间的前后顺序排列的,编年的",5
13839,wastewater,废水,5
13841,pennant,"校旗,锦标旗,长三角旗,（船上用的）信号旗",5
13842,hotline,"热线（电话）,电话咨询服务专线",5
13843,eleventh,"第十一,十一分之一的,（每月的）第十一日,十一分之一",5
13845,parisian,"[]  [],巴黎人,巴黎的,巴黎人的",5
13846,siding,铁路的侧线，旁轨,5
13848,chassis,"（车辆的）底盘,（飞机的）起落架,炮底架,（无线电、电视等的）底架",5
13849,miniseries,电视连续短剧,5
13850,landscaping,"景观美化,造园林",5
13851,cod,"鳕鱼,鳕鱼肉,袋，包,阴囊,哄骗，愚弄",5
13853,honored,"光荣的：荣幸的,尊敬，给以荣誉( honor的过去式和过去分词 )",5
13854,responsibly,"负责地,有责任感地,有鉴别力地,能明辨是非地",5
13855,fore,"在前部的,以前的,在前头，朝前头,在前面,前部,船头,在…前,（打高尔夫球者的叫声）让开！",5
13856,centrist,"（政治上的）中立派,温和派,温和派的",5
13857,bustle,"喧闹,忙乱,奔忙,催促,使忙碌,（女裙后部的）腰垫，裙撑,热闹的活动,奔走，忙乱",5
13858,crepe,绉纱，绉绸,5
13859,attune,"使协调,<音>调音",5
13860,garb,"<正，幽>（尤指某类人穿的特定）服装，衣服，制服,装扮,穿衣",5
13861,habitual,"习惯的,惯常的,习以为常的",5
13862,celtic,"凯尔特人的,凯尔特人,凯尔特语",5
13863,eerily,"[]  [],引起神秘感或害怕地",5
13864,cheaply,便宜地，不值钱地,5
13865,valet,"男子的贴身男仆,（旅馆中洗熨衣服的）侍者,伺候客人停车、用车的人,衣帽架,做贴身男仆,为…管理衣物，替…洗熨衣服,伺候，服侍,清洗（汽车）",5
13866,ordering,"排序,分类,调整,整顿,（医生）开（处方）( order的现在分词 ),订购,（上帝、命运等）注定,点（饭菜，饮料等）",5
13868,age-old,"古老的,久远的,存在很久的,由来已久的",5
13869,elf,"（双耳尖尖的）小精灵，小妖精,石箭头,着迷的",5
13870,liturgical,<正>礼拜仪式的,5
13871,prioritize,"按重要性排列，划分优先顺序,优先处理",5
13872,inconvenient,"不方便的,打扰人的，麻烦的,不便",5
13874,gubernatorial,"统治者的,地方长官的,州长的,总督的",5
13875,apprehensive,"忧虑的,有理解力的,惶惑",5
13876,fertilize,"使肥沃,使受孕,施肥",5
13878,snowstorm,"[气]暴风雪，雪崩,雪暴",5
13879,sioux,"苏人的，苏语的,苏族（印第安人的一族， 自称达科他Dakota族）",5
13880,diversification,"变化，多样化,多种经营",5
13881,sarcasm,"讥讽,讽刺话",5
13883,postmodernism,后现代主义,5
13886,mummy,"妈妈,木乃伊,干尸,干瘪的人",5
13887,armenian,"亚美尼亚的，亚美尼亚人的,亚美尼亚人，亚美尼亚语",5
13888,reconnect,再供应（水电等），再接通（电话）,5
13889,major-league,"[]  [],第一流的,职业体育总会的",5
13890,ruffle,"褶裥,混乱,（鼓的）轻擂声,急躁，生气,弄皱,激怒,连续地轻敲,扰乱",5
13891,believable,可信的,5
13892,potency,"效力,潜能,权势,（男人的）性交能力",5
13893,workday,"工作日,平日（指非假日）,（一个）工作日,一天的工作时间,日常的,工作日的,平凡的,平淡无奇的",5
13894,unfit,"不适宜的，不适当的,体格不佳的，不健康的,使不相宜，使不合格",5
13895,idly,"懒惰地,无所事事地,闲着,无益地",5
13897,veranda,阳台，走廊,5
13898,fathom,"英寻,理解…的真意,推测，领会,测深",5
13899,personalize,"在（某物上）作物主标志（尤指表示物主的地址或姓名的首字母）,使（某事物）针对个人、带有个人感情或个性化,在（物品）上标出姓名（记号）,使…拟人化",5
13900,mantel,壁炉架，壁炉台,5
13901,chasm,"峡谷,裂缝，断层,裂口,（感情等的）分歧",5
13902,spatula,"（搅拌或涂敷用的）铲，漆工抹刀,<医>压舌板",5
13903,purify,"使纯净，净化,精炼,使（语言）纯正,给…赎罪，使纯洁",5
13904,archbishop,"大主教,主教长",5
13905,full-size,"原尺寸的,正常尺寸的,全尺寸，全尺度",5
13907,pretext,"借口，托辞,假象，掩饰,借口，假托",5
13908,preposterous,"反常的,荒谬可笑的,不合理的,悠谬",5
13909,kerosene,"煤油，火油,灯油,洋油",5
13910,lowered,"（使）降低， （使）跌落（ lower的过去式和过去分词 ）,削弱,削减,减少",5
13911,organizing,"组织( organize的现在分词 ),成立,安排,规划",5
13912,discursive,东拉西扯的，离题的,5
13913,ultra,"过激的，极端的,过激论者，急进论者",5
13914,communicator,交流者，发报机，列车内通报器,5
13915,run-down,"破旧的,（电池）耗尽的,精疲力竭的,衰弱的,裁员,刺杀出局,纲要，总结",5
13917,intestinal,"肠的,肠壁,肠道细菌",5
13919,visceral,"内脏的，影响内脏的,出自内心的",5
13920,feign,"假装，伪装,捏造（借口、理由等）,装作,创造或虚构,假装,作假,佯作",5
13921,drop-off,急下降，直下降,5
13922,romanian,"罗马尼亚人，罗马尼亚语,罗马尼亚的，罗马尼亚人的，罗马尼亚语的",5
13923,dreaded,"令人畏惧的,害怕的,害怕，恐惧，担心( dread的过去式和过去分词)",5
13924,decentralized,"权力下放，将（权力等）自中央政府转到地方政府( decentralize的过去式和过去分词 ),将（工业、工人等）自集中点分散到较大的区域内",5
13925,clipboard,有纸夹的笔记板，剪贴板,5
13926,carrying,"运送的，运输的,支撑( carry的现在分词 ),携带,输送,运载",5
13927,gypsy,"吉普赛人,吉普赛语,像吉普赛人的人,[航]绞绳筒,像吉普赛人似的,吉普赛人的,吉普赛式的流浪的,无照的,过吉普赛式地生活,流浪,野餐旅行",5
13928,rna,"ribonucleic acid 核糖核酸（略作RNA）,浪漫派小说家协会(Romantic Novelists ' Association)",5
13929,murdered,"[]  [],糟蹋( murder的过去式和过去分词 ),（尤指在团队运动中）彻底打败,打垮",5
13931,eucharist,圣餐，（经过祝圣的）圣餐面包（及酒）,5
13933,swimsuit,（女式）游泳衣,5
13934,upland,"高地的，住在高地的,高地，山地",5
13935,coincidentally,"巧合地,同时发生地,一致地",5
13936,conversational,"会话的，谈话的,健谈的，善应酬的,[计]对话的，双向的",5
13937,jeweler,"珠宝商,宝石匠,钟表商,钟表匠",5
13938,futility,"无益,无效,无益的事,无效果的行动",5
13939,backside,"臀部，背部,后方",5
13940,vigilance,"<正>警觉,警惕,警戒,<医>失眠症",5
13941,confrontational,"挑衅的,对抗的",5
13942,surmise,"推测，猜测,臆测，推断,揣测,猜想",5
13943,starch,"淀粉，含淀粉的食物,形式主义,古板，僵硬,元气,把（衣服）上浆,给…上浆,浆硬,使僵硬",5
13944,rubric,"（用红字印刷的）题目（或句子等）,注释,写在礼拜规程里的礼仪指示,习俗,印为红字的",5
13945,legitimately,正当地，合理地,5
13946,normalize,"使正常化,使标准化",5
13947,rework,"重做，再做,修订,重做的某物",5
13948,evocative,"唤起的,激起的,唤出的",5
13949,acronym,首字母缩略词,5
13950,self-image,自我形象,5
13952,swipe,"重击,尖锐的评论,柄，握杆,刷（磁卡）,偷窃,猛打",5
13953,exhibitor,"展出者,参展商",5
13956,unbelievably,难以置信地，不可信地,5
13957,observable,观察得到的，应遵守的，应庆祝的,5
13958,charging,"装料，炉料,装( charge的现在分词 ),控诉,记账,使充电",5
13960,oceanic,"海洋的，海洋产出的，生活于海洋的,远洋",5
13961,philanthropy,"博爱,慈善活动，慈善事业",5
13963,epistemological,认识论的,5
13964,hotly,"大发雷霆地,猛烈地,紧迫地,热心地",5
13965,aquifer,地下蓄水层，砂石含水层,5
13966,trivia,"琐事，不足道的细枝末节,（中世纪大学的）三学科( trivium的名词复数),薄物细故",5
13967,finesse,"手腕，手段,技巧，策略,纤细,偷牌,巧妙处理,以偷牌方式先出,施巧计,[牌]偷牌,施展巧计",5
13968,chimp,（非洲）黑猩猩,5
13969,ideologically,思想体系上，意识形态上,5
13970,tnt,三硝基甲苯，黄色炸药(trinitrotoluene),5
13971,heavy-duty,"重型的，重载的,耐用的,关税重的,强功率",5
13972,fluke,"侥幸,锚爪,偶然事件,鲽鱼",5
13974,hilltop,小山顶,5
13976,unbroken,"未破损的,连续的,（土地）未破土的,（马等）未驯服的",5
13977,confluence,"<术>（河流的）汇合处,汇流处,<正>（事物的）汇合,汇流",5
13979,tiptoe,"脚尖,踮着脚走,踮着脚走的,偷偷摸摸的,踮着脚地,小心翼翼地",5
13980,stockpile,"（原料，食品等的）储备，准备急用的备用原料或物资，贮存,资源，富源，矿藏量,（为战争准备的）核武器,大量贮备",5
13981,saxophone,[乐]萨克斯管,5
13982,crusty,"易怒的,执拗的,有壳的,硬壳族，脏皮士（生活在常规社会之外、身穿旧衣服到处游逛的英国青年）",5
13983,extremity,"端点,尽头,手和足,极窘迫的境地",5
13984,innovator,"改革者,创新者",5
13986,limitless,"无限制的,无界限的,一望无际的,无限期的",5
13987,melodic,"有旋律的,调子美妙的",5
13988,striker,"罢工者,打击者，打手,（足球的）前锋,锤，报点时钟",5
13991,informational,报告的，情报的,5
13992,kidnapper,拐子，绑匪,5
13993,pre-existing,先已存在的，早已存在的，业已存在的,5
13994,rowing,"划（船）,赛艇运动,划船(row的现在分词)",5
13995,hegemonic,支配的，霸权的,5
13996,forecaster,预报员,5
13997,complicity,"合谋，串通,共犯,牵连",5
13998,puzzling,"使为难的，费解的，令人困惑的,使迷惑，使难解( puzzle的现在分词 ),为难，伤脑筋，苦思",5
13999,cautionary,"警告的,提醒注意的,告诫的,<英>担保的",5
14000,immunization,免疫,5
14001,defined,"有定义的，明确的,清晰的，轮廓分明的,给…下定义，解释，限定(define的过去式和过去分词)",5
14002,wafer,"圆片，晶片,薄脆饼,[电]薄片,[宗]圣饼,用胶纸封",5
14003,fiancee,<法>未婚妻,5
14005,mellow,"（瓜，果等）成熟的,（酒）芳醇的,（颜色或声音）柔和的,圆润的,（使）成熟,变柔和,使芳醇",5
14006,vowel,"元音,母音,元音的,母音的",5
14008,saturation,"（达到）饱和状态,饱和度,浸透，浸润,饱和剂",5
14009,forbidding,"冷峻的，令人生畏的,禁止( forbid的现在分词 ),妨碍,阻碍,阻止",5
14010,chunky,"矮胖的,粗短的,厚实的",5
14011,brash,"傲慢的,轻率的,易碎的,脆的,胃灼热,骤雨,碎片,残枝",5
14012,swede,瑞典人,5
14014,lite,清淡的，低盐的,5
14015,automation,自动化（技术），自动操作,5
14016,vile,"卑鄙的,〈口〉极坏的，讨厌的,〈古〉不足道，无价值的,粗鄙的，恶俗的",5
14017,veterinary,"兽医的,兽医",5
14018,smirk,"傻笑，得意的笑,假笑,傻笑,假笑着说",5
14019,fanciful,"（指人）富于幻想的,（指物）设计或装饰新颖奇特的,奇怪的，稀奇的,不现实",5
14021,aching,"痛的，疼痛的，心痛的,渴望( ache的现在分词 )",5
14022,plethora,"过多，过剩,[医]多血，多血症",5
14023,tax-free,"免税的，不付税的,免税地",5
14024,anatomical,结构（上）的，解剖的,5
14025,weaver,"织工，编织者,[鸟]织巢鸟，[虫]豉豆，织网蜘蛛",5
14026,melancholy,"忧郁,悲哀,愁思,闷闷不乐,忧郁的,悲伤的,凄凉的,阴沉的",5
14027,condolence,"同情，吊唁,哀悼,慰问",5
14028,old-time,以前的，旧式的，资深的,5
14030,delinquent,"不尽责的，怠工的,有过失的,拖欠债务的,流氓,少年罪犯,失职者",5
14031,bathrobe,浴衣，浴袍,5
14032,blackberry,黑莓,5
14033,porous,"能穿透的，能渗透的,有毛孔或气孔的,漏洞多的,易穿过的",5
14034,partisanship,党派性，党派偏见,5
14035,choreographer,编舞者,5
14036,malice,"恶意，恶感,怨恨,[法]预谋,祸心",5
14037,commencement,"开始,开端,毕业典礼,学位授予典礼",5
14038,cleavage,"分裂,[胚] 卵裂,乳沟",5
14039,populous,"人口众多的,人口稠密的",5
14040,distressed,"烦恼的,痛苦的,身体虚弱的,仿旧的",5
14041,vested,既定的,5
14042,hydrocarbon,<化>碳氢化合物，烃,5
14043,crony,"密友,好友",5
14045,cheesecake,"奶酪蛋糕,半裸体的女人照片",5
14046,perseverance,"毅力,韧性,不屈不挠的精神",5
14047,pelvis,[解]骨盆,5
14048,wean,"使断奶,使断念,〈英〉婴儿",5
14049,screenwriter,"电影剧本作家,编剧家",5
14050,piracy,"海上抢劫,盗版行为，非法复制",5
14051,glorify,"赞美,颂扬,美化,使更壮丽",5
14052,gully,"冲沟，溪谷,[建]集水沟，雨水口，檐槽,在…上开沟,形成冲沟，形成沟渠",5
14053,balsamic,香膏质的，如香油的，有镇静作用的,5
14054,parka,风雪大衣,5
14055,deforestation,采伐森林，森林开伐,5
14056,hiv-positive,HIV 阳性,5
14058,methodically,有条理地，有条不紊地，井然地,5
14061,inactive,"不活动的，不活跃的,懒散的，怠惰的,闲置的,[化]钝性的",5
14062,sinful,"有罪的，作孽的,罪孽深重",5
14063,doctrinal,学说的,5
14064,lowly,"<旧>地位低的，卑微的,卑贱的,地位低的,谦逊地,卑鄙地,低低地,声音低低地",5
14065,decorator,"室内装饰师，油漆匠,适于室内装饰的",5
14066,quip,"俏皮话，妙语,嘲弄，讥讽,双关语,说俏皮话,托辞",5
14067,unease,"不安,忧虑，担心",5
14068,expressly,"明显地,明确地,特别地,特意地",5
14069,adapter,"适配器,改编者,改写者适应者,适应物",5
14070,cornfield,<美>玉米田，<英>小麦田,5
14071,approximation,"接近,<数>近似值,近似额,粗略估计",5
14072,tombstone,"墓碑,墓石,（华尔街的）新上市股票[证券]发行公告",5
14074,leaflet,"传单，散页印刷品,小叶，嫩叶,复叶的一片,叶状器官,散发传单",5
14075,deflate,"放气,瘪下来,使泄气,紧缩",5
14076,newlywed,新婚的人,5
14077,fullness,"满,充满,丰富,成熟",5
14079,snowball,"雪球,[植]荚蒾属,打雪仗,滚雪球般增大,向…掷雪球,使滚雪球般增大",5
14080,cooling,"冷却,凉的，凉爽的,冷却的,（使）变凉( cool的现在分词 ),（使）冷静",5
14081,polluted,"污染( pollute的过去式和过去分词 ),腐蚀",5
14083,apache,美洲印第安人的一种族,5
14086,forested,树木丛生的,5
14087,discarded,"丢弃，抛弃( discard的过去式和过去分词 ),不再使用",5
14088,equatorial,"赤道的，赤道附近的,赤道地",5
14089,lymph,"淋巴（液）,痘苗,溪水,泉水",5
14091,flamboyant,"艳丽的,火焰似的,过分华丽的,凤凰木,火焰色红花",5
14092,tarnish,"（通常指金属）（使）失去光泽，（使）变灰暗,玷污，败坏,污点，瑕疵,无光泽，晦暗",5
14093,posting,"记录,[会计]过帐，记账,委派,邮寄,张贴(post的现在分词),公布",5
14094,percentile,"百分位（数）,百分位（数）之一",5
14095,padding,"衬料,衬垫,赘语,废话,给…装衬垫，加垫子( pad的现在分词 ),步行，放轻脚步走",5
14096,repudiate,"（正式地）否认,拒绝接受,拒绝与…往来,拒不履行（法律义务）",5
14097,piping,"（某种或某长度的）管道,笛声,（食品上装饰用的）奶油花饰,（衣服、椅罩等的）滚边,尖声的,高声的,平静的,平和的",5
14098,brandish,"挥舞,炫耀,挥动，挥舞",5
14099,spire,"螺旋,塔尖,尖塔,[动]螺旋部，（软体动物的）螺塔,给…装尖塔,塔状矗立,螺旋形上升",5
14100,clatter,"发出咔哒声,嘁嘁喳喳地说笑,使卡搭卡搭的响,哗啦声,嘁嘁喳喳的谈笑声,咔哒声",5
14102,crevice,（尤指岩石的）裂缝，缺口,5
14103,pragmatism,"[哲]实用主义,实用的观点和方法",5
14104,predicate,"断言，断定,宣布，宣讲,使基于,谓语,述语,谓语的,述语的",5
14106,substrate,"底物,底层,基底,基层",5
14107,forefinger,食指,5
14108,benefactor,"捐助者,施主,恩人",5
14109,morphine,[药]吗啡,5
14112,inlet,"进口,[电]引入,插入物,水湾,引进,嵌入,插入",5
14113,coffer,"保险柜，保险箱,金库,资金，财源,[建]天花板的镶板,[建] 用镶板装饰,把…装入箱内",5
14115,enlargement,"放大,放大物,放大的照片",5
14116,homemaker,主妇,5
14117,tacit,"缄默的,心照不宣的,<律>由法律的效力而产生的",5
14118,outgrow,"过度成长,因年龄增加而失去,年长而不再需要,生物长出",5
14120,agreeable,"令人愉快的，惬意的,有礼貌的,同意的，接受的,适合的，一致的",5
14121,brownie,"核仁巧克力饼,巧克力蛋糕,6-8岁的女童子军,棕仙（传说中夜间帮助做家务的小精灵）",5
14122,controlling,"控制( control的现在分词 ),管理,限制,克制",5
14123,brunch,早午餐,5
14124,stave,"狭板,梯级,诗句,五线谱表,延缓,在…上打洞,压扁,破碎,穿孔",5
14125,allegory,寓言,5
14126,proverbial,"谚语的,众所周知的，出名的,已成话柄的",5
14127,inverted,"反向的，倒转的,使倒置，使反转( invert的过去式和过去分词 )",5
14128,brunt,"（来自攻击一方的）主要力量,撞击，进攻,冲击",5
14129,interchange,"互换，交换,交替（位置等）,使更叠发生,交替发生,交换,相互交换,交换，交替,互通式立体交叉，道路立体枢纽",5
14130,unlucky,"不幸运的，倒霉的,不吉祥的,不顺利的,不凑巧的",5
14131,rusted,"[]  [],（使）生锈( rust的过去式和过去分词 )",5
14132,madly,"发疯似地,疯狂地,精神失常地",5
14133,abolition,"废除,废止,（常用A-）<美史>废除死刑,〈美〉废除黑奴制度",5
14134,affliction,"苦恼，痛苦,灾难,哀伤，忧伤,<天>受克星体",5
14136,brat,"小孩，尤指被宠坏的或举止粗鲁的小孩,美国大兵",5
14137,artistry,"艺术之性质,技艺",5
14138,propriety,"<正>礼貌,规矩,正当,合适",5
14139,cooker,"炊具,锅,炉灶,造谣者",5
14140,freckle,"雀斑，斑点,（使）生斑点，（使）生雀斑",5
14141,alcove,"凹室，壁龛,（花园）凉亭,<古>僻静处",5
14145,condense,"（使）冷凝,（使）凝结,精简,压缩",5
14146,unsolved,"未解答的,未解决的",5
14147,penetrating,"敏锐的,有洞察力的,聪明的,响亮的,贯穿，穿过( penetrate的现在分词),刺入,了解,渗透",5
14148,wriggle,"扭动，蠕动，蜿蜒行进,摆脱，用计逃脱,（使身体某一部位）扭动,耍滑不做，逃避（应做的事等）,蠕动，扭动",5
14149,parting,"临别的，临别纪念的,分离的，分隔的,将要过去的,临终的，临死的,分别，离别,分界线，分界点,分离，分裂,分开,断裂,离去(part的ing形式)",5
14150,nag,"不断找岔，抱怨,困扰，折磨,叱责，抱怨,困扰，焦虑,挑剔的人,马，老马",5
14151,restoring,"归还( restore的现在分词 ),交还,使恢复,修复",5
14152,snowmobile,"摩托雪橇，雪地机动车,[亦称作 skimobile, snowcat] 摩托雪橇；雪地机动车",5
14153,nervousness,神经质，焦躁，胆小,5
14154,impenetrable,"不能通过的,不能理解的,无动于衷的,顽固的，不接受的",5
14155,blocker,雏形锻模，预锻模,5
14156,spoke,"（车轮的）辐条,轮辐,破坏某人的计划,阻挠某人的行动,讲，谈( speak的过去式 ),说,演说,从某种观点来说",5
14157,amber,"琥珀,琥珀色,[军]线状无烟火药,琥珀色的,琥珀制的,使成琥珀色",5
14158,outsource,外购（指从外国供应商等处获得货物或服务）； 外包（工程）,5
14159,spooky,"鬼似的，幽灵般的,有点怪的，不可思议的,令人毛骨悚然的,稍微有些神经质的",5
14160,giver,"给予者，赠予人,捐献者或捐助人",5
14161,critter,"动物,人， （尤指）可怜的人",5
14164,avant-garde,"（艺术的）先锋派，前卫派,先驱，先锋,先锋派的，前卫的,标新立异的,先锋的，先驱的",5
14165,symmetrical,对称的，匀称的,5
14166,violinist,"小提琴家,小提琴演奏者",5
14167,elaboration,"精心制作（或计划）,精致,详尽（阐述）,精心完成的东西",5
14168,divulge,"泄露,暴露,揭发,<古>公布，宣布",5
14170,oops,哎哟,5
14171,convincingly,信服地，有说服力地,5
14172,reciprocity,"相互性,相互作用,互给,互惠",5
14173,knockout,"击昏，击倒,绝代佳人,<俚>轰动一时的东西,淘汰赛,击倒的，打倒的,引人注目的,使昏迷的,迷人的",5
14174,retrace,"折回，折返,回忆，回想,追溯，探源,重描",5
14176,transcendence,"超越,超绝,<宗>（神的）超然性,超凡",5
14177,informally,"非正式地,不拘礼节地,通俗地",5
14178,implore,"恳求或乞求（某人）,恳求，乞求",5
14180,slang,"俚语,黑话,用粗话骂,用俚语",5
14182,laud,"称赞，赞美,赞美诗，颂歌",5
14183,noun,"名词,名词性单词,名词词性",5
14184,latex,"胶乳，（尤指橡胶树的）橡浆,人工合成胶乳（用以制作油漆、粘合剂和织物）",5
14185,austere,"朴素的，简朴的,严峻的，严厉的,苦行的,一丝不苟的",5
14186,dab,"少许,是…能手,做某事很在行,在某方面技术熟练,（用某物）轻触,轻而快地擦掉（或抹掉）,快速擦拭,（用某物）轻而快地涂上（或点上）…",5
14187,vis-a-vis,"面对面的人，两人对座的长椅,和…面对面，同…相比，关于,相向着，相对着",5
14188,pluralistic,"兼职的,多元论的，多元化的",5
14190,skillfully,巧妙地，精巧地,5
14191,strait,"海峡,（常用pl.）窘迫，困境,危难,困难的，窘迫的,<古>狭窄的,严格的",5
14192,brotherhood,"兄弟关系,手足情谊,兄弟会,（总称）同行",5
14193,reminisce,追忆,5
14195,neurologist,<医>神经病学家,5
14196,penal,"刑事的，刑法上的,与刑罚有关的,作为刑罚场所的",5
14197,toothpick,牙签,5
14198,distaste,"厌恶,讨厌,不喜欢",5
14199,redistribution,重新分配,5
14200,inpatient,"住院病人,夜间看病的",5
14201,whisker,"细须,连鬓胡子,〈美俚〉腮帮子,[化]须晶",5
14202,sloping,"倾斜的，有坡度的,有斜度( slope的现在分词 ),悄悄地走,潜行",5
14203,mascara,"睫毛膏,染眉毛油,染睫毛膏,在…上涂染眉毛油",5
14204,rerun,"重播节目,再播放",5
14205,sanctity,"圣洁，神圣,不可侵犯",5
14206,jot,"匆忙记下,略记,摘要记载下来,一点，少量,稍许,（字母的）一点，一划",5
14207,alternating,"交互的,<医> 交替的,交替( alternate的现在分词 ),（使）交替， （使）轮换",5
14208,apathy,"漠然,冷淡,无兴趣,无动于衷",5
14209,typing,"打字，键入,打印本，打印文件,打字( type的现在分词),按类型把…归类",5
14212,experiential,经验的，经验上的，根据经验的,5
14213,limelight,"众人注意的中心,（不）是公众关注的中心，（不）引人注目,石灰光，石灰光灯,白炽灯,使显露头角，使受到注目",5
14214,confessional,"忏悔室，（教堂内的）告解室,“confession”的派生,忏悔的,自白的",5
14215,diminished,"减少了的，被贬低的,（使）减少，缩小( diminish的过去式和过去分词 ),减弱…的权势",5
14217,yearbook,年鉴，年报，年刊,5
14218,bran,糠，麸皮,5
14219,desegregation,废除种族隔离,5
14220,impeach,"控告（某人）犯罪,弹劾,对（某事物）怀疑,提出异议",5
14221,exuberance,"繁茂，丰富,充沛，充溢",5
14222,recoup,"补偿，收回,偿还,[法]扣除，扣留,恢复,获得补偿",5
14224,hush,"（使）安静下来,安静，寂静,安静，别说话，别叫喊",5
14225,intractable,"难对付的，难管教的，倔强的,难加工的,难治疗的",5
14226,predate,提早日期，居先,5
14227,enlarged,"[]  [],扩大( enlarge的过去式和过去分词 ),扩展,扩充,放大",5
14228,sedentary,"坐着的,（指工作等）坐着干的,案头的,（指人）不爱活动的",5
14230,decision-maker,决策人,5
14231,flip-flop,"后滚翻，噼啪（声）,连续啪啪作声地,使翻转；使突然转变,作后手翻；突然改变；啪嗒啪嗒地动,后手翻的；突然改变的",5
14232,stored,"存信息的,存储的",5
14233,sudanese,"苏丹人,苏丹的",5
14234,separatist,"分离主义者,独立派",5
14235,aristocracy,"贵族,贵族品质,贵族统治的国家,上层社会",5
14236,pheasant,"雉，野鸡,野鸡肉",5
14237,tweed,"粗花呢,花呢套装",5
14238,melodrama,"情节剧，音乐剧，传奇剧，耸人听闻的事件，闹剧,传奇剧式的事件（或言行）",5
14239,hurriedly,"仓促地，匆忙地，草率地,七手八脚,匆猝,遽",5
14241,font,"字体,字形,圣洗池（设于教堂中，常为石造）,（同样字体和字号的）一副铅字",5
14242,gloved,（手）戴着手套的,5
14244,time-out,暂停，休息时间,5
14245,looking,"有…样子的，有…相貌的,看，瞧( look的现在分词 ),注意,面向,寻找",5
14246,decode,"译（码），解（码）,分析及译解电子信号",5
14247,teeming,"丰富的,充满( teem的现在分词 ),到处都是,（指水、雨等）暴降,倾注",5
14248,dialectic,"辩证的,辩证法",5
14249,andean,"[]  [],（南美洲）安第斯山的，安第斯山地区的",5
14250,persevere,"坚忍，熬住,坚持,百折不回，不屈不挠,支撑",5
14251,embroider,"刺绣,在…上绣花,渲染",5
14252,traditionalist,"传统主义者,因循守旧者",5
14253,reservist,"后备役军人,在乡军人",5
14254,screwdriver,"螺丝刀,螺丝起子,改锥,伏特加橙汁鸡尾酒",5
14256,buttermilk,脱脂乳，酪乳,5
14258,esoteric,"秘传的,机密的,难解的，深奥的,限于少数人的",5
14259,wavy,"波状的，有波纹的，起伏的,波状地，有波纹地，起伏地,起浪，成波浪形，动摇",5
14260,never-ending,"不断的，无止境的,无限的,没底的",5
14261,awash,"与水面齐平的，刚被水覆盖的,被淹没的,泛滥的",5
14262,norman,"诺曼人,10世纪在诺曼底定居者的后裔,诺曼的,诺曼人的,诺曼语的,（诺曼统治时期发现于英国的一种中世纪的）建筑风格的",5
14263,nudity,"裸体,裸露",5
14265,dignitary,"高僧,高官,显要人物,高官的,权贵的",5
14267,oncoming,迎面而来的，即将到来的,5
14268,revisionist,"修正主义者，修正的社会主义者,修订者",5
14269,sanitary,"清洁的,卫生的,公共厕所",5
14270,grinding,"磨的，磨擦的，碾的,磨碎，嚼碎( grind的现在分词 ),旋转开动,压迫，折磨",5
14271,disengage,"分开,解开,释放,使（部队）脱离战斗,脱离",5
14272,appropriateness,[]  [],5
14273,douse,"浇水在…上,熄灯,浸泡,泼洒,〈方〉一击",5
14274,unspecified,"未指明的，未加规定的,未特别指定（规定）的,未详细说明的",5
14275,alarmed,"“alarm”的过去式和过去分词,惊慌,张皇,惶惶",5
14276,cove,"小海湾，河湾,山谷，山凹,小峡谷,[建筑]穹窿，拱顶,使内凹,使成拱形,使成穹形，作成穹顶,内凹,成拱形",5
14277,nonlinear,非线性的,5
14278,snuggle,"依偎,舒适地蜷伏,紧靠,拥抱",5
14279,deviate,"脱离，越轨，违背，误入歧途,使脱离常轨,脱离常轨的人,脱离常轨的",5
14280,snowfall,下雪，降雪，降雪量,5
14281,maize,"玉米,玉米色,玉米色的",5
14283,idyllic,"田园诗般的,牧歌的,质朴宜人的,平和欢畅的",5
14284,crunchy,发嘎吱嘎吱声的，易碎的,5
14285,townhouse,"连栋房屋,城市住房",5
14286,hereditary,"（生物学中）遗传的,世袭的,遗传性",5
14287,namesake,"同姓的人,同名的人,同姓名的人,同名的事物",5
14288,safari,"游猎，陆路旅行（尤指在东非或中非）,类似游猎的假日旅行,旅行队",5
14289,sickly,"有病的,苍白的,疾病流行的,令人作呕的,使现病容,使苍白",5
14290,importer,进口商，进口者,5
14291,reputable,值得尊敬的，声誉好的,5
14292,filament,"[印，纺]长丝，单纤维,[电]灯丝，丝极，游丝,细丝，丝状体,[植]（雄蕊的）花丝",5
14293,abstain,"戒（尤指酒），戒除,弃权,避免",5
14295,tactile,"触觉的,触觉感知的,能触知的,有形的",5
14297,immigrate,"移入,移民,移居外国，迁移",5
14298,blurry,"模糊的,污脏的，污斑的",5
14299,tequila,蒸馏酒，龙舌兰酒,5
14300,acne,"<医>痤疮，粉刺,青春美丽痘,粉剌",5
14301,gratifying,"悦人的，令人满足的,使高兴，使满意( gratify的现在分词 )",5
14302,unattractive,"不吸引人的,丑陋的,无吸引力的,枯燥的",5
14303,obnoxious,"讨厌的,易受伤害,应受谴责的",5
14304,sclerosis,"<医>硬化症,[植物学] 硬化",5
14305,cockroach,[昆]蟑螂,5
14306,cortex,"皮质,树皮,果皮",5
14309,mistrust,"不信任,怀疑",5
14310,keynote,"主旨，基调,<音>主音,给…定基调,说明基本政策,作主旨发言,〈美〉在（会议等场合）发表施政方针",5
14311,moroccan,"摩洛哥的,摩洛哥人",5
14312,physique,"体格,体形",5
14313,exclamation,"呼喊，惊叫,感叹,感叹语,感叹词",5
14314,defection,（对国家、事业等的）背叛,5
14315,lieu,"代替,场所，处所",5
14316,emergent,"紧急的,浮现的,突然出现的,自然发生的",5
14317,transfix,"刺穿,钉住,使惊恐,使惊呆",5
14318,lifeline,"救生索,（潜水员的）通报绳,生命线,重要的交通线",5
14319,recharge,"再充电,再装填（弹药等）,再控告,休整，养精蓄锐",5
14322,wanting,"欠缺的，不足的,缺少( want的现在分词 ),应该,打算,需要…在场",5
14323,broad-based,"[]  [],无限的，包含广泛的",5
14324,malnutrition,营养不良,5
14325,reactionary,"反动的,保守的,[化]反应的,反动派,保守分子",5
14326,immediacy,"直接（性）,即时（性）,<哲>直觉性,迫切需要的事物",5
14327,signed,有符号的，有正负之分的,5
14328,softness,"柔和,温柔,柔软,[农]粉质性",5
14329,unsuspecting,"不怀疑的，无猜疑的,可信任的,未料到的，未猜想到的,不怀疑地，无猜疑地,可信任地",5
14330,mockery,"嘲笑，愚弄,笑柄,（拙劣的）模仿,徒劳",5
14331,abused,"[]  [],妄用( abuse的过去式和过去分词 ),虐待,辱骂",5
14332,scrawl,"潦草地写,乱涂乱画,潦草的笔迹,潦草写成的东西",5
14333,unexplained,"未作解释的,未经说明的,不清楚的",5
14334,disband,"（使）解散，散伙,解体,遣散,解散",5
14335,affix,"附加,粘贴,加以,盖（印章）",5
14336,retort,"反驳,报复,杀菌釜,回嘴,反驳，回嘴,反驳的回答",5
14337,painstakingly,"刻苦地，煞费苦心地,精心,勤勤恳恳,刻意",5
14338,bonanza,"（突然的）财源,意想不到的幸运,富矿脉",5
14339,typify,"作为…的典型,具有…的特征,代表,象征",5
14340,eloquently,善辩地，富于表现力地,5
14341,diverge,"分开，叉开,分歧,偏离，背离,[数]发散，无极限,使发散,使偏离",5
14343,devalue,"使（货币）贬值,降低（某事物）的价值，贬低,（货币）贬值",5
14344,townspeople,"市民，镇民，城里人,市井之流",5
14345,dilapidated,"残破的，失修的,荒废的，衰败的,破旧,颓",5
14346,wearily,"疲倦地,消沉地,厌倦地,不耐烦地",5
14347,renal,肾脏的,5
14349,unrelenting,"无情的,不松懈的,不屈不挠的",5
14350,embroidered,"绣花的,（在织物上）绣花( embroider的过去式和过去分词 ),刺绣,对…加以渲染（或修饰）,给…添枝加叶",5
14351,intangible,"触不到的,难以理解的,无法确定的,<商>（指企业资产）无形的",5
14352,shrapnel,"榴霰弹，子母弹,弹片",5
14353,skating,"溜冰,如履薄冰,身处险境,冒着危险,溜冰，滑冰( skate的现在分词 )",5
14354,hump,"（驼）峰，（人的）驼背,动物背部的隆肉,小土丘，圆岗,[铁路]驼峰调车场,使隆起,使烦恼,扛或背（某物）,[粗俗用语][俚语]与（某人）性交,[俚语]使自己苦干,[俚语]快速地移动",5
14355,herbicide,除草剂,5
14357,deductible,可扣除的,5
14358,corrosion,"腐蚀，侵蚀，锈蚀,受腐蚀的部位,衰败",5
14362,rung,"阶梯，梯级,（地位等的上升）一级,（椅子等）横档,把…圈起来( ring的过去分词)",5
14364,perpendicular,"垂直的，成直角的,直立的，险陡的,[建]垂直式的,〈谑〉直站着的,垂直线，垂直面,直立，直立姿势，廉直,垂直测器，锤规,[建]垂直式建筑，绝壁",5
14365,legality,"合法性,墨守法规,法律上的义务",5
14366,retract,"撤回或撤消,缩回,缩进",5
14367,frontline,"前线,[体]锋线（包括大前锋，小前锋，中锋）",5
14370,digestion,"消化，领悟,消化能力,细菌分解,（精神上的）同化吸收，融会贯通",5
14371,inert,"迟钝的,不活泼的,[化]惰性的",5
14372,mischievous,"淘气的,恶作剧的,有害的",5
14373,toothbrush,牙刷,5
14374,offending,"不愉快的,厌恶的,冒犯(offend的ing形式)",5
14375,weighty,重大的，重要的，严重的,5
14376,mouthpiece,"喉舌,乐器的吹口,电话话筒,代言人",5
14377,obligatory,"必须的,应尽的,义务的,强制性的",5
14378,mechanically,"机械方面地,机械地,物理上地,呆板地",5
14379,nip,"夹，捏，掐,阻止,冻伤,剪断,伤害,摧残,快走,掐去,（比赛或竞赛中）势均力敌,将…扼杀在萌芽状态,啃咬,（酒等的）一口，少量,寒冷,寒意",5
14381,jumble,"（使）混乱，杂乱,使困惑,纷乱,杂乱的一堆,一团乱,<英>待义卖的杂旧物",5
14382,fabled,寓言中的，虚构的,5
14383,pothole,壶穴,5
14385,purchaser,买方，购买者,5
14387,stairs,"楼梯,楼梯（ stair的名词复数 ）,（楼梯的）一级,阶",5
14389,elliptical,"椭圆的,像椭圆形的,省略的",5
14390,distressing,"使人痛苦的，令人苦恼的,凄凄惨惨",5
14391,counterpoint,对位法，旋律配合，对应物,5
14394,triad,"三个一组,三幅一组,三和音",5
14395,fiat,"命令，许可,菲亚特汽车（意大利品牌）",5
14397,masking,"化装,用面具遮住，掩盖，掩饰( mask的现在分词 )",5
14399,madman,"疯子,精神失常者，男性精神病人,狂人",5
14400,earner,挣钱人，工资所得者,5
14402,navel,"脐，肚脐,中央，中心",5
14403,cocky,"狂妄自信的,骄傲的，自大的,过于自信的",5
14404,boardwalk,（常在海滨）用木板铺成的小道,5
14405,decimate,"十中抽一,大批杀害",5
14407,precept,规诫，戒律，箴言,5
14409,unparalleled,"无比的，无双的，空前的,空前的,盖世",5
14410,farce,"笑剧，闹剧,滑稽剧,用笑话补充、描述,〈古〉填充",5
14411,visualization,"形象（化），形象化，想像,目测",5
14412,unchecked,"未经检查的,未受抑制的",5
14413,paternity,父亲的身份[地位],5
14414,diligently,"勤勉地，勤奋地,用心,孜孜不倦",5
14415,unwind,"展开，从缠绕中解开,（使）心情轻松,放松，解开，松开",5
14416,menstrual,"月经的,每月的",5
14417,percussion,"敲打，碰撞,振动,<音>打击乐器,[医]扣诊法",5
14418,rupture,"断裂，破裂,友好关系的决裂,[医]疝气,使破裂,断绝（关系等）,发生疝,使不和,破裂,发疝气",5
14419,regeneration,"<生>再生,恢复,<宗>（灵魂的）重生,<电子>正反馈",5
14420,expressed,"[]  [],表达( express的过去式和过去分词 ),（用符号等）表示,榨,[express oneself]（如在说话、写作或绘画中）表达（自己）的意见",5
14421,inept,"无能的，不称职的,愚昧的，愚蠢的,不恰当的,笨拙的",5
14422,maverick,"未烙印的小动物,标新立异的人，持不同意见的人,迷路，迷失,用不正当手段获取,标新立异的",5
14423,appendix,"附录,阑尾,附加物",5
14424,scandinavian,"斯堪的纳维亚（人）的,斯堪的纳维亚语的,北北欧日耳曼语系的,斯堪的纳维亚人,斯堪的纳维亚语,北欧日耳曼语系",5
14425,inflame,"（使）发怒，过热,使发炎",5
14426,painless,"无痛的，不引起痛苦的,无并发症的",5
14427,visor,"面颊，帽舌，盔甲,（用脸盔，护目镜等）遮护",5
14428,privy,"个人的，私人的,秘密参与的,（行为）暗中参与的,不公开的,有利害关系的人,<古>厕所",5
14431,urbanization,都市化,5
14432,whimper,"啜泣，呜咽,抱怨,啜泣或呜咽着说,啜泣声，呜咽声,怨声",5
14434,craze,"短暂的时尚,（陶器的）裂纹,使精神错乱，使发狂,使出现裂纹,发狂,变得表面有裂缝",5
14435,tummy,<非正>胃，肚子,5
14436,cholera,"[医]霍乱,虎疫",5
14437,ultimatum,"最后通牒，最后条件,最后结论,基本意义（原理）",5
14438,bravado,"虚张声势,故作勇敢,冒险",5
14439,conveyor,"运送者,传送者,传达者,（财产）转让人",5
14440,wide-open,完全开放的，取缔不严的,5
14441,mainline,静脉注射[打针],5
14442,zebra,"斑马,有斑纹的",5
14443,hammock,吊床,5
14445,co-opt,由现会员选举，指派,5
14447,manipulative,"巧妙处理的,操作的,用手处理的,管理的",5
14448,predominate,"占支配地位,（数量上）占优势,在…中占优势,支配，统治,同predominant",5
14449,indefinite,"无限期的，无限期的,不明确的，模糊的,模糊的,[语]不定的",5
14450,open-air,"户外的，野外的,露天的",5
14451,impassioned,"充满激情的,热烈的,感激的,慷慨激昂",5
14452,medley,"混杂物，混合物,杂录,[体]混合径赛,混战,混合的，混杂的,拼凑的",5
14453,presuppose,"预先假定,假设,以…为先决条件,意味着",5
14454,oddity,"奇特，奇异,怪癖,怪人，怪事",5
14455,coke,"焦炭，焦煤,转化或者被转化为焦炭",5
14457,diseased,"患病的,有弊病的,[植]有病害的,不健全的,使生病(disease的过去分词),传染",5
14458,wrapping,"包装材料,包装纸,包，裹住(wrap的现在分词),包装用的",5
14459,outlive,"比…长寿,度过…而健在",5
14460,uniformity,"均匀性,单调，无变化,同样，一样",5
14461,deplore,"悲悼，哀叹,谴责，强烈反对",5
14462,paying,"支付的，有利的,付，支付,付给（ pay的现在分词 ）,付款,有利可图,（对…）有利",5
14463,spent,"用过的,不再有用的,已废的,失效的,用钱，花钱( spend的过去式和过去分词 ),花费,消耗,花（时间）",5
14464,horseshoe,"马蹄铁,马蹄形的东西,装蹄铁于",5
14465,orthopedic,整形手术的,5
14466,shaded,"遮蔽住，使阴暗(shade的过去式和过去分词),险胜,加灯罩,画阴影于…之上",5
14467,witchcraft,"巫术,魔法",5
14468,pager,寻呼机,5
14469,auxiliary,"辅助的,备用的，补充的,附加的,副的,助动词,辅助者，辅助人员,附属机构，附属团体,辅助设备",5
14470,hypocritical,"伪善的,虚伪的,伪善者的,言不由衷的",5
14471,scaffolding,"搭脚手架的材料,脚手架材料",5
14472,incursion,"侵犯,侵入,（河水等）流入,袭击",5
14473,thirteenth,"第十三的,十三分之一的,第十三,十三分之一",5
14474,amble,"（马）缓行,从容地走，漫步,（马的）缓行步态,从容轻松的步伐，漫步",5
14475,overtone,"[乐]陪音，泛音,[无线]谐波,次要的意义,暗示，言外之意",5
14476,resurface,"重铺路面,重新露面,浮上水面",5
14478,futuristic,"未来的,未来派的,未来主义的",5
14479,wholesaler,批发商,5
14480,biting,"尖锐刺人的,刺痛的,辛辣的,嘲讽的,咬，叮( bite的现在分词 ),刺痛,有咬（或叮）的习性,（人）上当",5
14481,cpu,中央处理器,5
14482,ruby,"红宝石，红玉,红宝石色，深红色,<英>细铅字,红葡萄酒,红宝石的,红宝石色的,使带红宝石色,把…弄红,把…涂染成红色",5
14484,conditional,"视…而定的,[语]条件的，假定的,[心]有条件的，由一定条件诱发的,条件（从句），条件语",5
14485,giveaway,"泄漏,免费样品，赠品,（电台中的）有奖问答节目",5
14486,resultant,"因而发生的，结果必然产生的,[物]组合的，合成的,结果，后果,合力，合成力，合成[运动]，[数]结式，消元式，[物]合量，组合，[化]生成物，（反应）产物,[数学] 合矢量：等价于一组向量的一个单个向量",5
14487,afterthought,"事后的考虑或想法,事后聪明,事后再想起,后来添加的东西",5
14488,upholstery,"家具装饰业,室内装饰品",5
14489,nightfall,"黄昏，傍晚,曛",5
14490,grainy,"粒状的,有颗粒的,模糊不清的,粗糙的",5
14491,carefree,"无忧无虑的，快乐舒畅的,逍遥自在,宽畅,闲逸",5
14492,rife,"流行的,普遍的,盛传的,越来越普及的",5
14493,guild,"行会，协会,同业公会,[植]依赖植物集团,“gild”的变体",5
14494,dearth,缺乏，稀少,5
14495,willful,"任性的,固执的,故意的,存心的",5
14497,miserably,"痛苦地,悲惨地,糟糕地,极度地",5
14498,garrison,"守备部队，卫戍部队,要塞，驻防区,加里森,守卫,驻防",5
14499,resonant,"洪亮的,回响的,共振的,能共鸣的",5
14500,unspeakable,"无法形容的,坏不堪言的,不可说的，不应被讲出来的,说不出口",5
14501,turquoise,"绿松石,青绿色，天蓝色,蓝绿色的",5
14502,mp,"议员(Member of Parliament),Mana Point/Magic Point 魔法值,里程标(milepost),宪兵(military police)",5
14503,patty,小馅饼,5
14504,ethically,伦理（学）上,5
14505,reckoning,"计算,账目,船只位置的推算,（尤指体育运动）属于可能胜出者行列之内,<正>计算( reckon的现在分词),猜想,考虑,<非正>思忖",5
14506,negligent,"疏忽的,粗心大意的,不留心的,懒散",5
14507,loyalist,"持现政权忠诚的人，（对统治者）效忠者，反对独立者,“loyal”的派生",5
14509,far-flung,"广布的,广泛的,蔓延的,辽阔的",5
14510,bastion,"棱堡,堡垒,设防地区，阵地工事",5
14511,grudge,"不满,怨恨,恶意,妒忌,怀恨,吝惜,不情愿做",5
14512,calibrate,"校准,使标准化,使合标准,测量（枪的）口径",5
14513,antagonism,"对抗，敌对,相克作用,对立,敌意",5
14514,deepening,"加深，气旋加深,变深，加深( deepen的现在分词 ),加浓",5
14515,perspiration,"汗,汗水,出汗,流汗",5
14516,self-sufficiency,"[]  [],自足，自负,独立性",5
14518,self-employed,"自己经营的,个体经营的,自由业的,自雇的",5
14519,lanky,过分瘦长，瘦长得难看,5
14520,galvanize,"（用电）刺激,通电,电镀，镀锌,激励",5
14521,afterlife,"<宗>来世,来生,余生,晚年",5
14522,susceptibility,"易受影响或损害的状态，感受性,感情（脆弱之处）,磁化系数",5
14523,inconclusive,"不确定的，非决定性的，无结果的,不能使人信服的,无效的,模棱两可",5
14524,back-to-back,"背靠背的,连续的，一个接一个的,连排式房屋（侧面和背面相连接）（英式英语）",5
14525,morph,"（动植物的）变种,变体,语子,语素形式,在屏幕上变换图像,改变",5
14526,outcast,"被抛弃者,流浪的人,被驱逐的人,流氓，无赖,被遗弃的,被逐出（家庭，国家）的,无家可归的,被排斥的",5
14527,buoy,"浮标,救生圈,航标,使浮起,支持，鼓励",5
14528,disobedience,"不服从，不顺从,违抗，违反",5
14529,regroup,"重新组合,重新分类,[军]重新编制,重新部署,重新聚集,重新编制",5
14530,retrieval,"收回，挽回,检索",5
14531,arched,"拱形的,弓形结构的,成弓形弯曲“arch”的过去式和过去分词",5
14532,glacial,"<地>冰的，冰河[川]的,冰河期的,极冷的",5
14533,manly,"有男子气概的,适合男子的,强壮的,以男人的方式",5
14534,bibliography,"书目提要，书目,书志学，书志,文献，文献学",5
14535,vat,"（酿造，制革等用的）大桶，大缸,[印]还原染缸[染剂],瓮染料制剂桶,比利时和荷兰的液量名,把…盛入大桶,把…放入大桶里染（处理）,在大桶里处理",5
14536,elemental,"基本的，主要的,自然力的,[化]元素的,强大的，可怕的,（古希腊）四元素的精灵,基本原理",5
14537,mishap,"灾祸,不幸事故",5
14538,blot,"污渍,墨渍,弱点,（十五子棋中）易被吃掉的孤立棋子,玷污，弄脏,涂抹,吸掉,（污点或污渍）溅出,被吸掉",5
14539,meek,"温顺的,驯服的",5
14540,tailored,"剪裁讲究的,（衣服）订做的,合身的,特制的,裁制( tailor的过去式和过去分词 ),调整使适应",5
14541,libertarian,"（思想或行动等的）自由论者,[哲]自由意志论者,自由的,自由意志论者的,自由论者的",5
14543,chubby,胖乎乎的，圆胖的，丰满的,5
14544,aromatic,"芳香的，有香味的,[化]芳香族的,芳香植物,芳香剂，香料",5
14545,florist,花商，花农，花卉研究者,5
14546,bravely,"勇敢地,鲜艳地,华丽地,极好地",5
14547,left-hand,"左边的，左侧的,左手的",5
14548,scorch,"烧焦，烤焦,使（植物）枯萎，把…晒枯,使成焦土,痛骂,<非正>高速行驶,烤焦,烧焦处，焦痕,枯萎，植物褐色斑点",5
14549,boyish,"男孩的,孩子气的,（女孩）像男孩的",5
14552,innocuous,"无害的,平淡无味的",5
14554,sherry,雪利酒,5
14555,algerian,"阿尔及利亚人,阿尔及利亚语,阿尔及利亚的,阿尔及利亚人的,阿尔及利亚生活方式的",5
14557,blackened,"[]  [],（食品）涂上辣椒粉和调味品后油炸的，熏制的,（使）变黑，把…弄黑( blacken的过去式和过去分词 ),发暗,败坏（名誉等），诋毁",5
14558,issuer,"[]  [],发行者",5
14559,guatemalan,危地马拉的,5
14560,codify,"把（法律）编成法典,编成法典",5
14561,mascot,"吉祥物,福神",5
14563,collected,"镇定的,收集成的,收集( collect的过去式和过去分词)",5
14564,mum,"妈妈,沉默,菊花,烈性啤酒,沉默的，无言的,演哑剧,闭口，不讲话",5
14566,remediation,"补习,辅导,补救,纠正",5
14567,lumpy,"满是疙瘩的，粗糙的,多块状物的，结成块的,波浪起伏的,愚钝的",5
14568,warp,"弯曲，歪斜,偏见，乖戾,经纱,[航]绞船索,弄弯，变歪,扭曲，曲解,使（行为等）不合情理，使乖戾,使卷曲，使弯曲,用绞船索牵引",5
14569,genital,"[医]生殖的，生殖器的,生殖器，外阴部",5
14570,graft,"移植,嫁接,渎职,贪污，受贿,嫁接，接枝,贪污,用嫁接法种植,受贿",5
14571,buzzer,"蜂鸣器，嗡嗡作声的东西,<口>门铃,汽笛,〈俚〉信号兵",5
14572,decorating,"装饰( decorate的现在分词 ),点缀,粉刷,授予（某人）勋章",5
14573,inevitability,"必然性,不可避免性",5
14575,omen,"前兆,征兆,预兆,兆头,预示,预告,有…的前兆",5
14576,acknowledged,"公认的,承认( acknowledge的过去式和过去分词 ),鸣谢,对…打招呼,告知已收到",5
14577,crippling,"严重损害身体的,有严重后果的,削弱“cripple”的现在分词,使受损",5
14578,filibuster,"[史]掠夺兵，暴兵,海盗,阻挠议事的议员,会议妨碍行为,阻碍议案通过,阻饶议事,掠夺，侵夺",5
14580,aristocrat,"贵族,贵族政治论者,有贵族派头的人",5
14582,foothold,"立足处（攀登时脚踩的地方）,（在事业等方面可以进一步发展的）稳固地位,据点",5
14583,advantageous,"有利的,优越",5
14584,mountaintop,山顶,5
14585,ratification,"正式批准，认可,承认",5
14586,emphatic,"着重的,强调的,显著的,加强语气的",5
14587,purposefully,果断地，有明确目标地,5
14588,marxism,马克思主义,5
14589,tit,"[鸟]山雀,<古>小马,小丫头,奶头",5
14590,flask,"瓶，长颈瓶,[化]烧瓶,火药筒,[机]沙箱",5
14591,supervisory,"监督的,管理的",5
14592,gamut,"全范围，全部,音阶,音域",5
14593,outlay,"花费,费用",5
14594,sorely,"严重地,疼痛地,非常",5
14595,ambience,"气氛，布景,周围环境,“ambiance”的变体",5
14596,brewing,"酿造,调制( brew的现在分词 ),酝酿,沏（茶）,煮（咖啡）",5
14597,glazed,"光滑的，像玻璃的,上过釉的,呆滞无神的,装玻璃( glaze的过去式),上釉于，上光,（目光）变得呆滞无神",5
14598,soprano,"女高音,女高音歌手,唱最高音者,高音部,女高音的,最高音的",5
14599,goddamned,"讨厌的，该死的,十足的,完全的,坏透了的,非常,极其,确实",5
14601,reassess,"再估价,再评价,再课税,再摊派",5
14602,underfoot,"在脚下,在地上,碍事地,挡路地",5
14603,ephemeral,"短暂的，瞬息的,朝露,一年生,朝生暮死",5
14604,double-digit,两位数的,5
14605,wishful,"怀有希望的,表达愿望的,单凭主观愿望的想法,一廂情愿,怀有希望地",5
14606,personify,"人格化，拟人化,赋与…人性,象征，体现",5
14607,superimpose,"添加,附加",5
14608,ghastly,"可怕的,（脸色）苍白的,极坏的,可怕地,恐怖地",5
14609,cranky,"古怪的,（机器）不稳的,摇晃的,待修理的",5
14610,entrant,"参加者，新加入的,参加竞赛者,新生，新工作者",5
14611,ecologically,从生态学的观点看,5
14612,overdo,"做得过分,使过于疲劳,夸张,耗尽",5
14613,dissuade,"劝阻,劝止,劝戒",5
14614,fidget,"坐立不安，烦躁,坐立不安的人（尤指儿童）,（一阵）心烦意乱,坐立不安的，不安定的,为琐事操心的",5
14615,extortion,"敲诈，勒索,被勒索的财物,敲诈者,[法]恐吓取财",5
14617,vanishing,"消失，消没，等于零,消失( vanish的现在分词 ),突然不见,不复存在,绝迹",5
14618,unfounded,"无事实根据的,无基础的,未建立的,未确定的",5
14619,broil,"（用火）烤（焙、炙等）,使卷入争吵,使混乱,被烤（或炙）,发怒,激动,（使）感到很热,（使）受到灼热，（被）暴晒,烤炙食品",5
14620,lacrosse,"长曲棍球（两队各十名队员，用带网兜的球棒接球、带球和传球）,君越 （别克汽车品牌）,兜球运动",5
14621,nexus,（事物、思想等之间的）联结，联系，关系,5
14623,incredulous,表示怀疑的，不相信的,5
14624,protege,被保护者，门徒,5
14625,preserving,"保存( preserve的现在分词 ),保护,保持,防护",5
14627,behind-the-scenes,幕后的,5
14628,sawdust,"锯末,木屑",5
14631,northward,向北方,5
14632,unifying,"[]  [],使联合( unify的现在分词 ),使相同,使一致,统一",5
14633,transcription,"抄本,抄写,录音,翻译",5
14634,unmanned,"被阉割的,（机器，尤指航天器）无人驾驶的,怯懦的,（鹰等）未受狩猎训练的,使失去男子气质( unman的过去式和过去分词 ),阉割,使怯懦,使气馁",5
14635,linguist,"通晓数国语言的人,语言学家",5
14636,domino,"多米诺骨牌,骨牌效应,化妆斗篷面具",5
14637,rainwater,雨水，软水,5
14639,sparrow,"麻雀,〈美〉个子小的人",5
14640,commune,"公社,亲密的会谈,交谈，谈心,密切联系,<美>接受圣餐",5
14641,beaded,饰以珠的，珠状的,5
14642,apostle,"(A-)（基督教的）使徒,早期基督教的传教士,摩门教教会的十二个行政执事之一,（改革运动的）倡导者",5
14644,printout,（电脑）打印出来的资料,5
14646,alluring,"诱惑的,迷人的,吸引人的,allure的现在分词",5
14647,baritone,"男中音，男中音歌手,上低音部,上低音乐器",5
14648,fervent,"热诚的，热烈的,炽热的,强烈的,慷慨",5
14649,frosting,"霜状白糖，玻璃粉，无光泽面,结霜,起霜,镶饰",5
14650,posterior,"（时间上）较晚的,在后的,后面的,尾部的,身体后部，臀部",5
14651,felt,"毛毡,摸索( feel的过去式和过去分词 ),触,深感,以为",5
14652,gill,"（鱼等的）鳃,深谷,（人的）腮下肉,菌褶",5
14653,toothpaste,牙膏,5
14654,slither,"滑动,滑行,使滑动,滑动，滑行",5
14655,agile,"灵巧的,轻快的,灵活的,机敏的",5
14656,widowed,"[]  [],寡居的,鳏居的,使…成寡妇,使成…鳏夫",5
14658,prank,"恶作剧,开玩笑,装饰,打扮,炫耀自己",5
14659,hoarse,嘶哑的,5
14660,septic,脓毒性的，腐败性的,5
14661,diligent,"勤奋的,勤勉的,用功的,费尽心血的",5
14662,converted,"更换信仰的，修改的,（使）转变( convert的过去式和过去分词 ),（使）转化,皈依,改变（信仰）",5
14664,sustenance,食物，营养，养料,5
14667,indebted,"感激的,受惠的,负债的,使负债，使受恩惠(indebt的过去分词)",5
14669,amplitude,"振幅,广大，广阔，充足,（思想的）广度,角度距离",5
14671,prodigious,"异常的，惊人的,巨大的，庞大的,奇异的,非常的",5
14672,instantaneous,"瞬间的,即刻的,猝发的",5
14674,elm,[植]榆树，榆木,5
14675,carcinoma,癌,5
14676,untie,"松开，解开,被解开（或解下）,解除，使自由,解决,使解脱",5
14678,manned,"（指机器）有人控制的,载人",5
14679,reassert,再断言，重复主张,5
14680,unlawful,"非法的，违法的,不合法的,不正当的,私生的",5
14682,regulated,"[]  [],控制( regulate的过去式和过去分词 ),管理,调整,调节",5
14683,weighted,有利的,5
14684,unqualified,"不合格的,无资格的,无限制的,不胜任的",5
14687,pail,"桶，提桶,一桶的量",5
14688,glistening,"闪耀的，反光的,湿物闪耀，闪亮( glisten的现在分词 )",5
14689,self-described,"自我描述,自描述",5
14691,grueling,"紧张的，激烈的，使极度疲劳的,紧张地，激烈地",5
14692,returning,"[]  [],返回，回来( return的现在分词 ),恢复,还,归还",5
14693,supersede,"取代，接替,更替，继任,将…免职，撤换,推迟行动,废除，废弃",5
14694,disconcerting,"困惑的，不安的，尴尬的,使不安( disconcert的现在分词),使为难,使慌张,使窘迫",5
14695,boar,"（未阉的）公猪,公猪肉,野猪",5
14696,lying,"说谎,横卧,横卧的,说谎的,(lie的现在分词),位于( lie的现在分词 ),展现",5
14697,gastrointestinal,胃与肠的,5
14698,dazed,"晕眩的,茫然的,神魂颠倒的，失魂落魄的,使眩晕，使惶惑(daze的过去式)",5
14700,vandalism,故意破坏，捣毁,5
14701,nameless,"不知名的,无名的,<文>不可名状的,（因听者知道你所指或不想令某人难堪）不会指名道姓",5
14702,anglican,"英国国教会的,<美>英国的,英国人的,英国文化的,圣公会的信徒",5
14704,qualifying,"使具有资格的,（使）具有资格( qualify的现在分词 ),有权,达标,使所说的话语气减弱（或更具体等）",5
14705,blob,"一滴,一抹,难以名状的一团,弄脏,弄错",5
14706,retro,"制动火箭，减速火箭,（服装式样等）重新流行,复旧，怀旧,复古的,怀旧的",5
14707,entrepreneurship,[]  [],5
14708,developmentally,[]  [],5
14709,eastward,"向东方的,朝东的,朝东方,向东,东方，东部",5
14712,snapper,"咬人的狗,暴躁的人,揿钮,甲鱼",5
14713,floorboard,地板（总称）,5
14714,windowsill,窗沿，窗台,5
14715,barring,"不包括,除非,除，除…之外,阻拦(bar的现在分词形式)",5
14717,prune,"删除,减少,修剪（树木等）,剪去,精简某事物，除去某事物多余的部分,西梅脯，西梅干,深紫红色,傻瓜,〈美〉没趣的人，讨厌的人",5
14718,loin,"腰部,（牛，羊等的）腰肉,耻骨区",5
14719,frayed,"[]  [],磨损的,（使布、绳等）磨损，磨破( fray的过去式和过去分词 )",5
14722,chirp,鸟叫，虫鸣,5
14724,state-run,"国有，公办,国立,国营",5
14725,surveyor,"测量员，勘测员,检查员,调查员,鉴定人",5
14726,haunting,"萦绕心头的,不易忘怀的,无法甩脱的,给人以强烈感受的,常去,缠扰（某人）,萦绕心头",5
14727,caviar,"鱼子酱,〈俚〉被检查员涂掉的句子",5
14728,boardroom,会议室,5
14729,headdress,饰头巾，头发编梳的式样,5
14730,cocoon,"茧，蚕茧,把…紧紧包住",5
14731,hapless,倒霉的，不幸的,5
14732,rosary,"<宗>玫瑰经,（天主教）念珠串，念珠（祈祷）",5
14733,vertigo,眩晕，头晕,5
14734,mocking,"挖苦,为消遣而模仿,讥笑，嘲弄( mock的现在分词),嘲弄,藐视或嘲笑的对象,嘲弄的",5
14735,elasticity,"弹性,弹力,灵活性,伸缩性",5
14736,extrapolate,（由已知资料对未知事实或价值）推算，推断,5
14737,pandemic,"（疾病）大流行的,普遍的，全世界的,（全国或全球性）流行病，大流行病",5
14738,sequencing,"先后顺序,定序",5
14739,democratically,民主地,5
14740,overwhelmed,"[]  [],淹没( overwhelm的过去式和过去分词 ),压倒,覆盖,压垮",5
14741,taxonomy,（生物）分类学，分类系统,5
14743,cessation,（暂时）停止，休止，中断,5
14744,slur,"诽谤,含糊地说,连唱,诋毁,含糊发音,连唱线",5
14745,terminally,末尾，一定时期地,5
14746,embroidery,"刺绣,刺绣品,粉饰，修饰",5
14747,irritable,"易怒的，急躁的,过敏的,应激性的,毛躁",5
14748,majesty,"主权，统治权,陛下，王权,庄严，雄伟,光轮中的耶稣（圣母、上帝）圣像",5
14749,symptomatic,"有症状的,症候的,根据症状的",5
14750,lunatic,"精神失常者，精神病人,疯子,极愚蠢的人,狂人,疯狂的,精神错乱的,愚蠢的,极端的",5
14751,checking,"校核，校[检]验，检查，核算，验算,检查，核对( check的现在分词 ),阻止,存放,托运（行李）",5
14752,launching,"（火箭等的）发射,（船的）下水（典礼）,发动,发行,发射( launch的现在分词 ),[计算机]开始（应用程序）,开展（活动、计划等）",5
14754,wayward,"任性的,刚愎自用的,固执的,意料不到的",5
14755,compensatory,"补偿性的,代偿",5
14757,long-lasting,持久的；持续的；长期的,5
14758,fading,"褪色，枯萎，衰退,（使）褪去( fade的现在分词 ),逐渐消逝,逐渐消失,（运动员、运动队、演员等）走下坡路",5
14759,scattering,"[物]散射,散乱，分散,在媒介质中的散播,散乱的,分散在不同范围的,广泛扩散的,（选票）数量分散的,散射(scatter的ing形式),散布,驱散",5
14760,mystic,"神秘主义者,神秘的,神秘主义（者）的",5
14761,detriment,"损害，伤害,造成损害的事物",5
14762,dumplings,"汤团( dumpling的名词复数 ),饺子,水果布丁,矮胖的人",5
14764,vertebra,"椎骨,脊椎",5
14765,allotment,"分配,分配物,养家费,命运",5
14766,anemia,"贫血症,无活力，无生气",5
14768,mountainside,山腰，山坡,5
14770,cheers,"举杯敬酒的用语,谢谢,再见,喝彩（ cheer的第三人称单数 ）,鼓励,鼓舞",5
14771,gratefully,"感激地,感谢地,令人快意地,舒适地",5
14772,springtime,春季，春天,5
14773,biochemical,生物化学的,5
14774,pallet,"托盘,平台,运货板,草垫子",5
14775,underpinning,"基础材料,基础结构,（学说、理论等的）基础,（人的）腿,用砖石结构等从下面支撑（墙等）( underpin的现在分词 ),加固（墙等）的基础,为（论据、主张等）打下基础,加强",5
14776,psychoanalysis,"精神分析（学）,心理分析",5
14777,quarantine,"检疫期，隔离期,检疫所，隔离所,四十天的时间,对…进行检疫,隔离",5
14779,playfully,爱玩地，戏谑地,5
14781,tights,"紧身衣,紧身裤,贴身衬衣",5
14782,biosolids,生物固体（从处理过废水中取得的固体或半固体材料，常用作肥料）,5
14783,resentful,"感到愤恨的，表示愤恨的,厌恶的,易发脾气的，易怒的",5
14784,enigma,谜，不可解的事物,5
14785,leakage,"漏，漏出,泄露,[商]漏损率，漏损量,渗漏物，漏出量",5
14786,prodigy,"奇才，天才（尤指神童）,壮举，盛况",5
14787,entangle,"使纠缠，缠住,使卷入，使陷入，连累,使混乱",5
14788,superstitious,"迷信的,有迷信观念的",5
14789,avail,"效用，利益,有益于，有益于,使对某人有利",5
14790,diabetic,"糖尿病的,糖尿病患者",5
14791,reverie,"想入非非,白日梦，冥想",5
14792,outfield,（板球及棒球）外场,5
14793,walk-in,"人进得去的大壁橱（或大冰箱、大冷藏室等）,轻易获得的竞选胜利,没有预定的散客,（服务）不必预约的，未经预约而来的,（储存区）宽敞得可以走进人的",5
14794,exposition,"博览会,展览会,阐述",5
14795,firepower,"火量,火力",5
14796,acidic,"（味）酸的,[化]酸的，酸性的,含有大量硅酸的",5
14797,outpouring,倾泄，流出，流露,5
14798,charred,"把…烧成炭( char的过去式),烧焦",5
14799,aficionado,"<西>酷爱…者，…迷,<西> 爱看斗牛的人",5
14800,overload,"使负担太重,使超载,超过负荷,过多，过量，超负荷",5
14801,biosphere,"生物圈,生物界,生物层",5
14802,admonition,"告诫,劝告,轻责,（温和的）责备",5
14803,airlock,"气塞； 气闸室,锁风装置,气锁",5
14804,simplified,使（某事物）简单[简明]，简化( simplify的过去式和过去分词 ),5
14805,fang,"尖牙,（蛇的）毒牙,犬牙,蜘蛛的螯角",5
14806,nerd,讨厌的人，卑微的人,5
14807,rickety,连接处不牢固的，快要散架的,5
14808,sporty,"像运动家的，直爽的,花哨的，华美的",5
14809,rebuff,"断然拒绝,挫败,阻碍",5
14811,renter,租贷人,5
14813,stylized,"程式化的,格式化的,按固定的传统风格处理某事物( stylize的过去式)",5
14815,peat,泥煤，泥炭,5
14816,monolithic,"独块巨石的,整体的,庞大的",5
14817,sculptural,雕塑的,5
14818,duly,"及时，按时,适当地,充分地",5
14819,idealized,[]  [],5
14820,crusader,"十字军战士,改革者",5
14821,searing,"烧灼的,灼热的,炽热的,引起或描写强烈情感的,烧焦( sear的现在分词)",5
14822,payload,"有效载荷,（航天器、卫星的）装备,（车辆等的）装载货物,（炸弹、导弹的）爆炸力",5
14823,tenement,房屋，住户，租房子,5
14825,streetlight,街灯,5
14826,phosphorus,"[化]磷,磷光体",5
14827,overreact,反应过火,5
14828,canonical,"权威的,见于<圣经>正经篇目的,大教堂教士的,按照教规的,（教规所定）教士（或牧师）礼拜时穿的法衣",5
14830,turret,"炮塔，转塔,塔楼，角楼",5
14831,coolly,"冷淡地,冷静地,凉爽地,厚颜无耻地",5
14832,stammer,"结巴地说出,口吃,口吃，结巴,结结巴巴地说",5
14833,conspicuously,显著地，超群地,5
14834,donut,油炸圈饼，圆环图,5
14835,cleverly,"聪明地,灵巧地,机敏地,巧妙地",5
14836,quasar,"[天]类星体,类星射电源,恒星状球体",5
14837,squatter,"蹲着的人,擅自占用房屋或土地的人,更矮胖的，矮而宽的( squat的比较级),涉水而过",5
14838,denominator,"<术>分母,共同特性",5
14839,mesa,平顶山（常见于美国西南部地区）,5
14840,relativism,相对论，相对主义,5
14841,husky,"嗓子哑的,强壮的,有壳的,哈士奇,强壮结实的人",5
14842,effluent,"发出的，流出的,（注入河里等的）污水，工业废水,（从湖等）流出的水流",5
14843,stutter,"结结巴巴地说,不顺畅的工作，时断时续地移动,结巴,口吃",5
14844,predisposition,"倾向，素质,易染病体质",5
14845,heartbreak,"心碎，断肠,极度伤心,使心碎",5
14846,caramel,"焦糖,（含焦糖味的）太妃糖,焦糖色",5
14847,foresight,"先见,预见,深谋远虑,瞄准器",5
14848,contractual,"合同的，契约的,契约性",5
14849,intersperse,"散布，散置,点缀",5
14850,footwear,（总称）鞋类,5
14851,snip,"剪去,用…剪,削减,剪,剪切声,（剪下的）片断，小片,藐小的人",5
14852,spank,"用手掌打,一掴",5
14853,ovarian,"卵巢的,子房的",5
14854,head-on,"正面的,迎头的,头朝前的,正面地,迎头,头朝前地",5
14855,credence,"相信（传言）,凭证,餐具柜,[宗]祭器台",5
14856,gape,"张口结舌地看,目瞪口呆地凝视,张开,裂开",5
14857,uninterrupted,"不间断的，连续的,未受干扰的,联绵",5
14860,monograph,专著，专论,5
14861,shaggy,"多粗毛的，票面蓬松的,毛发蓬松的,[动，植]有绒毛的,粗野的，不整洁的",5
14862,heresy,"异端邪说,异教,异端",5
14863,liking,"嗜好,兴趣,喜欢( like的现在分词),（与 would 或 should 连用表示客气）想,想要",5
14864,diaphragm,"<机> 隔板,<解>横隔膜,<物>光圈,快门,光圈的，隔膜的",5
14865,practicality,"实践性，实际性，实用性,实际，实例",5
14866,ingest,"咽下,获取（某事物）,吸收,接待",5
14867,op-ed,"[]  [],（报纸）专栏（版）的，署名评论（版面）的",5
14868,ecclesiastical,"基督教的,教会的",5
14869,coded,"电码的，编码的,译成电码的,译成密码(code的过去式和过去分词)",5
14870,deride,"嘲笑，愚弄,嘲弄",5
14871,choreograph,设计舞蹈动作,5
14872,off-limits,禁止进入的,5
14873,munitions,"弹药,军火，军需品,必需品(munition的复数),必需的设备的供应,供应…军需品,从事军需品生产(munition的三单形式)",5
14874,inroads,"侵犯，侵入,侵害,成功进入新领域,进展( inroad的名词复数)",5
14875,pang,"（肉体上）剧痛,（精神上）一阵极度的痛苦,苦闷,使剧痛,折磨",5
14877,ipo,Initial Public Offerings 首次公开募股,5
14878,philanthropist,慈善家,5
14879,maiden,"未婚女子,处女,断头机,未得分的投球,处女的，少女的,首次的，初次的,没有经验的",5
14880,descending,"递减,下来( descend的现在分词 ),下去,下降,下斜",5
14881,metamorphosis,"变形（尤指从蛹变为昆虫）,（性格、环境等的）改变",5
14882,saline,"含盐的，咸的,盐湖，盐泉,盐溶液",5
14884,ranching,经营大牧场,5
14885,diminutive,"小的，小型的,特小地，小型地,极小的人[物],爱称，昵称,指小词",5
14886,slouch,"无精打采地立、坐或行走,低垂，耷拉,使下垂，使耷拉,（帽边等的）下垂,笨拙的人,懒散的人,没精打采[垂头丧气]的姿态",5
14887,balding,变秃的,5
14888,multiplicity,多样性,5
14890,textured,织地粗糙的，手摸时有感觉的，有织纹的,5
14891,infrequently,稀少地，珍贵地,5
14892,detract,"贬低,减损,转移（注意等）",5
14893,vortex,"[航]涡流,[物]涡旋,（动乱，争论等的）中心,旋风",5
14894,husk,外皮，荚，壳,5
14895,interrelated,"[]  [],相互关联的,<书>相互关联[影响]( interrelate的过去式和过去分词 )",5
14896,affectionately,"挚爱地，亲切地,脉,脉脉,眽眽",5
14898,externally,在（或从）外部，在（或从）外面，外表上,5
14899,stubble,"作物收割后遗留在地里的残茎，茬子,短而硬的胡茬子,短粗硬毛,楂",5
14900,sparsely,"稀疏地,稀少地,不足地,贫乏地",5
14901,widening,"加宽，扩展,放宽，加宽， （使）变宽( widen的现在分词 )",5
14902,parked,"停泊的，停放的,停放（车辆等）(park的过去式和过去分词)",5
14904,rectify,"改正，校正,[化]精馏,[电]整流",5
14906,wheeze,"喘息,发出呼哧呼哧的喘息声,喘息着说,喘息地发出,喝哧喝哧喘息声,演员自己插入的台词,（一般）笑话，俏皮话,巧妙的主意[办法]",5
14907,crispy,易碎的，精神爽快的,5
14908,shimmer,"闪烁，发微光,微光,闪光",5
14910,gradient,"[物]梯度，陡度,（温度、气压等）变化率，梯度变化曲线,<英>（道路的）倾斜度，坡度,倾斜的,[动]步行的，能步行的",5
14911,insecticide,杀虫剂,5
14912,bandwagon,"时尚，浪潮,[音乐]乐队彩车,[非正式用语] 引导车,[非正式用语]潮流",5
14913,grinning,[]  [],5
14914,undeveloped,"未充分发育的,未发展的,不发达的,尚未用于农业、工业、建筑业的",5
14915,chastise,严惩（某人）（尤指责打）,5
14916,conundrum,"谜语,难解的问题",5
14917,commonality,公共，平民,5
14918,antiquated,"过时的，陈旧的,老式的，古色古香的,有古风的,年老的,使古旧，废弃（antiquate的过去式和过去分词）",5
14919,peck,"啄，啄食,啄出，啄穿,〈非〉轻吻，以迅速敷衍的方式亲吻,啄,小口地吃,不断地批评，吹毛求疵,啄痕，（啄出的）小洞,轻吻",5
14920,pleasurable,"令人快乐的，愉快的，舒适的,快乐",5
14921,doe,雌鹿（或雌兔、雌羚羊等）,5
14922,misinterpret,误解，曲解,5
14923,pedigree,"血统,家谱,血统表,纯种的,有血统来源的",5
14924,polluter,"污染者,污染物质",5
14925,fatally,"致命地,不幸地,宿命地,命中注定地",5
14926,tacky,"发黏的,俗气的,褴褛的,缺乏教养或风度的",5
14927,rivet,"铆钉,铆接,把…固定住,加深（爱情，友谊等）,使心醉",5
14928,inaction,"不活动,不活跃,迟钝,懒散",5
14929,iconography,"图解,插图,画像研究,（对一个人的）肖像研究",5
14931,oscillation,"振动,动摇,波动,<物>振荡",5
14932,mayoral,市长的,5
14933,pussy,"猫咪,〈侮辱〉阴道,多脓的，似脓的",5
14934,dunk,"将（食物）浸入液体,将（某人或某物）在水中浸一下,（篮球） 把（球）扣入篮内，扣篮，灌篮",5
14937,bushel,"蒲式耳（在美国相当于2150。42立方英寸，或35。42升）,大量，许多,一蒲式耳重量的容器,修补或翻新（衣服）",5
14938,aloof,"冷淡的,疏远的,远离的,分开地,避开地",5
14939,flit,"轻快地掠过,突然换位,迁移，离开,死亡,飞掠,夜逃,偷偷搬家,〈非〉古怪的人",5
14940,presumed,"以为，假定( presume的过去式和过去分词 ),推定,妄行,冒昧地做某事",5
14941,unskilled,"不熟练的,不需要特殊技能的,不擅长的,拙劣的,不熟练，无技能(unskill的过去式和过去分词形式)",5
14942,venezuelan,"委内瑞拉人,委内瑞拉的，委内瑞拉人的",5
14943,truthfully,诚实地,5
14945,grocer,"食品商,杂货商",5
14946,splatter,"（使水等）溅泼,结结巴巴地讲",5
14947,warily,谨慎地，小心地,5
14948,jukebox,自动唱片点唱机,5
14949,doorknob,球形门拉手,5
14950,microcosm,"微观世界,小宇宙,缩影,小规模地",5
14951,balm,"香油，香脂,芳香，香味,镇痛软膏,[植]白壳杨,安抚，安慰,止痛,在…上搽香油",5
14952,shorthand,"速记，速记法,速记记录文字,速记法的",5
14954,cordial,"热诚的,诚恳的,兴奋的,补品,兴奋剂,甘露酒",5
14955,uneasily,"心神不安地,忧虑地,不自在地,拘束地",5
14956,utopia,乌托邦（理想中美好的社会）,5
14957,frosty,"严寒的,霜冻的,冷淡的,灰白的",5
14958,logistic,"逻辑的,[军]后勤学的,[逻]数理逻辑,符号逻辑,[军]后勤学",5
14959,seniority,"年长,职位高,年资,资历",5
14960,peruse,"研读,（尤指）细阅",5
14961,integrative,综合的，一体化的,5
14962,concoction,"调合,混合,调合物",5
14963,oar,"桨，橹,划手,划（行）",5
14964,refreshment,"提神，精神恢复,提神物,点心，茶点",5
14965,midterm,"中间的,期中考试",5
14966,centrally,在中心地，主要地，集中地,5
14967,representational,代表性的，具象派的,5
14968,yup,<美俚>是，是的（肯定答复）,5
14969,shaker,"摇动者，混合器,荡筛机",5
14971,inversion,"倒置,（尤指词序）倒装,转化,（染色体的）倒位",5
14972,irrespective,"不考虑的，不顾的,无关的",5
14974,characteristically,典型地，有代表性地,5
14975,psychotherapist,采用精神治疗法的医生,5
14977,instinctive,"天生的，生来的,本能的，直觉的",5
14978,hare,"野兔,怪人，傻瓜,飞跑，疾走",5
14979,interject,"（突然）插入，插话,打断",5
14980,infield,（棒球场地的）内场，内野,5
14981,flooring,"铺地板，铺地板的材料,在…上铺地板",5
14982,painstaking,"（不辞）劳苦的，辛苦的,煞费苦心的,苦干的，辛勤的,小心的,苦干，刻苦,勤勉,辛苦,煞费苦心",5
14983,fatherhood,父亲的身份，父性，父权,5
14984,flattering,"谄媚的，讨好的，谄媚的,阿谀，向…奉承，使高兴( flatter的现在分词)",5
14986,quadruple,"四重的,四倍的,由四部份组成的,四倍,使乘四或被四乘",5
14987,forty-eight,"[]  [],[军事](一周内任何)两天假日，48小时休假",5
14988,dew,"水珠，露水,弄湿",5
14989,sportsman,"运动员，运动家,有运动员品质[道德]的人,爱好运动的人,冒险家",5
14990,leach,"<术>（将化学品、矿物质等）过滤,（液体）过滤，滤去,过滤,过滤器",5
14991,complacent,"自满的,自鸣得意的,踌躇满志,志得意满",5
14992,neurotic,"神经官能症的,神经质的,神经过敏的,极为焦虑的,神经病人,神经刺激剂",5
14995,snout,（猪等动物的）长鼻子，口鼻部,5
14996,adjusted,"调整过的,（改变…以）适应，调整，校正( adjust的过去式和过去分词 )",5
14997,cryptic,"神秘的,隐藏的,有隐含意义的,使用密码的",5
14998,well-meaning,善意的，好心的,5
14999,invalidate,"使无效,使作废,证明…错误,使站不住脚",5
15000,nutty,"多坚果的，产坚果的,坚果般的,<俚>古怪的，狂热的，发疯的",5
15001,looter,"掠夺者，抢劫者,强夺者",5
15002,worsening,（使）变得更坏，（使）恶化( worsen的现在分词 ),5
15004,veiled,"隐藏的,掩饰的,蒙着面纱的,声音哑的,veil的过去式和过去分词",5
15005,anonymously,不具名地，化名地,5
15006,tad,"小孩子（尤指男孩），微量，少量,一点点",5
15007,parenthood,"亲子关系,父母身分",5
15008,scribe,（印刷术发明之前的）抄写员，抄书吏,5
15009,chauffeur,"受雇于人的汽车司机,开车运送,作（别人）司机,为别人当汽车司机",5
15010,hospitable,"好客的,热情友好的,（气候，环境）宜人的",5
15011,brawl,"吵架,打架,喧闹的舞会,乱哄哄的拳赛,争吵,互骂,（流水）哗哗地响,大声喊出,为…争吵",5
15012,smite,"猛打，重击，打击,<口>打,尝试,一点儿",5
15013,chi-square,X#2，卡方,5
15015,booking,"预约，预订,挂号,演出契约,订货,预订(book的现在分词),预约，预定",5
15016,hateful,可恶的，十分讨厌的,5
15017,reigning,"在位的,统治的,起支配作用的,本届的,统治,支配,盛行(reign的ing形式)",5
15018,adrift,"漂泊的,漂浮着的,随波逐流的,随波逐流地,漂流无定,<比喻>无定职,<口>孤陋寡闻",5
15019,passer,"过路人,使通过者",5
15020,backlog,"积压未办之事,没交付的订货,存货，储备,（使）积压,储存",5
15021,self-portrait,自画像,5
15022,obedient,"顺从的，服从的,忠顺的,孝顺的,驯良的",5
15023,virulent,"剧毒的，致命的,恶毒的，憎恨的",5
15024,subterranean,"地表下面的，地下的,隐藏的,暗中的,地下室,生活在地下的人,地下生存的动物（东西）",5
15025,meld,"（使）融合，合并，结合,混合，合并",5
15026,nationalistic,"民族主义的,国家主义的",5
15027,trailing,"泥浆彩饰,拖尾的,曳尾的,被拖动的,蔓延的,（使某物）被拖在后面( trail的现在分词 ),跟踪，追踪,（在比赛等中）输,（尤指跟在他人后面）疲惫地走",5
15028,daycare,日托，幼儿园,5
15030,revitalization,新生，复兴,5
15031,choreography,"编舞艺术,舞蹈编排",5
15032,tingle,"感到刺痛,引起刺痛,（耳朵等）鸣响,使…感到刺痛,刺痛,激动,鸣响",5
15033,switching,"开关,转换,交换,配电,转变，改变( switch的现在分词 ),挥动（棍棒、鞭子等）,迅速转动",5
15035,dung,"动物的粪便,粪肥,令人厌恶的东西,施粪肥于",5
15036,forsake,"放弃，舍弃,断念,摒弃（坏习惯）",5
15037,mozzarella,意大利干酪（色白味淡）,5
15038,drumming,"“drum”的现在分词,问顶",5
15039,harmonic,"[乐]和声的，悦耳的,[物]谐波的,和睦的，融洽的,[数]调和的,[物] 谐波,[乐]泛音，和声,[数]谐函数，调和函数",5
15040,brood,"孵蛋,沉思,焦急地考虑,（雏鸡、鸟等的）一窝,一家的孩子",5
15043,punishing,"严厉的,艰难的,精疲力尽的,处罚，惩罚( punish的现在分词)",5
15044,parched,"炎热的,（使）焦干， （使）干透( parch的过去式和过去分词 ),使（某人）极口渴",5
15045,causality,"因果关系,因果性",5
15046,woody,"木质的,木本的,似木的,多木林的",5
15047,eyeglass,镜片，单片眼镜,5
15049,displeasure,"不愉快，不满意,悲伤,发怒，生气",5
15050,consummate,"圆房,使完成,使完美,完美的,至上的,圆满的,无比的",5
15051,unorthodox,"非正统的,异端的,异教的,左",5
15052,unwise,"不明智的，不聪明的,愚蠢的,欠考虑的,轻率的",5
15053,playmate,一起玩耍的朋友，游戏的伙伴,5
15054,lawful,"合法的,法定的,守法的,法律许可的",5
15055,tarmac,"（铺设路面的）碎石和沥青的混合材料,沥青碎石路面,停机坪,以碎石沥青铺盖（某物）表面",5
15056,readership,"（报纸杂志拥有者的）读者（数）,读者,准教授职位",5
15057,caseload,待处理案件的数量,5
15058,like-minded,"具有相似意向或目的的,志趣相投的",5
15059,statehood,"国家地位,州的地位或状态",5
15060,conjecture,"推测，猜想,设想，揣度,想像,计划,估量,揣摩,设想",5
15061,roaring,"吼声,咆哮,怒号,轰鸣,兴旺的,喧哗的,风哮雨嚎的,非常地,怒吼，咆哮，大声喊出( roar的现在分词)",5
15062,respecting,"关于，至于,尊重( respect的现在分词 ),尊敬,关心,慎重对待",5
15063,atypical,非典型的,5
15064,duffel,粗呢，露营用具,5
15065,seethe,"生闷气,翻滚,强压怒火,充满",5
15066,reek,"恶臭,水蒸汽,雾,烟,发出浓烈的臭气,散发臭气,冒烟,散发,用烟熏,发出…的气息",5
15067,whitetail,白尾鹿,5
15068,contraption,奇妙的装置，新发明,5
15069,starboard,"（船舶、飞机的）右舷，右侧,向右转舵,右舷的",5
15070,mistreat,虐待,5
15072,palatable,"可口的,美味的,宜人的,可接受的",5
15073,undisclosed,"秘密的，身份不明的,未泄露的",5
15074,absently,健忘地，心不在焉地,5
15075,barbarian,"野蛮人，原始人,异邦人,粗野的人,无教养的人,野蛮人的，野蛮的,异邦的,未开化的",5
15076,freighter,"货船,租船人，装货人，货主，承运人",5
15077,vestibule,"门厅,前厅,<美>火车车厢末端的连廊,<解>前庭,为…设置门廊,以通廊连接",5
15078,sear,烧焦,5
15080,penthouse,（大楼平顶上的）楼顶房屋，遮篷,5
15081,bistro,<俗>小酒馆，酒吧，小餐馆,5
15082,spurt,"（液体，火焰等）喷出，（使）涌出,（怒气，精力等的）迸发,突然喷出",5
15084,pretension,"假装，做作,要求，主张,自负,借口,[建]预张，预拉",5
15085,bohemian,放荡不羁的文化人,5
15087,extant,现存的，仍然存在的,5
15088,zap,"攻击,杀死，摧毁,遥控,迅速移动,精力，活力，元气,嚓",5
15089,deviant,"不正常的人，异常的人,不正常的，异常的,离经叛道的",5
15090,adequacy,"足够,充分,胜任,适当",5
15091,exquisitely,"精致地,强烈地,剧烈地,异常地",5
15092,avian,鸟的，鸟类的,5
15093,resourceful,"资源丰富的，富于机智的，有策略的,灵活多样，善于随机应变,诡计多端的，鬼点子很多的,有本领",5
15094,cuddle,"拥抱，怀抱,依偎着睡,搂抱，拥抱",5
15095,connoisseur,"鉴赏家，鉴定家,行家，内行，权威",5
15096,complacency,"自满，满足,自鸣得意",5
15097,ethnography,人种论，民族志,5
15098,netting,"网,用网捕( net的现在分词 ),（巧妙地）捕获,净得,（将球）踢入球门",5
15099,micro,"<口>微型计算机,微处理器,极小的",5
15101,swat,"重拍（苍蝇等）,猛击,重拍，猛击",5
15102,emblazon,用纹章装饰，颂扬，盛饰,5
15103,lengthwise,纵长地，纵向地,5
15105,stimulant,"[药]兴奋剂,刺激物,酒精饮料,刺激的，激励的,使人兴奋的",5
15106,somatic,"肉体的，躯体的，身体的,体壁",5
15107,optic,"眼睛的，视觉的,光学的,镜片",5
15108,insertion,插入（物）,5
15109,inflatable,"可膨胀的，可充气的,可充气物品",5
15110,lander,"登陆车，着陆者，住在陆地上的人,司罐工,罐托,把钩工",5
15112,judgement,"判断，鉴定，评价，判断,审判，裁判，判决,看法，意见,判断力，见识",5
15113,seawater,"海水,海流",5
15115,streamlined,"（指汽车、飞机等）流线型的,经过简化以改善效率的,现代化的,使成流线型，使合理化(streamline的过去式和过去分词)",5
15116,jokingly,打趣地，开玩笑地,5
15117,nomad,"游牧民,流浪者,游牧生活,流浪生活",5
15118,sleepless,"失眠的，睡不着的,不眠的，醒着的,无休止的,警觉的",5
15119,gall,"胆汁,五倍子,怨恨,苦物，苦味,擦伤，擦破,使烦恼,侮辱,被磨损,被磨伤",5
15120,skunk,"臭鼬,臭鼬毛皮,<口>卑鄙的人,可恶的人,<俚>使惨败，使得零分,烂醉如泥",5
15121,doubling,"加倍，成双,把…对折，折叠( double的现在分词 ),是…的两倍,（使）加倍,兼任",5
15122,coldly,"冷地,冷淡地,不友好地,冷静地",5
15123,soot,"煤烟，烟灰,油烟,煤烟弄脏,弄得尽是煤烟",5
15124,yam,"薯蓣,山药,甘薯,白薯",5
15125,modular,"模的,（尤指英国大学里的课程 ）分单元的（由独立单元组成，学生可选修）,（机器、建筑等）组合式的,模块化的",5
15126,inextricably,"逃不掉地,解决不了地,形影不离地,不可解脱",5
15127,archipelago,"群岛，列岛,多岛屿的海",5
15128,congested,"拥挤的,堵塞的,拥挤(congest的过去式和过去分词),堵塞",5
15129,nimble,"灵活的,敏捷的,（头脑）思路敏捷的，机智的,机敏的",5
15130,gale,"大风，暴风,（突发的）一阵,<诗>微风,[植]香杨梅",5
15131,feverish,"发烧的，有热病症状的,高度活跃或兴奋的,容易引起热病的,热病蔓延的",5
15132,labour,"劳动,劳工,分娩，临产阵痛,工作，活计,劳动，努力,艰难行进,分娩，产前阵痛,使疲倦",5
15133,interviewee,"被接见者,被访问者",5
15134,secession,"退出，脱离,分离,[史](1861年美国南方十一州的)脱离联邦",5
15135,dehydration,"脱水,干燥，极度口渴,失水",5
15136,desirability,愿望，希求,5
15137,religiosity,笃信宗教，虔诚,5
15138,soloist,独唱者，独奏者，单飞者,5
15139,uplifting,"令人振奋的,使人开心的,举起(uplift的现在分词)",5
15140,divergence,"分叉,分歧,背离,离题",5
15141,karate,<日>空手道（日本的一种徒手自卫武术）,5
15142,accordion,"手风琴,可折叠的",5
15143,misplace,"把（感情等）寄托于不值得寄托的对象,忘记把…放在什么地方，把…放错位置",5
15144,eyesight,"视觉，视力,见解，观察,眼力",5
15145,extol,"高度赞扬，赞美,颂扬，赞颂,吹捧",5
15146,tenacious,[顽强的； 黏着力强的； 坚决的； （记忆力）持久的],5
15147,tenacity,"[物]韧性，韧度,固执，坚持,不屈不挠,黏性",5
15148,checker,"方格图案,使（某物）呈现方格图案或不同颜色或不同深浅的方格",5
15150,freshness,"气味清新地，精神饱满地，刚,鲜度",5
15151,befall,"降临到（某人）头上,发生，降临,降临",5
15153,custodian,"监护人,管理人,保管人,看门人",5
15154,genealogy,系谱，家系，宗谱,5
15155,likable,可爱的,5
15156,countdown,"倒数读秒，倒计时,大事临近的时期,准备过程，准备工作",5
15157,incessant,"不停的，持续不断的,无尽无休",5
15159,rotating,"（使某物）旋转[转动]( rotate的现在分词 ),（使某人或某物）轮流[按顺序循环]",5
15160,couture,"服装设计（师）,服装店",5
15161,tinge,"一丝痕迹,色调,着色，使…带上色彩,轻微的影响,使…略为改变",5
15162,spinning,"纺纱,使…旋转( spin的现在分词 ),纺（线）,杜撰,（使）急转身",5
15163,stationery,"文具,办公用品,信纸，信封,文房四宝",5
15164,corrugated,"波纹的,缩成皱纹的,波纹面的,波纹状的,（使某物）起皱褶(corrugate的过去式和过去分词)",5
15165,sumptuous,"豪华的,奢侈的,腆,美奂美轮",5
15166,featured,"有…的面貌特征的，作为号召物的,作为特色的",5
15167,grouse,"松鸡，雷鸟科的猎鸟,松鸡肉,委屈，牢骚话,爱发牢骚的人,抱怨，发牢骚",5
15168,decaying,"（使）腐烂，腐朽( decay的现在分词 ),衰败，衰退，衰落",5
15169,dumping,"倾销,倾倒( dump的现在分词 ),丢下,随便堆放,释放",5
15170,newsstand,报摊，杂志摊,5
15171,panda,"熊猫,猫熊",5
15172,vogue,"时尚，流行,时髦的事物,流行的，时髦的",5
15175,crucifix,耶稣钉在十字架上的苦像,5
15176,federalism,"联邦政治，联邦制度,联邦主义",5
15177,sap,"精力，元气,树液,活力,坑道,使衰竭,使伤元气,挖掘使倒塌,挖坑道",5
15178,nondescript,"无明显特征的，难以归类的，难以形容的,难以形容或归类的人或物",5
15179,disrespect,"失礼，无礼,不尊敬，不尊重",5
15180,commandment,戒条,5
15181,sash,腰带，肩带,5
15182,intricacy,"错综复杂,（因复杂而产生的）难以理解,（常复数）错综复杂的事物",5
15183,fireball,"火球,大流星,（旧式）燃烧弹,<美口>工作起来劲头十足的人",5
15184,rowdy,"吵闹的,粗暴的,凶暴的人,无赖",5
15187,turban,"长头巾,（伊斯兰教徒的）包头巾,女用头巾,（妇女的）无檐帽",5
15188,attached,"附加的，附属的,依恋的,爱慕的,贴上，系，附上( attach的过去式和过去分词)",5
15189,anal,"肛门的,直肠的,肛门附近的",5
15190,jobless,"没有工作的，失业的,与失业有关的,失业者（与the 连用）",5
15192,virginity,"处女状态，童贞，贞洁,贞操",5
15193,blankly,"茫然地,完全地",5
15194,spherical,"球形的，球面的,天体的，天空的",5
15195,maroon,"逃亡黑奴,孤立的人,酱紫色，褐红色,把…放逐到孤岛,（因洪水等）使孤立,闲荡,酱紫色的，褐红色的",5
15196,edifice,"大建筑物,知识的结构",5
15198,doorman,"门卫，门童,门房",5
15199,trusting,"信任的，相信的,轻易信赖别人的,轻信的,相信，信任( trust的现在分词),相信,认为可靠",5
15200,laid-back,"懒散的,悠闲的",5
15201,undefeated,"（选手或运动队）未被打败过的，未输过的,不败",5
15202,deformed,"变形的，畸形的,使变形，使残废，丑化( deform的过去式和过去分词 )",5
15203,epithet,（表示性质、特征等的）词语,5
15205,awry,"扭曲的,斜的,错误的,歪斜地,错误地",5
15206,fudge,"梦话，胡言,软糖,捏造,回避,逃避责任,欺骗,胡说八道",5
15208,noose,"套索,束缚,绞刑,用套索捉,使落入圈套,处以绞刑",5
15209,snuff,"剪（烛）花,扑灭，熄灭（烛光）,消灭，扼杀,嗅,死去,熄灭（火焰）,（伤风鼻阻时）呼呼地吸（气），吸入,闻，嗅,烛花，灯花,鼻烟,气息",5
15211,cinder,"煤渣,炭渣,煤渣路,煤渣跑道",5
15212,odyssey,"长途的冒险行程,《奥德赛》（古希腊史诗）",5
15213,grandiose,"宏伟的,浮夸的,壮阔,沾沾自喜",5
15215,unequivocally,只有一种含意地，清楚明白地,5
15216,supple,"（身体）柔软的,灵活的,易弯曲的,顺从的，巴结的,使柔软，使柔顺,使顺从,驯（马）,变柔软，变柔和",5
15217,scourge,"天灾，灾难,鞭子,苦难的根源,鞭打,重惩，重责,使痛苦,严惩",5
15219,spontaneity,"自发性，自然发生,自发行为[行动]",5
15220,throes,"剧痛（如分娩时的阵痛）,挣扎",5
15221,austerity,"严厉,简朴，朴素,苦行,节衣缩食",5
15222,belie,"歪曲真相，掩饰,证明…为虚假,辜负，使…失望,与…不符",5
15223,unworthy,"不值得的,无价值的,不合适的,可恶的，卑劣的",5
15224,infrequent,"稀少的,罕见的",5
15225,comical,好笑的，滑稽的,5
15226,smelly,"发出难闻气味的，有臭味的,〈口〉“smell”的派生",5
15227,squirt,"喷射，喷湿,注射,喷出,喷，细的喷流,注射器,傲慢无礼的年轻人,喷气式飞机",5
15228,sweeten,"使甜，把…弄香,使温和,使愉快,使悦耳,变甜",5
15229,removable,"抽取式的，可移动的,可拆",5
15230,minnow,"米诺鱼（鲤科淡水小鱼）,（用作鱼饵的）小鱼，诱饵鱼",5
15231,ranked,排列，使成横排（rank的过去式与过去分词形式）,5
15232,wasteland,"荒地,荒漠,贫乏",5
15233,vocalist,"声乐家,歌手",5
15234,outfitter,旅行用品商，运动用具商,5
15235,fraternal,"兄弟的,兄弟般的,友好的,同志般的",5
15237,martyrdom,殉难，殉道,5
15238,compressor,压气机，压缩机,5
15239,naturalistic,自然的，自然主义的，博物学的,5
15240,filler,"填装物，填塞物,填装者，填注者,（杂志等的）补白,（报纸等的）补白",5
15241,sympathizer,"同情者,同感者,支持者,赞助者",5
15242,spate,"大量,发洪水，（河流）暴涨,大雨",5
15245,hairstyle,发型，发式,5
15246,inexplicably,无法说明地，难以理解地，令人难以理解的是,5
15247,apologetic,"道歉的,辩解的,辩解,（为事业、信仰等所作的）辩护,抱歉地",5
15248,annex,"附加，追加,吞并（国家、地区等），兼并,获得，得到,附录,附属物（品），附件,附属建筑",5
15249,intone,"吟诵,吟咏,给…一种特殊音调,发出拖长的声音",5
15250,repayment,"偿还，报答，偿付的钱物,[金融]付还,repay的派生",5
15251,categorical,"绝对的，无条件的,分类的，按类别的,断言的,确信无疑的",5
15252,diligence,勤勉，勤奋,5
15253,throb,"跳动，悸动,脉搏,抽痛,（心脏、脉搏等）跳动",5
15254,loner,喜孤独者，不合群者,5
15255,enslave,"使成为奴隶,奴役,<正>使受控制,征服",5
15256,hoard,"积聚，囤积,密窖,贮藏处,积聚,秘藏,积蓄，贮藏",5
15257,bleach,"漂白,使褪色,漂白剂",5
15258,nourishment,"食物,滋养品，营养品,“nourish”的派生",5
15260,puncture,"刺，戳,贬低，削弱,揭穿,（指轮胎等）被刺穿,刺痕,（车胎等的）刺孔",5
15261,cheery,"喜气洋洋的，兴高采烈的，欢乐的,愉快的,高兴的,快活的",5
15262,drove,"人群,畜群,驾驶（drive的过去式）",5
15263,overlay,"覆盖,镀金,覆盖物,轮廓纸",5
15266,distinguishing,"有区别的,辨别，区别( distinguish的现在分词 ),使出众,（凭任何感觉器官）识别出,看清",5
15267,discord,"不和,不调和,嘈杂声,不一致,[乐]不谐和，发乱音",5
15268,schoolhouse,（尤指乡村学校的）校舍,5
15269,icing,"结冰,糖衣，酥皮,[航]飞机外身的霜冻,结冰(ice的现在分词)",5
15270,anyplace,<主美><口>任何地方,5
15271,restrained,"克制的，节制的，受到控制的,抑制( restrain的过去式),管制,制止,控制",5
15272,fictitious,"虚构的，编造的,假定的，虚设的,小说式的,假装的",5
15273,embankment,"路堤,筑堤",5
15274,ripen,"（使）成熟,（使）熟",5
15275,methodical,"有方法的,有条不紊的,井然",5
15276,blacksmith,"铁匠，锻工,打铁工人,装蹄工,蹄铁",5
15277,restraining,"抑制的，遏制的，控制的,抑制( restrain的现在分词 ),管制,制止,控制",5
15278,interdependent,互相依赖的，互相依存的,5
15279,conceptually,概念地,5
15280,old-timer,"<口>老资格的人,老前辈,老人,旧式的人",5
15282,induct,使正式就任,5
15284,bridal,"新婚的，婚礼的,新人的，新娘的,婚礼，结婚仪式,〈古〉喜筵",5
15285,consequent,"随之发生的,必然的，合乎逻辑的,继起的,[地]顺向的,结果,[逻]后件，结论,[数]后项,[语]（条件结构中的）结果子句",5
15286,riverbank,河岸，河堤,5
15287,audiotape,"录音磁带,录音",5
15289,pummel,（尤指用拳头）连续打,5
15290,fearsome,"可怕的，吓人的,害怕的，胆小的",5
15291,discouraging,"令人沮丧的，使人泄气的,阻止的,使气馁( discourage的现在分词 ),使沮丧,阻碍,劝阻",5
15292,grading,"等级，坡度缓和，分阶段,（官阶、质量）等级( grade的现在分词 ),<美> 年级,<尤美> （考试或作业的）分数,<尤美> （学生受测试的）技巧水平（尤指音乐方面）",5
15293,affluence,"富裕,富足",5
15296,kenyan,"[]  [],肯尼亚的,肯尼亚人，肯尼亚国民",5
15297,throbbing,"跳动的,悸动的,抽动的,<医> 搏动的,抽痛( throb的现在分词 ),（心脏、脉搏等）跳动",5
15298,nordic,"北欧人,日耳曼民族,具有北欧日尔曼民族外貌特征的人,[体]北欧两项滑雪,北欧人的,日耳曼民族的,斯堪的纳维亚的,北欧式滑雪赛的",5
15299,dabble,"涉猎,涉足,浅尝,玩水，嬉水,弄湿，溅湿,蘸",5
15302,tycoon,"<日><史>大君,将军,<口>企业巨头,大亨",5
15303,blower,"吹风机,送风机,电话",5
15304,agility,"敏捷,活泼,灵活,机敏",5
15305,shyness,害臊，羞怯，胆怯,5
15306,stagnation,"淤塞，停滞,不景气,滞止",5
15308,definitively,决定性地，最后地,5
15309,huff,"喷，吹,叫嚣，虚张声势,恼怒的反应,生气,使膨胀，使充气,蛮横地对待，欺侮,恼怒,烦恼,怒气冲冲，发怒",5
15310,concomitant,"伴随的，同时发生或出现的,伴随发生的事,伴随物,共存",5
15312,molasses,"糖浆,糖蜜,废蜜",5
15313,wobbly,"摇摆的,颤动的,不稳定的,歪斜的,世界产业工会会员",5
15314,meaty,"多肉的,肉厚的,<非正>内容丰富的,发人深思的",5
15315,additive,"添加剂,添加物,[数]加法,附加的,[化]加成的，加和的,[数]加法的",5
15316,indignant,"愤怒的，愤慨的,愤愤不平的,激愤",5
15317,greenery,温室，草木,5
15318,smolder,"用文火焖烧，熏烧，慢燃,焖烧，文火，冒烟",5
15320,gauze,"纱布（包扎伤口用）,薄纱,纱网,（金属丝制的）网纱",5
15321,soft-spoken,"说话温和的，善于言辞的,细声细气",5
15322,nuts,"<俚>发疯的,傻的,<美俚>热爱的,迷恋的,螺母（ nut的名词复数 ）,坚果,对…着迷的人,疯子",5
15323,escalator,自动扶梯,5
15324,dizziness,头昏眼花,5
15326,brazen,"无耻的,黄铜制的,坚硬的,声音响亮刺耳的,厚着脸皮,勇敢地做（或对待）,使变得勇敢,厚着脸皮做（或对待）",5
15327,basque,"巴斯克人[语]，一种妇人用短上衣,巴斯克人的",5
15328,innuendo,"暗讽，讽刺,影射,[法]文件中的附注句,暗示,使用暗讽,旁敲侧击地表达,[法]加注说明,说讽刺话",5
15329,howling,"嚎叫,嗥叫( howl的现在分词 ),咆哮,吼叫,哀号",5
15330,medallion,"大奖章，大勋章,（大奖章形的）圆形图案（饰物）",5
15332,quickest,"聪明的( quick的最高级 ),快的,灵活的,短时间做成的",5
15333,speculator,"投机倒把者，投机商人,思辨者，思索者,〈美〉垄断收买（戏票）的人",5
15334,undeniably,不可否认地，无可辩争地,5
15335,infraction,"（对规则、法律等的）违背,违犯,犯规,违法",5
15336,adaptable,"可适应的,有适应能力的,适合的,可改编的",5
15337,malfunction,"故障，功能障碍,失灵,发生故障",5
15338,retina,[解]视网膜,5
15339,botanist,植物学家，研究植物的人,5
15340,trailhead,小道的起点,5
15341,qualm,"不安，疑惧,恶心，眩晕,忧虑,良心谴责",5
15342,sentry,"哨兵,警卫",5
15344,rigidity,"坚硬,严格,刚直,死板",5
15345,trojan,特洛伊,5
15347,cosmological,宇宙哲学的，宇宙论的,5
15348,deft,"灵巧的,熟练的,巧妙的",5
15349,hairdresser,"理发师,剪头或做头发的人",5
15350,ballast,"压舱物，压载物,道渣，碎石,镇流器,<比喻>沉着,给某物装上压舱物,给…铺道渣,使稳定,使沉着",5
15351,misinformation,误报，误传,5
15352,sickening,"令人厌恶的，讨厌的,引起生病的,（使）生病(sicken的现在分词),使厌恶，使恶心",5
15354,up-front,"在前面的,坦率的,预付的",5
15355,impunity,"不受惩罚，无罪,不受损失",5
15357,cower,畏缩，抖缩,5
15358,swagger,"昂首阔步,夸耀，炫耀,恐吓或欺负（某人）,吹嘘，自大,〈口〉漂亮的,时髦的",5
15359,outage,（尤指电力的）断供期，断供,5
15360,rightfully,正直地，正当地,5
15361,reprimand,"训斥,惩戒,谴责,责难",5
15363,walleye,角膜白斑，斜视,5
15364,etching,"蚀刻版画,用针和酸类在金属板上蚀刻（图画等）( etch的现在分词 ),（感情）明显地表露在（脸上）,（脸上）明显流露出（感情）,铭刻在心里/记忆里/脑海里",5
15365,mainframe,"（大型电脑的）主机，中央处理机,[计] 主机,大型机,总配线架",5
15366,mercenary,"雇用的,图利的，唯利是图的,雇佣兵,唯利是图者",5
15367,entry-level,（尤指电脑）适用于初学者的，初级的,5
15368,unduly,"不适当地,过分地,过度地,不相称地",5
15369,emblematic,"象征的，可当标志的,象征性",5
15370,corral,"畜栏,把…赶入畜栏",5
15371,spoonful,"一匙，一匙的量,“spoon”的派生",5
15372,courteous,"有礼貌的,谦恭的,殷勤的,客气",5
15373,ballplayer,棒球手,5
15374,caseworker,社会工作者,5
15376,overworked,"工作过度或时间过长( overwork的过去式和过去分词 ),滥用（词等）,劳乏,劳累",5
15378,frenzied,"慌乱的，狂热的,狂乱的,狂暴的,激怒的,使狂乱( frenzy的过去式和过去分词),极度的激动",5
15379,individualistic,个人主义的,5
15381,carpeting,"地毯,地毯织料,训斥",5
15382,marketable,"可销售的,市场的,有销路的,市场买卖的",5
15384,eureka,（因找到某物，尤指问题的答案而高兴）我发现了，我找到了,5
15385,infringe,"违反（规章等）,侵犯（某人的权利）,侵犯,侵害（某人的自由、权益等）",5
15386,well-educated,"受过良好教育的,有文化",5
15387,synergy,协同，配合，企业合并后的协力优势或协合作用,5
15388,pentecostal,五旬节的,5
15389,jurisprudence,法学，法理学,5
15390,single-handedly,"[]  [],独力地，单独地",5
15391,extravaganza,"内容狂妄的作品,盛大表演（比赛），盛事,狂文，狂诗，狂曲,狂妄的言行",5
15392,collagen,"[生化]胶原蛋白,胶原质",5
15394,zionist,"[]  [],犹太复国运动的支持者或拥护者",5
15395,unsatisfactory,"不能令人满意的,不符合要求的,不满足的",5
15396,repeating,"反复的，重复的,重做( repeat的现在分词 ),复述,重说,重复发生",5
15397,accelerating,"加速,加速的，促进的，催化的,（使）加快， （使）增速( accelerate的现在分词 ),促使…早日发生，促进,[教育学]使（学生）跳级,提早学完（课程等）",5
15399,rationally,讲道理地，理性地,5
15401,fleshy,"（似）肉的,多肉的,肥胖的,肉质的",5
15402,capitol,"美国国会大厦,古罗马Jupiter神殿,(c-)<美>州议会大厦",5
15403,flavorful,充满…味道的，可口的,5
15404,subtest,子测验（程序教学用语）,5
15405,besiege,"包围，为敌对势力包围,拥挤在周围，包围住,如被询问纠缠或强求,使感到丧气或焦虑",5
15406,housekeeping,"家务，家政,（工商企业等的）总务,家务管理,家用开支",5
15408,regenerate,"回收（废热，废料等）,使再生,革新,使悔悟,再生的,革新的,改过自新的",5
15410,contemplative,沉思的，出神的（尤指感觉上帝同在的）,5
15411,sterilize,"消毒,使无菌,使失去生育能力,使不起作用",5
15412,cross-border,"[]  [],跨国的，跨越边界的,国境线交叉的",5
15413,normalcy,常态，正常,5
15414,heron,<动>鹭,5
15416,cataract,"大瀑布，急瀑布,[医]白内障,暴雨，洪水,奔流,像瀑布似地注流",5
15417,screaming,"尖叫的，令人惊愕的，引人捧腹大笑的,（因伤痛、害怕、激动等）尖叫 ~发出尖叫声( scream的现在分词 ),（向某人或为某事）高声喊,发出大而尖的声音,呼啸而过",5
15419,carcinogen,致癌物,5
15420,leaky,有漏洞的，有漏隙的，渗漏的,5
15421,opportunistic,"机会主义的，机会主义者的,投机取巧的",5
15422,crystalline,"水晶的,似水晶的,结晶质的,清澈的,结晶性，结晶度",5
15423,eavesdrop,"偷听（别人的谈话）,檐水",5
15424,cylindrical,"圆柱形的，圆筒状的，气缸（或滚筒）的,圆筒形",5
15425,luscious,"美味的,满足感官的,过分甜美的，腻人的,十分性感的",5
15426,masonry,"石工工程，砖瓦工工程,砖石建筑",5
15427,pelvic,骨盆的，关于骨盆的,5
15428,sonar,"声呐装置，声呐系统,声呐兵",5
15429,macroeconomic,宏观经济的,5
15430,laughing,"笑的,笑柄,走运,决不是开玩笑的事,笑( laugh的现在分词 ),发笑,嘲笑,（特别表示因成功而）处于有利地位",5
15431,tram,"有轨电车轨道,煤车，矿车，缆车,用电车（等）运,坐电车",5
15432,epidemiology,流行病学,5
15433,propane,丙烷,5
15434,succeeding,"以后的，随后的,成功( succeed的现在分词 ),完成,继承,达到目的",5
15435,roundup,"综述，摘要,集拢，赶拢（家畜等）,搜捕（犯人），围捕",5
15436,thickly,"厚厚地,浓密地,繁茂地,频繁地",5
15437,toll-free,<美>（打电话）由接电话的机构付费的，受付,5
15439,rekindle,"重新点燃,再点火,<比喻>使再振作精神",5
15442,intuitively,"直觉地，直观地,由直觉而得地",5
15443,tireless,"不疲倦的,孜孜不倦的",5
15444,blip,"[电子学]尖峰信号，尖头信号,短促而尖锐的声音,（统计数字的）上下浮动,雷达的可视信号,发哔哔声,发信号,（雷达等屏幕上）出现光点,出现波动",5
15446,hypnotic,"催眠术的,易于催眠的,安眠药,催眠状态的人",5
15448,stocky,"矮壮的,健壮结实的",5
15449,saunter,"漫步,闲逛,混日子,闲荡",5
15450,reprisal,"报复（行为）,（特指国家间的）暴力性报复，报复行为，[史]（对敌国人民，财产的）报复性劫掠,〈罕〉赔偿，赔款",5
15452,plunk,"（使）（发出扑嗵声地）重重掉下,（物体落下）扑嗵声",5
15453,crystallize,"使结晶,使成形，使具体化,明确,包糖，涂糖霜,结晶,成形，具体化",5
15454,jogging,"慢跑,（使）慢走，慢跑( jog的现在分词 ),轻敲，轻推",5
15455,strident,"刺耳的,尖锐的,轧轧叫的,吱吱叫的",5
15457,harmonize,"使和谐,为（旋律）配和声,和谐,以和声演奏或歌唱",5
15459,blocked,"封锁的，闭塞的，联锁的,堵塞( block的过去式和过去分词 ),阻碍,设计（电视录像的摄像镜头布局）,[球类]（合法）阻挡（对手）",5
15461,daughter-in-law,儿媳妇,5
15463,anti,反对者，反对论者反对的,5
15464,industrialist,"工业家，实业家,工业主义者",5
15465,measuring,"量( measure的现在分词 ),测量,衡量,量出",5
15466,severance,"切断,断绝,割断,离职金",5
15467,exhausting,"使耗尽的，使人精疲力竭的,用尽( exhaust的现在分词 ),使非常疲倦,详尽讨论（或研究）,弄空",5
15468,mannequin,"时装模特儿,人体模型",5
15469,arbiter,"[法]仲裁人，裁决者,权威人士，主宰者",5
15470,cultivar,栽培品种,5
15471,invincible,"不可战胜的，不能征服的,无敌的,无攻不克,无前",5
15473,corollary,必然的结果，系，推论,5
15474,adobe,"风干土坯,风干砖坯,（制风干砖用的）灰质粘土,泥砖砌成的房屋,用土坯建造的",5
15475,zealot,热心者，狂热者,5
15476,semen,"精液,种子",5
15477,cambodian,"柬埔寨人,柬埔寨裔,柬埔寨语,高棉语,柬埔寨的，柬埔寨人的，柬埔寨语的",5
15478,ember,余烬，余火,5
15479,putter,"置放者,推棒,闲荡，行为懒散，混过",5
15480,ebb,"（指潮水）退,跌落,减少,衰落,退潮,落潮,衰退",5
15482,ascending,"上升的，向上的,上升，攀登( ascend的现在分词 )",5
15484,fallacy,"谬误，谬见,谬论,错误",5
15485,three-way,"三向的,三线",5
15486,rubbish,"垃圾,无意义的东西,废话,劣质的东西,<英澳·非正>把…说得一钱不值，贬损…,轻视，蔑视,消灭，销毁",5
15487,shale,"[矿]页岩,泥板岩",5
15488,oblique,"斜，倾斜的,[数]非直角的，非垂直的，斜角，斜面,拐弯抹角的，间接的,暗中的,倾斜,倾斜物",5
15489,jingle,"叮当声,节拍十分规则的简单诗歌,（使）叮当作响,具有简单而又引人注意的韵律",5
15490,forlorn,"绝望的，孤立无助的,凄凉的，荒凉的,被弃置的,渺茫的",5
15491,eatery,<美>餐馆，食堂,5
15492,selfishness,"自私,自我中心,利己主义,任性",5
15493,exonerate,"使免罪，免除,免罪，免除,免罪的，免除的",5
15494,rattlesnake,响尾蛇,5
15495,radish,（做色拉用的）小萝卜,5
15496,nectar,"花蜜,（古希腊、罗马神话中的）众神饮的酒,琼浆玉液,甘美的饮料,<古>充满美酒的，芳香甜蜜的",5
15497,disappearing,"[]  [],不见，消失( disappear的现在分词 ),不复存在,掩始,隐显",5
15498,non-western,"[]  [],非西方（传统）的，非西方社会的",5
15500,dialysis,"透析，分离,断离,渗析",5
15501,shyly,羞怯地，胆怯地，小心地,5
15502,dismissive,"拒绝的,轻蔑的，鄙视的",5
15503,bayonet,"刺刀,（比喻）武力,用刺刀刺，刺杀,用武力迫使,用刺刀，劈刺",5
15504,resolute,"坚决的，刚毅的,不动摇的",5
15505,amnesia,"<医>遗忘（症），记忆缺失,善忘,易忘症,健忘",5
15507,poplar,"杨树,杨木",5
15508,celibacy,"独身生活,独身主义",5
15509,unremarkable,寻常的，不值得注意的,5
15510,blistering,"酷热的,猛烈的,使起疱的,<口>可恶的,起水疱,起气泡,使受暴晒,[涂料] 起泡",5
15511,toaster,烤面包片机,5
15512,frosted,被霜覆盖的，受霜害的,5
15515,asymmetry,"不对称,不对称的，不对等的",5
15516,wallow,"<喻>沉迷,打滚,簸在海浪中颠,（动物）打滚的地方,堕落,泥坑",5
15517,stallion,"种马,公马",5
15518,steely,"钢铁般的，钢制的,顽强的,无情的,极严格的",5
15519,prudence,"谨慎,节俭,精明",5
15521,unfriendly,"不友好的，有敌意的,冷漠的,不利的,（气候）不宜人的",5
15522,jalapeno,墨西哥胡椒,5
15523,flattened,"[医]（水）平扁的，弄平的,变平，使（某物）变平( flatten的过去式和过去分词 ),彻底打败某人，使丢脸,停止增长（或上升）,（把身体或身体部位）紧贴…",5
15525,respectability,"体面,名望,得体,高尚",5
15526,reflected,"反射的，得自他人的,反射（光、热、声或影像）( reflect的过去式和过去分词 ),考虑,反照,表达",5
15527,drapery,"布料及服装业或所经售的货物,打褶悬挂的布等,悬有（褶形）布帘的",5
15528,incinerator,（废物的）焚化炉,5
15529,uh-oh,呃喔,5
15531,outpace,超过…速度，赶过,5
15533,interchangeable,"可交换的,可交替的,可互换的",5
15534,aspen,"山杨,山杨的,颤抖的",5
15536,traumatize,"[医]使受外伤,使受精神创伤",5
15537,sonnet,"十四行诗,短诗,商籁体",5
15538,cameo,"石雕,浮雕,小品文",5
15539,excluding,"排除，拒绝( exclude的现在分词),驱逐,除…外，不包括",5
15540,cobblestone,圆石，鹅卵石,5
15541,potted,"盆栽的，瓶或罐装的，浓缩的,封闭式",5
15542,high-priced,"[]  [],高价的昂贵的",5
15543,rampage,"（因发怒等）暴跳，暴怒,狂暴行为,乱闹,暴跳，暴怒,狂暴地乱冲",5
15544,impotence,"无能为力,[医]阳痿,阴痿",5
15545,scamper,蹦蹦跳跳地跑，惊惶奔跑,5
15546,slalom,"障碍滑雪,弯道滑雪比赛,进行障碍滑雪赛",5
15547,tranquility,"平静,安静,安宁,平稳",5
15548,first-ever,破天荒第一次（或第一个）的,5
15549,dingy,"暗淡的，乏味的,肮脏的",5
15551,gaudy,"花哨的，俗气的,华而不实的,宴会，招待会",5
15552,condemned,"被责难的，被宣告有罪的,被认为不当的，受谴责的,被认为不适用的,condemn的过去式和过去分词)",5
15553,vanguard,"先锋，前锋,先驱，领导者",5
15554,two-bedroom,双卧室,5
15555,enchanted,"中魔法的,着了魔的,狂喜的,极乐的,使欣喜，使心醉（ enchant的过去式和过去分词 ）,用魔法迷惑",5
15556,hemp,"大麻,长纤维的植物,大麻烟卷,<谑>绞索,大麻类植物的",5
15557,furrow,"犁沟,皱纹,车辙,犁田，开沟,使起皱纹",5
15558,hummingbird,蜂鸟,5
15559,ovary,"[解]卵巢,[植]子房",5
15560,eradication,摧毁，根除,5
15561,petrified,"惊呆的,目瞪口呆的,使吓呆，使惊呆,变僵硬,使石化(petrify的过去式和过去分词)",5
15562,waving,"波浪状的,飘扬，摇摆，起伏( wave的现在分词 ),（一端固定地）飘扬,挥手指引,挥动…示意",5
15563,bode,预兆，预告,5
15564,submerged,"在水中的,淹没的,水下的,水下运动的,（使）潜入水中，淹没( submerge的过去式和过去分词 ),完全掩盖，遮掩",5
15565,nomadic,"游牧的,流浪的",5
15566,exasperation,"恼怒，激怒,惹人恼怒的事,愤",5
15567,secrete,"[生]分泌,隐匿，隐藏,私下侵吞",5
15568,rebuttal,举反例，反驳，抗辩,5
15569,non-native,[]  [],5
15570,fixate,"视线移向,注视,使固定",5
15571,hustler,"<美，非正>耍诡计骗钱的人,精力充沛、能干的人,<美，俚>妓女",5
15572,flunk,"<美><口>,（使）（考试、某学科的成绩等）不及格,评定（某人）不及格,（因不及格而） 退学",5
15573,drab,"单调的,土褐色的,乏味，单调,无生气,嫖妓",5
15574,well-defined,"定义明确的,界限清楚的,已知的,已圈定的",5
15575,fleeing,"[]  [],逃走，逃掉( flee的现在分词 ),逃离，逃避",5
15576,enriched,"使富有( enrich的过去式和过去分词 ),使富裕,充实,使丰富",5
15577,denigrate,"诋毁，诽谤,玷污,涂黑,毁誉",5
15578,pained,"悲痛的,受痛苦的,使…痛苦(pain的过去式和和过去分词)",5
15579,salespeople,"售货员，店员,售货员( salesperson的名词复数 )",5
15580,patriarchy,"父权制（社会）,家长制，家长统治,族长政治,族长管区",5
15581,philosophically,"哲学上,富有哲理性地,贤明地,冷静地",5
15583,stuffy,"闷热的，不通气的,古板的，保守的,枯燥无味的,一本正经的",5
15584,wrest,"（用力）拧，扭,<文>费力取得,歪曲（事实等），曲解,扭夺，夺取，抢去,拧，扭,[乐]（调校琴弦的）校音钥",5
15585,loafer,"虚度光阴者,游手好闲者,无业游民,平底便鞋",5
15586,gripping,"吸引注意力的,抓紧( grip的现在分词 ),吸引,引起,使感兴趣",5
15587,hiatus,"裂隙,缺漏,脱漏,间断",5
15588,misstep,失足,5
15589,chug,"发出（持续而单调的）短声，发出突突声,（发动机等）咔嚓咔嚓地响,（火车、汽船等）咔嚓咔嚓地前进,（发动机缓慢运转时发出的）突突声",5
15590,restitution,"归还原主,恢复原状,（尤指用钱）赔偿,补偿",5
15591,metaphysics,形而上学，玄学,5
15593,self-serving,自私的，自私自利的,5
15594,calming,"（使）平静， （使）镇定( calm的现在分词 ),使安静,使冷静,使镇定",5
15595,genitals,"生殖器（尤指男性外生殖器）,<医><正>生殖的，生殖器的( genital的名词复数 ),性器官,私处",5
15596,whittle,"切，削（木头）,削弱,减少,屠刀",5
15597,cleanliness,清洁，干净,5
15598,tint,"色彩，色泽,浅色,气息，迹象，痕迹,染色,着色于…,染（发）",5
15599,befit,"适合于,为…该做的,对…适当",5
15601,remission,"缓和，减轻,宽恕，豁免,〈罕〉寄钱，汇款",5
15602,diversified,"多样化的，多种经营的,使多样化，多样化( diversify的过去式和过去分词 ),进入新的商业领域",5
15603,payer,付款人，交款人,5
15605,maniac,"疯子,癖好者,狂人,躁狂者,发狂的,狂热的,疯狂的",5
15606,ontological,存在论的，本体论的，实体论的,5
15607,antithesis,"对立,对立面,对照,对偶",5
15608,undulating,"波动，起伏，呈波浪形( undulate的现在分词 ),使波动，使起伏，使成波浪形,波状",5
15609,ouch,（痛苦或惊讶时的叫声）哎哟,5
15610,suede,"绒面革,小山羊皮,仿麂皮织物",5
15611,recitation,"朗诵,背诵,习题课",5
15612,euphemism,"委婉语,委婉说法",5
15613,justified,"有正当理由的，合理的,事出有因的,调整,证明…有道理( justify的过去式和过去分词)",5
15614,dismount,下车，下马,5
15615,stipend,（尤指牧师的）薪俸,5
15616,polygraph,（描记脉搏、呼吸速率的）多种波动描记器,5
15617,spoiled,"被宠坏的,变质( spoil的过去式和过去分词 ),损坏,毁掉,破坏",5
15618,enumerate,列举，枚举，数,5
15619,ridiculously,可笑地，荒谬地,5
15620,peacetime,"和平时期,平时",5
15622,band-aid,"[]  [],（邦迪牌）创可贴,（问题的解决办法）短期有效的，权宜之计的，治标不治本的",5
15624,refurbish,"刷新,使重新干净",5
15626,masterful,"善于控制别人的,善于控制形势的,熟练的,娴熟的",5
15627,practiced,"熟练的,有经验的,精通的,习得的",5
15628,lattice,"格子框架,类似格子框架的设计,把…制成格子状,用格子覆盖或装饰",5
15629,ticking,"被套料,嘀嘀声",5
15631,truffle,"块菌,松露",5
15632,weld,"焊接,使紧密结合,焊接点,黄色植物染料",5
15633,gatekeeper,看门人,5
15634,mecca,"麦加（沙特阿拉伯一座城市）,朝拜的地方,仰慕的目标,发源地",5
15635,crippled,跛腿的，残废的,5
15636,scanning,扫描,5
15637,urinate,排尿，撒尿,5
15638,acquired,"（尤指靠自己的努力或行动）获得的,习得的,<医>后天的,起初不喜欢但后来逐渐培养的爱好,获得( acquire的过去式和过去分词 ),（使用探测器）捕获（目标）,取得,（计算机、机器人等）捕捉",5
15640,elated,"兴高采烈的，得意洋洋的,使兴奋",5
15641,null,"<术>零值的,等于零的,（协议） 无法律效力,失效的",5
15642,thoroughfare,"大道，大街,通行",5
15643,errant,"犯错误的,行为不当的,出格的（仅用于名词前正式用语）,（丈夫或妻子）对配偶不忠的（仅用于名词前正式用语）",5
15644,spectacularly,[]  [],5
15645,laundering,"洗涤（衣等），洗烫（衣等）,洗（钱）,洗（衣服等），洗烫（衣服等）( launder的现在分词 ),<非正>洗（黑钱）（把非法收入改头换面，变为貌似合法的收入）",5
15646,far-fetched,"牵强的，未必会的,不着边际",5
15647,ever-changing,千变万化的，变幻无穷的，日新月异的,5
15648,concluding,"结束的,结束( conclude的现在分词 ),得出结论,断定,推断出",5
15650,stub,"树桩,铅笔头，烟蒂,票根，存根,使（脚趾）碰到某物,捻灭（香烟，雪茄等）,连根拔出",5
15651,left-handed,"左撇的,左旋的,笨拙的,无诚意的",5
15652,shattering,"“shatter”的派生,打碎(shatter的现在分词),大大扰乱,毁坏,使极为惊愕难过",5
15653,compliant,"遵从的,依从的,（与系列规则相）符合的,一致的",5
15654,thumbnail,"拇指甲，极小的东西,极小的，极短的",5
15656,sponsored,"[]  [],赞助( sponsor的过去式和过去分词),资助（某人的培训或教育）,为慈善活动捐资,发起，倡议,赞助的,发起的",5
15657,warped,"反常的,乖戾的,（变）弯曲的,变形的,弄弯，变歪( warp的过去式和过去分词 ),使（行为等）不合情理，使乖戾，",5
15658,presenter,"节目主持人，演播员,推荐者,提出者,赠送者",5
15660,tantamount,相等的，相当的,5
15661,blight,"凋萎病,坏因素,毁坏,衰退,使凋萎,使颓丧,损害,妨害,患枯萎病,枯萎，颓丧",5
15662,customized,"[]  [],客户指定的，定制的（产品）,订做，改制（以满足顾主的需要）,定制，定做( customize的过去式和过去分词 )",5
15663,actuality,"（常用复数）现状,现实,事实",5
15664,redhead,"红发的人,红头啄木鸟",5
15665,contentment,满足，满意，知足，心满意足,5
15666,trope,修辞，比喻,5
15668,manicured,（草坪、花园）修剪整齐的,5
15669,boating,"划船,乘船（游玩）,划船(boat的现在分词形式),划船的",5
15671,omelet,煎蛋饼，煎蛋卷,5
15672,effortless,"不费力的,容易的",5
15673,paleontologist,古生物学者,5
15675,bicker,"争吵,口角,（水等）作潺潺声,闪烁,争吵，小的口角,（水的）潺潺声",5
15677,tenderly,"温和地,柔和地,体贴地,可怜地",5
15678,bemoan,"为（某人或某事）抱怨,悲悼,为…恸哭,哀叹,悲悼，叹息",5
15679,out-of-state,"[]  [],[美国英语]其他州的，州外的,从州外来的",5
15680,clique,"<贬>小集团，小圈子,派系,结派，结党",5
15681,pedophile,恋童癖者,5
15682,adversarial,敌手的，对手的，对抗（性）的,5
15683,cluttered,"杂物，零乱的东西<X>零乱<DDX>vt.( clutter的过去式和过去分词 ),乱糟糟地堆满，把…弄得很乱,（以…） 塞满…",5
15684,lingerie,"女用贴身内衣裤,[古语]亚麻布制品",5
15685,spinner,"纺纱机,纺纱工,（钓鱼用）旋式诱饵",5
15686,savory,"（烹调用的）香薄荷,好吃的,体面的",5
15687,moisten,（使）变得潮湿，变得湿润,5
15689,carnivore,食肉动物，食虫植物,5
15690,bonnet,"童帽,阀帽,（苏格兰男子的）无边帽,烟囱罩，壁炉罩,给…戴上帽子，给…装上罩",5
15691,piston,<机>活塞,5
15692,palsy,瘫痪，麻痹，中风,5
15693,meatball,肉丸,5
15694,lukewarm,"冷淡的,微温的,不热心的,温和",5
15695,barbaric,"野蛮的,半开化的,粗俗的,蒙昧",5
15696,obsess,"使着迷,缠住，迷住,使困扰",5
15697,racetrack,跑道，赛马场，赛车场,5
15699,wiper,"擦拭者,手帕,雨刷,接帚",5
15701,paprika,红辣椒，辣椒粉,5
15702,marshmallow,"蜀葵糖浆,棉花软糖",5
15703,offbeat,不寻常的，非传统的，不落俗套的,5
15704,valued,"经估价的,宝贵的，受到尊重的,估价( value的过去式和过去分词 ),重视,给…定价,评价",5
15705,lurid,"可怕的,血红的,苍白的",5
15707,disinterested,"公正的,无私的,不感兴趣的,不关心的,使不再有利害关系,使无兴趣(disinterest的过去分词)",5
15708,acquiesce,"默认，默许,默认的",5
15709,kinetic,"运动的，活跃的，能动的，有力的,[物]动力（学）的，运动的",5
15711,sticking,"粘的，有粘性的,粘贴( stick的现在分词 ),张贴,插入,刺入",5
15712,brewery,酿酒厂，啤酒厂,5
15713,pelt,"（连续地）投掷,连续攻击,剥皮,（雨等）急降,开火,<口>迅猛前进,毛皮,抨击，打击,投掷",5
15714,inferiority,"劣势,下等,次级,自卑情绪",5
15715,musket,<史>火枪，（尤指）滑膛枪,5
15716,laureate,资金[荣誉]获得者,5
15717,bubbly,"起泡的,多泡的,香槟酒",5
15718,self-evident,"不证自明的,不言而喻的,显见",5
15719,puck,恶作剧的小妖精,5
15720,cleat,夹板,5
15721,woodwork,"木制品,木器,木工手艺,木工活",5
15722,disservice,伤害，虐待，不亲切的行为,5
15723,pueblo,印第安人村庄,5
15724,peppermint,"薄荷,薄荷糖,薄荷油",5
15727,greased,<美俚>灌足酒的，醉的,5
15728,anguished,"极其痛苦的,使极度痛苦(anguish的过去式)",5
15729,droop,"弯曲,下垂,枯萎,使…下垂,使颓丧,消沉",5
15730,unzip,拉开…的拉链,5
15731,goalie,守门员,5
15732,middle-income,中等收入的,5
15733,tome,"册,卷,大而重的书,一本巨著",5
15734,side-by-side,并肩的，并行的,5
15735,outlandish,"古怪的，奇异的,异国风味的,粗鲁笨拙",5
15736,satanic,"邪恶的,罪恶的,魔鬼的,崇拜撒旦的",5
15737,coed,"<非正>（教育、学校等）男女同校的,<过时，美，非正>（男女同校大学中的）女大学生",5
15738,invocation,"祈祷,乞求,乞灵,乞求神助",5
15739,craftsmanship,"技术，技艺,工力",5
15740,objectionable,<正>令人不快的，令人反感的，讨厌的,5
15741,scotch,"扑灭,使…受伤,切开，划开,制止转动,刻痕,格线,楔子,苏格兰人,<口>吝啬的,节约的，节俭的,苏格兰人的，苏格兰语的",5
15742,blazing,"酷热的,炽热的,极其愤怒的,感情强烈的,猛烈地燃烧( blaze的现在分词 ),发光，照耀",5
15743,skipper,"船长,队长,机长,跳跃者,担任船长、球队队长等",5
15746,scalpel,外科手术刀,5
15747,paraphernalia,"随身物品,装备，设备,[法]妻子的财产",5
15748,underclass,"下层社会，下层阶级,社会低层,一、二年级学生",5
15749,blacken,"使变黑，把…弄黑,诽谤，诋毁,中伤（名誉等）,变黑",5
15750,sterling,"标准纯度的,含标准成分的,符合最高标准的，高质量的,品格优秀的,英国货币,标准纯银,银器",5
15751,rye,"吉卜赛绅士,黑麦,裸麦威士忌酒,用黑麦制成的",5
15753,acceptability,可接受性,5
15754,accolade,"嘉奖，表扬,武士爵位的授予（礼）,[乐]达谱号",5
15755,bogey,"妖怪,可怕的东西,[体]标准打数,不明飞行物",5
15756,hushed,"（地方）异常安静的，寂静的,（声音、谈话）小声的，低声的",5
15757,incubator,"孵化器,（用于放置早产婴儿的）恒温箱",5
15758,recast,"再铸,重塑,改正,改作,重铸（物）,重新塑造（物）",5
15759,poodle,"髦毛小狗,贵宾犬",5
15760,twine,"盘绕,麻线,捻,缠绕在一起的东西,搓,编,（使）盘绕,蜿蜒",5
15761,potion,（药的）一服，一剂,5
15762,hoot,"猫头鹰叫声,汽笛响声,汽车喇叭声,嘲骂声,轰赶,呵斥,作猫头鹰叫声,汽笛等嘟嘟",5
15763,poacher,"偷猎者,偷猎者成了猎物保护人,侵入他人地界者,煮蛋用的锅",5
15764,airman,"飞行员，机组成员,空军士兵",5
15765,subsume,归入，包括,5
15766,lucid,"清楚的，明白的,神志清醒的,清澈的，透明的,[动，植]光滑的",5
15767,meteorologist,气象学者,5
15768,drafting,"起草,起草( draft的现在分词 ),制定,征募,拟稿",5
15769,stay-at-home,"不喜欢出门的，不喜欢离家的,不爱出门的人，不爱离家的人",5
15770,tic,（尤指面部或头部肌肉的）抽搐，痉挛,5
15771,sorority,妇女联谊会，女学生联谊会,5
15772,forthright,"直率的,直接的,立刻,直率地,直路",5
15773,fleck,"斑纹，斑点,微粒,使有斑点,使形成条纹",5
15774,louse,"虱子,寄生虫,卑鄙的家伙,搞糟，办砸,捉虱子，除虱子",5
15775,exponentially,以指数方式,5
15776,refuel,"（给）加油，加燃料,给…换新燃料",5
15777,raincoat,雨衣,5
15778,underage,"缺乏，久缺,未成年的，未到法定年龄的",5
15779,scrapbook,（粘贴相片、剪报等的）剪贴簿,5
15780,varnish,"清漆，罩光漆,光泽面,假漆,虚饰，外表,在（某物）上涂清漆,使…有光泽,装饰，粉饰",5
15781,retrain,重新教育，再教育,5
15782,consumerism,"消费主义 （认为高消费对个人和社会有利的看法）,保护消费者利益主义",5
15785,outlying,"偏僻的，边远的,无关的,题外",5
15786,sadistic,虐待狂的,5
15787,condensed,"（使）变稠或变浓，浓缩( condense的过去式和过去分词 ),（使）凝结,简说，摘要，简述",5
15788,wart,"疣，肉赘,[植]树瘤,<俚>讨厌的人,瑕疵，缺点",5
15792,wryly,（面部表情）做鬼脸地，苦笑地，嘲讽地,5
15794,devaluation,（货币）贬值,5
15795,philanthropic,博爱的，慈善的,5
15796,homophobia,对同性恋的憎恶（或恐惧）,5
15797,directional,"方向的,定向",5
15798,earnestly,认真地，诚挚地，热切地,5
15799,scum,"浮渣,泡沫,糟粕,产生泡沫,被浮渣覆盖,将浮渣去除掉",5
15800,annexation,并吞，附加，附加物,5
15801,moisturizer,"润肤霜,保湿霜",5
15802,moron,"<口>傻子,痴愚者（指心理年龄在8至12岁的成年人）",5
15803,uptown,"在住宅区,在非商业区,住宅区的,住宅区,远离商业区的市区",5
15804,charged,"充满感情的,紧张的，可能引起激烈反应的,填充",5
15805,heinous,（道德败坏的人或行为）极邪恶的，极可耻的,5
15806,insulated,"绝缘的，隔热的,使绝缘( insulate的过去式和过去分词 ),使隔离,使免除（不愉快的经历）,使免受（不良影响）",5
15807,roach,"蟑螂,[鱼]斜齿鳊,<美俚>大麻烟卷的烟蒂,[航]横帆下缘的弧形切口,梳（发）使成拱状,切短（马鬃等）使竖立",5
15808,slider,"滑雪者，滑冰者,会滚动之物,[棒]弧度不大的曲球,滑块",5
15809,saver,"救助者,俭省的人,节约装置",5
15810,depreciation,"（资产等）折旧,货币贬值,跌价",5
15811,jerky,"急拉的,忽动忽停的,愚蠢的,呆笨的,肉干，牛肉干",5
15812,cast-iron,铸铁的，坚固的，严格的,5
15813,scot,苏格兰人,5
15814,spurn,"蔑视,唾弃,轻视地踏或踢,轻视地拒绝某物,轻视的拒绝,踢开",5
15815,unwarranted,"没有根据的,无保证的,未经授权的,莫须有",5
15816,acquittal,"宣告无罪,（义务、职责等的）履行,尽职,<古>（债务等的）清偿",5
15817,lyric,"抒情的，抒情诗的,感情丰富的,歌喉柔美的,音乐剧的,抒情诗,歌词",5
15818,predetermined,"[]  [],预先裁定( predetermine的过去式和过去分词 ),注定",5
15819,transformative,有改革能力的，变化的，变形的,5
15820,pander,"勾引，（为…）拉皮条,怂恿，帮助（…）做（坏事）,煽动,迎合,拉皮条者,勾引者,帮人做坏事的人",5
15821,motivator,激起行为（或行动）的人（或事物），促进因素，激发因素,5
15822,wistful,"渴望的,沉思的，默想的,引起怀念的,不满足似的",5
15823,turnip,"芜青，萝卜,芜菁作物,<俚>怀表",5
15824,entomologist,昆虫学者,5
15825,boater,乘船者，硬草帽,5
15826,filth,"污物,污秽,猥亵,淫猥",5
15827,avenge,"为…复仇,为…报复,报复,报仇",5
15828,unfurl,"展开，张开，铺开（某物）,公开，揭示",5
15829,autistic,"患孤独症的,患自闭症的",5
15830,slimy,"似黏液的,黏滑的,<贬>谄媚的,虚伪的",5
15831,slat,"板条，狭板,用板条做或装备，打，猛投",5
15832,anarchist,无政府主义者,5
15833,pulsar,"脉冲星,（快速）脉冲射电源",5
15835,pissed,"厌烦的，恼火的,极其愤怒的，生气的,喝醉的",5
15836,retriever,寻猎物犬,5
15837,interrogator,"讯问者,审问者,质问者,询问器",5
15838,locust,"蝗虫，蚱蜢,[植]角豆树,[植]洋槐,破坏者",5
15839,strikeout,三击未中出局，失败,5
15840,breakout,脱逃，越狱，突围,5
15841,panoramic,"全景的,全貌的",5
15842,scavenger,"捡破烂的人，清扫工,食腐动物",5
15843,mottled,"杂色的，斑驳的，斑点的,使成杂色，使有斑点( mottle的过去式和过去分词 )",5
15844,condensation,"冷凝,冷凝液,凝结的水珠,节略",5
15845,grasshopper,"蚱蜢，蝗虫，蚂蚱,[空]小型侦察机",5
15846,tonal,声调的，调性的,5
15847,tongs,"V形夹子，火钳,吊钳,钳子,火剪",5
15848,sacramental,"天主教的类似圣典礼仪或事物,圣礼的，圣典的",5
15849,mousse,"奶油冻,（头发）定型摩丝,在…上抹摩丝",5
15850,perfectionism,十全十美主义，至善论,5
15852,unforeseen,"未预见到的，无法预料的,意外的，偶然的",5
15853,redistribute,"重新分配,再分配",5
15854,suction,"吸，抽吸,6。[英国英语]喝酒",5
15855,overarching,"首要的,在…上方成拱形( overarch的现在分词 )",5
15856,ordination,"[宗]圣职授任,任命,分类，排成等级",5
15857,edict,"法令,告示",5
15858,queasy,"（指人）想呕吐的,感到恶心的,易反胃的,（指良心等）感到不自在的",5
15859,masturbation,"手淫，自淫,自渎",5
15860,corny,<非正>平淡的，过时的，陈旧的,5
15861,crux,"（问题的）中心，核心，结症,坩埚,关键,症结",5
15865,hard-pressed,"处于困境的，遭受强大压力的,经济困难的",5
15866,fissure,"狭长裂缝或裂隙,裂伤,分歧,分裂,裂开",5
15867,tortured,"使痛苦( torture的过去式和过去分词 ),使苦恼,使焦急",5
15868,winnings,"奖金，赢得的钱（打赌或赌博赢的）,winning的复数",5
15869,impervious,"不可渗透的,透不过的,无动于衷的,不受影响的",5
15870,humanism,"人道主义，人本主义，人文主义,人文学,人文主义的，人道主义的",5
15871,libel,"文字诽谤,诋毁,中伤,诽谤罪,对…进行诽谤,发表文字诽谤",5
15872,confidant,心腹朋友，知己,5
15873,treetop,树稍,5
15874,enticing,"迷人的,诱惑，怂恿( entice的现在分词)",5
15875,clergyman,"牧师,教士",5
15877,molestation,"骚扰，干扰，调戏,折磨",5
15878,bluegrass,莓系属的牧草,5
15879,gurney,（医院中推送病人用的）轮床； 邮件车,5
15880,disillusion,"使不再抱幻想，使理想破灭,给…泼冷水,使醒悟,觉醒，幻灭",5
15881,slaying,"[]  [],杀戮。,杀死，宰杀，杀戮( slay的现在分词 )",5
15882,defiantly,挑战地，大胆对抗地,5
15883,grounding,"[电]接地，通地,搁浅,基础训练,底子，底色,[电]接地(ground的ing形式)",5
15884,sworn,"保证说实话的,宣过誓的,（朋友）感情极深的,（敌人）不共戴天的,诅咒，咒骂( swear的过去分词 ),（使某人）就…宣誓,郑重承诺,发誓要",5
15885,exhort,"劝告，劝说,倡导,勉励",5
15886,forwards,"向前方，继续向前,促进( forward的第三人称单数 ),（按新地址）转寄,发送,助长",5
15887,picker,"采摘者,挖掘者,采摘机,采摘工具",5
15888,buoyant,"轻快的,活泼的，开朗的,有浮力的，易浮的,（价格等）上涨的",5
15889,enliven,"使活泼,使生动,使有生气",5
15890,alfalfa,"苜蓿,紫苜蓿",5
15892,acupuncture,"针灸（疗法）,用针灸术治疗，用针刺法麻醉，对…施行针灸治疗",5
15893,converter,"[自]变换器,换流器，变压器，变频器,[冶]炼钢炉，吹风转炉,使转变[改变信仰]的人",5
15894,deferred,"延期的，缓召的,拖延，延缓，推迟( defer的过去式和过去分词 ),服从某人的意愿，遵从",5
15895,lovable,"可爱的,惹人爱的",5
15896,welding,"焊接法，定位焊接,粘结,熔接,锻接,使结合,焊牢，能被焊接,焊接( weld的现在分词 ),使紧密结合",5
15897,expertly,熟练地，巧妙地,5
15899,whomever,（作动词或介词的宾语时，有时候用来替代whoever）,5
15900,isotope,[化]同位素,5
15901,air-conditioned,"装有空气调节设备的,用空气调节器调节空气的,给…装上空调，用空调调节（空气）( air-condition的过去式和过去分词 )",5
15902,evaporation,"蒸发，发散,消失,汽化,蒸发法",5
15903,catering,"给养,承办酒席,提供饮食及服务,提供饮食及服务( cater的现在分词),满足需要，适合",5
15904,terra-cotta,陶瓦，赤陶，棕橙色,5
15906,underpin,"用砖石结构等从下面支撑（墙等）,加固（墙等）的基础,加强…的基础",5
15907,cologne,"古龙水,科隆,科隆香水,花露水",5
15908,deformity,"畸形的人（或物）,畸形状态,（道德等方面的）缺陷,畸形（或残缺）的部分",5
15909,graciously,"优雅地,慈祥地,亲切地,优裕地",5
15910,quaker,教友会教徒，教友派信徒,5
15911,perfectionist,"完美主义者,吹毛求疵者,至善论者",5
15912,noxious,有害的，有毒的,5
15913,pivot,"枢轴,中心点，中枢,[物]支点，支枢,[体]回转运动,在枢轴上转动,随…转移,把…放在枢轴上,以…为核心,使绕枢轴旋转,由…而定,枢轴的,关键的",5
15914,dispersal,"散布,分散,消散,驱散",5
15915,siberian,"[]  [],西伯利亚的，来自西伯利亚的",5
15916,aerosol,"[化]气溶胶,喷雾剂,悬浮微粒,喷雾器,喷雾的,喷雾器的",5
15917,morbidity,"病态,不健全,发病,发病率",5
15918,shaking,"摇动,挥动,震动,震惊,抖动的，发抖的，颤抖的,摇撼( shake的现在分词 ),（使）颤抖,握手,动摇",5
15919,gnarled,"（树、树干、树枝）扭曲的,多瘤的,多节的,（手、手指）粗糙的",5
15920,encroach,"侵犯,侵占,蚕食,侵蚀,侵入，侵犯,侵略，侵占,侵害",5
15921,pursuant,追踪的，依照的,5
15922,atrium,"心房,（现代建筑物开阔的）中庭，天井",5
15923,perceptive,"有知觉力的,感知的,有理解力的",5
15924,in-service,在职的，在职期间进行的，不脱产的,5
15925,legalization,合法化，认可,5
15926,cyst,"[医]囊肿,囊，泡囊,膀胱,[植]包囊",5
15927,detectable,"[]  [],可发觉的，可看穿的",5
15928,righteousness,"正直,正当,正义",5
15930,ethereal,"天上的,轻飘的,[化]乙醚的",5
15932,swine,"<旧>猪,<俚>讨厌鬼,下流坯,讨厌的人",5
15933,contrive,"设计，发明,创造,策划,设法做到,计划或谋划",5
15934,peacock,"（雄）孔雀，孔雀,爱虚荣的人,爱炫弄自己的人,[天]孔雀座,炫耀，招摇过市,趾高气扬地走",5
15935,phrasing,措词,5
15936,intolerant,"不能容忍的，不容异议的，心胸狭窄的,不能容忍，不容异议，心胸狭窄,不能容忍地，不容异议地，心胸狭窄地",5
15937,pomegranate,"石榴,石榴树",5
15938,intrepid,"无畏的,勇敢的,刚毅的,勇猛的",5
15939,skyward,"向上，朝向天空,向上的，朝向天空的",5
15940,blatantly,"喧闹地,公然地,露骨地,无耻地",5
15941,laurel,"（表示荣誉的）桂冠，光荣,[体]〈美〉（比赛的）胜利,[植]月桂树，月桂树叶",5
15944,abet,"教唆（犯罪）,煽动,怂恿,支持,帮助",5
15945,warplane,军用机,5
15946,condescending,"降低身份的,屈尊的,高傲的,傲慢的,屈尊，俯就( condescend的现在分词 ),故意表示和蔼可亲",5
15947,swish,"鞭打,（使）发飒飒声,时髦的,漂亮的,嗖嗖声；漂亮；搞同性恋的男子",5
15948,awning,"布做的凉篷,遮篷,雨篷,（甲板等上的）天篷",5
15949,entanglement,"瓜葛,牵连,纠缠,缠住",5
15950,justifiable,"有理由的,正当的,入情入理,说得过去",5
15951,acorn,橡子，栎实,5
15952,apr,Air profile Recording 大气分布图记录系统,5
15953,cottonwood,三叶杨，棉白杨,5
15954,childless,"无儿女的,无儿无女",5
15956,scandalous,"丢脸的,诽谤性的",5
15957,perplex,"使迷惑，使混乱,使复杂化",5
15958,urchin,"顽童,淘气鬼,<主英><动>猬,<动>海胆",5
15959,run-up,"抬高,将引擎加速，起转,<英>事件的前奏曲，预备阶段,助跑",5
15960,grisly,"可怕的,厉害的,严重的,〈口〉讨厌的",5
15961,paparazzi,专门追逐名人的摄影记者( paparazzo的名词复数 ),5
15962,stockbroker,[金融] 股票经纪人,5
15963,gingerbread,"姜饼，姜味饼干,华而不实的东西,华而不实的",5
15964,ineligible,"无入选资格的，不合格的,无被选权",5
15965,hypnosis,催眠，催眠状态，催眠术,5
15966,dropping,"滴下,滴下物,空投,兽粪,（使）落下( drop的现在分词 ),投下,（使）降低,减少",5
15967,garland,"花环，花冠，花圈,[建]华饰,〈古〉诗歌选集,胜利和荣誉的象征,戴花环,把…做成花环,给…饰以花环",5
15968,envious,"嫉妒的,羡慕的,热",5
15969,blockage,"堵塞，堵塞物,[医]（心理）阻滞,封锁（状态）,妨碍",5
15970,schematic,"纲要的,示意的,严谨的,有章法的,图表，（尤指）电路原理图",5
15971,vaccinate,"给…接种疫苗,注射疫苗，接种疫苗",5
15972,lentils,"[]  [],小扁豆( lentil的名词复数 ),小扁豆植株",5
15973,briton,"英国人，（大）不列颠人,布立吞人",5
15974,braided,"把（头发）编成辫子( braid的过去式和过去分词 ),把…编成穗带,（用饰带等）镶缀,编织",5
15975,censure,"指责，谴责,责备,斥责,指责,谴责,批评,谴责，责备",5
15976,cultured,"有教养的,人工培养的,耕作了的,栽培(culture的过去分词),培养",5
15978,musty,"发霉的,陈腐的,乏味的,陈旧的",5
15979,resounding,"反响的，共鸣的,响亮的，宏亮的,彻底的，完全的,夸张的，虚夸的,回响resound的现在分词",5
15981,predation,掠夺行为,5
15982,neoliberal,新自由主义者,5
15983,hopper,"漏斗,单足跳者,跳虫,储料器",5
15985,yoruba,（非洲）约鲁巴人（语）,5
15986,pronunciation,"发音,读法,发音方法,发音方式",5
15987,phantom,"幻影,幽灵,错觉,恐惧的事物,幽灵似的,幻影的，虚幻的,虚构的",5
15988,humanist,人道主义者，人文主义者,5
15989,institutionalized,"使（某事物）制度化( institutionalize的过去式和过去分词),将（某人）收容在社会福利机构",5
15990,melanoma,（恶性）黑素瘤，（良性）胎记瘤,5
15991,grimy,沾满污垢的，满是灰尘的，肮脏的,5
15992,toenail,"脚趾甲,（木匠用的）斜钉",5
15993,icu,intensive care unit 重点护理组,5
15994,syllabus,"教学大纲，课程提纲,（讲义等的）摘要，提纲,课程表,[法]（判例前的）判决要旨",5
15995,cynic,"愤世嫉俗者，讽世者,犬儒学派的人,愤世嫉俗的,犬儒学派的",5
15996,astonishingly,令人惊讶地，惊人地,5
15997,oversize,"太大的,超大型的,特大号（物）",5
15999,commemoration,纪念，纪念仪式,5
16000,phobia,"恐惧,厌恶",5
16001,defunct,"<正>已故的，不存在的,无效的，失效的,非现存的,死者，死人",5
16002,malaise,"不适，不舒服,莫名的不安,萎靡不振,潜在的不满意识",5
16003,fussy,"大惊小怪的,难取悦的,易烦恼的,（衣着，字句等上）充分讲究的",5
16004,agonize,"使（极度）痛苦，折磨,苦斗,苦苦思索,感到极度痛苦,苦闷",5
16005,sardine,"沙丁鱼,庸碌无能的人,紧紧地裹起来，塞满",5
16006,dissenter,持异议者，持不同意见者,5
16007,gaunt,"憔悴的,骨瘦如柴的,荒凉的,憔悴，荒凉",5
16008,babble,"喋喋不休,作潺潺声,呀呀学语,含糊不清地说,泄露,胡言乱语,含糊不清的话,潺潺声",5
16009,parenthesis,"插入语,插入成分,圆括号,间歇",5
16010,onerous,"繁重的,麻烦的,负有义务的",5
16011,lonesome,"孤单的，人迹稀少的,寂,寂寥",5
16012,crossword,纵横字谜,5
16015,fisher,"渔夫,食鱼动物,渔船,捞取者",5
16016,ill-fated,"不幸的,恶运的,薄命",5
16017,drowning,"溺水，溺死,（使）淹没， （使）溺死( drown的现在分词 ),浸透,浸泡,压过",5
16018,nab,"捉住，逮住,逮捕,抢夺",5
16019,annihilate,"歼灭，毁灭,使消失,彻底击败，战胜,使无效，使废弃,湮灭，湮没",5
16020,indelible,"擦不掉的,永久的，持久的,不可磨灭",5
16021,nemesis,"公正的惩罚,天罚,不可逃避的惩罚,报应",5
16022,exacting,"费劲的,需细致小心的,（标准）严格的,（对别人）严格的,要求( exact的现在分词 ),苛求,迫使,强迫",5
16023,conventionally,按照惯例，照常套，照老例,5
16024,volley,"（箭、子弹、抢、炮、等）群射，齐射,（质问，咒骂等的）迸发,群射，齐射,迸发,截击,进行群射,齐鸣,（网球运动中）截击",5
16025,created,"创造的,创造( create的过去式和过去分词 ),引起,造成,封",5
16026,insatiable,"无法满足的，贪得无厌的,贪得无厌的,不知足",5
16028,sternly,"严格地,严厉地,断然地,坚决地",5
16029,broach,"谈起,打开并开始用,用凿子扩大（或修光）,（在桶上）钻孔取液体,<海>（船）突然横转,（烤肉用的）炙叉,胸针",5
16032,decomposition,"分解,腐烂",5
16033,transplantation,"移植,移植法,移居,移民",5
16034,flourishing,"繁荣的,欣欣向荣的,茂盛的,盛行的,茂盛，繁荣( flourish的现在分词 ),兴旺发达,挥动",5
16035,precocious,"早熟的,较早具备某种能力的,较早显出的,（儿童）老气的",5
16036,cowardly,"怯懦的,胆小的,懦弱的,怯懦地,胆怯地",5
16037,good-natured,"和善的,性格好的，脾气好的,温厚的,好说话儿",5
16038,spacing,"间隔，间距,跨距,疏密,留间隔",5
16039,upstart,"暴发户，新贵,傲慢自负的人,暴富的,自命不凡的，傲慢无礼的,突然跳起，突然发起",5
16040,rugby,"橄榄球运动,拉格比市（英格兰中部的城市）,英式橄榄球",5
16041,received,"被一般承认的，被认为标准的,收到( receive的过去式和过去分词 ),接到,接纳,接待",5
16042,astounding,"使人震惊的,使震惊，使大吃一惊astound的现在分词)",5
16043,sleazy,"肮脏的,质地薄的,低劣的",5
16044,boneless,去骨的,5
16045,infiltration,"渗透,下渗,渗滤,入渗",5
16046,unscathed,"未受损伤的,未受伤害的",5
16047,empowering,"授权( empower的现在分词 ),准许,增加（某人的）自主权,使控制局势",5
16048,vigilante,"（自发组织的）治安团体的成员,义务警员,〈美〉自卫队员",5
16049,eternally,永恒地，常常，不绝地,5
16050,violator,违犯者,5
16051,spout,"喷口，喷嘴,水柱，喷流,（鲸类的）喷水孔,[气]龙卷,喷出,喷射,滔滔不绝地讲,把…典当掉",5
16052,airing,"晾,（电视台或无线电台）广播,（开车、骑车或骑马）兜风,（意见等的）公开发表,晾晒( air的现在分词 ),烘干,播送,广播",5
16053,ammo,<俚>弹药，军火,5
16055,giraffe,长颈鹿,5
16056,unsettling,"使人不安的,（消息）混乱的,扰乱，使不安宁",5
16057,illustrated,"有插画的报章杂志,有插图的,给…加插图（ illustrate的过去式和过去分词 ）,说明,表明,（用示例、图画等）说明",5
16058,bottleneck,"瓶颈,瓶颈路段（常引起交通堵塞）,（尤指工商业发展的）瓶颈,阻碍",5
16061,innocently,"无罪地,纯洁地,天真地,无知无识地",5
16062,purification,"洗净,涤罪,提纯,（犹太妇女按教规在月经后行的）洁净礼",5
16063,sculpted,"[]  [],雕刻( sculpt的过去式和过去分词 ),雕塑,做（头发）,梳（发式）",5
16064,emancipation,（从束缚、支配下）解放,5
16065,fortified,"加强的,筑防御工事于( fortify的过去式和过去分词 ),筑堡于,增强,强化（食品）",5
16066,no-nonsense,严肃的,5
16067,relent,"动怜悯心,发慈悲心,收敛,变温和",5
16068,impropriety,"不得体,不适当,不得体的举止,不正确",5
16069,reconfigure,重新装配，改装,5
16071,regent,"摄政者,（用在名词后）摄政的",5
16072,dumpster,废料箱,5
16073,chloride,"氯化物,〈口〉漂白粉",5
16074,retiring,"即将退休的,即将离职的,过隐居生活的,害羞的,退职，退役， （使）退休( retire的现在分词 ),退下,撤退,就寝",5
16075,demonize,使成为魔鬼,5
16077,amplifier,"扩音器,放大器,扩大的人,详述者",5
16078,luster,"光泽,光辉,光彩,荣耀,使有光泽，使有光彩，给…增光,有光泽，发光",5
16080,rambling,"闲逛的，漫步的,闲聊的,（思想）散漫的,布局凌乱的，杂乱无章的,（无目的地）漫游( ramble的现在分词),（喻）漫谈,扯淡,长篇大论",5
16082,purr,"咕噜咕噜的响声,（猫发出的）咕噜声,（机器等）颤动声,咕噜咕噜地叫,猫发咕噜声,发出喉音,满意地说",5
16083,celebratory,快乐的，兴高采烈的,5
16084,azalea,杜鹃花,5
16085,psychometric,心理测量的，心理测量学的,5
16086,involuntarily,"非自愿地,非出于本意地,无意地,偶然地",5
16087,purveyor,承办商，伙食承办商,5
16088,predictability,"可预测性,可预言性",5
16089,mangrove,红树属树木，海榄雌,5
16090,hoe,"锄头,草耙，除草器,锄草,用锄除（草等）,用锄（松土等）,用锄耕地",5
16091,well-to-do,"富有的，宽裕的,小康",5
16093,disobey,不服从，不顺从,5
16094,barter,"作物物交换，以货换货,拿…进行易货贸易,换货，实物交易,交易品，互换品,[数]换算法,易货贸易,进行易货贸易,[贸易]作物物交换,讨价还价",5
16095,usurp,"篡夺,侵占，霸占,盗用,夺取，强夺,篡权,侵占,侵害",5
16096,uncompromising,"不妥协的，坚定的,不肯通融的,强硬的，坚决的,不屈的，严厉的",5
16097,life-size,（艺术作品）与真人[实物]一样大的,5
16098,busily,"忙碌地,起劲地",5
16099,synchronize,"使同步,使同时,同时发生,共同行动",5
16100,iodine,<化>碘,5
16101,broiler,争吵者，酷热的日子,5
16102,megawatt,兆瓦，百万瓦特（电能计量单位）,5
16103,pike,"长矛,梭鱼，狗鱼,收费道路,[泳]虾式跳水,用矛刺穿,<美俚>赶路，走,<美俚>（跟着大赌客）小心谨慎的赌小钱,用长矛戳（伤，死）",5
16104,inexorably,无情地，冷酷地,5
16105,communicative,爱说话的，好社交的,5
16106,toughen,"使变坚韧,使变坚强,使变强硬,使变顽强,变坚韧,变坚强,变强硬,变顽强",5
16107,reliant,"依赖的,依靠的,信赖的,信任的",5
16109,conciliatory,"安抚的,说服的,调和的,调解的",5
16110,breezy,"有微风的，微风吹过的,通风好的,活泼的，轻松愉快的",5
16111,placard,"招贴，布告,标语牌,海报,张贴布告于，在…上贴广告,公布,悬挂（标语等）",5
16114,particulate,"微粒的，粒子的,微粒，粒子",5
16115,artful,"巧妙的,狡猾的,有技巧的,人工的",5
16116,fruitless,"没有成果的，无益的,不结果实的,不成功的,白搭",5
16117,gourd,葫芦,5
16118,golfing,"打高尔夫球,打高尔夫球(golf的ing形式)",5
16119,reborn,"再生的，复活的,更新的，复兴的",5
16120,overgrown,"长得很快的,杂草丛生的,长满，长得超过，长得过大( overgrow的过去分词)",5
16122,re-emerge,重新浮现,5
16123,headway,"前进,进展,航行速度,间隔时间",5
16125,consign,"委托，托付,托运,寄售,用作，当作",5
16126,stubby,短而粗的,5
16127,proffer,"提供，贡献，提出,提出参见,提供,贡献,提供的行为,提议",5
16129,impotent,"无力的,虚弱的,无效的,[医]阳痿的",5
16130,inhuman,"非人的，不近人情的,残忍的，野蛮的,无人性的,不人道",5
16132,anoint,"用油软膏涂抹,（宗教仪式上）抹油使神圣化,（如奉圣意般地）选定,指定",5
16134,launder,"洗涤,洗黑钱（把来路可疑的钱弄得貌似合法）,洗烫衣物,消除…的污点,洗熨,[矿]槽洗机，流槽",5
16135,jumbo,"庞大的,巨大的,体大而笨拙的人或物,大型喷气式客机,庞然大物",5
16136,voluminous,"大的,多卷的,著作多的,宽松的,宽松地，容量大地，篇幅长地,宽松，容量大，篇幅长",5
16138,inkling,想法，暗示，迹象,5
16139,perestroika,"（苏联经济与政治体制的）改革,调整,政治经济重建的",5
16140,departmental,"部门的，各部的,各县的,分科的",5
16141,bemused,"困惑的，茫然的，不知所措的,使困惑，使发呆( bemuse的过去式和过去分词)",5
16142,furor,"喧闹,狂热,狂怒,抗议",5
16143,thermostat,恒温（调节）器,5
16144,ready-made,"现成的,做好的,事前已想好了的,已做好的东西",5
16145,partake,"参加,参与,吃,参与者，分担者",5
16146,steadfast,"坚定的,固定的,不动摇的,不变的",5
16147,stanza,"（诗）节,（戏剧等在某一地点的）演出期,〈美〉运动比赛的段落,局，场",5
16148,telegraph,"电报,电讯,电报机,信号机,打电报,流露出,电汇,用电报通知,用电报发送,打电报向（某人）发指令,电购",5
16149,embroil,使（自己或他人）卷入纠纷,5
16150,compatriot,"同胞,同国人,同国人的,同胞的",5
16151,commons,"[]  [],平民，下院，公共用,[法律]（对土地、水域的）共有权( common的名词复数 ),公共用地,（学校、大学等的）学生公共食堂,[宗教]（基督教某个特定节日所用的）普通礼拜",5
16152,bulkhead,"隔离壁（用在船舱、隧道、太空飞行器，以防止在一部分损坏时水或空气流入其他部分）,防水壁,隔风墙,堵墙",5
16153,archetypal,原型的,5
16154,concierge,看门人，门房,5
16155,nymph,"仙女,幼虫",5
16156,qualifier,"合格者，已取得资格的人,[语]修饰语,预选赛，资格赛",5
16157,siphon,"虹吸管,用虹吸管吸（或输送）（液体）,通过虹吸管",5
16158,spoils,"<正>战利品，赃物,变质( spoil的第三人称单数 ),损坏,毁掉,破坏",5
16159,scoreboard,记分板,5
16160,tendril,"（植物的）卷须,卷须状物，卷发",5
16161,rigorously,"严厉地，残酷地,严密地",5
16162,subcontractor,转包商，次承包者,5
16163,carver,"雕刻师，雕工,切肉的人,切肉刀，切肉用具,卡佛（人名）",5
16164,homogeneity,"同种，同质，同次性,一致性,齐性,均匀性",5
16165,terrier,"小猎狗，一种活泼的小狗,<英俚>本土军士兵,地产册",5
16167,altruism,"利他主义，无私,爱他主义,利人主义",5
16168,orphaned,[]  [],5
16169,unforgiving,不可宽恕的，不能原谅的,5
16171,reciprocate,"互换，互给,回报,往复运动,互换,互给",5
16172,euthanasia,"安乐死,安然去世，无苦痛的死亡",5
16173,cracking,"优秀的,美妙的,分裂的,极快的,非常,极其,破裂,分馏,[化]裂化,打开( crack的现在分词),（使…）开裂,说（笑话）,开瓶",5
16174,solicitation,"诱惑,揽货,恳切地要求,游说",5
16175,ballerina,（意大利语）芭蕾舞女演员（尤指演主角的）,5
16176,aviator,<旧>飞机驾驶员，飞行员,5
16178,roofing,"屋顶盖法,铺屋面",5
16179,glassy,"似玻璃的,像玻璃一样光滑的,（眼神）呆滞的,无生气的,（目光）呆滞地，无生气地",5
16180,encryption,"编密码,加密",5
16181,scathing,"（言词、文章）严厉的，尖刻的,不留情的,严厉地，尖刻地,<诗>伤害，损害（尤指使之枯萎）( scathe的现在分词)",5
16182,malady,"（制度或机构的）弊病，弊端,疾病,病症,弊害",5
16184,soulful,"充满深情的,感情上的,高尚的",5
16185,quandary,"窘困,不知所措,左右为难",5
16186,standardization,"标准化,标定,规格化,规范化",5
16187,standstill,"停顿,停止，停滞,停顿的，停滞的,引起停顿的,造成停滞的",5
16189,mightily,强烈地，非常地,5
16190,jiggle,"轻摇，抖动,坐立不安,轻摇",5
16191,syntax,"句法,句法规则[分析],语构,语法",5
16192,maturation,化脓，成熟,5
16194,canteen,"小卖部,食堂，小饭馆,水罐,餐具盒，炊具箱",5
16195,montage,"蒙太奇,（电影、电视的）镜头组接,合成画,叠化剪辑",5
16196,epidemiologist,流行病学家,5
16197,strengthening,"加固,加强，巩固( strengthen的现在分词 )",5
16198,lopsided,"不平等的,两侧不匀称[不平衡]的，向一侧歪斜的,畸",5
16199,resolutely,"坚决地，毅然地,固",5
16200,congenital,"先天的，天生的,先天性",5
16201,archetype,"典型,原型",5
16202,abiding,"持久的，永久的,不变的,由来已久的,容忍(abide的现在分词),遵守,继续存在",5
16203,nifty,"俏皮的，极好的,俏皮话，漂亮话",5
16204,sensuous,"感觉（上）的,感官的,（引起）美感的",5
16206,trepidation,"害怕,不安,震颤,颤抖",5
16207,cajun,移居美国路易斯安纳州的法人后裔,5
16209,conspirator,共谋者，阴谋家，反叛者,5
16211,hunker,"盘坐,守旧者",5
16213,morbid,"（兴趣、精神、思想等）病态的,疾病的,有成见的,令人毛骨悚然的，恐怖的",5
16214,handsomely,"大方地,慷慨地,精致地,<海>缓慢小心地",5
16215,stymie,"<高尔夫> 妨碍球,困难的处境,妨碍，阻挠",5
16217,hilly,"多丘陵的,多小山的,多坡的,峭峻的",5
16218,inflow,"流入，注入,流入物,内流，吸入",5
16219,queue,"（人或车辆）行列，长队,辫子,（人、车等）排队等候,（使）排队，列队等待",5
16220,profanity,"渎神,亵渎语言",5
16221,linguistics,"语言学,语言的，语言学的，语言研究的( linguistic的名词复数 )",5
16222,foolishness,愚蠢，愚笨,5
16223,talker,讲话者，谈话者,5
16224,slumber,"微睡，睡眠,蛰伏，处于静止状态,（用睡眠）消磨（时间）,微睡，安眠，熟睡,蛰伏",5
16225,kidding,开玩笑,5
16226,grown,"成年的，成熟的,被…长满的,栽培的,种植(grow的过去分词),生长，变成",5
16227,morsel,"一口,（尤指食物）小块，碎屑",5
16228,backwater,"回水，回流,滞水，死水,闭塞的地方,不受外界事件或新思想影响的地方,倒开船,食言",5
16229,hubris,骄傲自大，自恃,5
16230,telecom,"telecommunication,电信",5
16231,hypocrite,伪君子，伪善者,5
16232,bazaar,"街市，市场,百货商店,义卖，义卖市场",5
16233,gleefully,高兴地,5
16235,consulate,"领事馆,领事职位,领事任期",5
16236,self-proclaimed,自称的,5
16237,insinuate,"暗示,巧妙或迂回地潜入,（使）缓慢进入,慢慢伸入",5
16238,miscellaneous,"各种各样的,五花八门的,混杂的,多方面的",5
16241,whaling,"捕鲸业,一阵痛打,捕鲸(whale的ing形式),鞭打",5
16242,clarinet,"[乐]单簧管,竖笛,黑管",5
16243,insignia,证章，官职的标志（如肩章、领章等）,5
16245,instigate,"教唆,煽动,激起",5
16246,minimalist,"极简抽象艺术的，极简抽象风格的,最低必须限度的,极简抽象派艺术家，极简派音乐家,保守派",5
16247,sickle,"镰刀,收割机中的切割装置,用镰刀割…,使（红血细胞）成镰状,呈现出一种异常的月牙状，用于指红血细胞",5
16248,altruistic,利他的，无私心的,5
16249,undetected,"未被觉察的，未被发现的,未探测到的",5
16250,bewildering,"让人困惑的,使迷惑(bewilder的ing形式)",5
16251,waning,"（月亮）渐亏的，逐渐减弱或变小的,月亏,衰落( wane的现在分词 ),（月）亏,变小,变暗淡",5
16253,chairwoman,女主席，女议长,5
16254,brunette,"黑头发的妇女，咖啡色头发的女人，深褐色头发的白人女子,（头发等）黑色的，深褐色的,具有黑色或深褐色头发和浅黑色皮肤的",5
16255,croon,"低声歌唱,柔情地轻哼﹑轻唱或低声述说,深情地唱,轻唱，轻哼,低吟，低吟声",5
16257,nicaraguan,尼加拉瓜的,5
16261,cursory,"粗略的，草率的，仓促的,肤皮潦草",5
16262,severed,"切断，断绝( sever的过去式和过去分词 ),断，裂",5
16263,resell,再卖，转售,5
16265,appendage,"附属物,依附的人,<生>附属器官,附属肢体（如臂、腿、尾等）",5
16266,intermittently,"间歇地,断断续续",5
16268,infringement,"侵权,违反,违背",5
16269,circuitry,"电路，线路,电路图",5
16270,quadrant,"四分之一圆,扇形体,象限仪,四分仪",5
16271,renegotiate,重新谈判,5
16272,surname,"姓，姓氏,别名，绰号,给…加姓",5
16273,extraterrestrial,"地球外的，地球大气圈外的,外星人",5
16274,kangaroo,[动]袋鼠,5
16276,enormity,"穷凶极恶,弥天大罪,巨大,极大",5
16277,re-entry,再进入,5
16279,essayist,小品作者，随笔作家，评论家,5
16280,adamantly,坚决地，坚定不移地，坚强不屈地,5
16281,slut,荡妇，懒妇，母狗,5
16282,gondola,"狭长小船,货架（一般指商店，例如化妆品店）,吊船工作台",5
16283,fecal,排泄物的，渣滓的，糟粕的,5
16284,unequivocal,"不含糊的,明确的,毫不含糊",5
16285,propagation,"传播，传输，蔓延，扩展，波及深度,〔生〕繁殖法，〔地〕传导,宣传,培养",5
16286,decentralization,分散,5
16287,concurrently,同时地,5
16288,self-worth,自尊，自大，自负,5
16289,wistfully,惆怅地，渴望地,5
16290,lichen,"[植]地衣，苔藓,使长满苔藓",5
16291,sultry,"（指天气）湿热难耐的,（指人）易动感情的,肉欲的,性感的",5
16292,nugget,（天然）块金，块,5
16293,stereotyping,"[]  [],把…模式化，使成陈规( stereotype的现在分词 )",5
16294,ever-present,经常存在的,5
16295,headstone,墓碑,5
16296,testimonial,"证明书,纪念品,奖品,证明的,表扬的,褒奖的",5
16297,speckled,"有斑点的,（皮肤、羽毛、蛋壳等上的）斑点，色斑( speckle的过去式和过去分词 )",5
16298,cordless,（电话或电动工具）不用电线与电源相连的，无电线的，无塞绳式的,5
16301,reggae,瑞格舞（西印度群岛的一种舞蹈及舞曲）,5
16302,practicing,开业的，在工作的,5
16303,motorized,"给（车辆）装上发动机( motorize的过去式和过去分词 ),使机动化,用机动车装配（部队等）,使（部队等）机动化",5
16304,disordered,"混乱的,杂乱的,错乱的,失调的",5
16305,leeway,"（航行由于强风所致的）偏航,余地,时间损失，落后,风压差，风压角",5
16306,hairline,极细的织物,5
16307,grille,"格子，格栅,（汽车散热器的）护栅",5
16308,reasoned,"合乎逻辑的，经过周密思考的,推理，思考( reason的过去式),争辩,推理，思考( reason的过去式和过去分词)",5
16310,fickle,"（爱情、友谊等）易变的，无常的,薄情的,浮躁的",5
16311,widower,鳏夫,5
16314,globular,"球状的,球形,球粒状",5
16315,foreshadow,预示，是…的先兆,5
16316,collecting,"[]  [],收集( collect的现在分词 ),收到,收藏,聚积",5
16317,stacked,堆积( stack的过去式和过去分词 ),5
16318,riff,"反复乐节,即兴重复段,里弗族,反复演奏即兴段",5
16320,contiguous,接触的，邻近的，共同的,5
16321,attitudinal,态度的，根据（或表示）个人态度的,5
16322,illuminated,"被照明的，发光的,（书籍等）用鲜明图案装饰的,受到启发（启蒙）的,使明亮( illuminate的过去式),照亮,阐明，说明,启发",5
16323,dissection,"解剖，切开，剥离,剖割,切割,切段",5
16324,boundless,"无限的,无穷的,无边际的,广阔的",5
16326,tolerable,"可忍受的,过得去的,可宽恕的,<口>还算健康的",5
16327,amenable,"（对法律等）负责的,易控制的,经得起检验（或考查）的,可用某种方式处理的",5
16329,decompose,"分解,（使）腐烂",5
16330,sapling,幼树，树苗,5
16331,bushy,"（毛发或毛皮）浓密的,（植物）茂密的,灌木似的",5
16334,creeping,"爬行（的）,蹑手蹑足地走( creep的现在分词 ),缓慢地行进,爬行,匍匐",5
16335,cheesy,"干酪质的,<美俚>（质量）低劣的,下等的,<英俚>俊俏的",5
16336,fleece,"羊毛,一只羊一次剪下的毛,羊毛状织物,绒头织物,诈取,剪羊毛,（羊毛般）盖满",5
16337,labor-intensive,劳动密集型的,5
16338,triumphantly,"耀武扬威地，得意扬扬地,胜利",5
16339,commemorative,"纪念的，纪念性的,纪念品",5
16340,buzzing,"嗡嗡响的,发出嗡嗡声( buzz的现在分词 ),（发出）充满兴奋的谈话声[闲话，谣言],忙乱，急行,用蜂鸣器（发信号）",5
16341,purist,"语言纯正癖者,纯化论者,力求纯化的人",5
16342,great-grandfather,"曾祖父,太爷",5
16343,maxim,"格言，座右铭,准则",5
16344,uneducated,"未受良好教育的,缺乏教养的,未受过正规教育的,没上过学的",5
16345,wholeheartedly,"全心全意地，全神贯注地,一心,竭诚,真心诚意",5
16347,triplet,"三胞胎之一,三个一组,三联体（码）,三连音符",5
16348,ire,愤怒,5
16349,weakened,"[]  [],虚弱的,（使）削弱， （使）变弱( weaken的过去式和过去分词 )",5
16350,genesis,<正>创始，起源，发生,5
16351,dogwood,<植>水木,5
16352,amorphous,"无组织的,模糊的,无固定形状的,非结晶的",5
16354,undisputed,"无可置疑的,毫无疑问的,无可争辩的,无异议的",5
16355,troublemaker,惹是生非者，捣乱者,5
16356,quickness,急速，迅速地，尖锐化,5
16357,canine,"犬的,狗的,似犬的,犬科的,犬齿,犬牙,犬科动物",5
16358,jigsaw,"竖锯，钢丝锯,拼板玩具,锯曲线机,用锯曲线机锯,使互相交错",5
16359,well-trained,训练有素的，受过良好训练的,5
16360,horrified,"惊悸的，带有恐怖感的，惊骇的,使震惊，使感到恐怖( horrify的过去式和过去分词 )",5
16361,die-hard,顽固的，死硬的,5
16365,repulsive,"令人厌恶的，可憎的,丑恶",5
16367,invoice,"发票,发货单,开发票,记清单",5
16368,inflationary,"通货膨胀的,通货膨胀倾向的,通货膨胀引起的",5
16369,preponderance,数量上的优势,5
16370,pantheon,"万神庙,（一国或一民族信奉的）众神,名流,伟人",5
16372,saber,"军刀,马刀,（击剑时用的）尖细的轻剑,武力威胁,用军刀斩",5
16373,deceit,"欺骗，欺诈,诡计,谎言",5
16374,balkan,巴尔干半岛的,5
16375,issuing,"[]  [],出版( issue的现在分词 ),发表,宣布,分配,发行者( issuer的现在分词 )",5
16376,repatriation,遣送回国，归国,5
16377,creaking,"[]  [],（门）嘎吱作响( creak的现在分词 )",5
16379,epitome,"缩影,典型的人或事物,（书、演讲等的）摘要",5
16380,woefully,忧愁地，可怜地,5
16381,revulsion,"剧变,抽回,厌恶，强烈的反感,[医] 诱导法",5
16382,energy-efficient,能效高的；高能效的,5
16383,slime,"黏质物,黏液,黏泥,软泥,（用稀泥等）涂，糊,分泌黏液使黏滑,清除黏液[稀泥等],〈英俚〉滑脱，用狡猾手段脱身溜掉 (away through etc.)",5
16384,streetcar,有轨电车,5
16385,amiable,"和蔼可亲的,温和的",5
16387,tamil,"泰米尔人,泰米尔语,泰米尔人的，泰米尔语的",5
16389,adage,谚语，格言,5
16390,mm,"[]  [],=megameter,=millimeter,=millimicron",5
16392,shelve,"将（书等）放置在架子上,将…搁在一边,装搁架于,罢免,（陆地）逐渐倾斜",5
16393,sampler,"采样器,样板,样品检查员",5
16394,psychoanalytic,心理分析的,5
16395,protestantism,新教，新教教义，新教教会,5
16396,top-notch,"拔尖的,一等",5
16397,hurtful,有害的，伤感情的,5
16399,trapper,设陷阱捕兽的人,5
16400,sabbatical,"休假的，公休的,学术休假",5
16401,airfare,飞机票价,5
16402,law-abiding,"守法的,规规矩矩",5
16404,circumference,"周围，圆周,胸围",5
16405,paltry,"微小的,不重要的,无价值的,可鄙的",5
16407,cross-sectional,代表性的,5
16408,frond,蕨类或棕榈类植物的叶子,5
16410,mournful,"哀痛的，令人伤心的,悲伤的,使人伤心（沮丧）的,凄凄切切",5
16411,demonic,恶魔的，魔鬼似的，恶魔般的,5
16412,lithium,<化>锂,5
16413,steeply,险峻地，大坡度地,5
16414,housework,家务劳动,5
16416,sh,"安静,静一静,嘘",5
16417,pruning,"修枝，剪枝，修剪,修剪（树木等）( prune的现在分词 ),精简某事物，除去某事物多余的部分",5
16418,pretzel,椒盐卷饼，<美俚>法国号,5
16419,permanence,永久，持久,5
16420,swirling,旋转，打旋( swirl的现在分词 ),5
16421,riveting,"饶有趣味的，非常精彩的，引人入胜的,铆接（法）,铆接( rivet的现在分词 ),把…固定住,吸引,引起某人的注意",5
16423,gash,"划深而长切口,砍,深长的切口（或伤口）,裂缝",5
16424,annihilation,"歼灭,灭绝,<物>（粒子与反粒子的）湮灭,湮没",5
16426,berate,"严厉责备,痛斥",5
16427,testicle,"[解]睾丸,精巢",5
16428,hatchery,（尤指鱼的）孵化场,5
16430,arbitrarily,"任意地,武断地,反复无常地,肆意地",5
16431,unending,"无止境的，不停的，不断重复的,无止境地，不停地,不断重复地",5
16432,misread,读错，念错，对…判断错误,5
16433,relapse,"（病）再发，复发,故态复萌,再度堕落,再陷邪道,[医]再发，旧病复发,复旧，故态复萌,退步,堕落",5
16434,aria,"咏叹调,唱腔，唱段",5
16435,baboon,狒狒,5
16436,authoritarianism,权力主义，独裁主义,5
16437,succinctly,"简洁地,简洁地，简便地",5
16439,bough,大树枝,5
16440,reassemble,"重新组装,重新装配,重新召集",5
16442,giving,"礼物，给予物,给予，赠送( give的现在分词 ),（与名词连用描述某一动作，意义与该名词相应的动词相同）,供给,交给",5
16444,slosh,"溅，泼，泼溅在…上,（尤指钱）大量存在,涉水而行,（液体）（在容器里）晃荡作响,（在液体里）出声地四处移动",5
16445,springboard,"（有助于成功的）跳板,（跳水、体操等体育运动中的）跳板，踏板",5
16446,ref,裁判员,5
16447,ideologue,意识形态的拥护者，思想意识的盲目追从者,5
16448,structurally,在结构上,5
16449,self-consciousness,"害羞,自觉意识，不自然",5
16450,unannounced,"未经宣布的,未通知的",5
16452,puny,"小于一般尺寸的,微不足道的,弱小的,微弱的",5
16453,encampment,露营，宿营，营地,5
16455,unchallenged,"未受到挑战的,不成问题的,未引起争论的,无异议的",5
16456,recline,"斜倚，倚靠，躺卧,依赖,使躺下,使斜倚,靠,依靠，信赖",5
16457,zenith,顶点， 极点,5
16458,reheat,把…再加热,5
16459,unassuming,"谦逊的，不装腔作势的，不招摇的,平易",5
16460,faceless,"姓名不详的，不露面的，匿名的,没脸面的,无个性的，无特性的",5
16461,deconstruct,"解构（文学作品等）,拆析",5
16462,drool,"流口水,对某人或某物流露出痴迷的神情,痴情地看,迷恋地看",5
16465,self-destructive,自毁的,5
16466,treated,"已处理过的，精制过的，加工过的,处理( treat的过去式和过去分词 ),探讨,对待,请（客）",5
16467,projectile,"抛射体,（炮弹、子弹等）射弹，（火箭等）自动推进的武器,向前开进的,推进的,抛掷的,弹射的",5
16468,domesticated,"喜欢家庭生活的,（指动物）被驯养了的,驯化( domesticate的过去式和过去分词 )",5
16469,soundly,"完好地，健全地,正确地,严厉地,酣畅地",5
16470,insurmountable,"不可逾越的,不能克服的",5
16471,unbiased,"无偏见的，不偏不倚的，公正的,持平,无偏无党,谠",5
16472,catheter,导尿管，尿液管，导管,5
16473,seedy,"破烂的,多籽的，籽状的,疲倦的,粗鄙的",5
16474,shambles,"<口>混乱,屠宰场,毁坏（景象）,大屠杀场面,蹒跚而行，拖着脚走，踉跄地走( shamble的第三人称单数)",5
16475,outdo,胜过，优于,5
16476,pulley,"滑轮（组），滑车,皮带轮,用滑轮升起，用滑车推动,给…装滑车",5
16477,panacea,"万应灵药,治百病的药",5
16478,encapsulate,"封装,概述,形成囊状物",5
16479,finality,"结尾,定局,终结,最后的事物",5
16480,acuity,"尖锐，（疾病的）剧烈，（视力、才智等的）敏锐,敏度",5
16481,machete,"弯刀,大砍刀",5
16483,chariot,"敞篷双轮马车（古代用于战争或竞赛），战车,驾驭",5
16484,sacrificial,牺牲的,5
16485,chewing,"咀嚼，咬( chew的现在分词 ),（因为紧张等）咬住，不停地啃，（为尝味道）不停地咀嚼",5
16486,fragility,"脆弱，虚弱,易碎性,脆性,脆弱性",5
16487,powered,有动力装置的，用动力推动的,5
16489,defector,逃兵，背叛者,5
16490,impressed,"印象深刻的,使感动，使印象深刻( impress的过去式和过去分词)",5
16491,payday,发薪日,5
16492,orgy,"狂欢,放荡,（秘密举行的）酒神节",5
16493,inconsequential,不重要的，无足轻重的，不值得考虑的,5
16495,wrongful,"不正当的,不合法的",5
16496,disprove,"反驳,证明…是虚假的",5
16497,silt,"淤泥，泥沙,被淤塞,淤积,使淤积,充塞",5
16498,evaluator,求值程序,5
16499,jumpsuit,连衣裤，（尤指女式）连衣裤,5
16501,well-dressed,"穿着入时的,穿着考究的,穿得好的",5
16503,secularism,"现世主义,世俗主义,宗教与教育分离论,政教分离论",5
16504,realignment,"重新排列,重新定线,改组",5
16505,ruefully,"悲伤地,可怜地,悲惨地,悔恨地",5
16506,feral,（动物）野生的，未驯的，野蛮的,5
16507,genteel,"文雅的,有礼貌的,有教养的,上流社会的",5
16509,syndicate,辛迪加，企业联合组织，财团,5
16510,chafe,"擦热（尤指皮肤）,擦痛,发怒,惹怒,擦伤",5
16511,overseer,监工，监督者,5
16512,sidekick,"[非正式，俚]亲近的同事或朋友,[俚]死党,好友,[非正式，俚]助手",5
16513,assail,"攻击，袭击,（用言论）指责,质问,着手解决",5
16514,starry,布满星星的,5
16515,reconstitute,"再组成，再构成,加水使（脱水食物）复原",5
16516,sterilization,"杀菌，绝育,灭菌",5
16517,dill,"<植>小茴香,<园艺>莳萝，莳萝的种子,草茴香",5
16518,liquidity,"流动性,流动资金,资产流动性,<财>资产折现力",5
16519,tenderloin,"（牛、羊等的）腰部嫩肉,腩,里脊,牛腩",5
16520,punctuation,"标点法,标点符号,标点符号的使用,点标点",5
16521,admiring,"赞赏的，钦佩的,赞赏( admire的现在分词 ),称赞,欣赏,<美口>想要",5
16522,feisty,"活跃的,好争吵的,精力充沛的,烦躁不安的",5
16523,endearing,"使人喜欢的，讨人喜欢的,使某人（自己）受某人喜欢(endear的现在分词),令…喜欢某人/自己,“endear”的现在分词",5
16525,biz,"商业,生意",5
16526,degenerate,"退化的,堕落的,变质的,变性的,使退化,恶化,使变质,衰减,退化,堕落,堕落的人,腐化的人,精神变态者,退化的动物",5
16529,tantalize,"逗弄,引诱,折磨,使干着急",5
16530,falcon,猎鹰,5
16531,restaurateur,餐馆老板,5
16532,mirage,海市蜃楼，幻景,5
16533,masquerade,"化装舞会,伪装,掩饰,假扮,乔装,冒充",5
16534,tepid,"微温的,不冷不热的,不热情的,半心半意的",5
16535,forebear,祖先，祖宗,5
16536,surcharge,"追加罚款,使…装载过多,使…负担过重,索高价,附加费，额外费用,超载,[法]过高收费行为,加盖过的邮票（或印花税票）",5
16537,defenseless,"<主美>无防御的，无保护的，不能自卫的,手无寸铁",5
16538,dispenser,"配药师,分配器,自动售卖机,自动取款机（或饮水机等）",5
16539,unfettered,"被除去脚镣的,<正>不受限制的，不受约束的,解放（ unfetter的过去式和过去分词 ）",5
16540,belittle,"轻视,贬低,使显得微小",5
16541,margarita,（由墨西哥龙舌兰酒、酸橙或柠檬汁以及橙味酒混合调制而成的）玛格丽塔酒,5
16542,fatten,"喂肥,养肥（牲畜）,使（钱）增多,使（公司）升值",5
16543,alleyway,"小巷，胡同,窄街，通道",5
16544,ail,"生病,感到不舒服,处境困难,境况不佳,使受病痛,使疼痛,使烦恼,折磨,病痛，苦恼，烦恼",5
16545,schoolgirl,女学生,5
16546,char,"把…烧成炭，把…烧焦,烧焦,烧成炭，烧焦,<主英>做杂役女佣,碳,（尤指家庭的）杂务,<鱼>嘉鱼,茶（英式英语旧时用法）",5
16547,constrict,"压缩， 压紧,妨害，阻碍,收缩,挤压,变得收缩",5
16549,smudge,"弄脏,使冒浓烟,使模糊,用浓烟熏,被弄脏,形成污迹,污点，污迹,浓烟,冒浓烟的火堆,模糊的字迹",5
16550,refrigeration,冷藏，冷冻,5
16551,top-down,组织管理严密的,5
16552,lifeboat,救生艇，救生船,5
16553,uprooted,"[]  [],把（某物）连根拔起( uproot的过去式和过去分词 ),根除,赶走,把…赶出家园",5
16554,zealous,热心的，热情的,5
16555,hiding,"躲藏，隐匿,<口>殴打",5
16557,irritated,"恼怒的，生气的,使发怒( irritate的过去式和过去分词 ),使急躁,使感到不适,使疼痛",5
16558,concise,"简明的，简洁的,简约,精炼",5
16559,boisterous,"狂暴的,喧闹的,骚嚷的",5
16560,environmentalism,环境保护论，环境论,5
16561,passively,被动地，顺从地,5
16562,deceptively,"迷惑地,虚伪地，欺诈地",5
16563,bile,"胆汁,愤怒,坏脾气",5
16564,burrito,墨西哥玉米煎饼,5
16565,oriented,"导向的,以…为方向的,定向的,定方向",5
16566,ominously,"恶兆地，不吉利地,预示地",5
16567,anchovy,"凤尾鱼,鳀鱼",5
16568,demeaning,使降低身份，使卑下( demean的现在分词 ),5
16569,plunder,"掠夺,偷,私吞,抢劫,掠夺物",5
16570,router,"刳刨者,刳刨工具,刳刨机,路由器（传送信息的专用网络智能设备）",5
16571,eccentricity,"古怪,反常，怪癖,[物]偏心距,[数]离心率",5
16574,coolness,"冷静,凉快,冷淡,厚颜无耻",5
16575,dammit,该死，真他妈的,5
16577,hangout,（流氓）住所，巢穴,5
16578,time-honored,因古老而受到尊重的，确立已久的,5
16579,kennel,"狗窝,养狗场,把…关进狗舍,呆在狗舍里",5
16581,weeping,"树枝低垂的,（通常因悲伤）哭泣( weep的现在分词 ),流泪,悲哀,哀悼",5
16582,sizzle,"发咝咝声,表现良好，进行顺利,把…烧得嘶嘶响,烧灼,油煎食物时)发出的咝咝声",5
16583,sketchy,"概要的，粗略的,未完成的,写生风格的,速写的，略图似的",5
16585,studied,"有计划的,故意的,深思熟虑的,精通的,学习，研究( study的过去式和过去分词 ),想出,详细地检查,背诵（台词等）",5
16586,roil,"搅混（液体）,使烦恼,使不安,使生气",5
16588,panamanian,"巴拿马的,巴拿马人",5
16589,responder,"回答者,回应者,应答器,响应器",5
16590,pernicious,"很有害的，恶性的，致命的，险恶的,引起巨大伤害的,毁灭性的",5
16591,trespass,"<律>侵占，侵入,侵犯，侵害（权利等）,打扰,冒犯,罪过,非法进入，擅自进入",5
16593,profusion,"丰富，充沛,慷慨，大方,浪费，挥霍",5
16594,waterfowl,水鸟，水禽,5
16595,mayan,"玛雅人的，玛雅语的,玛雅人，玛雅语",5
16596,incongruous,"不协调的，不一致的,不和谐的,不相称的,异向",5
16597,unambiguous,"不含糊的,清楚的,明白的",5
16598,indigent,贫穷的，贫困的，缺少钱财的,5
16599,epidemiological,流行病学,5
16601,stand-alone,"单机，卓越,独立经营的",5
16602,tutorial,"个别辅导时间,教程，辅导材料,使用说明书,辅导课,导师的,私人教师的,辅导的",5
16603,throwback,"掷回,挫折,阻止,大倒退",5
16605,misplaced,"错位的,寄托错的,错放(misplace的过去式)",5
16606,invert,"使…前后倒置,使反转,颠倒的事物,变性者,转化的",5
16607,nanotechnology,"纳米技术，毫微技术,纤技术",5
16608,antagonist,"敌手，反对者,<解>对抗肌，拮抗肌,<药>对抗药,（戏剧，小说等的）反面人物",5
16609,fetish,"<心>恋物,偶像，迷信,物神，崇拜物",5
16611,mismatch,"使配错，使配合不当,错配，失谐",5
16613,ramadan,斋月（该月内伊斯兰教徒每日从黎明到日落禁食）,5
16616,dispersion,"散布,驱散,离差,差量",5
16617,consternation,"惊愕,惊惶失措,惊恐",5
16618,ferocity,"凶猛，残暴,暴行",5
16619,belligerent,"交战的,卷入冲突的,好战的,交战国的,交战国，交战者,参加斗殴的人或集团",5
16620,plod,"沉重地走,沉重缓慢地行走,孜孜不倦，勤苦地工作,沉重缓慢的前进,沉重的踏步声",5
16621,purported,"传说的，谣传的,声称是…，（装得）像是…的样子( purport的过去式和过去分词 )",5
16623,lifeguard,救生员,5
16624,downpour,"倾盆大雨,（日光的）照射",5
16625,enshrine,"珍藏，铭记,把…奉为神圣,秘藏,把…置于神龛内",5
16626,pseudonym,假名，化名，（尤指）笔名,5
16627,caterer,"（尤指职业的）酒席承办人，提供饮食及服务的人,筹办者",5
16628,cross-section,"横断面,横截面图",5
16629,nave,"教堂正厅,本堂,中央部,车轮的中心部",5
16630,homey,家庭似的，舒适的，自在的,5
16631,sundown,"日落,浅棕黄色,女用宽缘帽",5
16632,e-commerce,电子商务,5
16633,smartly,"潇洒地,刺痛地,伶俐地,机敏地",5
16634,depose,"罢免，免职,宣誓作证,废黜（君主等）,放置,宣誓证明",5
16635,mastermind,"策划者，操纵者,智多星，才子,策划，谋划",5
16636,inset,插入物，插进,5
16637,flak,"高射炮,过分的或抨击性的批评,争吵，敌对",5
16638,assumed,"假装的,假冒的,假定的,被承担的,取得（权力）( assume的过去式和过去分词 ),假设,假定,呈现",5
16639,scab,"（伤口或疮口上所结的）痂,（植物的）斑点病,拒不参加罢工的工人,破坏罢工者",5
16641,promenade,"散步，闲逛,通道，走廊,舞会,骑马,漫步,散步",5
16642,disillusionment,"幻灭,醒悟",5
16643,manor,"庄园,领地,庄园大厦,庄园主的住宅",5
16644,lynching,处私刑,5
16645,recuperate,"恢复，复原,弥补,使恢复,[化]同流换热",5
16646,pretentious,"狂妄的，自命不凡的，自负的,虚伪的，矫饰的，做作的",5
16647,overhang,"伸突出，伸出,逼近，威胁,用悬挂物装饰,悬垂,逼近,突出物,延伸量，伸出量,[航]突出船首（或船尾）,（无法兑换黄金的）美元过剩额",5
16648,gynecologist,妇科医生,5
16649,aural,"耳的,听觉的,气味的,预兆的",5
16650,lexicon,"词典,专门词汇",5
16651,gauntlet,"（中世纪武士用的）金属手套,（骑马，击剑等用的）长手套,交叉射击,严酷考验",5
16652,ever-increasing,不断增长的,5
16653,second-class,"第二流的,次要的,第二地位的,二类邮件的,二类地,乘二等车地,坐二等舱地",5
16654,conqueror,征服者，占领者,5
16655,feathered,"有羽毛的,羽状的,用羽毛装饰的,薄边的,用羽毛覆盖(feather的过去式和过去分词),给…以薄边,（箭等）装上羽毛",5
16657,autocratic,"独裁的,专制的",5
16658,nautical,"海上的，航海的,船舶的,海员的，水手的",5
16659,subsystem,子系统，分系统,5
16660,handiwork,"手工,手工艺（品）,结果,行为",5
16661,flashing,"闪光，防水板，遮雨板,发出闪光( flash的现在分词 ),（使）闪现,映出,显示",5
16662,untrained,"未受训练的，未经培养的,（动物）未驯服的",5
16663,hand-painted,"[]  [],手工漆的，手工涂的",5
16664,first-degree,最低级的，最轻度的，第一度的,5
16665,abundantly,"丰富地,大量地,十分清楚,非常明白",5
16666,placate,"安抚，抚慰，使平静,使和解，平息",5
16667,tiring,"累人的,令人疲倦的,麻烦的，无聊的,引起疲劳的,（使）疲劳( tire的现在分词),对（做）某事感到厌倦",5
16668,al-qaeda,"[]  [],基地组织",5
16669,lenient,"宽大的，仁慈的,<古>减轻痛苦的，缓解的,宽容",5
16670,confirmed,"确认的,坚定的,根深蒂固的,批准(confirm的过去式和过去分词),证实",5
16671,commonwealth,"共和国,联邦,团体,协会",5
16672,crashing,"绝对的，非凡的，彻底的,（使）猛撞， （使）撞毁( crash的现在分词 ),撞坏,猛冲直撞,发出巨响",5
16673,unsolicited,未被恳求的，主动提供的,5
16674,whirlpool,"漩涡，涡流,混乱，纷乱",5
16675,class-action,集体诉讼,5
16676,layman,"门外汉，外行,俗人,一般信徒",5
16677,engross,使全神贯注,5
16679,embattled,"（与敌人或批评者）处于交战中的，受围攻的,严阵以待的,列阵(embattle的过去式和过去分词),布阵,严阵以待,整军备战",5
16681,stipulation,"契约，规定，条文,条款说明",5
16682,sassy,"<非正，美> <贬>粗鲁的,无礼的,<褒>时髦的,漂亮的",5
16683,unstoppable,无法停止的，不可阻碍的,5
16684,psycho,"精神病患者,精神分析,神智不正常的,发疯的",5
16685,jogger,慢跑锻炼者,5
16686,insurrection,"造反,暴动,叛乱",5
16687,bassist,低音歌手，低音乐器的演奏者,5
16689,matter-of-factly,实事求是地，切合实际地，就事论事地,5
16690,twinge,"阵痛,刺痛,一阵思绪（通常指不快的）,痛苦,（使）感到剧痛，（使）刺痛",5
16692,hostel,"旅社，招待所,〈英古〉旅馆,〈英〉大学宿舍,留宿于招待所",5
16693,subtext,潜在的意思，潜台词,5
16696,extradition,（根据条约或法令对逃犯等的）引渡,5
16697,bourgeoisie,"资产阶级,中产阶级",5
16699,dank,"阴湿的，阴冷的,潮呼呼,冒出",5
16700,hitherto,"到目前为止,迄今,至今",5
16701,dryly,"干燥地,枯燥地,冷冰冰地,干巴巴地",5
16702,protectionism,保护主义，贸易保护制度,5
16703,disrespectful,"失礼的，无礼的,不尊重的",5
16704,jasmine,"茉莉,茉莉香料,淡黄色",5
16705,persistently,"坚持地,固执地,一个劲儿",5
16706,comfy,舒服的，轻松的,5
16707,passover,逾越节，逾越节祭神的羔羊,5
16708,assent,"赞成：赞成，如某建议,赞同,同意，赞同：",5
16709,knocking,"爆震音，卡答卡答的故障声音,敲，击，打( knock的现在分词 ),（心）怦怦跳,把…撞击成（某种状态）,批评",5
16711,mitt,露指手套，棒球手套，拳击手套,5
16712,blogger,"博客,即开博客的人,derived from weblogger,s.o. who keeps a weblog",5
16714,functionally,机能上地，官能地,5
16715,incoherent,"思想不连贯的，语无伦次的,支离破碎的,夹七夹八,不相干",5
16716,extrinsic,"非本质的,外在的,外来的,外部的",5
16717,jettison,"抛弃，丢弃,抛弃,投弃货物",5
16718,poetics,诗法，诗学，诗论,5
16719,rant,"咆哮,粗野的下结论,大声责骂,大声说出,大话,粗野的话,[英]狂欢",5
16720,rigidly,"僵硬地,严厉地,严格地,固执地",5
16721,surgically,"外科手术上,如外科手术般地",5
16722,digitally,数字,5
16724,junta,"小集团,政务审议会",5
16725,foreclose,"取消（抵押品）赎回权,取消（抵押人的）赎回抵押品的权利,排除,阻止",5
16726,passivity,"被动性,钝态",5
16728,snare,"陷阱，罗网,诱惑,（绷在小鼓下面的）肠线,[外]（肿瘤等的）勒除器,捕捉,安圈套,陷害",5
16731,chagrin,"（由失败等引起的）懊恼，懊丧，悔恨,使懊恼，使懊丧，使悔恨",5
16732,aft,"在船尾,近船尾,在船尾的,近船尾的",5
16733,unanticipated,不曾预料到的,5
16735,off-road,（车辆设计等）越野的,5
16736,incandescent,"<术>白热的,白炽的,<正>十分明亮的,<正>感情强烈的",5
16737,observant,"善于观察的，观察力敏锐的,严守教规的",5
16738,re-enact,"[]  [],再次扮演，再次展现",5
16739,nothingness,"无,虚无,不存在,无生命",5
16740,sightseeing,观光，游览,5
16743,look-alike,面貌酷似的人,5
16744,yoke,"轭，架，座，偏转线圈,奴役，羁绊，束缚，统治,（同一轭上牛的）一对牲口,上衣抵肩,结合,给…上轭,结合，联结,使成配偶",5
16745,scrambled,"[]  [],快速爬行( scramble的过去式和过去分词 ),攀登,争夺,（军事飞机）紧急起飞",5
16746,fostering,"培养，促进( foster的现在分词 ),收养，养育",5
16748,molding,"成型,制模,铸造,[建]凹凸形",5
16750,leaguer,"（联盟、联合会等的）盟员,会员,成员,围攻",5
16751,cardigan,"毛衣，羊毛衫,羊毛背心,开襟绒线衫",5
16752,rescind,"废除,撤销",5
16754,gruff,"（声音）粗哑的,生硬的,（人的行为）冷淡的,态度生硬的",5
16755,unintentionally,"非故意地，非存心地,无意之中",5
16756,tainted,"[]  [],腐坏的,污染的,沾污的,感染的,使变质( taint的过去式和过去分词 ),使污染,败坏,被污染，腐坏，败坏",5
16757,sweatshop,血汗工厂（指工人劳动条件差，工作时间长，工资低的工场或工厂）,5
16758,slog,"猛击,步履艰难地行,努力苦干,苦干,吃力地行进",5
16759,moot,"大会,辩论会,假设案件,未决议的,无实际意义的,有讨论余地的,提出…供讨论,提出（问题）,（在假设法庭上）实习辩论",5
16760,expiration,"满期,截止,呼气,（气的）呼出",5
16761,corrosive,"腐蚀性的,侵蚀性的,（对社会、个人情感等）有害的,（语言）激烈的,腐蚀性物品",5
16762,silverware,"银器，镀银器皿（尤指餐具）,（体育比赛中的）银杯,银餐具",5
16763,expletive,感叹词，咒骂语,5
16764,lettering,"（印刷或手写的）字体,刻字",5
16765,judgmental,审判的,5
16767,mythological,"神话的,虚构的",5
16769,allegorical,寓言的，讽喻的,5
16770,wholeness,"全体,完整性",5
16771,exiled,"流亡的，放逐的,流放，放逐，使流亡( exile的过去式和过去分词 )",5
16772,bereft,"被剥夺的,丧失的,失去亲人的,失去…的(bereave的过去式)",5
16773,self-respect,"自尊，自尊心,自重,自爱,脸面",5
16775,tax-exempt,"免税的,免收利息所得税的债券",5
16776,multiracial,多种族的,5
16777,indeterminate,"不定的，不明确的,模糊的",5
16778,tramp,"步行,踩,踏,漂泊,践踏,踏实,步行穿过…,流浪汉,妓女,游民，流浪汉,徒步旅行，远足",5
16779,cross-examination,"<律>反诘问,盘问，严密询问",5
16780,tracker,追踪者，追踪系统，纤夫,5
16781,bequeath,"将（财物等）遗赠给,将（知识等）传给（后人）",5
16782,long-awaited,"[]  [],被期待已久的,盼望已久",5
16783,parasitic,"寄生的,寄生物的,由寄生虫引起的",5
16785,taxing,繁重的，费力的,5
16786,baroque,"巴罗克式的,巴罗克风格的,过分装饰的,奇形怪状的,巴罗克风格,新奇作品,怪异型",5
16787,disingenuous,不真诚的，不坦率的,5
16788,shrivel,（因热力，严寒、干燥、年老等而）枯萎，皱缩,5
16789,motley,"混杂的,杂色的,五颜六色的,（丑角穿的）杂色衣服,小丑",5
16790,shameless,"无耻的,不要脸的,猥亵的,伤风败俗的",5
16791,leaving,"离开,离开( leave的现在分词 ),遗弃,忘了带,交托",5
16792,forestall,"先发制人，预先阻止,垄断，屯积,领先",5
16793,resettlement,重新定居，重新安置,5
16794,laity,"俗人,普通信徒,门外汉，外行",5
16796,trembling,"发抖,发抖的,发抖( tremble的现在分词 ),焦虑,颤动,轻轻摇晃",5
16797,womanhood,女子成年期，女子特征，女子气质,5
16798,filtration,"过滤,筛选,滤清,滤除",5
16800,elaborately,"苦心经营地，精巧地,精心",5
16802,convection,"传送，对流,运流",5
16803,haphazard,"偶然的，随意的,无计划的,任意的，胡乱的,偶然,偶然事件,偶然性,任意性,偶然地,随意地,无计划地,杂乱无章地",5
16804,three-fourths,四分之三（美国英语）,5
16805,teasing,"戏弄的，逗趣的,取笑，戏弄( tease的现在分词 ),梳理（羊毛等）",5
16806,retailing,"零售业,零售(retail的现在分词)",5
16807,midpoint,中点，正中央,5
16808,touchy,"易动气的,小心眼的,需要小心对待的,棘手的,易动气地，过分敏感地，小心眼地,易动气，过分敏感",5
16809,eroding,"[]  [],侵蚀，腐蚀( erode的现在分词 ),逐渐毁坏，削弱，损害",5
16811,illusory,"<正>貌似真实的，虚幻的,虚无缥缈",5
16812,hydroelectric,水力发电的,5
16814,heretofore,在此以前,5
16815,sojourn,逗留，旅居,5
16816,inappropriately,不适当地,5
16817,sordid,"肮脏的,污秽的,卑鄙的,邋遢的",5
16818,ventilator,"通风设备,通风机,气窗,负责通风的人",5
16819,colorless,"无色的,苍白的,颜色黯淡的,无特色的",5
16820,harbinger,"预言者，预兆,预告,充做…的前驱",5
16821,vagaries,"奇想( vagary的名词复数 ),异想天开,异常行为,难以预测的情况",5
16822,bondage,"奴役，束缚,身体受束缚,奴役处境,（英国古代的）农奴租地法",5
16824,kimono,"（日本的）和服,和服式女晨衣",5
16825,patronize,"惠顾,资助,保护,屈尊",5
16826,unmistakably,"显而易见地,不会弄错地,不会误解地,明白地",5
16828,superfluous,"过多的,多余的,不必要的,奢侈的",5
16829,congenial,"意气相投的,性格相似的,适意的,投缘",5
16830,graphically,"通过图表,生动地，轮廓分明地",5
16831,itinerant,"巡回的，流动的,巡回者（如传教士、行商等）",5
16832,astrophysicist,天体物理学家,5
16833,eviction,"逐出，赶出,（租地，租房等的）收回",5
16834,banjo,班卓琴,5
16835,fanatical,"狂热的,入迷的,狂信的,狂热宗教徒,狂信者,入迷的人",5
16836,noisily,"吵闹地,喧喧嚷嚷",5
16837,asymmetrical,"不均匀的，不对称的,非对等",5
16838,papaya,番木瓜树，番木瓜果,5
16839,starkly,"[]  [],完全，分明地，赤裸裸地",5
16840,motherfucker,（通常指男性）不要脸的家伙，混账东西,5
16841,nutshell,"坚果的外壳,简言之，一言以蔽之",5
16842,slaughterhouse,屠宰场,5
16843,enterprising,"有事业心的,有进取心的,有魄力的,大胆的",5
16844,starlight,星光,5
16845,banal,"陈腐的,平庸的",5
16846,affable,"友善的,和蔼的,平易近人的,（天气）宜人",5
16847,derby,"德比（英国中部的都市）,德比赛马,大竞赛,<美>常礼帽，圆顶礼帽",5
16849,undercurrent,"潜流，暗流,潜在的感情、影响或倾向（尤指与表面相反的）,[电]电流不足,[矿]分支洗金槽",5
16850,catwalk,"（桥侧的）步行小道，（机器房中的）狭窄过道，（时装表演时模特儿走的）伸展台,猫步",5
16851,largemouth,大口黑鲈,5
16852,doomed,"命中注定的,难逃一死的,注定（doom的过去式和过去分词）,判定,使…的失败（或灭亡、毁灭、坏结局）成为必然,宣判",5
16853,agreed,"同意的,接受的,经过协议的,双方共同议定的,同意，赞同( agree的过去式和过去分词),[语法学]（在性、数、人称或格方面）一致,相同,和睦相处",5
16855,arbitrator,"仲裁人，公断人,仲裁员",5
16856,monastic,"僧侣，修道士,庙宇的",5
16857,normalization,"正常化,标准化,正态化",5
16858,purportedly,据称,5
16859,hitting,"打，打击( hit的现在分词 ),碰撞,击（球）,（在精神上）打击（某人）",5
16860,unwieldy,"笨拙的,笨重的,不便利的",5
16861,brine,"卤水,浓盐水,海,海水,用浓盐水处理（或浸泡）",5
16862,uneasiness,"担心,不安,局促,拘束",5
16863,meringue,"（糖和蛋白混合制成的）糕饼,（盛冰淇淋，水果的）蛋白酥皮筒[卷]",5
16864,barbershop,"<尤美>理发店,理发店四重唱",5
16865,jaded,"精疲力竭的,厌倦的,（因过饱或过多而）腻烦的,迟钝的",5
16866,vindication,（对所受到的责难或嫌疑的）澄清，证实，辩护,5
16867,self-consciously,"不自然地,怕难为情地,有自我意识地,自觉地",5
16868,lazily,"怠惰地，懒散地,慢吞吞地",5
16869,salvadoran,"[]  [],萨尔瓦多的,萨尔瓦多人的,萨尔瓦多人",5
16872,tryout,"试验,试用,选拔赛,试演",5
16874,outstrip,"超过，越过,优于，胜于,做得比…更好,跑过，逃脱",5
16875,reposition,"重新配置，复位,贮藏，放回,使复位,改变…的位置,使变换阵地",5
16876,indignity,"侮辱,轻蔑,侮辱的言行,无礼举动",5
16877,trapped,"捕集的,捕获的,陷入困境的,受到限制的,诱骗(trap的过去式和过去分词),使受限制,困住,使陷入困境",5
16878,eminently,"突出地,显著地,不寻常地",5
16879,sweetener,甜味剂,5
16880,contending,"[]  [],争夺( contend的现在分词 ),竞争,搏斗,争斗",5
16881,gymnast,体操家，体操运动员,5
16882,adoration,崇拜，爱慕，受崇拜（或爱慕）的对象,5
16883,uncharted,未知的，图上未标明的,5
16884,falsify,"篡改，伪造,弄虚作假,歪曲,弄虚作假者,伪造者",5
16885,ministerial,"牧师的,内阁的,部长的,行政（上）的",5
16886,combative,"好斗的,斗志旺盛的",5
16887,worshiper,礼拜者，参拜者，崇拜者,5
16888,affront,"（当众）侮辱，（故意）冒犯,公开侮辱,冒犯,面对,<古>相遇",5
16889,encroachment,侵入，侵占，侵蚀,5
16890,mutt,蠢人，笨蛋，杂种狗,5
16891,principled,"原则性强的，有（道德）原则的,刚正",5
16892,magnate,"富豪，权贵,巨头,大资本家",5
16893,stigmatize,使受耻辱，指责，污辱,5
16894,fullback,后卫,5
16895,okra,黄秋葵，秋葵荚,5
16896,corduroy,"灯芯绒,条绒",5
16897,misrepresent,"歪曲，误传,诬告，把…颠倒黑白,不称职地代表",5
16898,two-part,<苏格兰>三分之二,5
16899,antagonistic,敌对的，对抗性的,5
16900,authorship,作者身份,5
16901,cheeseburger,夹干酪和碎牛肉的三明治，放有干酪的肉饼,5
16903,curbside,靠近路缘的人行道部分，路边,5
16904,kiln,"窑,炉,烧窑",5
16905,dissimilar,不同的，不相似的,5
16906,abatement,"减少,减轻,折扣,废除",5
16908,deluge,"洪水,泛滥,倾盆大雨,使淹没,使泛滥",5
16909,how-to,解释作法的，指引的,5
16911,heartache,心痛，悲伤，伤心,5
16912,airspace,领空，（某国的）空域,5
16913,hated,"[]  [],憎恨( hate的过去式和过去分词 ),讨厌,不愿,为…感到抱歉",5
16914,manicure,"修指甲,修剪…的指甲,修剪，修平",5
16915,raven,"掠夺，劫掠,大乌鸦，渡鸦,（指头发）乌亮的,掠夺,狼吞虎咽地吃",5
16916,storybook,故事书，小说,5
16917,cleanly,"整齐地，有规则地,干净利落地,<正>讲究清洁的，爱干净的",5
16918,rabid,"患狂犬病的,疯狂的,狂暴的,狂热的",5
16920,indecent,"粗鄙的，猥亵的,不适当的，不合适的,不礼貌的,不得体的",5
16921,deconstruction,解构，拆析（文学评论用语，指找出文本中自身逻辑矛盾或自我拆解因素，从而摧毁文本在人们心目中的传统建构）,5
16922,dandelion,[植]蒲公英,5
16923,shuttered,"关上百叶窗的,装有百叶窗的",5
16924,settled,"不变的，稳定的,固定的,妥,停当",5
16925,buttress,"扶壁,支撑物,支持，鼓励,用扶壁支撑，加固",5
16926,cacophony,刺耳的声音，不和谐的声音,5
16927,ground-based,"陆基的,以地面为基础的",5
16928,long-running,"长期上演的,连续上演很长时间的",5
16929,detest,憎恶，嫌恶，痛恨,5
16930,wager,"赌金，赌注,赌物,赌博,打赌,担保，保证,保证，担保,下赌注",5
16931,woolly,"羊毛的,像羊毛的,朦胧的,羊毛制品,羊",5
16932,fervently,热烈地，热情地，强烈地,5
16933,roost,"栖木，鸡棚,（鸟类）栖息处,歇息处,栖息,过去事情的恶果显现出来,自食恶果,得到报应",5
16934,subversion,"颠覆（活动）,破坏,覆灭，瓦解",5
16935,virtuoso,"艺术大师，演奏能手,名家，艺术名家,学者,古董收藏家,艺术爱好者（或鉴赏家）的，行家里手的,行家的",5
16936,mutate,"（使某物）变化,改变,突变,变异",5
16937,all-night,通宵的,5
16938,burdensome,"繁重的，烦累的，难以承担的,累赘",5
16939,sauna,"桑拿浴室，桑拿房,桑拿，桑拿浴，蒸气浴",5
16940,unattended,"无人陪伴的,无人出席的,无人照顾的,未被注意的",5
16941,lightness,"轻,轻快,轻率,明亮",5
16942,invading,"[]  [],侵入，侵略( invade的现在分词 ),涌入,侵袭,侵犯",5
16943,spotless,"极其清洁的,一尘不染的,（人）无瑕疵的,纯洁的",5
16944,rousing,"充满活力[激情]的,激励的，激动人心的,醒来，唤醒( rouse的现在分词 ),使…活跃起来[产生兴趣]",5
16945,upsetting,"缩锻,镦锻,镦（粗）,倾复,令人心烦意乱的令人苦恼的,打翻，弄翻( upset的现在分词 ),打乱,推翻,使苦恼",5
16947,dialog,"会话，对话,问答，对白,问答题，对话体,“dialogue”的变体,对话,用对话表达",5
16948,incessantly,"不断地，不停地,接连不断,连绵不断,不已",5
16949,diagonally,对角线地，斜线地,5
16950,gelatin,凝胶，白明胶,5
16951,urinary,"尿的,泌尿器的,泌尿的,小便池",5
16952,duality,二元性,5
16953,wandering,"漫游的,闲逛的,（精神）恍惚的,错乱的,流浪,神志恍惚,精神错乱,漫游( wander的现在分词 ),走神,（思想）开小差",5
16955,schoolyard,校园，运动场,5
16956,interfaith,不同宗教信仰者（间）的，不同宗教团体（间）的,5
16958,earshot,"听力所及的范围,耳听区,可听距离",5
16959,weariness,"疲倦,困乏,消沉,厌倦",5
16962,citywide,全市的，全市性的,5
16963,stoic,"禁欲主义者，恬淡寡欲的人，不以苦乐为意的人,坚忍的，苦修的",5
16964,irrigate,"灌溉,冲洗（伤口）,使清新,冲洗",5
16965,redden,"（使）变红,（由于羞愧、愤怒、天气热等）脸变红",5
16966,darwinian,"达尔文主义的,达尔文主义者",5
16967,indiscriminate,"不加选择的，不分青红皂白的,随意的，任性的，任意的,眼内无珠,汗漫不可收拾",5
16969,rapture,"极度欢喜,使…狂喜",5
16970,granulate,"使成颗粒，使成粒状,使表面粗糙",5
16971,ordered,"安排好的，整齐的，规则的,（医生）开（处方）( order的过去式和过去分词 ),订购,（上帝、命运等）注定,点（饭菜，饮料等）",5
16973,squawk,"（尤指鸟受惊时）粗厉的叫声,发出粗厉的叫声，咯咯地叫",5
16975,goldfish,金鱼,5
16976,brook,"容忍，忍受,小溪",5
16977,experimentally,"实验（性）地,实际上，实际证明，通过实验,用实验方法",5
16979,audacious,"大胆的,鲁莽的,大胆创新的",5
16980,exasperated,"愤怒的，恼火的,使恼怒，激怒，恶化(exasperate的过去式)",5
16981,skiff,"小艇，小型帆船,摩托小快艇",5
16982,trying,"令人难于忍受的,难堪的,令人厌烦的,试图( try的现在分词),试验，尝试,审讯",5
16984,crewman,"船员,乘务员,机组成员",5
16986,respirator,"口罩，防毒面具,（人工）呼吸机",5
16987,flounder,"挣扎，折腾,着慌，勉强应付,行为言语错乱,挣扎，踉跄前进,比目鱼",5
16988,geothermal,地热的，地温的，地热（或地温）产生的,5
16989,aggravated,"使恶化( aggravate的过去式和过去分词 ),使更严重,激怒,使恼火",5
16990,galvanized,"用锌镀（铁）( galvanize的过去式和过去分词 ),激起某人行动起来",5
16991,abrasive,"有磨蚀作用的,摩擦的,粗糙的,使人厌烦的，伤人感情的,研磨料,琢料,金刚砂",5
16992,high-stakes,"[]  [],高风险的",5
16993,interlude,"插曲,穿插,幕间节目,[乐]间奏",5
16994,despicable,可鄙的，卑鄙的,5
16995,sprinter,短跑运动员，短距离全速奔跑者,5
16996,preventable,可阻止的，可预防的,5
16997,barometer,"气压计,晴雨表,显示变化的事物,<比喻>（舆论等的）标记",5
16998,chum,"密友,鱼饵,室友,成为好朋友,用鱼饵钓鱼",5
17000,canola,加拿大油菜,5
17001,dietitian,饮食学家，营养学家，膳食学家,5
17004,inflection,变音，转调,5
17005,supplementary,"增补的，追加的,supplementary,补充者,增补物",5
17006,maneuvering,"移动，用策略( maneuver的现在分词 ),操纵",5
17007,snippet,"小片，片段,不知天高地厚的年轻人",5
17008,uncontrollably,"[]  [],无法控制地",5
17009,litmus,石蕊,5
17011,beeper,能发出哔哔声音的仪器,5
17013,heartily,"尽情地,强烈地,坚定地,极为",5
17014,frenetic,"发狂的,狂乱的,狂热的,非常激动的,疯子,狂人",5
17015,feudal,"封建的,领地的,世仇的",5
17016,conifer,"[植]针叶树,松柏科植物",5
17017,inanimate,"无生命的,无生气的,无精打采的,单调的",5
17018,self-government,"自治,自制,克己",5
17019,daydream,"白日梦,幻想，空想,做白日梦",5
17021,clueless,无能的，笨的,5
17022,goblet,高脚酒杯,5
17023,moustache,"髭,小胡子,触须",5
17024,yelp,"（因痛苦、气愤、兴奋等的）短而尖的叫声,发出短而尖的叫声",5
17025,wimp,"懦弱的人，无用的人,（俗语）瘪三,[计](=Windows Icons Mouse and Pointers)用户界面",5
17026,betrayed,"[]  [],对…不忠( betray的过去式和过去分词 ),背叛,出卖,泄露",5
17027,dissonance,不和谐音，不一致,5
17028,refractor,"折射物,折射媒介,折射望远镜,折射器",5
17030,geologic,"[]  [],地质（学）的，地质（学）上的",5
17031,elucidate,阐明，解释,5
17032,lubricant,"润滑剂，润滑油,能减少摩擦的东西,<俚>奶油，黄油,润滑的",5
17033,fuselage,"<空>（飞机的）机身,火箭的外壳,弹体",5
17035,down-to-earth,"实际的，现实的,务实的,实实在在",5
17036,stir-fry,"用旺火煸，用旺火炒,炒出来的菜，炒菜",5
17037,accession,"增加,就职,增加物,（对同盟、国际条约等的）正式加入",5
17038,universality,"普遍性,通用性,普适性,一般性",5
17040,topless,"袒胸的,极高的,无顶的,半裸体",5
17041,vernacular,"白话,行话,本国语,动植物的俗名,本国语的,白话的,方言的,本国的",5
17042,stratosphere,"[气]平流层，同温层,最上层，最高栏,艰深的学科领域",5
17044,epistemology,认识论,5
17045,spying,"看见，发现( spy的现在分词 ),当间谍,从事间谍活动,搜集情报",5
17046,derailleur,<法>（自行车）变速器，装有变速器的自行车,5
17047,astounded,"使震惊(astound的过去式和过去分词),愕然,愕,惊讶",5
17048,denunciation,"指责，弹劾，谴责,控诉，告发，揭发",5
17049,milling,"磨,制粉,轧齿边,（硬币边缘的）沟槽",5
17050,numbness,无感觉，麻木，惊呆,5
17052,reload,再装，重新装,5
17053,liberalize,"使自由化,放宽限制,解除官方控制,自由化",5
17054,reformist,"改革主义者，改革者,改良主义的,改良运动的",5
17055,sultan,"苏丹,巨头，强人",5
17056,mutiny,"叛乱，兵变,哗变，暴动,违抗上级命令,叛变，反叛,参加叛乱,暴动,（尤指士兵或船员）不服从，反抗，反叛",5
17057,confectioner,糖果制造人，糖果店,5
17058,dead-end,"尽头的,无出路的,到达尽头",5
17059,gunpoint,枪口,5
17060,octopus,章鱼,5
17062,greenish,呈绿色的，微绿的,5
17064,talon,"（尤指猛禽的）爪,（如爪般的）手指,爪状物,锁簧尖状突出部",5
17065,downgrade,"使降低,使降职,贬低,低估",5
17066,self-reliance,自恃，倚靠自己,5
17067,patently,明白地，公然地,5
17068,comforter,"安慰者,羊毛围巾,增加对方痛苦的安慰者,橡皮奶头",5
17069,wispy,像小束状的，纤细的，脆弱的,5
17070,expound,解释，详细讲解,5
17072,degeneration,"变性,退化,恶化,变质",5
17073,modulate,"调整,调制,调节,变调",5
17074,adjourn,（使）休会，（使）休庭,5
17076,macro,"[自]宏指令,巨（计算机术语）,巨大的,大量使用的,特别突出的,极厚的",5
17077,putative,一般认定的，推定的，假定存在的,5
17078,dominion,"统治权,领土，疆土,版图",5
17079,popularly,"一般地，广泛地，大众地，通俗地,“popular”的派生",5
17080,radial,"辐射状的,放射式的,径向的,星形的,子午线轮胎，辐射状轮胎",5
17081,foreboding,"（对不祥之事的）预感，预知,<文>（对不祥之事）预感的，预知的,<正>预示（灾祸等）( forebode的现在分词 )",5
17083,spool,"线轴，线管,线轴状物,卷络的数量[长度],缠线框,把…绕在卷轴上,缠绕",5
17084,quagmire,"沼泽地,泥潭,无法脱身的困境",5
17085,risotto,意大利调味饭（肉汤加干酪等制成）,5
17086,rationalization,"合理化，合于经济原则,文饰作用",5
17087,all-important,非常重要的，首要的,5
17088,anti-inflammatory,抗炎的（药）,5
17089,mobster,<美俚>犯罪集团成员，匪徒，歹徒,5
17090,sounding,"探通术,（使）发出声音，响( sound的现在分词 ),发（音）,试探,探测",5
17093,mink,"[动]水貂,貂皮,貂皮衣,豪华的,富裕的",5
17095,valiant,"勇敢的，英勇的,坚定的,勇敢的人，勇士",5
17096,collusion,共谋，勾结，串通,5
17098,schoolboy,"（中小学的）男生,学童",5
17099,trifle,"琐事,少量,蛋糕,轻视，藐视,嘲弄,随意摆弄，玩弄,浪费（时间或金钱）,虚度",5
17100,bombshell,"炸弹,爆炸性事件,令人吃惊的事",5
17101,betting,"打赌,敢说，八成儿( bet的现在分词 ),打赌(on,against,with),敢断定,敢说",5
17102,alienated,"感到孤独的，不合群的,使疏远( alienate的过去式和过去分词 ),使不友好,转让,让渡（财产等）",5
17103,tidbit,"（美味食物的）一口,小片珍馐,趣闻,小栏报导",5
17104,dogmatic,"教条的,固执己见的,武断的",5
17105,imam,伊玛目,5
17106,pvc,聚氯乙烯,5
17108,grandpa,<非正>爷爷，外公，老太爷,5
17110,hallowed,神圣的,5
17111,leveraged,"[]  [],促使…改变( leverage的过去式和过去分词 ),[美国英语]杠杆式投机，（使）举债经营，（使）利用贷款进行投机",5
17112,aesthetically,审美地，美学观点上地,5
17113,navigator,"航海家，航行者，航海者,领航员,（船舶，飞机的）驾驶员,一个浏览器的品牌",5
17115,barb,"（箭头、鱼钩等的）倒钩,带刺的话,毕露的锋芒,<植>钩状毛,在…装倒钩",5
17116,concentric,"同一中心的，同轴的,同一中心地，同轴地",5
17117,fondle,爱抚，抚弄,5
17118,functionality,"（计算机或电子系统的）功能,功能性,设计目的,实用",5
17119,landed,"拥有大量土地的,（使）登岸( land的过去式和过去分词 ),降临,使陷于（困境）,使不得不应付",5
17120,metaphorically,比喻地，隐喻地,5
17121,cam,凸轮,5
17122,rump,"臀部，尾部,残余部分,牛臀肉,余党",5
17123,shh,"[]  [],嘘，安静一点",5
17124,forgery,"伪造,伪造罪,伪造物,伪造签字",5
17125,lymphoma,淋巴瘤,5
17126,raider,"袭击者，侵入者,扰乱者,进行袭击、抢劫或搜查的人，进行突袭的舰队、飞机等",5
17127,amphibian,"两栖动物,水陆两用车,水旱两生植物,水陆两用飞行器,两栖（类）的,水陆两用的,具有双重性格的",5
17128,glider,"滑翔机,滑行者,滑翔导弹,摆动式沙发椅",5
17129,thong,"皮带,皮条,皮鞭,鞭梢,给…装上皮带,鞭打",5
17131,ethicist,伦理学家,5
17132,outflow,"流出,流出物,流出量",5
17133,coca,古柯（南美洲及西印度群岛所产的一种药用植物），古柯叶,5
17134,wearer,穿用者，佩带者,5
17135,silo,"筒仓,（核武器的）发射井,（危险物品的）地下贮藏库,青贮窖",5
17136,picky,吹毛求疵的，好挑剔的，过分讲究的,5
17138,firefly,萤火虫,5
17140,saffron,"[植]藏红花（色的），番红花（色的）,（用于食品上色和调味的）干藏红花粉,金黄色，橘黄色,藏红花色的,橘黄色的",5
17141,worksheet,工作表，学习单,5
17142,slugger,打击力强的选手,5
17143,matron,"（受人尊敬的）已婚老妇人,夫人,女看守,女警卫",5
17144,matte,"不光滑的,[冶]冰铜",5
17145,carelessly,"无忧无虑地,粗心大意地,草率地,淡漠地",5
17146,accredit,"归因于,委托，授权,相信，认可,鉴定合格，确认达标",5
17147,zulu,"祖鲁人（非洲东南部班图族的一支）,祖鲁语,[电影]祖鲁战争,祖鲁人的,祖鲁语的",5
17148,categorically,"明确地，直截了当地,概,断然",5
17150,intercollegiate,"<主美>学院间的,院际的,大学之间的,校际的",5
17151,dupe,"欺骗,愚弄,易受骗的人，上当者",5
17152,beret,"贝雷帽,[军]〈英〉军帽",5
17153,orally,"口头地，口述地,口服地",5
17155,abreast,"并列，并肩地,并排,不落后于,并排的,并肩的",5
17156,electrify,"使电气化,使兴奋，使激动,使触电,使充电，使通电",5
17157,storied,"以历史画装饰的，历史上有名的，分层的,叠生",5
17158,emissary,（外交上的）使者,5
17159,trove,（物主不明的）发掘出来的金银财宝,5
17160,mackerel,鲭（产于北大西洋），马鲛鱼,5
17161,peculiarity,"特性,特质,怪癖,奇形怪状",5
17162,liquidate,"清算,清偿,结束,换现款",5
17163,tinted,"[]  [],带色彩的,染色( tint的过去式和过去分词 ),着色于…,染（发）,使受影响",5
17164,blanch,"使变白,使（植物）不见阳光而变白,[冶]酸洗（金属）使有光泽,[烹]用沸水煮白,漂白,发白,变白,漂白的,银白色的",5
17165,posterity,"后代，后世,子孙,后裔,儿孙",5
17166,stumbling,"摇摇晃晃或跌跌撞撞的,（不顺畅地）说( stumble的现在分词 ),跌跌撞撞地走,绊脚,（说话、演奏等）出错",5
17167,methamphetamine,甲基苯丙胺，脱氧麻黄碱（一种中枢兴奋药）,5
17168,figuratively,形象地，比喻地,5
17169,bullish,"公牛般的,顽固的,[商]股票行情看涨的,〈比喻〉乐观的",5
17170,cappuccino,卡普契诺咖啡，卡布奇诺咖啡（加热奶，有时上面撒有巧克力粉）,5
17171,beefy,"牛肉似的,结实的，肌肉发达的",5
17173,multiplication,"增加，增殖，倍增,[数]乘法，乘法运算",5
17174,whiz,"飕飕声,能手,专家,有吸引力的东西,发出飕飕声,<口>高速移动",5
17175,fixing,"固定,稳固,设备,安装,固定( fix的现在分词 ),准备,修理,使牢固",5
17176,umbilical,脐带的，母系的,5
17177,illiteracy,文盲，无知，缺乏教育,5
17178,monsoon,"（印度洋的）季风,季风雨,夏季季风",5
17179,libyan,"利比亚的，利比亚人的，代利比亚语的,利比亚人，代利比亚语",5
17180,blue-eyed,"蓝眼睛的，心爱的,碧眼",5
17181,antecedent,"经历,<数>（比例）前项,<逻>前件,祖先,在前的，在先的，先行的",5
17182,clover,"三叶草,<非正>生活舒适而富裕,养尊处优,生活优裕",5
17183,holiness,"神圣,（对罗马教皇的尊称）陛下，圣座",5
17184,avatar,"化身,阿凡达",5
17186,totem,"图腾,图腾形象,崇拜物",5
17188,obstetrician,产科医师,5
17190,suffrage,（政治性选举的）选举权，投票权,5
17191,frugal,"节省的，节俭的,朴素的,花钱少的,约",5
17192,entryway,入口通道,5
17193,scrimmage,混战，并列争球,5
17195,geranium,"天竺葵,老鹳草,[色彩] 鲜红色",5
17196,misrepresentation,误传,5
17198,callous,"硬结的，长茧的,铁石心肠的，无情的,（使）变硬，（使）起茧,（使）冷酷无情",5
17199,pubic,阴毛的，阴部的，耻骨的,5
17202,rudder,"船舵,[航]方向舵,[动]尾羽,指导人",5
17203,wannabe,赶超崇拜者，赶超崇拜者的人,5
17204,armament,"军备,武器装备,[复]军事力量,军队",5
17205,user-friendly,用户界面友好的，用户容易掌握使用的,5
17206,kindle,"点燃，照耀,煽动，鼓舞,着火,发亮,电子书阅读器",5
17207,syphilis,梅毒,5
17208,unsteady,"不坚固的,不一贯的,摇晃的,无常的",5
17209,envisage,"想像，设想,正视，面对,观察，展望",5
17210,cornstarch,玉米淀粉,5
17211,illustrious,"著名的,杰出的，卓越的,辉煌的,显赫",5
17212,mediocrity,"平庸，平凡,庸人,平平常常的才能",5
17213,decrepit,"衰老的，老朽的，破旧的,头童齿豁,衰朽,蓬头历齿",5
17214,lsd,Lysergic acid diethylamide 迷幻药（摇头丸）,5
17215,mitten,"连指手套,露指手套",5
17216,grub,"蛆，幼虫,食物,做苦工的人,邋遢人,翻掘,搜寻,挖土,挖掘寻找,将某物挖出,根除,费力查出",5
17217,firestorm,大爆发,5
17218,turn-of-the-century,"[]  [],世纪之交的",5
17219,able-bodied,"体格健全的，强壮的,熟练的,体格健全，强壮，熟练",5
17220,paneling,"（总称）嵌板,镶板,嵌板板材,嵌板细工",5
17221,radicalism,"激进主义,基本原理",5
17223,dandy,"服装华丽的,最好的,花花公子,〈口〉最好的东西，上品",5
17225,seclusion,隔绝，隔离，隐居,5
17226,rhino,"犀牛(=rhinoceros),<俚> 钱，现金",5
17227,abject,"卑鄙的，下贱的,（指境况）凄惨的,轻蔑的，被鄙视的,厚颜无耻的",5
17228,applicability,"适用性，适应性,可贴性",5
17229,calibration,"校准，标准化,刻度，标度,测量口径",5
17230,anglo-american,"盎格鲁血统的美国人,英美的，祖籍英国的美国人的",5
17232,roving,"流浪的,流动的,不固定的,粗纱,流浪( rove的现在分词)",5
17233,environs,"郊区，近郊,包围，环绕，（敌意地或保护性的）围住( environ的第三人称单数 )",5
17234,big-city,"[]  [],大都市的，大城市的，大都会的",5
17235,quartz,[矿]石英,5
17236,moviegoer,常看电影的人,5
17237,transcendental,"<数>超越的,卓越的,先验的,抽象的",5
17238,equestrian,"骑马的，马的,骑术的,骑士团的,骑手,骑马者,马戏演员",5
17240,eraser,<主美>橡皮擦，板擦,5
17241,evasive,"逃避的,推托的,闪烁其词的，含糊的,鬼",5
17242,skinhead,理平头的男人,5
17243,redress,"补偿，赔偿,矫正，纠正,缓解,改正，矫正,补偿,革除,重新调整",5
17244,turtleneck,"高领绒衣,高翻领，圆翻领",5
17245,skitter,掠过水面，沿水面拉动鱼钩钓鱼，使掠过水面,5
17246,untested,未经试验的，未经考验的,5
17247,jackpot,"赌注,头奖，最大成功,积累的赌金,困境",5
17248,subordination,"放置在次级,次级,附属,<语>主从关系",5
17249,cupcake,"纸杯蛋糕,（经常用于称呼语中）指有魅力的女人,指软弱和女性化的男人或男孩",5
17250,tangy,味道浓烈的，扑鼻的，有刺激性的,5
17251,jock,"[体]大学的运动员,乔克（男子名）,苏格兰高原地方的士兵,jockey 职业赛马手，（机械）操作员,jockstrap 护身三角绷带",5
17253,immobile,"固定的,不变的,稳定的",5
17254,thunderous,"雷鸣般的,多雷的,雷动,山响",5
17255,dot-com,网络公司,5
17257,demoralize,"使士气低落，使意志消沉,使陷入混乱",5
17258,chastity,"纯洁，贞洁，纯朴,贞操,童贞",5
17259,amends,"赔罪，赔偿,改良，修改，修订( amend的第三人称单数 )",5
17260,decadent,"堕落的，颓废的,文艺颓废期的，颓废派的,衰微的,颓废派艺术家（文人）,堕落者",5
17261,aztec,"阿芝台克人，阿芝台克语,阿芝台克人的",5
17262,leasing,<古><苏格兰>说谎，谎言,5
17263,motorcade,一长列汽车，（汽）车队,5
17264,peep,"窥视，偷看,（小鸟等）唧唧地叫,（从隐蔽处）出现,窥视,唧唧声,隐现,慢慢露出",5
17267,exorbitant,过度的，极高的,5
17269,mandated,委托统治的,5
17270,executioner,行刑者，死刑执行者,5
17271,televise,"由电视播送,摄制成电视节目,实况播送,（用电视机）收看,电视播放",5
17272,baffling,"令人困惑的，难对付的，难解的,使困难，使为难( baffle的现在分词 )",5
17273,destitute,"极度缺乏的,贫乏的,穷困的,无的,赤贫者,使穷困，使贫穷,夺去，使丧失",5
17274,rumbling,"隆隆声,辘辘声,隆隆响( rumble的现在分词),低沉地说,（车辆）辘辘行驶",5
17275,dimple,"酒窝，笑窝,使起微凹，（使）现出酒窝",5
17276,liberally,"不受限制地，公平地，大方地,从优",5
17277,skit,"讽刺文,小喜剧,<口>若干,一群",5
17278,sobriety,"清醒,未醉,严肃,节制",5
17279,peddler,<主新闻>不法商贩，（尤指）毒贩,5
17281,feces,"粪，屎，渣滓,粪便",5
17283,keg,小桶,5
17284,synthesizer,"合成者，合成物,合成器，综合器",5
17285,woolen,"羊毛制的，羊毛的,毛织品的,毛织品，羊毛织物，毛料衣服",5
17286,inverse,"相反的,逆向的,倒转的,相反,倒转,相反的事物,使倒转,使颠倒",5
17287,intoxicate,"使喝醉,使陶醉,使激动不已,使欣喜若狂",5
17291,bottomless,"无底的,无限的,裸体的,无尽的事物",5
17292,upload,"向上（作用的）负载,上传（或上载）的数据,上传，上载",5
17293,clenched,紧握，抓紧，咬紧( clench的过去式和过去分词 ),5
17294,voracious,"贪吃的,贪婪的,渴求的,如饥似渴的,贪婪地,贪婪，贪吃",5
17295,paucity,少量，缺乏，不足,5
17296,cross-legged,"盘着腿的，翘着腿的,二郎腿",5
17297,embolden,鼓励，使有胆量,5
17298,crescendo,（声音）渐强,5
17299,croak,"呱呱地叫,用粗的声音说,呱呱的叫声",5
17301,lacy,"有花边的,花边状的,带子状的",5
17302,duplication,"复制,重复,复本,成倍",5
17303,pop-up,"弹出式,[棒]内野飞球,自动起跳式装置,弹起的,有自动起跳装置的",5
17304,do-it-yourself,"自己做的,为业余爱好者设计成的,自己动手,喜欢自己装配或修理东西",5
17306,laughable,"有趣的，逗人笑的,好笑,可笑",5
17307,bewilderment,迷惘，困惑，迷乱,5
17308,fruition,"成就，实现,结果实,享受",5
17309,woodpecker,啄木鸟,5
17310,careen,"将船倾侧，将船倾倒（以清洗、捻缝或修理）,倾斜,倚靠,<美>（车辆）歪歪斜斜地行驶,猛冲",5
17311,extricate,"使摆脱困难，脱身,解脱,解脱者",5
17312,tearful,"含泪的,使人流泪的,潸,汪汪",5
17313,rhubarb,"大黄,<口>（后台演员造的）人声喧哗效果，乱嚷嚷",5
17314,intergovernmental,政府间的,5
17315,paddy,"稻,谷,<俚>爱尔兰人,警察",5
17316,massively,"大而重,厚实,粗大,强有力,[计] 大规模地",5
17317,depleted,"废弃的,<正>使大大的减少，使空虚( deplete的过去式和过去分词 ),耗尽，使枯竭",5
17318,identified,"认出( identify的过去式和过去分词 ),支持,确认,辨认",5
17321,hesitantly,迟疑地，踌躇地,5
17322,well-intentioned,好意的，出于好意的,5
17324,panther,"豹，黑豹,美洲豹",5
17325,geyser,"间歇喷泉,（厨房、洗澡间的）煤气热水器[炉]",5
17326,ruddy,"红润的，血色好的,〈俚〉可恶的,非常,使变红",5
17327,amphitheater,"圆形露天剧场,竞技场面,（供观摩外科手术等的）梯形教室,（剧场中的）阶梯式座位区",5
17328,carp,"挑剔，吹毛求疵,找茬儿,鲤鱼,鲤科（包括金鱼或锦鲤）",5
17329,achievable,做得成的，可完成的，可有成就的,5
17331,repent,"对（自己的所为）感到懊悔或忏悔,[植] 匍匐生根的,[动] 爬行的",5
17332,karaoke,"卡拉OK,卡拉OK录音,自动伴奏录音",5
17334,slavic,斯拉夫人的，斯拉夫语的，斯拉夫语言,5
17335,underdeveloped,"未充分发育或发展的,（国家等）经济不发达的,足的,（使）发展不完全，（使）显影不足( underdevelop的过去式和过去分词)",5
17336,raindrop,雨点，雨滴,5
17337,stateroom,特等客舱,5
17338,cadaver,尸体,5
17340,intifada,(1987年底爆发的)以色列占领区的巴勒斯坦人暴动,5
17341,mysticism,"神秘,神秘主义,玄想（的谬说）",5
17342,oppositional,反对的，对抗的,5
17344,brooch,胸针，饰针,5
17345,slink,"偷偷溜走,早产",5
17346,released,"释放( release的过去式和过去分词 ),放开,发布,发行",5
17347,remittance,"汇款,汇款额,支付（金额）,[法]（案件的）发回，移转",5
17349,iridescent,"彩虹色的,（随位置不同而）变色的，闪色的,小配件",5
17350,lilac,"[植]丁香花属，丁香花，紫丁香,丁香紫，淡紫色,丁香紫的淡紫色的",5
17351,glut,"使吃饱,使充斥,过量地吃,供过于求,吃得过多",5
17352,bookseller,书商,5
17353,newsprint,"新闻纸,白报纸,（印刷报纸的）油墨,报刊文章",5
17354,outrun,"跑得比…快,逃脱,逃走,超出",5
17355,expectant,"期待的，预期的，期望的,[数]期望值,期待着,候选人",5
17356,projecting,"突出的，伸出的,投射( project的现在分词 ),计划,提出,展现",5
17357,opulent,"富裕的,豪华的,<正>富足的,繁茂的",5
17358,allowable,"允许的，正当的，可承认的,许用",5
17359,crossfire,"交叉火力,来自多方面的攻击,卷入两者的争执中并因此遭殃,（可能偶然影响未直接参与者的）激烈言行",5
17361,enraged,"[]  [],使暴怒( enrage的过去式和过去分词 ),歜,激愤",5
17362,songbird,"鸣禽,鸣鸟,女歌手,<俚>告密者",5
17363,drive-in,"免下车的,路边服务式的,免下车餐馆,免下车电影院",5
17364,lowering,"使低劣的，减少体力的，昏暗的,（使）降低， （使）跌落( lower的现在分词 ),削弱,削减,减少",5
17365,boob,"笨蛋,蠢材,（女人的）乳房,愚蠢的错误",5
17367,sheaf,捆，束，扎,5
17368,round-trip,来回旅程的,5
17369,infestation,（害虫、盗贼等）群袭，出没，横行,5
17371,sportswriter,（报纸的）体育新闻记者,5
17372,ointment,软膏，药膏，油膏,5
17374,unbridled,"（马等）无辔头的,不受约束的,不受控制的,放纵的",5
17375,archer,弓箭手，射箭运动员,5
17376,immobilize,使不动，使固定,5
17377,southward,向南方（的）,5
17378,spotty,"多粉刺的（尤指脸上）,带斑点的，有污迹的,多斑点地,有污迹，带斑点",5
17380,meddle,"干涉，插手,弄，摸弄，用手玩弄,参与，发生关系",5
17381,hardball,硬式棒球,5
17382,surmount,"战胜，克服,登上，攀登,居于…之上,顶上覆盖着",5
17384,free-standing,自立的，不需依靠支撑物的,5
17385,box-office,"票房的,叫座的,受欢迎的",5
17386,truckload,一货车的容量,5
17387,commensurate,"（在时间和空间上）相等的,相称的，相当的",5
17388,autoimmune,自身免疫的，自体免疫的,5
17389,revered,"崇敬，尊崇，敬畏（ revere的过去式和过去分词 ）,可敬的，尊敬的",5
17390,vegetative,"有关植物生长的,植物的,有生长力的,生活呆板单调",5
17391,outgrowth,自然结果，副产物，生长物,5
17392,pda,Personal Digital Assistant 掌上电脑,5
17393,break-in,"闯入,非法强行进入,[军]突破",5
17394,artistically,有艺术地，在艺术上,5
17395,nuanced,有细微差别的,5
17396,resale,再卖,5
17397,summons,"召唤,[法]传唤，传票,传唤( summon 的第三人称单数),传讯（出庭）",5
17398,ugliness,"难看，丑陋,丑陋的东西",5
17399,repellent,"反拨力，排拒力,防水布，防水剂,驱虫剂,消肿药,拒人于排斥的，千里之外的,令人厌恶的,防水的,相斥的",5
17400,anaerobic,"厌氧菌的，厌氧菌产生的,（细菌等）能在无空气（或无氧）情况下生活（或成长）的,无氧",5
17401,standby,"备用品,可信赖的人,备用的,备用地,待命地",5
17402,irreverent,"不敬的，无礼的,不虔诚的",5
17403,hash,"剁碎的食物,#号,蔬菜肉丁,把…弄乱,切碎,反复推敲,搞糟",5
17404,disengagement,"脱离,解开,解脱,解除婚约",5
17405,hairdo,（尤指女子的）发式，发型,5
17406,layering,"压条法,成层,分层",5
17407,redundancy,"过多，过剩,冗长,裁员,（机器的）多余度",5
17409,abhor,"憎恶,（厌恶地）回避,拒绝,淘汰,厌恶者，拒绝者",5
17410,deacon,"[宗]（新教，长老会等的）执事,（希腊教会的）助祭,〈英〉工会会长,〈美〉初生小牛,搞欺骗,搀混，蒙混",5
17412,micron,微米,5
17413,congruent,"<数>叠合的,全等的,符合的,一致的",5
17414,penance,（赎罪的）苦行，苦修,5
17416,bouncer,"保镖，门卫,跳跃物,庞然大物",5
17418,dud,"[军]哑弹,无用的人或物,衣服，个人物品,无用的,不完善的",5
17419,flowered,"花开着的，多花的,用花装饰的",5
17420,eloquence,"口才，辩才,雄辩,雄辩术,修辞法",5
17421,heterogeneity,异质性，不均匀性，不纯一性,5
17423,sleigh,"雪橇,乘雪橇",5
17424,anomalous,"不规则的,不协调的,不恰当的,破格的",5
17425,shelling,"去壳，去皮,皮磨,拾贝壳",5
17426,voodoo,"（尤指西印度群岛等地的）伏都教，巫术,施巫术以迷惑",5
17427,catapult,"弹弓,石弩,飞机弹射器,弹射座椅,用弩炮发射,用弹弓射,用弹射器发射,猛投,用弹射器弹射,快速移动",5
17428,unscrupulous,"肆无忌惮的，不择手段的，无道德原则的,没有节操的,恣意",5
17429,exhilaration,"愉快的心情，高兴,豪兴",5
17430,totalitarianism,极权主义,5
17431,east-west,"东西部（杂志名称）,东方西方（电影名称）",5
17432,liberated,"被解放的,思想解放的,（在社交和性关系上）无拘束的,放纵的,解放，释放( liberate的过去式和过去分词 )",5
17434,typology,"<正>类型学,象征主义，象征论",5
17435,leery,"留神的,猜疑的,机敏的,机警的",5
17436,legume,豆科植物，豆类蔬菜,5
17437,fowl,"鸡,家禽,捕鸟,打鸟,捕野禽",5
17438,assuage,"减轻,缓和,平息,使安静,缓和，减轻,减轻…的人",5
17439,begging,"乞讨( beg的现在分词 ),乞求,请求,（狗蹲坐在后腿上将前爪抬起）等食物",5
17440,audacity,"大胆,鲁莽,胆大妄为,鲁莽行为",5
17442,arterial,动脉的，似动脉的,5
17443,ajar,"半开着的,微开着,不协调地,不和谐地",5
17444,perplexing,"使人困惑的，令人费解的,使迷惑，使混乱( perplex的现在分词 )",5
17445,geriatric,"老年医学的，老年病学的,老人的，老年的,衰老老人，老年人,老年病人",5
17446,selfless,"无私的，忘我的,大公无私,公而忘私",5
17447,lasagna,烤宽面条（上浇肉末番茄汁）,5
17448,bulldoze,"强迫（某人做某事）(-sb +into doing sth),（用推土机）推倒,铲平,（使）强行通过",5
17449,anorexia,"厌食症,厌食,食欲缺乏,胃呆",5
17450,movable,"活动的，可移动的,动产的,动产,可移动的东西,动产[通常用复数] [亦作moveable",5
17451,patronizing,"自命为恩人的,屈尊俯就的,要人领情的,傲慢的,屈尊俯就(patronize的现在分词)",5
17452,smashing,"极好的,粉碎的,惨重的,活泼的,极好地,打碎,捣毁,重击,撞毁（车辆）",5
17453,ether,"<化>醚,the ether 苍穹,苍天,太空",5
17454,malevolent,"恶毒的,心肠坏的,幸灾乐祸的,凶狠",5
17455,seamlessly,"[]  [],无空隙地,无停顿地",5
17456,catechism,"教义问答（手册）,一系列提问",5
17457,thank-you,"[]  [],谢谢，感谢[亦作 thanks],感谢的",5
17458,heft,"重量，体积,举…以掂重量,举起",5
17459,meth,<美俚>甲安菲他明（一种兴奋剂）,5
17460,longitude,"经度，经线,[天]黄经",5
17461,glossary,（书尾的）词汇表，难词汇编,5
17462,scrawny,瘦的，皮包骨的,5
17463,distasteful,"使人不愉快的,讨厌的,不合口味的,表示厌恶的",5
17464,ruse,"诡计,策略，计策",5
17465,fibrous,含纤维的，纤维性的,5
17466,artfully,"有技巧地,熟练地,巧妙地,机灵地",5
17467,campaigner,"从军者，出征者,竞选者,老兵",5
17468,provenance,起源，出处,5
17469,supercomputer,超级计算机，巨型计算机,5
17470,dialectical,方言的，辩证的,5
17471,gratuitous,"免费的，无偿的,无必要的,无故的，无理由的",5
17472,gusto,热情，乐趣，津津有味,5
17473,humanistic,人文主义的,5
17474,wheelbarrow,独轮手推车,5
17475,elapse,"消逝,时间过去,（时间的）消逝",5
17476,pique,"使愤恨,使恼怒,怨恨,愤恨,恼怒,凸纹坚挺布料",5
17478,treasured,"[]  [],宝贵的，珍贵的,重视( treasure的过去式和过去分词 ),珍惜,珍视,珍爱",5
17479,crosstalk,"电信频道之间的串话干扰,相声",5
17480,impressionist,"印象派画家,用滑稽方式模仿名流的人,印象派的，印象主义的",5
17481,sporadically,偶发地，零星地,5
17482,dollop,块，团,5
17483,echelon,"（机构中的）等级，阶层（机构中的）等级，阶层,梯形，梯形编队,排成梯队",5
17484,adoring,"崇拜的,敬慕的,爱慕的,爱慕(adore的现在分词),崇拜",5
17485,astray,"迷路地,堕落，误入歧途地,离开正轨的,迷路的",5
17486,goad,"赶牲口的尖棒,激励,刺激,（用尖棒）驱赶,驱使（或怂恿、刺激）某人",5
17487,empathize,移情，神会,5
17488,robotics,机器人技术,5
17489,re-enactment,再次展现；再现；重现,5
17490,withering,"使人畏缩的，使人害羞的，使人难堪的,（使）枯萎， （使）干枯， （使）凋谢( wither的现在分词 ),萎缩，（尤指渐渐）破灭，消失",5
17491,etiology,病因学，病源论,5
17492,restate,"重申,再次声明",5
17493,capitalization,资本化,5
17494,chairperson,主席,5
17495,sensing,"感觉,读出,辨向,指向",5
17496,secretion,"[生]分泌,分泌物,藏匿，隐藏",5
17497,malaysian,"马来西亚人,马来西亚的,马来西亚人的",5
17498,contemptuous,蔑视的，鄙视的,5
17499,atonement,"弥补,赎罪,（神与人的）调和,（常大写）（耶稣的苦难和死促成的）上帝与人的和好",5
17500,precariously,"不安全地,危险地,碰机会地,不稳定地",5
17501,latte,"拿铁咖啡,（意大利语）牛奶",5
17502,orbiter,（尤指在轨道上运行的）轨道飞行器,5
17503,singularity,"<正>异常,奇怪,奇特,奇点",5
17504,unsuitable,"不合适的，不适宜的，不相称的,锄悟难入,不当",5
17505,flooded,"[]  [],被水淹的,（使）充斥( flood的过去式和过去分词 ),大量涌来,（使）为水淹没,使大受感动",5
17506,cold-blooded,"冷酷的,冷血的,<口>怕冷的,不动感情的",5
17507,clothesline,"晒衣绳,猛然的平直球,抱颈阻截,伸臂抱颈阻截",5
17508,daze,"使（某人）迷乱而不能做出正确反应，使茫然,使（某人）惊奇与迷惑",5
17511,mercifully,"幸运地,宽厚地,仁慈地",5
17512,bedspread,床罩,5
17513,exalted,"高贵的,高尚的，崇高的,意气风发的,兴奋的，得意洋洋的,赞扬( exalt的过去式和过去分词)，歌颂,提升，提拔,使激动",5
17514,kale,"羽衣甘蓝,无头甘蓝",5
17515,stalker,"网子的一种,高视阔步者,暗恋者,暗恋别人的人",5
17516,unitary,"单一的,单位的,整体的,一元",5
17517,tirade,激烈的长篇指责或演说,5
17518,irate,盛怒的,5
17519,walled,"有围墙的，有城墙的,（如墙似）围着的,(wall的过去式和过去分词)用墙围住",5
17520,unfulfilled,"无法行使的，无法履行的,未完成的,未得到满足的,没有成就感的",5
17522,sunburn,晒伤，晒太阳过量而引起皮肤灼痛,5
17524,haggle,"讨价还价,争论,乱劈,乱砍,使疲惫,争论不休",5
17525,mirrored,"反映( mirror的过去式和过去分词 ),反射,映照,将（玻璃）喷镀成镜子",5
17526,headmaster,（私立学校的）校长,5
17527,gobbler,雄火鸡,5
17528,ramble,"漫游,漫步,漫谈,蔓延",5
17530,craggy,"陡峭的，崎岖的，多岩石的,嶙峋",5
17531,maim,"使受重伤,使残废,残害,伤残",5
17532,lefty,左撇子，左翼分子,5
17533,step-by-step,"按部就班的,按步,步进",5
17534,separating,"分开[离，裂]的,分开( separate的现在分词 ),（使）分离,区分,隔开",5
17535,synonym,同义词,5
17536,godfather,"教父,监护人,（黑手党下属组织的）首领,当…的教父,作…的监护人",5
17537,umm,[]  [],5
17538,communique,公报，官报,5
17539,intergenerational,两代间的,5
17540,squeaky,吱吱响的，发轧声的,5
17541,halter,"（马的）笼头，缰绳,（女用的在颈和背后系带的）袒肩露背上装,给…套上缰绳,束缚",5
17542,politeness,"有礼貌,客气,文雅,有礼貌的行为",5
17543,framer,制定者，创作者,5
17544,outlast,比…长久，比…活得长,5
17547,constitutionality,合宪法性,5
17549,sweating,"发汗,（使）出汗( sweat的现在分词 ),（使）流汗,（使）发汗,焖",5
17550,overblown,"停息的，盛开过的,（风等）吹散( overblow的过去分词 ),吹倒[落，过]，狂吹，（管乐器）吹得过响",5
17551,lackluster,"无光泽，暗淡,无光泽的，暗淡的",5
17552,satchel,书包,5
17553,resettle,"帮助（尤指难民）定居他国,使（土地、地区等）重新成为定居点",5
17554,transducer,传感器，变频器，变换器,5
17555,splay,张开,5
17556,posse,"地方武装团队,一队,民防团",5
17557,naivete,天真烂漫，纯真无邪,5
17558,slow-moving,"动作缓慢的，滞销的,迟滞",5
17559,circumscribe,"在…周围划线,划定…范围,限制,限定",5
17560,pita,"[]  [],（希腊和中东地区的）皮塔饼",5
17561,monotonous,"（声音，话语）单调的，无抑扬顿挫的,枯燥无味的",5
17562,unwritten,"不成文的,口头的，口传的,没有记录的,白纸一张的",5
17563,tried,"可靠地,经过考验的,试图，努力( try的过去式和过去分词),考验,磨炼,审讯",5
17564,marginalization,[]  [],5
17565,ethnographer,民族志学者，人种学者,5
17566,sod,"草地，草皮,<俗，谑>人，家伙,故乡，本国,<英俚>鸡奸者，兽奸者,铺草皮,以生草土覆盖,铺草皮于",5
17567,door-to-door,"挨户访问的，按户达的,挨户访问地，按户送地",5
17568,inducement,"诱导，劝诱,诱因，动机,[法]引言部分,刺激物",5
17569,freudian,"弗洛伊德精神分析法的，（尤指性方面）表示出内心思想感情的,弗洛伊德的信徒,失言，漏嘴",5
17570,succulent,"多汁的，多水分的，多汁性的,（植物）茎叶肥厚含水分多的，肉质的,极有兴趣的，津津有味的，有活力的,肉质植物,多汁植物",5
17571,dainty,"精致的,娇俏的,（指人）品位高雅的,难以取悦的,美味，可口之物",5
17572,olympian,"<主美>奥运会选手,<主美>奥林山神的，庄严的",5
17573,bubbling,"起泡，使冒气泡( bubble的现在分词 ),（移动时）发出冒泡的声音,洋溢着（某种感情）,强烈感受",5
17574,scruffy,"肮脏的，不整洁的,破旧的,邋遢的,杂乱的",5
17576,venison,"鹿肉,<古>野味,猎兽",5
17577,graphical,绘成图画似的，绘画的,5
17578,clapboard,"墙板，隔板，桶板,遮以墙板",5
17579,numbered,"有限的，时日无多的,数，算( number的过去式和过去分词 ),给…编号,总共",5
17580,counterattack,"反攻，反击,逆袭",5
17581,dismayed,"[]  [],惊愕的,惊慌的,沮丧的,失望的,使惊愕，使焦虑，使气馁( dismay的过去式和过去分词 )",5
17582,emigrant,"（从本国移往他国的）移民,移居的，移民的，侨居的",5
17583,classically,古典主义地，拟古地,5
17584,forged,"锻造( forge的过去式和过去分词 ),伪造,艰苦干成,努力加强",5
17585,opine,认为，以为,5
17586,hyperactivity,活动过度，极度活跃,5
17587,fastener,"紧固件,钮扣,使系牢之物",5
17588,six-pack,可装六个并可手提的厚纸板箱,5
17589,eddy,"（水、烟等的）漩涡，涡流,起漩涡，旋转",5
17590,rhetorically,在修辞学上，讲究修辞地,5
17591,meningitis,脑膜炎,5
17592,mastectomy,乳房切除术,5
17593,illustrative,"用作说明的，解说性的,用作说明地，解说性地",5
17594,pesky,<非正>烦人的，让人讨厌的,5
17595,fast-moving,移动迅速的，情节紧凑动人的,5
17597,sagging,"下垂[沉，陷]，松垂，垂度,向下凹或中间下陷( sag的现在分词 ),松弛或不整齐地悬着",5
17598,harmonica,口琴,5
17599,madam,"女士,小姐,喜欢指使他人的年轻妇女,（妓院的）鸨母",5
17600,next-door,"[]  [],邻家（的）,隔",5
17601,jittery,<口>紧张不安的,5
17602,thrilled,"非常兴奋的,极为激动的,“thrill”的过去式和过去分词",5
17603,franciscan,"圣方济各会的,方济各会的修士[修女]",5
17605,sender,"寄件人,[信]发报机，发射机，发送机，送话器,发送人,（天线）引向器",5
17606,scented,"有香味的,洒香水的,有气味的,嗅到(scent的过去分词)",5
17608,enunciate,"（清晰地）发音,确切地说明",5
17609,self-imposed,"自愿承担的,自己强加的",5
17610,upper-class,上流社会的，中学（或高等学校）三年级的，四年级的,5
17611,stunted,"成长受妨碍的，矮小的,阻碍…发育[生长]，抑制，妨碍( stunt的过去式和过去分词 )",5
17612,postpartum,产后的,5
17613,draconian,"严厉的,苛刻的,严酷的,龙一样的",5
17614,reprieve,"[法]缓期执行,给…带来缓解,[法]死缓，缓刑,暂缓",5
17615,candidly,"耿直地,自然地,率直地,坦白地",5
17616,moat,"壕沟，护城河,挖壕围绕",5
17617,cowardice,懦弱，胆怯,5
17618,lined,"有衬里的,有内衬的,（纸）有横格线的,（脸上）有皱纹的,排队( line的过去式和过去分词 ),用线标出,[棒球]（击球手）击出（平直球）,给…安衬里",5
17619,antigen,抗原,5
17623,interweave,"使交织,使混杂,织进",5
17625,judicious,"明智的,有见识的,判断正确的,审慎的",5
17626,bigot,抱偏见的人，执拗的人，心胸狭窄的人,5
17627,interminable,"冗长的,无止境的,没完没了",5
17628,affiliated,"使隶属于（ affiliate的过去式和过去分词）,接纳,使发生联系,隶属的",5
17629,evocation,唤出，唤起，招魂,5
17630,rioting,"暴乱，骚乱,暴动，闹事( riot的现在分词 )",5
17631,choppy,（指海洋）波浪起伏的,5
17632,precipitous,"险峻的,多悬崖的,急躁的,鲁莽的",5
17633,merciless,"残忍的,无怜悯之心的,蛇蝎心肠,无情",5
17634,orchestral,"管弦乐队（演奏）的，为管弦乐队演奏的,管弦乐队的",5
17635,bouncing,"精力充沛的,精神饱满的,活泼的,“bounce”的现在分词",5
17636,absurdly,荒谬地，荒唐地,5
17637,depositor,"存放人，存款人,寄托者,沉淀器",5
17638,apostolic,使徒的,5
17639,pronoun,<语>代词,5
17640,amputee,被截肢者,5
17641,distributed,"分布式的,分配( distribute的过去式和过去分词),散发,分销,[常用被动语态]将…分类(into)",5
17642,institutionalization,[]  [],5
17643,progeny,"子孙,后裔,结果,结局",5
17644,satirical,含讽刺意味的，嘲讽的,5
17645,sanguine,"乐观的，充满希望的,面色红润的,血红色的,血红色,自信，乐观",5
17646,latter-day,近代的，现代的，当今的,5
17647,collapsing,"压扁[平]，毁坏，断裂,折叠( collapse的现在分词 ),倒塌,崩溃,（尤指工作劳累后）坐下",5
17648,ablaze,"着火的,发光的,闪耀的,着火,闪耀",5
17649,sideshow,"（正戏中的）穿插表演,附带游乐项目,附带事件或活动,次要问题或事情",5
17651,deprived,"缺少食物的,缺乏足够教育的,剥夺，夺去,使丧失(deprive的过去式和过去分词)",5
17652,schoolwork,"功课,家庭作业",5
17653,lingo,听不懂的话（指方言、术语等），隐语，外语,5
17654,retake,"再拿,再取,重拍（照片、影片等）,重新（考试等）,电影镜头的重拍,重考,补考,参加重考或补考的人",5
17655,entwine,缠绕，盘绕,5
17656,unbutton,"解开（纽扣）,打开,表露,吐露",5
17657,lavishly,非常大方地，浪费地，极其丰富地,5
17658,chameleon,变色蜥蜴，变色龙,5
17659,raze,彻底摧毁，将…夷为平地,5
17660,improvised,简易的,5
17661,blowout,"爆胎,盛宴,盛大聚会,轻易的胜利",5
17662,unbalanced,"不平衡的,不稳定的,精神失常的,未决算的,使失去平衡( unbalance的过去式和过去分词)",5
17663,programmatic,"标题音乐的，节目的,纲领性",5
17664,bruising,"殊死的,十分激烈的,擦伤(bruise的现在分词形式)",5
17665,tusk,"（象等动物的）长牙,獠牙,尖形物,尖头,用牙抵（或刺），用牙掘（或撕）,有獠牙的，有长牙的",5
17666,ordained,"[]  [],任命（某人）为牧师( ordain的过去式和过去分词 ),授予（某人）圣职,（上帝、法律等）命令,判定",5
17667,uterine,子宫的，同母异父的，母系的,5
17668,caddie,"球童,<英>杂役,（运物用的）有轮手推车,当球童，=caddy",5
17670,yardstick,"码尺,尺度",5
17671,strangeness,"奇怪,古怪,陌生,生疏",5
17673,substandard,"不够标准的，在标准以下的,低等级标准",5
17674,epicenter,<地>震中，中心，集中点,5
17675,didactic,"教学的,教导的,（指人）学究式的,迂腐的",5
17676,militiaman,"民兵,民兵组织",5
17677,sneaky,鬼祟的，卑鄙的,5
17678,deregulate,"解除管制,解除控制",5
17679,convulsion,"[医]抽搐,大笑,震动,动乱",5
17681,nape,颈背，后颈,5
17682,flirtation,调情，调戏，挑逗,5
17683,loath,不愿意的，不喜欢的,5
17685,tailback,<英>交通堵塞,5
17686,streamer,"（作装饰用的）彩色纸带,长条旗",5
17687,snowshoe,"雪鞋,穿雪鞋走路",5
17688,symbiotic,共生的,5
17690,regress,"逆行，倒退,退回，回归,退化,使…倒退,回归，退回,退步，退化,[法]复归权",5
17691,topsoil,"表土（层），耕作（层）,耕层",5
17692,headboard,床头板,5
17693,rationing,"定量配给,限量供应，配给供应(ration的现在分词)",5
17694,axial,"轴的,成轴的,<机>轴向的，轴周围的",5
17695,withholding,"扣交,扣留( withhold的现在分词 ),拒绝给予,抑制（某事物）,制止",5
17696,rote,"死记硬背,机械的作法，生搬硬套,涛声",5
17697,phosphate,"磷酸盐,（含有少量磷酸的）汽水",5
17698,unsavory,"<美>没有味道的,难闻的,（令人）讨厌的,（道德上）名誉不好的",5
17700,auditing,"查账,审计,审核,审计学,审计，查账( audit的现在分词 )",5
17701,hah,"[]  [],嘿，哈",5
17703,falsehood,<正> 谎言，假话，虚假,5
17705,amputate,"（用外科手术）截（肢等）,切断,砍掉,删除",5
17706,councilman,议员，市议会议员,5
17707,gunpowder,"火药,有烟火药，黑色火药,中国珠茶",5
17710,first-generation,出生在美国的,5
17711,snowboard,"滑雪板,参加滑雪（运动）",5
17713,intricately,"杂乱地，复杂地,难懂地",5
17714,parlance,腔调，说法，用语,5
17715,disclaimer,"否认声明,放弃,放弃者",5
17718,ice-cream,"冰淇淋的，乳白色的,冰淇淋",5
17719,swordfish,旗鱼,5
17720,supremely,极其，极为,5
17721,white-haired,"长着白发的，被捧场的,白发皤然",5
17722,operatic,"歌剧的,歌剧风格的",5
17725,peculiarly,"异常地,尤其地,古怪地,单独地",5
17726,irishman,爱尔兰人,5
17727,debatable,"可争辩的,成问题的,未定的",5
17728,evaluative,可估价的,5
17729,uninterested,"不感兴趣的,不关心的,淡漠的,（财产方面）无利害关系的",5
17730,reschedule,"重新安排,重新计划",5
17731,mister,"先生,长官,平民，老百姓,丈夫,称…先生",5
17732,thermos,热水瓶，保温瓶。来自于德国品牌膳魔师保温瓶商标“Thermos”,5
17733,commander-in-chief,"总司令,指挥主要武装部队的官员",5
17734,discerning,"有识别力的,有洞察力的,眼光敏锐的,看见( discern的现在分词),识别，辨明,觉察出",5
17735,skateboard,滑板,5
17736,hermit,"隐士,小甜饼",5
17737,impel,推动、推进或敦促某人做某事,5
17739,justly,"公正地,正当地,应得地,恰当地",5
17740,condiment,调味品，佐料,5
17741,rapt,全神贯注的，入迷的,5
17742,anathema,"可憎的事物,可恶的想法,十分讨厌的人",5
17743,quid,"一英镑，一磅金币,（咀嚼用的）一块，咀嚼物,抵偿物，交换物",5
17744,disaffected,"不满的,愤愤不平的,使不满(disaffect的过去分词)",5
17745,everlasting,"永久的，永恒的，接连不断,不断的，冗长的，使人厌烦的,[植]干后花的形状颜色不变的,永久，无穷,〈英〉牢固耐久的毛呢,[植]蜡菊，蝶须，鼠曲草",5
17746,blinking,"闪光的，一眨眼的,眨眼睛( blink的现在分词 ),闪亮，闪烁",5
17747,close-knit,紧密的，组织严密的,5
17748,firewall,"防火墙,用作防火墙",5
17749,coy,"腼腆的,忸怩作态的,献媚的",5
17750,chisel,"凿子，錾子,<俚>诈骗,凿，雕,錾，镌,欺骗,钻进",5
17751,crosswise,交叉的（地）,5
17752,surreptitiously,"偷偷摸摸地，暗中进行地,秘密地",5
17753,axiom,"公理,自明之理,原理,格言",5
17754,rile,惹恼，激怒,5
17755,implausible,难以置信的，似乎不合情理的，不太可能的,5
17756,sensuality,耽于声色，好色，淫荡,5
17757,red-hot,"赤热的,激烈的，恼怒的,近期的，新的,热狗，红肠面包,法兰克福香肠",5
17759,stilt,"（支撑建筑物高出地面或水面的）桩子，支柱,高跷",5
17760,whereupon,"于是,因此",5
17761,absolve,"宣告…无罪，赦免…的罪行，宽恕…的罪行,不受责难，免除责任 [义务] ,开脱（罪责）",5
17762,pompous,"浮华的，华而不实的,高傲的，自大的",5
17763,chromium,[化学] 铬,5
17765,prohibited,"禁止，阻止( prohibit的过去式和过去分词 ),不许",5
17766,drive-by,（谋杀事件）从行使的汽车上射击作案的,5
17768,optimization,"最佳化，最优化,优选法,优化组合",5
17769,overheated,"过热的,使过热，变得过热( overheat的过去式和过去分词 )",5
17770,beau,"喜修饰者,纨绔子弟,情郎,求爱者",5
17771,taper,"逐渐变细，变尖,逐渐减弱,细蜡烛,灯芯,锥形物",5
17772,nullify,"虚假说，零假说,使抵消,使无效",5
17773,psychedelic,"引起幻觉的，致幻觉的,迷幻的，幻觉的,迷幻剂",5
17774,distil,"蒸馏,从…提取精华,使渗出,用蒸馏法制造,提炼,渗出",5
17775,crucify,"把（某人）钉死在十字架上,折磨，虐待,抑制，克制,处以钉在十字架的死刑",5
17776,garish,"炫耀的，过于艳丽的,响亮的，浮华的,刺眼的,令人眩晕的",5
17777,malt,"麦芽,麦芽酒,啤酒,麦乳精,使（谷物）成为麦芽,制麦芽,麦芽的,含麦芽的,用麦芽作的",5
17778,washed,"洗过的,洗( wash的过去式和过去分词 ),洗涤,冲,（向着某一方向）流动",5
17779,regrettably,令人遗憾地，使人懊悔地,5
17780,alchemy,"炼金术,炼丹术,（改变事物、物质的）魔力（或方法）,（事物、物质的）神秘变化",5
17781,condor,"神鹰,秃鹫，秃鹰,秃鹰金币",5
17782,materialistic,唯物论的，唯物主义的,5
17786,splitting,"爆裂似的，极快的,（使）裂开， （使）破裂( split的现在分词 ),分裂,分开,[俚语]（迅速）离开",5
17788,centralize,"使集中,成为…的中心,实行中央集权",5
17789,tubular,"管系组织的,管子形的，管状的,管子做成的,发吹管般声音的",5
17790,exasperate,"使恼怒,使恶化,使加剧",5
17791,profusely,"十分慷慨地,毫不吝惜地,丰富地,繁茂地",5
17792,digger,"挖掘机,挖掘者,有挖掘习性的动物,家伙",5
17793,riverboat,（拖轮、大型平底船、划船等的）内河船,5
17794,necktie,领带，领结,5
17795,devotional,"专心的,献身的,信仰的,虔诚的",5
17796,kink,"（绳、头发等的纽）结，（道路等的）弯曲，肌肉抽筋,（使）纠结，（使）纽绞",5
17798,grating,"格栅，栅栏，格子,磨碎，压碎( grate的现在分词 ),发出刺耳的摩擦声,使人烦恼难受",5
17799,shoddy,"劣质的,假冒的,卑劣的,软再生毛,冒充物,虚骄假饰",5
17800,decorum,"端庄得体,体统",5
17801,halibut,（产于太平洋和大西洋的）大比目鱼,5
17802,drowsy,"昏昏欲睡的,沉寂的,催眠的,呆滞的",5
17803,scriptural,手稿的，圣经的，依据圣经的,5
17804,floured,在…上撒（或覆以）面粉( flour的过去式和过去分词 ),5
17805,millisecond,毫秒,5
17807,officiate,"行使（职务）,主持（宗教仪式）",5
17808,jeez,呀,5
17809,squabble,"（为小事而）争论，吵嘴,搅乱（排好的铅字）,争吵，口角",5
17810,spilled,"[]  [],溢出( spill的过去式和过去分词 ),泼出,涌出,蜂拥而出",5
17811,matinee,（剧场、影院等的）午后的演出，午场,5
17812,gallant,"堂皇的,壮丽的,勇敢的,（对女子）献殷勤的,时髦的青年男子,对妇女献殷勤的男人,情人,向（女子）献殷勤",5
17813,wedlock,结婚生活，婚姻，结婚的状态,5
17814,inasmuch,由于，因为，古〉只要,5
17815,co-chairman,联合主席，共同主席,5
17816,unmatched,"无敌的，无比的,不相配的,无前,曾无与二",5
17818,eon,"(=aeon)世,纪,代,无限长的时代",5
17820,gargantuan,巨大的，庞大的,5
17821,suffuse,（指颜色、水气等）弥漫于，布满,5
17822,lawless,"违法的,法律不及的,无法无天的,无艺",5
17823,checkered,"多变的,使（某物）呈现方格图案或不同颜色或不同深浅的方格( checker的过去分词 )",5
17824,aquaculture,"水产业,水产养殖",5
17825,corona,日冕，日华,5
17828,unconcerned,"不感兴趣的,不相干的,无关的,漠不关心地，无忧无虑地，不感兴趣地,漠不关心，无忧无虑，不感兴趣",5
17829,retard,"使减速，妨碍，阻止，推迟,减慢，受到阻滞,减速，阻滞，延迟",5
17830,hyperbole,<语>夸张法,5
17831,theorem,"[数] 定理,（能证明的）一般原理，公理，定律，法则",5
17832,considerate,"体贴的，体谅的,深思熟虑,到,慎重",5
17833,gawk,"呆子,呆呆地看着",5
17834,tribulation,"苦难,艰难,苦难的缘由,痛苦",5
17835,bowler,"（板球）投球手,圆顶高帽",5
17836,lockout,停工（业主为抵制工人的要求而停工）,5
17838,inflexible,"僵硬的，不可弯曲的,不屈服的,不能转变的,坚定不移的",5
17839,docking,"入船坞,（航天器在轨道上的）对接,（使）船停靠码头( dock的现在分词 ),（使宇宙飞船在外层空间）对接,减少,扣除",5
17840,nominally,"在名义上，表面地,应名儿",5
17841,inquisitive,"好问的，好奇的,爱打听的,好询问的人,爱打听别人事情的人",5
17844,unsustainable,不能证实的，不能成立的，不能支持的,5
17846,velvety,"天鹅绒般柔软的,软绵绵",5
17848,uplift,"举起,振作,（社会、道德等）发展,使上升,上升，升起,进步,乳罩",5
17849,knitting,"编结物,接合，联合,[外科]骨愈合,（使）愈合( knit的现在分词),编结，编织,（使）紧密地结合,织平针",5
17850,cpa,"[]  [],Canadian Pacific Airlines 加拿大太平洋航空,Certified Public Accountant （特定）会计师[美]，",5
17851,frailty,"脆弱,虚弱,（性格或行为上的）弱点,缺点",5
17852,mathematically,算术地,5
17853,inaccuracy,"不准确，误差,不准确的说法",5
17854,peptide,<生化>肽，缩氨酸,5
17855,rafting,"筏运,筏流,排运,合金",5
17856,paratrooper,伞兵,5
17857,dopamine,<生化>多巴胺,5
17858,maximal,尺寸最大的，最高的，持续时间最长的,5
17859,sunlit,"阳光照射的,日耀",5
17860,physiologist,生理学者,5
17861,maestro,"<意>音乐大师（尤指名指挥）,艺术大师,乐队指挥,（球队等的）领队",5
17862,ladle,"长柄勺,（用勺）舀或盛很多（食物）,慷慨地施予某物",5
17864,sturgeon,鲟,5
17865,constructivist,构成主义者,5
17866,futurist,未来主义者，未来派艺术家,5
17867,mutilation,切断，毁损,5
17868,brownstone,"褐色砂石，赤褐色砂石建筑,上流社会的，富有阶级的",5
17869,balmy,"（指空气）暖和的,温暖的,芳香的,能止痛的",5
17870,desolation,"遗弃,荒凉,破坏,凄凉",5
17871,allay,"减轻，缓和,使冷静，使平静,止渴,消痛",5
17872,radiance,"发光,光辉,辐射,欣喜的神色",5
17874,extravagance,"奢侈，挥霍,奢侈品,过分（的事情）,放纵的言行",5
17875,harrowing,"悲惨的，令人伤心的,耙地，使耙松( harrow的现在分词)",5
17877,reticent,"寡言少语的,有保留的,含蓄的,谨慎的",5
17878,drawl,"拖长腔调慢吞吞地说,拖长腔调慢吞吞说的话",5
17879,criminally,刑法上，犯了罪地,5
17880,repentance,"悔悟,悔改,后悔,忏悔",5
17881,unrecognized,未被承认的,5
17882,busted,"打破，打碎( bust的过去式和过去分词 ),突击搜查（或搜捕）,（使）降级，降低军阶",5
17883,aghast,"惊呆的,吓呆的,被…吓呆,被吓得目瞪口呆",5
17884,aggregation,"聚集,集成,集结,聚集体",5
17886,sheepishly,"怯懦地，羞怯地,愚蠢地",5
17887,reminiscence,"旧事，回忆,回忆录",5
17888,undiscovered,未被发现的，隐藏的,5
17889,enmity,"仇恨,敌意,敌视,敌对的状态",5
17890,cannibalism,吃人肉，同类相食,5
17892,cicada,蝉,5
17893,gregarious,"爱交际的，合群的,群居",5
17894,outwardly,"外表上,表面上,在外面,外部地",5
17895,surly,脾气坏的，不友好的,5
17896,tuft,"丛生植物,（头发、羽毛、草等）一簇,<古>髭,逢迎权贵的人,用丛毛装饰,使分成簇（或束）,形成一簇，丛生",5
17897,ramshackle,"要倒似的，要塌似的,摇晃的,没主意的,放荡的",5
17898,liqueur,"烈性酒，白酒,利口酒（餐后甜酒）",5
17899,invisibility,"看不清,看不见的东西,难看见,透明性",5
17900,pursuer,"追赶者,追捕者,追求者,从事者",5
17901,ebony,"乌木，黑檀,乌木制的，似乌木的",5
17903,ancillary,"辅助的,补充的,附属的,附加的,助手，随从",5
17904,dungeon,地牢,5
17906,dynamism,"（人的）活力,精力，魄力,劲头,[哲]物力论，力本学",5
17907,retainer,"[机]承盘，挡板,家臣，侍从,[牙科]牙架,保持着",5
17908,blackmail,"敲诈，勒索,（盗匪征收的）保护费，免抢税,胁迫，勒索，敲诈，讹诈",5
17910,firecracker,爆竹，鞭炮,5
17911,vilify,中伤，诽谤,5
17912,subdivide,"再分，细分,细分,再分",5
17914,spraying,"喷雾,喷( spray的现在分词 ),向…扫射（或抛洒），往…上撒,尤指雄猫撒尿（以示领地占有）",5
17915,spousal,"结婚，婚礼,结婚的",5
17916,slain,"杀死，宰杀，杀戮( slay的过去分词 ),(slay的过去分词)",5
17917,cancerous,"癌的,像癌的,得癌症的,不治的",5
17918,automate,"（使）自动化,使自动操作",5
17919,hulking,庞大笨重的，笨拙的,5
17920,islander,"岛民,岛上居民",5
17921,stripped,"剥皮（ strip的过去式和过去分词 ）,脱光衣服,（齿轮的齿等）折断,表演脱衣舞",5
17922,reversible,"可逆的,步骤、行动或疾病可恢复原状的,可医治的,衣服、材料等可翻转的",5
17923,supremacist,至上主义者,5
17924,fortitude,"坚韧，刚毅,刚毅精神,松柏节操",5
17925,importation,"进口,输入,进口货,输入物",5
17926,fiesta,<西>（尤指西班牙和南美的）宗教狂欢节日,5
17927,restlessness,坐立不安，心神不定，无休止,5
17928,distal,末梢的,5
17929,rinsed,"[]  [],漂洗( rinse的过去式和过去分词 ),冲洗,用清水漂洗掉（肥皂泡等）,（用清水）冲掉",5
17930,abolitionist,"废除主义者，废奴主义者,废除主义者的，主张废除主义的,（国家）已废除死刑的",5
17935,overcast,"天阴的，多云的,使沮丧,包缝,遮蔽,[气象学]阴，阴天,遮盖物(尤指云、雾等,郁闷，忧愁，沮丧,[采矿]风桥",5
17936,carmaker,汽车制造商,5
17938,incurable,"无法治愈的,无法改变的,不能矫正的,医不好的病人",5
17939,tumbler,"翻筋斗者,<机>转臂,（机枪的）机心,（玩具）不倒翁",5
17940,wristwatch,手表,5
17941,ouster,罢免，废黜，革职,5
17942,hilt,"（刀剑、匕首等的）柄,全力（ 支持某人等）,彻底,到最大程度,给…装柄",5
17943,open-minded,"虚心的,思想开明的,无先入之见的,无偏见的",5
17944,organically,器官上地，有机地,5
17945,cognac,白兰地酒的一种（产于法国的柯纳克）,5
17947,behest,<文>命令，吩咐，请求,5
17948,unyielding,"坚硬的，不能弯曲的，不屈的,刚强,不屈服,倔强",5
17949,cabaret,"卡巴莱餐馆,卡巴莱歌舞表演,有歌舞、滑稽短剧助兴的",5
17950,herpes,[医]疱疹,5
17951,derogatory,"贬低的,贬义的",5
17952,weasel,"鼬鼠，黄鼠狼,狡猾的人,卑劣的人,躲避，躲闪（承诺、责任等）,含糊其辞",5
17953,trivialize,<贬>使显得琐碎[不重要、不难等]，轻视,5
17954,adhesive,"黏合剂，粘着剂,可黏着的，黏性的",5
17955,defraud,"诈取，骗取,欺骗",5
17956,amalgam,"汞合金,混合物",5
17959,inwardly,在内心，秘密地,5
17961,articulated,"铰接（的），枢接（的），有关节（的）,清楚地表达( articulate的过去式和过去分词 ),形成关节,与…合成整体",5
17962,cystic,胞囊的，膀胱的，胆囊的,5
17963,personification,"人格化,拟人化",5
17965,intensively,强烈地，集中地,5
17966,awkwardness,"笨拙,粗劣,难为情,尴尬",5
17967,disinfectant,消毒剂，杀菌剂,5
17968,jurist,法理学家,5
17969,co-pilot,"[]  [],副驾驶员，自动驾驶仪",5
17970,preservative,"防腐剂,预防法,防护层,防腐的，（能）保存的,储藏的,有保护力的",5
17971,courtly,谦和而有威严的,5
17972,sizzling,"发咝咝声( sizzle的现在分词 ),表现良好，进行顺利,把…烧得哧哧响，烧焦,恶言相骂",5
17973,hemorrhage,"（尤指大量的）出血，失血,大出血",5
17975,all-day,全天的,5
17976,claimant,"原告,索取者,[法]原告，债权",5
17977,baste,"打,粗缝,痛斥,（烤肉等时）往上抹[浇]油",5
17978,promiscuous,"（尤指）性关系随便的,混杂的,随便的,淫乱",5
17979,carol,"圣诞之歌，（宗教）颂歌,卡罗尔舞蹈,欢乐地唱,唱圣诞颂歌,欢唱,歌唱庆祝",5
17980,holocaust,"大屠杀,浩劫,毁灭",5
17981,life-saving,救生（法）,5
17982,centuries-old,悠久的,5
17983,dictum,"宣言,声明,名言,格言",5
17984,historiography,编史，历史的编纂,5
17985,ricotta,意大利乳清干酪,5
17986,empathetic,移情作用的，感情移入的,5
17987,seeing,"<口>因为，鉴于，由于,看见,观看,参观,看见( see的现在分词 ),领会,考虑",5
17988,penicillin,青霉素，盘尼西林,5
17989,exalt,"提高，提升,赞扬,使得意,加强",5
17990,readable,"易读的,易懂的",5
17991,hyena,鬣狗,5
17992,rallying,"恢复( rally的现在分词 ),价格回升,集合起来,嘲笑",5
17993,afield,"在战场上,在野外,远离着",5
17995,daffodil,"水仙花,黄水仙,鲜黄色,淡黄色的,水仙花色的",5
17996,technicality,"专门性，学术性，技术性,术语,专门事项",5
17997,memorialize,请愿,5
17998,psi,"[]  [],Pacific Semiconductors,Inc. <美>太平洋半导体公司",5
17999,viciously,邪恶地，敌意地,5
18000,dehydrate,"使脱水，使干燥,（人体的）脱水，失水",5
18002,tightening,"上紧，固定，紧密,收紧( tighten的现在分词 ),（使）变紧,（使）绷紧,加紧",5
18003,outhouse,外屋，厕所,5
18004,carousel,旋转木马,5
18005,basal,基底的，在底部的，基础的,5
18006,alight,"下来,飞落,偶然发现，碰到,降落,点着的，点亮的,烧着的，烧起的",5
18008,spiky,"大钉似的,打了尖桩的,尖刻的,易怒的",5
18009,cheddar,（英国产的）切德干酪,5
18010,subsist,（靠很少的钱或食物）维持生活，生存下去,5
18011,fruity,"有果味的,果实状的,圆润的",5
18012,untenable,"（尤指辩论中的立场）站不住脚的,不能维持的,难以防守的,不能租赁的",5
18013,corset,（妇女为衬托身体的）紧身胸衣,5
18014,counterfeit,"仿制品，伪造物,肖像，画像,仿制，造假,假装，伪装,仿造的，假冒的,虚伪的",5
18015,assessor,"技术顾问,评税员，估价员,陪审法官，助理法官",5
18017,referent,指示物,5
18019,pester,"使烦恼,使为难,纠缠",5
18020,disorderly,"杂乱的,凌乱的,妨碍治安的,无法无天的,混乱，杂乱",5
18021,loathing,"厌恶，憎恨,憎恨，厌恶( loathe的现在分词),极不喜欢",5
18022,platonic,"柏拉图（哲学）的,理想的,不切实际的,（两性之间关系）纯精神友谊的",5
18023,rebuke,"非难，指责,制止，阻止,使相形见绌,惩戒,斥责，训斥",5
18024,snob,"势利小人，势利眼,附庸风雅之徒，假内行",5
18025,smattering,"略懂，浅知,充内行( smatter的现在分词 )",5
18026,mean-spirited,小气的，自私的,5
18027,resigned,"已辞职的,已放弃的,顺从的,听从的,顺从地，听从地,辞职，放弃(resign的过去式),(to)使顺从",5
18028,christen,"给…洗礼,施洗礼时命名,开始使用",5
18029,actuator,"激励者,[电脑]执行机构,[电]（电磁铁）螺线管,[机]促动器",5
18030,grapevine,"葡萄藤,谣传，流言,小道消息,消息的秘密来源",5
18031,cog,"（用假骰子）欺骗，行贿,（大机构中的）无足轻重的成员,钝齿,雄榫",5
18032,innermost,"最深处的,隐私的，最隐秘的",5
18033,incipient,开始的，初期的,5
18035,disparage,"轻视,贬低,批评,非难",5
18037,aerodynamic,空气动力（学）的,5
18039,paralyzed,"瘫痪的，麻痹的,使瘫痪，使麻痹( paralyze的过去式和过去分词 ),使不能正常活动",5
18040,rippling,起涟漪的，潺潺流水般声音的,5
18041,horny,"角质的，角状的,坚硬的,〈美俚〉好色的，猥亵的,〈古〉半透明",5
18042,waistband,腰带，束腰带,5
18043,capricious,"变化无常的,反复无常的,多变的,任性的",5
18044,shaping,"修整（的）,计划( shape的现在分词 ),使（服装）合身,表现,使适合",5
18046,enforced,"强迫的,实施( enforce的过去式和过去分词 ),执行,强迫,强制执行",5
18047,sharpness,"锐利,明锐度",5
18049,well-worn,用旧了的，陈腐的，平凡的,5
18050,musing,"沉思的，冥想的,沉思，冥想( muse的现在分词 ),沉思自语说（某事）",5
18052,world-famous,举世闻名的,5
18053,melodramatic,"戏剧性的,感情夸张的，伤感的,耸人听闻的",5
18054,sapphire,"蓝宝石,蔚蓝色,蔚蓝色的",5
18055,ponce,庞塞（拉丁美洲波多黎各岛南部港市）,5
18056,snappy,"精力充沛的,敏捷的,漂亮的，时髦的,爽快的",5
18057,undaunted,顽强的，不惧怕的，无畏的,5
18058,hotbed,（坏事、暴力等的）温床,5
18059,stampede,"惊逃,人群的蜂拥,军队溃败,使（动物）惊逃,使（人群）涌向,逃窜,涌向",5
18060,pacifist,"和平主义者，反战主义者,绥靖主义者,持消极态度者,非战主义的",5
18061,exhortation,"敦促,极力推荐,（正式的）演讲,（宗教仪式中的）劝诫",5
18062,needlessly,不需要地，不必要地,5
18064,rev,"<口>发动机的旋转,<口>（使）加速,（数量、活动等）激增,（使发动机）快速旋转,（使）活跃起来",5
18065,peacemaker,调解人，调停人,5
18066,moniker,名字，绰号,5
18067,allergen,变应原,5
18068,treachery,"背叛,变节,背叛行为",5
18069,congregational,（教堂）会众的，公理教会的,5
18070,colt,小雄马,5
18072,misbehavior,"<美>不礼貌，品行不端,违反军规",5
18073,inca,印加人（古代秘鲁土著人）,5
18074,genial,"和蔼的，亲切的,温暖的，温和的,宜人的,显示天才的",5
18076,magnolia,"[植] 木兰,木兰花,玉兰类的植物,奶白色,木兰科的",5
18077,inhalation,"吸入,吸入剂，吸入物",5
18078,afoot,"徒步的（地）,正在进行的（地）,活动着的（地）,不对劲的（地）",5
18079,toolbox,工具箱,5
18080,horrid,"引起反感的,可怕的,恐怖的,极讨厌的",5
18081,forego,"摒弃,摒绝,放弃",5
18082,miscalculation,"算错，误算,判断错误",5
18083,extramarital,"私通的,婚外",5
18084,blindfold,"（尤指用布）挡住（某人）的视线,蒙住（某人）的眼睛,使不理解,蒙骗,蒙眼的绷带[布等],障眼物，蒙蔽人的事物,被蒙住眼睛的（地）,盲目的（地）,不谨慎的（地）,鲁莽的（地）",5
18085,enamor,使倾心，使迷恋,5
18086,icelandic,冰岛的,5
18087,filming,"拍摄电影,薄膜形成,拍摄(film的ing形式),以薄膜覆盖",5
18088,incendiary,"引火的,燃烧的,纵火的,煽动的,纵火犯,易燃物,煽动者",5
18089,unproductive,"不毛的,没有产物的，没有收益的,非生产性的,徒然的，没有效果的",5
18090,rumpled,"[]  [],弄皱，使凌乱( rumple的过去式和过去分词 )",5
18091,signatory,"签字人， 签约国,签署的，签约的",5
18092,overpriced,"价格过高的,定价太高的,将…标价过高，索价过高（ overprice的过去式和过去分词 ）",5
18093,perversion,"歪曲，曲解,变坏,[医]性欲倒错,[心]性变态",5
18094,chemo,化疗,5
18095,weakening,"（使）削弱， （使）变弱( weaken的现在分词 ),消震",5
18096,ravages,"劫掠后的残迹，破坏的结果，毁坏后的残迹,毁坏( ravage的第三人称单数 ),蹂躏,劫掠,抢劫",5
18097,scorpion,蝎子,5
18098,brainwash,"<贬>对…进行洗脑，把某种思想强加于，通过宣传灌输说服,洗脑",5
18100,catchy,"易记的,易使人上当的,迷人的",5
18101,mistreatment,虐待,5
18102,whisky,威士忌酒,5
18103,unplanned,无计划的，未筹划的,5
18104,idiotic,"白痴的,憨痴,呆头呆脑,憨头憨脑",5
18105,underwriter,"保险业者,保险公司，保险商,承诺支付者,担保人",5
18106,hearsay,"传闻，道听途说,小道消息,谣传,风言风语",5
18107,retool,"（给…）更换工具， （给…）更换机械设备,改组，革新",5
18108,ascendancy,"优势，支配地位,支配倾向",5
18109,indie,"独立经营的电影院等,独立制片人,独立制片的,独立制片相关的",5
18110,sameness,"相同，酷似,千篇一律",5
18111,wharf,"码头，停泊处,靠码头,把货卸在码头上",5
18112,luminary,"杰出人物，名人,天体,发光体",5
18113,sparingly,"节约地,保守地,仁慈地,缺少地",5
18114,reassign,再分配，再指定,5
18115,materially,"<正>相当地,大大地,物质上,钱财上",5
18116,space-time,时空,5
18117,redneck,乡下人，农人,5
18118,copious,"丰富的,大量的,多产的,冗长的",5
18119,rater,定价人,5
18120,ineffectual,"无效的，不起作用的,徒劳无益的,无用的人,无一技之长者",5
18121,shackle,"手铐，脚镣,束缚,[机]钩环,[电]绝缘器,束缚，加枷锁,妨碍，阻碍,给…上手铐,[电]在…装绝缘器",5
18122,upshot,结果,5
18123,assertiveness,过份自信，武断,5
18124,adaptability,"适应性,合用性",5
18125,penitentiary,"<美>监狱,用作教养的，感化（院）的，教养所的",5
18126,tantalizing,"逗人的,惹弄人的,撩人的,煽情的,逗弄，引诱，折磨( tantalize的现在分词 )",5
18130,dispersed,"分散的,被驱散的,（使）分散(disperse的过去式和过去分词),传播",5
18131,oeuvre,全部作品,5
18132,backtrack,"走原路,由原路返回,改变主意,取消诺言,追踪,循迹调查",5
18134,enchanting,"使人喜悦的,妩媚的,迷人的,使欣喜，使心醉(enchant的现在分词),使迷惑",5
18135,self-awareness,"[]  [],自我意识",5
18136,inordinate,"过度的,无节制的,紊乱的,奢",5
18137,downsizing,以较小尺寸设计（或制造），缩小（汽车等的）外部尺寸( downsize的现在分词 ),5
18138,petitioner,"请求人，请愿人,<英>离婚案原告",5
18139,cusp,"尖头，尖端,滩嘴,歧点,牙齿",5
18140,diplomatically,外交上，外交地,5
18142,disavow,不承认，抵赖，拒绝对…承担责任,5
18143,knapsack,（士兵或旅行者的）背包,5
18144,unwrap,"打开,散开",5
18145,non-white,"非白种（人）的,非白种人",5
18146,head-to-head,肉搏战，白刃战,5
18147,celeb,<俚>名人，著名人士，名流(celebrity的缩写),5
18148,untitled,无标题的，无称号的，无权利的,5
18149,alderman,市府参事，市议员,5
18150,homely,"<尤英>家常的,平凡的,<美>（人）不好看的,相貌平庸的",5
18152,informer,"告密者,通知者",5
18154,meteorological,气象的,5
18155,idealize,"使理想化,使合于理想,理想化,形成理想",5
18156,monopolize,"独占，垄断,拥有…的专卖权",5
18157,solicitor,"初级律师,恳求者，求婚者,〈美〉掮客，募捐人",5
18158,ingrain,"生染，就原料染色，使根深蒂固,生染的，根深蒂固的,生染的纤维，原料染色，本质",5
18160,inexperience,"缺乏经验，不成熟,缺乏知识",5
18161,fluff,"绒毛，软毛,小东西,浮浅的娱乐,[非正式]失误,使松软,搞糟，失去,忘记或说错了台词,变得松软,[非正式]忘词",5
18162,fell,"砍倒，打倒,兽皮,一季的木材采伐量,残忍的,凶恶的,掉下,摔倒,变坏(fall的过去式)",5
18163,boxed,"把…装入盒[箱，匣]中( box的过去式和过去分词 ),拳击",5
18164,collarbone,锁骨,5
18165,hazelnut,榛实,5
18166,henceforth,从今以后，今后,5
18167,pout,"撅嘴,噘着嘴说,发脾气,鼓起，膨胀,生气，不高兴,[动]大头鱼类",5
18168,offshoot,"旁系子孙,支流,分枝,衍生物",5
18169,wayside,"路边,路边的",5
18170,outmoded,"过时的,不流行的,使过时( outmode的过去式和过去分词 )",5
18171,discriminant,判别式,5
18172,intelligible,可理解的，明白易懂的，清楚的,5
18173,consonant,"辅音，子音,辅音字母,一致的,符合的,协和音的,和音的",5
18174,recklessly,"不在乎地，鲁莽地，不顾一切地,混,愣,大肆",5
18175,banter,"玩笑,逗乐,〈美方〉挑战,开玩笑，说笑,（善意地）取笑,逗弄",5
18176,canning,"罐头制造,将…装入密封罐中保存( can的现在分词 )",5
18177,smashed,"喝醉酒的,打碎，捣烂( smash的过去式和过去分词 ),捣毁,重击,撞毁（车辆）",5
18178,rainstorm,暴风雨，大暴雨,5
18179,unicorn,"（传说中身体似马的）独角兽,<动>一角鲸,独角兽标记",5
18180,uncooked,未煮过的,5
18181,tasteful,"美味的,雅致的,有良好判断力或鉴赏力的,举止得体的",5
18182,seaman,"水手，海员,水兵",5
18183,inactivity,"不活动,不活跃,静止,不活泼",5
18184,racy,"（风格）活泼的,味美的,不雅的,猥亵的",5
18185,supersonic,"[物]超声的，超音速的,超声波,〈口〉超音速飞机",5
18187,inlaid,"镶嵌的,把…嵌入，把…镶入( inlay的过去式和过去分词 ),镶饰（物品）",5
18188,generality,"概括性的话,一般性,大多数",5
18189,indulgent,"放纵的，纵容的,宽容的,任性的",5
18190,racketeering,"[]  [],敲诈勒索,诈骗",5
18191,chartered,"特许的,（船等）租的,发给…许可证(charter的过去分词)",5
18192,chiropractor,脊椎推拿治疗者,5
18194,keyword,"关键字,关键词",5
18195,misbehave,行为不端,5
18196,delude,欺骗，哄骗,5
18197,teak,"柚木,柚木棕色",5
18198,intelligently,聪明地,5
18199,grumpy,"脾气坏的,性情粗暴的,脾气暴躁的,性情乖戾的",5
18200,salesperson,售货员,5
18201,belch,"打嗝，嗳气,喷出，吐出,埋怨，抱怨,喷射，喷出,态度蛮横地发出（叱咤等）,喷出物,喷吐，喷射,劣质啤酒",5
18202,practicum,实习科目，实习课,5
18203,archdiocese,大主教的管区,5
18204,bygone,"过去的,以往的,很久以前的,旧式的,过去的（不愉快的）事,往事",5
18205,snoop,"探听，窥探，管闲事,探听,窥探,管闲事",5
18208,protectionist,"贸易保护主义者,保护贸易论的",5
18209,enthuse,"使热情,对…极热心",5
18210,exclusionary,<正>排斥（性）的，排除在外的,5
18211,formalize,"使正式，形式化,拘泥形式,拘泥于形式",5
18212,roulette,"轮盘赌,骑缝线,旋轮线",5
18213,peeled,"去皮的,削[剥]去（水果或蔬菜的皮）( peel的过去式和过去分词 ),覆盖层脱落，剥落,剥落,脱落",5
18214,enviable,"值得羡慕的,引起妒忌的",5
18215,shipwreck,"灭亡，毁灭，失败，挫败,船只失事，（海滩上的）失事船残骸,使失事，使毁灭，使失败",5
18216,enchant,"使心醉，使迷惑,用魔法迷惑",5
18217,regrettable,"令人遗憾的,可惜的,可悲的,抱歉的",5
18218,gripe,"紧握，抓住,肠绞痛,抱怨,绞痛,握紧,惹恼,抱怨，发牢骚",5
18220,chieftain,（部落）酋长，族长，首领,5
18221,thistle,"蓟,苏格兰的国徽",5
18222,redraw,"重画,刷新屏幕",5
18223,contort,扭曲，扭弯,5
18224,belle,"美女,最美的美女",5
18225,accredited,"可接受的,可信任的,公认的,质量合格的,相信( accredit的过去式和过去分词 ),委托,委任,把…归结于",5
18226,welder,焊接工,5
18227,unaccustomed,"不习惯的,不寻常的,奇怪的,不熟悉的",5
18228,boldness,"大胆，冒失，勇敢,魄力",5
18230,wired,"接有电线的,以线加强的,（受酒精或毒品影响而）迷醉的,玻璃、材料等（为使坚挺或坚固）内含金属丝的,美国的《连线》杂志 WIRED杂志是美国著名的网络电子类杂志，反映电脑技术应用于现代和未来人类生活的各个方面。",5
18231,minefield,"布雷区，水雷阵,充满隐伏危险的事物",5
18233,defensible,能防御的，能辩护的,5
18234,lance,"长矛，标枪,长矛骑兵,[医]柳叶刀,矛状器具,用柳叶刀切开,用矛刺穿,投，掷,急速前进",5
18235,populism,平民主义，平民论,5
18236,lair,"（野兽的）巢穴，窝,（人的）藏身处",5
18237,infatuation,热恋，迷恋,5
18238,admitting,"许可进入( admit的现在分词 ),承认，供认,允许,确认",5
18240,octave,"<音>八度音,八度音阶,高八度音,八度和音",5
18241,deathbed,临死所卧的床，临终之时,5
18243,stalwart,"强壮的,结实的,坚定的,可靠的,高大健壮的人,忠实拥护者",5
18244,value-added,增值,5
18247,invalid,"无效的,不能成立的,有病的,病人用的,使伤残,使退役,失去健康,病人，病号,残废者,伤病军人,变得病弱,因病而奉命退役",5
18248,imperialist,"帝国主义者,皇帝的支持者，帝制拥护者,帝国主义的",5
18249,microchip,"微晶片,微型集成电路片",5
18250,germinate,"使发芽,使发育,使发展,发芽,生长,发育",5
18252,internist,<美>内科医师,5
18253,holdout,坚持,5
18254,pancreas,<解剖>胰，胰腺,5
18255,chiffon,"雪纺绸，薄绸,女子服装装饰品,薄绸制成的,薄绸般透明（柔软）的",5
18257,imperil,使陷于危险，危及,5
18258,sorcerer,男巫，方士，施魔法者,5
18260,tact,"机智，机敏,老练，圆滑,[乐]拍子,〈罕〉触觉",5
18261,matched,"相配的,敌得过的,敌得过，和…相配(match的过去式和过去分词)",5
18262,marcher,"边疆地区居民,边境防务长官,行进者,行军者",5
18263,fortification,"筑垒，设防,防御工事",5
18264,loll,"懒洋洋地躺着[坐着、站着],（头、舌等耷拉，下垂）,懒洋洋地坐着（或躺着、站着）,无所事事",5
18265,shockingly,骇人地，很坏地,5
18266,snipe,"狙击,[鸟]鹬，沙锥鸟,<美俚>烟屁股，香烟头,可鄙的人,打沙锥鸟,中伤,暗害,伏击，狙击,猎鸟,诽谤",5
18267,constitutive,构成的，制定的,5
18268,mallet,"木槌,长柄球棍,大锤",5
18269,wick,"蜡烛芯,（油灯的）灯芯,<英俚>不断烦扰某人,激怒某人",5
18273,savanna,"（美国东南部的）无树平原,（亚）热带的稀树大草原",5
18274,shifter,移动装置，转换机构，开关,5
18275,purview,"（文件等的）范围,眼界,视野,见识",5
18277,masturbate,（对…）进行手淫,5
18279,scavenge,"清除污物，打扫,（在废物中）寻觅,（动物）食腐肉",5
18280,maggot,"蛆,多蛆的",5
18282,lullaby,摇篮曲，催眠曲,5
18283,orb,"球，天体，圆形物,弄圆,成球形,围着,<古>沿着轨道移动",5
18285,reclusive,"隐遁的，隐居的,孤独",5
18286,hard-boiled,"煮过熟了的,没有感情的,老于世故",5
18288,horse-drawn,（用作定语）用马拖的,5
18289,aryan,"讲印欧语系语言的人,雅利安人的",5
18290,hyperactive,"活动过度的,极度活跃的",5
18292,slather,大量地用，厚厚地涂,5
18293,respiration,"呼吸，一次呼吸,（植物的）呼吸,一息",5
18296,hemlock,由毒芹提取的毒药,5
18298,skimpy,"（衣服）小而暴露的,<贬>（数量或大小）不足的，不够的",5
18299,conclusively,令人信服地，确凿地,5
18300,lacquer,"漆，天然漆,漆器,涂漆于,使…表面或外观光滑",5
18301,absorbing,"吸引人的,非常有趣的,吸收(absorb的ing形式),引人注意",5
18302,high-pressure,"高压的，硬干的,对…施加压力，强制",5
18303,matter-of-fact,"切合实际的,讲求实际的,就事论事的,平淡的,面不改色的",5
18304,pickled,"<俚>烂醉如泥的,盐渍的,腌制的,腌，( pickle的过去式和过去分词)",5
18305,luminosity,"发光,光明,光度,发光体",5
18306,excise,"切除，删去,向…征税,向…索取高价,国内货物税，消费税,执照税,（英国的）国产税务局",5
18307,sympathetically,悲怜地，富有同情心地,5
18308,self-pity,"自怜,自哀",5
18309,sidle,悄悄地走，偷偷地走近,5
18310,ameliorate,"<正，夸>（使）改善，改进,减轻（痛苦等）,改良,变得更好",5
18311,acidity,"酸性,<化>酸性,<医>胃酸过多,（言词等的）类刻",5
18312,cropland,农田，耕地,5
18313,pariah,"被社会遗弃者,<史>贱民",5
18314,sorcery,"巫术，魔术,魅力,魔法,妖术",5
18315,lob,"吊高球,打缓慢的球,抛高球,蹒跚地走,高球,<英>笨重的人",5
18316,overpowering,"压倒性（优势）的,无法抵抗的,极强大的,制止不了的,overpower的现在分词,击败,（感情等）压倒,使无法忍受",5
18317,unexplored,"未经勘探的,尚未考察的,未想到的,未考虑过的",5
18318,finisher,"润饰者，完工者,清整工",5
18319,elation,"兴高采烈,欢欣鼓舞,（病态的）欣快,欣快症",5
18320,misdeed,违法行为，罪恶,5
18321,accretion,"堆积,<植>连生,添加生长,<天>吸积",5
18322,buttery,"食品室，酒贮藏室,像黄油样的，奉承的",5
18323,unwed,没有结婚的，未婚的,5
18324,hideaway,隐避处,5
18326,black-eyed,黑眼珠的，黑眼圈的,5
18328,transformer,"变压器,促使变化的（或人物），改革者",5
18329,jitters,"神经过敏,极度紧张,激动(jitter的复数),紧张不安,使激动,抖动(jitter的三单形式),神经过敏地说",5
18330,transom,"气窗,横窗,横梁,结构中横向构件",5
18331,adjoin,"邻近，毗连,接，贴连,附加，使结合",5
18333,panicked,使恐慌（panic的过去式与过去分词形式）,5
18334,teacup,"茶杯,一杯之量",5
18335,screener,筛,5
18336,blemish,"瑕疵，缺点,污点,不名誉,有损…的完美,玷污,损害,弄脏",5
18337,twofold,"<书>由两部分组成的，有两部分的,两倍的,两倍地",5
18339,indentation,"凹进,缩格,凹口,缺口",5
18340,blurred,"（使）变模糊( blur的过去式和过去分词 ),（使）难以区分,模模糊糊,迷离",5
18342,quark,夸克（构成原子的最小粒子）,5
18343,illuminating,"富于启发的,使明亮( illuminate的现在分词 ),照亮,装饰,说明",5
18345,implode,（使）向心聚爆,5
18347,wrangling,"[]  [],争吵，争论，口角( wrangle的现在分词 )",5
18348,goo,"黏性物，感伤,臭味",5
18349,dike,"堤,排水沟,障碍物,女同性恋者",5
18350,jihadist,"[]  [],伊斯兰圣战士",5
18352,sieve,"[粮食][矿]筛子,滤网,不能保守秘密的人，嘴不严的人,筛，筛选,滤",5
18353,zigzag,"（指线条、小径等）锯齿形的，之字形的， Z字形的,锯齿形的线条、小径等,弯弯曲曲地走路，曲折地前进",5
18354,extraneous,"外部的,外来的,无关的,不相干的",5
18355,incriminating,"[]  [],使（某人）显得有罪，牵连，归罪于( incriminate的现在分词 )",5
18357,indecision,"优柔寡断,犹豫不决",5
18358,multimillionaire,大富豪，巨富,5
18359,providing,"如果,假如,在…条件下,倘若,提供，供给，供应( provide的现在分词),规定,提供[(+for)],装备",5
18360,unionized,"未电离的，未离子化的,（使）加入工会，（使）成立工会( unionize的过去式和过去分词 )",5
18361,resuscitate,"使复苏,使复兴",5
18362,mushy,"糊状的,感情脆弱的，感伤的,感伤地,糊状物,脆弱的感情，感伤",5
18363,preamble,"序,绪言,（法令、文件等的）序文,前言",5
18364,sandbag,"沙袋,堆沙袋，用沙袋打",5
18365,introspective,"反省的,内省的",5
18366,custom-made,定做的，订制的,5
18368,hardcover,"精装书,精装书的，精装的",5
18369,wrought,"制造的,加工的,经装饰的,（金属）锤打成形的,使发生了，造成了（尤指变化）,（使）工作( work的过去式和过去分词 ),（使）运作,运转,（使）产生效果",5
18370,reinvigorate,使再振作，使复兴,5
18372,anemic,"贫血的,患贫血症的,没有活力的,无精打采的",5
18373,amiss,"出了差错的,有毛病的,有缺陷的,（用于否定句）不恰当的,不恰当地,不顺当地,错误地,（可能因误会）对…生气",5
18374,bandanna,印花大手帕,5
18375,unwavering,不动摇的，坚定的,5
18376,deplorable,"糟透的，可叹的，可悲的,应受谴责的,破旧的",5
18377,broadside,"<船>（吃水线以上的）舷侧,（书面或口头的）猛烈抨击,全部舷侧炮,宽阔面,侧对着,侧向地,漫无目标地,胡乱地,<美>撞上（车）的一侧",5
18379,baguette,法国长面包,5
18380,redness,红，红色,5
18381,denizen,居民，住户,5
18382,patina,"（青铜器上的）铜绿,绿锈,（旧木器等表面）年久而产生的光泽,神情",5
18383,vaporize,"（使）蒸发，（使）汽化,说大话，自吹自擂",5
18384,dryness,"干，干燥,干性,干燥度",5
18385,deleterious,"有害的,有毒",5
18387,blooming,"盛开的,妙龄的,<俚>十足的、非常的,开坯",5
18388,inorganic,"[化]无机的,无组织结构的,无生物的,无活力的",5
18389,crass,"愚笨的,粗鲁的,非常的，彻底的",5
18390,justifiably,无可非议地,5
18391,travail,"<文>艰苦劳动,辛勤努力,痛苦,分娩的阵痛,辛勤工作，努力，尤指经受分娩的阵痛",5
18392,esteemed,"<书>受人尊敬的,尊敬( esteem的过去式和过去分词 ),敬重,认为,以为",5
18393,claustrophobic,"（患）幽闭恐怖症的，导致幽闭恐怖症的,令人不适地被关闭或被包围的,幽闭恐怖症患者",5
18394,acquiescence,默认，默许,5
18395,demean,使降低身份，使卑下,5
18399,infest,"大批出没，成群出现,在…上寄生，寄生于,骚扰",5
18400,pragmatist,实用主义者,5
18401,touchstone,试金石， （检验）标准,5
18403,angelic,"天使的，天国的,（美丽、善良、纯洁等）似天使的",5
18404,merciful,仁慈的，宽恕的，温和的，（情形）良好的，顺利的，（处罚）宽大的,5
18405,uninformed,"信息不足的,情况不明的,未受教育的,无知的",5
18406,dour,"严厉的,阴沉的,（岩石）嶙峋的,顽强不屈",5
18407,chaser,"追赶者,追猎者，猎人,[航]追击舰,饮烈酒后喝的饮料",5
18408,flaky,"薄片的,成片的,薄而易剥落的,<美俚>极古怪的",5
18409,debunk,揭穿真相，暴露,5
18410,heretic,"异教徒,异端分子",5
18411,polemic,"争论，辩论,辩论者，争论者,辩论的，好争论的",5
18412,cantaloupe,罗马甜瓜，香瓜，哈密瓜,5
18413,singularly,"非常地,格外地,奇怪地,异常地",5
18414,demented,"疯狂的，精神错乱的,精神错乱，变得痴呆（dement的过去分词）",5
18415,lope,"（尤指动物）轻跳着奔跑,大步慢跑",5
18417,antebellum,（美国南北）战争前的,5
18418,exterminate,"消灭,根除",5
18419,soundbite,（通常指新闻节目中引自政客演讲的）简短引述，原话片段,5
18420,cobbler,"酥皮水果馅饼,修鞋匠,胡说,废话",5
18421,profane,"不敬（神）的,渎神的,亵渎的,世俗的,不敬；亵渎，玷污,未受秘传的人",5
18422,fibrosis,纤维化，纤维症,5
18423,favoritism,偏爱，得宠，偏袒,5
18425,pudgy,"矮胖的,矮墩墩,胖乎乎",5
18426,blithely,欢乐地，快活地，无挂虑地,5
18427,bawl,"大叫，大喊,嚎啕大哭,大声叫出,大声宣布,叫卖（货物）,哭声,叫喊声",5
18429,unseat,"从马上摔下,把…从座位（尤其是马鞍）上移开,降级，撤职，革除（职位）,使失去资格",5
18430,tranquilizer,"镇静剂，止痛药,增稳装置",5
18431,filtering,"过滤，滤除，滤清,透过( filter的现在分词 ),（光或声）渗入,缓行,（交通指示灯处的交通）仅可左转行驶",5
18432,tirelessly,不倦地,5
18434,gizmo,小发明,5
18435,dishonesty,"不正直，不诚实,狡猾，阴险,不诚实的行为,欺诈",5
18436,unkind,"不够和善的，不亲切的,冷酷的,无情的",5
18437,superhero,超级英雄,5
18438,connote,隐含，暗示，意味着,5
18439,chronicler,年代记编（记录）者,5
18440,chopsticks,"筷子,筷子( chopstick的名词复数 )",5
18441,speeding,"超速行驶,急行，加速( speed的现在分词 ),快速运送,加速，促进",5
18442,festoon,"[建]垂花饰,花彩装饰物，彩旗,给…结彩，在…饰以花彩,使成花彩形",5
18443,willfully,"任性固执地,蓄意地",5
18444,attainable,可到达的，可得到的,5
18445,horticultural,园艺的,5
18446,unfairness,[]  [],5
18448,landlady,"女房东,女地主,（旅店或寄宿舍的）女店主",5
18449,big-name,有名的，大名鼎鼎的，名人的,5
18450,vex,"使烦恼,使苦恼,使生气,详细讨论,〈诗〉使激荡，使汹涌,纷纷议论,长期争论",5
18451,whoop,"大叫,呐喊,喘息声,哮喘声,叫喊,喘息,高声说,唤起,高声说，唤起",5
18452,grotto,（吸引人的）岩洞，洞穴，（人挖的）洞室,5
18453,unchanging,不变的，恒常的,5
18454,alienating,"[]  [],使疏远( alienate的现在分词 ),使不友好,转让,让渡（财产等）",5
18456,papa,<儿>爸爸,5
18457,dotted,"有点的，星罗棋布的,点缀(dot的过去式和过去分词),布满,（口）打，击（某人）,以小圆点标出（某物）",5
18458,reincarnation,"再投胎,再生,化身而成的生物,再体现",5
18459,feared,"[]  [],畏惧( fear的过去式和过去分词 ),为…忧虑（或担心、焦虑）,敬畏（神等）,感到害怕",5
18460,sicken,"使生病,使厌恶，使恶心,患病,生病,变厌腻",5
18461,sit-up,仰卧起坐,5
18463,talkative,"健谈的，多嘴的，喜欢说话的,喋喋",5
18464,peppercorn,胡椒子，空有其名的地租,5
18465,great-grandmother,曾祖母,5
18466,hardness,"坚硬,<物>硬性,困难,冷酷",5
18467,digitize,将资料数字化,5
18468,to-do,"吵闹,骚乱",5
18469,inexorable,"无情的，铁面无私的,不可动摇的，不屈不挠的,不能变更的,不可阻挡的",5
18470,cola,"可乐果树,可乐饮料",5
18471,gist,"要点，主旨,大要,要领,精神",5
18472,blended,"（使）混合( blend的过去式和过去分词 ),（使）混杂,（使）调和,协调",5
18474,friendliness,友情，亲切，友善,5
18475,single-minded,"专一的,坚定的,诚心的,纯真的",5
18476,john,"抽水马桶,厕所",5
18478,dowry,嫁妆,5
18479,light-hearted,"[]  [],轻松的,快活的,省心的,无忧无虑的",5
18480,secede,"从…中脱离,脱离,退出",5
18481,valor,（尤指战斗中的）勇猛，英勇,5
18483,ferment,"酶，酵素,发酵剂,骚动，动乱,使发酵,使骚动,酝酿",5
18484,distinctively,区别地，特殊地,5
18485,bluish,接近蓝色的，浅蓝的,5
18486,sectional,"拼合而成的,局部的,部分（地区）的,断面的",5
18487,foodstuff,"<术>食物，食品,粮食",5
18489,sup,"小口地喝,用汤匙喝,抿（汤、茶等）,<美，口>喝（酒）,<古>吃晚饭,一小口（饮料）",5
18490,habitually,"习惯地，惯常地,素,素常",5
18491,enchantment,"魅力,迷人之处,施魔法,着魔",5
18492,stopper,"阻塞物，（尤指）瓶塞,（用瓶塞）塞住",5
18493,mason,"石匠，泥瓦匠,共济会会员,梅森（人名）,用砖瓦砌成",5
18494,flint,"燧石，火石,（打火机等的）打火石",5
18495,antagonize,"使成为敌人,引起…敌对[对抗],对…起反作用,中和",5
18496,shoplifting,"商店行窃,在商店偷窃( shoplift的现在分词 )",5
18497,fine-tuning,"[]  [],调整，使有规则( fine-tune的现在分词 )",5
18498,peeling,"剥皮，剥下的皮,削[剥]去（水果或蔬菜的皮）( peel的现在分词 ),覆盖层脱落，剥落,剥落,脱落",5
18499,nuke,"核武器，核能发电厂，核潜艇,以核武器攻击，，以核武器摧毁",5
18500,breech,臀部,5
18501,voluptuous,"性感的,令人感到舒适的，倾向感官享受的,体态丰满的,骄奢淫逸的",5
18502,premonition,"预感，预兆,前兆，征兆,预先的警告（告诫），预诫",5
18503,rolled,"包金箔的,（使）打滚( roll的过去式和过去分词 ),（使）转动,卷,把…卷成筒状",5
18504,forerunner,"先驱,先驱者,先兆，预兆",5
18505,deep-seated,"深层的,根深蒂固的,牢固的",5
18506,e-mailed,"[]  [],电子邮件( e-mail的过去式和过去分词 )",5
18507,interlocking,"联锁的,<计>互锁设备( interlock的现在分词 ),双螺纹针织品",5
18508,snugly,"紧贴地,贴身地,暖和舒适地,安适地",5
18510,chipped,有缺口的，用碎片组成的,5
18511,counterbalance,"对…起平衡作用，抵消,抗衡 （力），平衡力",5
18512,self-made,"自制的,自造的,靠自己努力而成功的,白手起家的",5
18513,tasteless,"无味的,味道差的,乏味的,无判断力、鉴赏力等的",5
18514,mermaid,"美人鱼,女子游泳健将",5
18515,underfunded,资金不足的,5
18516,auctioneer,"拍卖人，拍卖商,拍卖",5
18517,clink,"（使）发出叮当声,叮当声,劈楔；牢房",5
18518,equalize,"使相等,补偿,使均衡,打成平局",5
18519,stunningly,"绝妙地,极好地,令人震惊地,使人目瞪口呆地",5
18520,achiever,"有成就的人,获得成功的人",5
18522,foolishly,愚蠢地，可笑地,5
18524,feathery,"生有羽毛的，柔软如羽毛的,软绵绵",5
18525,celibate,"独身者,独身者的",5
18526,catalytic,"接触反应的,起催化作用的,催化剂,刺激因素",5
18527,trinket,"小装饰品,小件饰物,无价值的琐细杂物,小玩意儿",5
18528,eulogy,颂词，颂文,5
18529,cul-de-sac,死胡同,5
18530,ensconced,"[]  [],安置好的，安居的,舒服地坐[躺着]( ensconce的过去式和过去分词 )",5
18531,overgrow,长满，长得超过，长得过大,5
18532,candlestick,烛台,5
18533,irk,<正，文>使烦恼，激怒,5
18534,homily,"（长篇）说教,讲道，宣道",5
18535,irrevocably,不能取消地，不能撤回地,5
18536,familiarize,使（某人）熟悉，使通晓,5
18537,face-lift,"翻新门面，作整形手术,翻新",5
18538,uncomplicated,"简单的,不复杂的,[医]无合并症的",5
18539,whence,"从何处，从那里,（到）…的地方,出于什么原因,来源，来处，根源,哪里，何处,从那个地方,由此，据此",5
18540,semantics,"语义学,词义学",5
18541,conceit,"自负,幻想,思想，观点,巧妙构思,〈古〉理解",5
18542,lynch,"以私刑处死（被认为有罪的人）,私刑",5
18543,conservatively,"保存地,保守地,谨慎地",5
18544,antipathy,"反感,引起反感的事物,憎恶的对象,<古>（在本性、倾向等方面的）不相容",5
18545,notepad,便条簿,5
18546,gratify,"使高兴,使满意",5
18548,saltwater,"盐水的,海产的",5
18549,downed,"放下( down的过去式和过去分词 ),（尤指大口或快速地）喝下,使摔倒,击落（敌机等）",5
18550,swoon,<文>昏厥，昏倒,5
18553,fab,"<俚>极好的，绝妙的,奇妙的",5
18554,antithetical,"正相反的，对立的,骈",5
18555,underpants,"（男用）内裤，衬裤,裤衩",5
18558,prepaid,"预付款的，资费已付的,预付，先付( prepay的过去式和过去分词 ),预付（邮资等）",5
18559,mildew,"霉，霉病,（使）发霉，（使）长霉",5
18561,air-conditioning,"空调设备，空调系统,给…装上空调，用空调调节（空气）( air-condition的现在分词 )",5
18562,planetarium,"天文馆,天象仪",5
18563,vend,"出售（尤指土地等财产）,（尤指在公共场所）贩卖,发表（意见，言论）,声明",5
18564,silken,"<文>柔软的,光滑的,亮洁的,轻柔的",5
18565,kickback,"强烈反应,<俚>佣金，回扣",5
18566,neurotransmitter,神经传递素,5
18567,mystify,"使神秘化,使迷惑,使困惑",5
18568,mega,"宏大的,精彩的",5
18569,exponential,"指数,倡导者,演奏者,例子,指数的，幂数的,越来越快的",5
18571,meditative,沉思的，冥想的,5
18572,titan,巨子；巨人；成就非凡的人,5
18574,tree-lined,绿树成排的，绿树成荫的,5
18575,hypothermia,低体温,5
18576,mafia,"（意大利、美国等的）反社会黑帮，黑手党,秘密犯罪集团，秘密施加巨大影响的一伙人,民众对法律和政府的敌视",5
18577,diced,将…切成小方块，切成丁( dice的过去式和过去分词 ),5
18578,pistachio,阿月浑子树，阿月浑子果实，淡黄绿色,5
18579,satisfactorily,"令人满意地,心安理得地,可靠地",5
18580,beholder,观看者，旁观者,5
18581,waddle,"（像鸭子一样）摇摇摆摆地走,摇摆的步子，蹒跚",5
18582,bountiful,"慷慨给予的,丰富的，充裕的",5
18583,gilt,"小母猪,镀金材料,炫目的外表,镀金的,涂金的,把…镀金( gild的过去式和过去分词)",5
18584,self-expression,（以艺术、文学创作等方式）自我表现，个性表现,5
18585,amplification,"扩大,发挥,<物>振幅,放大率",5
18586,trawl,"拖网,排钩绳,用拖网捕鱼,查阅（档案等）",5
18587,whistle-blower,内部举报人,5
18588,riser,起床者，起义者，叛乱者,5
18589,whizz,"飕飕声,专家,飕飕作声",5
18590,uptight,"<口>紧张的,愤怒的,经济状况不佳的,<美>极端保守的",5
18593,insular,"海岛的,孤立的,与世隔绝的,岛民的",5
18594,questioner,发问者，质问者,5
18596,magnetism,"磁性，磁力,磁学,吸引力,催眠术",5
18597,quotient,商，商数,5
18598,airstrip,"飞机跑道,机场跑道,简易跑道",5
18600,coal-fired,"[]  [],烧煤的",5
18601,belated,"来得很迟的,来得很晚的,过时的,陈旧的",5
18602,socialite,上流社会人士，社交界头面人物,5
18604,yiddish,"意第绪语，依地语（犹太人使用的国际语）,第绪语的，<俚>犹太人的",5
18605,hatchet,"短柄小斧,言归于好,瘦削而棱角分明的",5
18606,chairmanship,主席的地位或身份,5
18607,steadfastly,"踏实地，不变地,岿然,坚定不渝",5
18608,ascension,上升，升高,5
18609,supermodel,超级名模,5
18610,amply,充足地，详细地,5
18611,heart-shaped,"心形的,鸡心,心脏形",5
18613,interrelationship,相互关系[联系，影响]，干扰,5
18614,darkroom,"（冲洗底片的）暗室，暗房,黑屋子",5
18615,readjust,再整理，再调整,5
18616,schooner,（有两个以上桅杆的）纵帆船,5
18617,grime,"污垢，污点,煤尘,使污秽,使…弄脏",5
18618,halting,"跛的,蹒跚的,踌躇的,迟疑不决的,（使）停下来( halt的现在分词 )",5
18620,infertile,"不能生育的，不结果实的,贫瘠的，不毛的",5
18621,sequester,"使隔绝，使隔离,<律>扣押",5
18622,coronation,加冕礼,5
18623,cyanide,"<化>氰化物,用氰化法处理",5
18624,cauldron,"大锅，大汽锅,煮皂锅,海釜",5
18625,sought-after,很吃香的，广受欢迎的,5
18627,radiologist,放射线学者,5
18628,cruelly,"残酷地,残暴地,<口>极度地,非常",5
18629,showy,"引人注目的,过分装饰的，太华丽的",5
18632,prohibitive,"禁止的,禁止性的,抑制的,（指价格等）过高的",5
18633,infidel,不信宗教的（人），异教徒,5
18634,harem,"（伊斯兰教徒的）女眷,女眷居室，后宫",5
18635,sac,"（动植物组织中的）囊，液囊,缩写 = (US) Strategic Air Command 战略空军司令部。",5
18636,blown,"喘气的,膨胀的,开花的,吹制的,吹气( blow的过去分词 ),刮风,吹响,炸开",5
18637,nuzzle,"（用鼻）掘,擦,依偎,（用头或脸）紧挨",5
18638,obsessively,"使人着迷地,着魔地,困扰地,过分地",5
18639,homesick,"想家的，患思乡病的,莼鲈之思",5
18640,snub,"冷落,拒绝,挽桩滞缆而刹住（船等）,掐灭（例如香烟）,冷落，怠慢,斥责,突然的停止,（鼻子）短而扁的",5
18641,acumen,"敏锐,聪明,<植>渐尖头,<动>短刺",5
18642,reprehensible,应受谴责的,5
18643,sarcastically,讽刺地，挖苦地,5
18644,moor,"荒野，旷野,沼泽,摩尔人,停泊，抛锚,使停泊,系住,（把飞船）拴在系留塔上,固定",5
18645,photosynthesis,光合作用，光能合成,5
18646,bleached,"[]  [],漂白的，晒白的，颜色变浅的,使（颜色）变淡，变白，漂白( bleach的过去式和过去分词 )",5
18647,beehive,"蜂窝,蜂巢,蜂箱,拥挤的地方",5
18648,stereotyped,"铅版的,套用陈规的,把…模式化，使成陈规( stereotype的过去式和过去分词 )",5
18649,yellowed,"[]  [],（使某物）变黄或发黄( yellow的过去式和过去分词 )",5
18650,gloat,"幸灾乐祸地注视,心满意足地注视,爱慕地凝视,幸灾乐祸,沾沾自喜，洋洋得意,爱慕的凝视，垂涎",5
18651,fizzle,"嘶嘶声，微弱的结束，失败,发嘶嘶声，失败",5
18652,tumult,"吵闹,喧哗,激动的吵闹声,心烦意乱",5
18653,currant,"无核小葡萄干,茶藨子属植物（的果实）",5
18654,apolitical,"对政治不感兴趣的，与政治无关的,无政治意义的",5
18657,botch,"拙劣的工作，笨活,粗拙的补缀,[医]（皮肤上的）脓疱,粗拙地补缀，修补,笨手笨脚地弄坏,把…搞糟",5
18658,overeat,（使）吃得过多,5
18659,legging,（通常用复数）绑腿，裹腿，护胫,5
18660,emphysema,气肿，肺气肿,5
18661,midget,"侏儒，小矮人,极小的，微型的",5
18662,habitation,"居住,住宅，家",5
18663,weightless,没有重量的，失重的，无重力的,5
18664,credo,信经，信条,5
18665,gentleness,"温和,和善,彬彬有礼,高贵",5
18666,magenta,"品红，洋红,品红染料,紫红色的，洋红色的",5
18668,excision,"切除，删除,切除术,切割,分割",5
18669,pathos,"悲怆，哀婉，凄楚，伤感,痛苦,同情",5
18671,custodial,"保管的，保管人的,圣物保管容器",5
18672,loon,"潜鸟,<口>狂人",5
18673,cauliflower,"[植]花椰菜,菜花",5
18674,mucus,"粘液,（动植物的）黏液",5
18677,shutout,"关厂,关店,停业,被关在外面的人",5
18678,narcissistic,自我陶醉的，自恋的，自我崇拜的,5
18679,hysterically,歇斯底里地,5
18680,amphibious,"两栖的,水陆两用的,两栖作战的,具有双重性的",5
18682,repaint,"再次（重新）油漆，再次（重新）画,恢复…原来的色彩,重新涂漆的东西",5
18683,neurosurgeon,神经外科医生,5
18684,salamander,火蜥蜴，火怪，耐火的人,5
18685,trickster,骗子，无赖,5
18686,dashing,"时髦的，华丽的,劲头十足的,打扮漂亮的,勇敢的，有锐气的,冲，猛冲(dash的现在分词),猛掷",5
18687,cannibal,"食人者,同类相食的动物,食人者的,同类相食的,凶残的",5
18688,biochemistry,"生物化学,生物化学成份",5
18689,nettle,"荨麻,〈比喻〉使人烦恼的事,拿荨麻打，拿荨麻刺,激怒，惹恼",5
18691,tuber,"（植物的）块茎,结节",5
18692,coveralls,工装裤,5
18693,furtive,"鬼鬼祟祟的,诡诈的,贼头贼脑",5
18694,democratize,（使）民主化,5
18696,swig,"<非正>大口喝（酒等）,痛饮，大喝",5
18697,atlas,"地图集,〈比喻〉身负重担的人",5
18698,rollover,转滚法（用旧债券购买新债券）,5
18699,alum,"明矾，矾,白矾",5
18700,upturned,向上翘的，上下翻转过来的,5
18701,retrofit,"式样翻新，花样翻新,给机器设备装配（新部件），翻新，改型",5
18702,urging,"力劝( urge的现在分词 ),强烈要求,推进,驱策",5
18703,one-dimensional,"一维的,单向度的,没有深度的",5
18704,feel-good,"愉悦感，对未来的乐观态度（新闻用语）,（电影）令人愉悦的",5
18705,heartless,"无情的，狠心的,无情无义,没良心,薄情无义",5
18706,romanticize,"使浪漫化,使传奇化,夸张,以浪漫手法处理,沉醉于浪漫的幻想",5
18707,swab,"（医用的）拭子，药签,（用拭子取下的）化验标准,用拭子拭抹或擦净（某物）,（用拖把、抹布等）擦洗（某物）",5
18708,deadlock,"僵局,停顿，停滞,没有弹簧的锁,停顿,相持不下,成僵局",5
18709,low-tech,低技术的；技术含量低的,5
18710,vacationer,度假者，休假者,5
18711,aimlessly,"漫无目的地，无目标地,瞎,等闲",5
18712,ravioli,小方饺,5
18713,paving,"块石面路,铺( pave的现在分词 ),为…铺平道路",5
18714,measles,"<医>麻疹,[兽]（牛，猪的）囊虫病,[摄]斑点,<美俚>梅毒，麻疹的红斑点",5
18715,cougar,"<美>美洲狮,（追求年轻帅哥的）熟女",5
18716,introspection,"反省，内省,自我反省",5
18718,beater,"拍打器,敲打者,助猎者,（狩猎中）使猎物从掩蔽处惊起的人",5
18719,blissful,"极快乐的，极幸福的,充满喜悦的,有造化的,极乐",5
18720,lumbering,"伐木业,笨重的",5
18721,off-duty,下了班的,5
18722,undervalue,"估价过低,轻看",5
18723,pre-columbian,哥伦布发现美洲大陆以前的,5
18724,worn-out,"不能再用（或穿）的，磨破的，穿旧的,破旧,劳瘁",5
18725,outscore,得分超过,5
18726,intoxicating,"醉人的,令人陶醉的,使兴奋的,（指酒类）蒸馏的（非发酵的）,使喝醉( intoxicate的现在分词 ),使陶醉,使激动不已,使欣喜若狂",5
18727,decadence,衰落，堕落，颓废,5
18728,indigo,"靛蓝，靛蓝染料,靛蓝色,[植]槐蓝属植物,靛蓝色的",5
18729,momma,<口>妈妈（尤儿语）,5
18730,leper,"麻风病患者,（由于道德和社会原因）别人避之唯恐不及的人",5
18731,subprime,"准一流的，近乎头等的,准最低贷款利率的",5
18732,antiseptic,"防腐的,无菌的,异常洁净的,诚实无欺的,防腐剂，杀菌剂，消毒剂",5
18733,ricochet,"（尤指炮弹、子弹接触水面、地面后的）跳飞,弹跳,漂飞,被跳弹击中,反弹，跳飞",5
18735,veracity,诚实，真实,5
18736,bequest,"遗赠,遗产，遗赠物",5
18737,occupying,"[]  [],占领( occupy的现在分词 ),使用,使从事,任职",5
18738,cyclone,"气旋，旋风,飓风，暴风,旋风分离器",5
18739,yuppie,（美）雅皮士（属于中上阶层的年轻专业人士）,5
18740,six-day,"[]  [],Six-Day War 六天战争(1967年6月5号至10号，在以色列，埃及和叙利亚之间)",5
18741,rebut,"反驳，驳回,击退",5
18742,karma,"<宗>（佛教和印度教的）业,因果报应，因缘",5
18743,impurity,"污点，污染,掺杂，不纯,不道德，罪恶,混杂物，粗劣品",5
18744,nick,"刻痕,缺口,〈英俚〉监狱,〈美俚〉五分镍币,刻痕于,割伤,挑毛病,〈英俚〉逮捕,狙击",5
18745,vandal,"故意毁坏文物者，破坏他人财产者,破坏文化艺术的",5
18747,groupie,流行乐队迷，想与流行乐队成员发生性关系的少女,5
18748,infighting,内讧，内部纠纷，勾心斗角,5
18749,steeple,"（教堂的）尖塔，尖顶,（女用）尖塔形头巾",5
18750,summation,"总和,加在一起,总结,概括",5
18751,intoxication,陶醉,5
18753,smock,工作服,5
18754,oppressor,压迫者，暴君,5
18755,tiresome,"令人生厌的,无聊的",5
18756,demographer,人口统计学家,5
18757,rhododendron,"杜鹃花,[植]杜鹃花属",5
18759,riparian,"河边的，水滨的,河岸拥有人",5
18760,schism,教会分立，分裂,5
18761,preoperative,外科手术前的,5
18762,sentimentality,多愁善感，感伤癖,5
18763,far-off,"遥远的,偏僻",5
18764,lithe,"柔软的，易弯曲的,绵,轻盈",5
18765,tarragon,"龙嵩，龙嵩叶,龙蒿",5
18766,refrigerated,"冷藏( refrigerate的过去式和过去分词 ),冷冻",5
18767,accede,"（正式）加入,答应,（通过财产的添附而）增加,开始任职",5
18768,carry-on,"手提行李,手提的",5
18769,scorecard,记分卡,5
18770,sizeable,相当大的,5
18771,low-lying,低的，低洼的,5
18772,filet,"方网眼的网，方网眼花边,肉片",5
18773,submissive,"顺从的，唯命是从的,柔顺,帖,贴",5
18774,salmonella,沙门氏菌,5
18776,equivalence,"（力量等的）均等,相等,相当,等价",5
18778,tomography,X线断层摄影术,5
18779,unraveled,"[]  [],解开，拆散，散开( unravel的过去式和过去分词 ),阐明,澄清,弄清楚",5
18781,trimester,三个月，学期,5
18782,radon,<化>氡（元素符号Rn）,5
18783,indistinct,"不清楚的，模糊的,不清楚，模糊,不清楚地，模糊地",5
18784,cinch,"容易做的事情,必然发生的事,系（马的）肚带,〈美俚〉确定，弄清楚，弄明白，确实掌握，确保",5
18785,upriver,"上游的，向水源的,在上游，向上游，从上游",5
18788,heh,（表示惊异、质问）嗨！,5
18790,recliner,斜躺者，可躺式椅,5
18792,ripped,"<美俚>喝醉的，受毒品麻醉的,有明显的肌肉线条的,扯破，撕坏( rip的过去式和过去分词 ),撕成,锯,猛地扯开",5
18793,pliers,"钳子，老虎钳,夹钳,手钳",5
18794,not-for-profit,非营利,5
18795,sully,玷污，破坏名声,5
18796,frothy,起泡的，多泡的，空洞的,5
18797,criminality,有罪，犯罪，犯罪行为,5
18798,prospector,勘探者，探矿者,5
18799,recollect,"记起，想起,想起,回想，追忆，回忆，记忆,使（自己）想起一时忘掉的事,想到",5
18800,statistician,统计学家，统计员,5
18801,tuning,"调谐，调整，调音,调音( tune的现在分词 ),调整,（给收音机、电视等）调谐,使协调",5
18802,anvil,"（铁）砧,<解>砧骨",5
18806,particularity,特性,5
18807,tribesman,"部落的男子,部落成员，同宗族的人",5
18808,electrically,用电力，有关电地,5
18809,headband,（扎在额头上的）束发带，扎头带,5
18810,declared,"公告的，公然的,宣布( declare的过去式和过去分词 ),断言,申报（收益）,板球（在击球员还未全部出局时）宣布结束赛局",5
18811,idealist,"理想主义,空想家,<哲>观念论者,唯心论者",5
18812,clumsily,"笨拙地,粗陋地，形状难看地",5
18813,mannerism,"习性,言谈举止,（绘画、写作中）过分的独特风格,风格主义",5
18814,intelligentsia,"知识分子,知识界",5
18815,qualitatively,质量上,5
18817,whistling,"吹笛，吹口哨，啸声,吹口哨( whistle的现在分词 ),鸣笛,呼啸着前进,空指望",5
18818,drooping,"下垂的，无力的,弯曲或下垂，发蔫( droop的现在分词 )",5
18820,libido,本能冲动，性欲,5
18821,inoculate,给…做预防注射,5
18822,meaningfully,"[]  [],意味深长地",5
18823,dioxin,二氧（杂）芑,5
18824,innkeeper,旅店老板，客栈掌柜,5
18825,anachronism,"时代错误,不合时代的事，过时的事或人",5
18827,uptake,"<口>举起,<非正>（尤指对新事物的）理解力,<术>摄入,<矿>上风井",5
18828,bridesmaid,女傧相，伴娘,5
18831,tumbling,"摔跤，翻跟头，翻筋斗,歪斜状的,倒塌( tumble的现在分词 ),翻滚,突然摔倒,<非正>恍然大悟",5
18832,authorial,著者的,5
18834,proximal,最接近的,5
18835,psychosis,"精神病,精神错乱,精神上极度的紧张，不安",5
18837,scrunch,"<非正>发出喀嚓声,蜷缩,压,挤压,扭曲（面部）,把…揉成小团",5
18838,unsettled,"（天气、政治形势等）不稳定的,未定居的,未解决的,未决定的,扰乱，使不安宁( unsettle的过去式和过去分词)",5
18839,cost-benefit,"[]  [],成本效益（分析）的",5
18841,crumbled,"[]  [],（把…）弄碎， （使）碎成细屑( crumble的过去式和过去分词 ),衰落,坍塌,损坏",5
18842,chalkboard,黑板,5
18843,pillowcase,枕套（等同pillow slip）,5
18844,seamstress,女裁缝，做针线活的妇女,5
18847,floodwaters,"[]  [],洪水",5
18848,commercialize,（尤指不择手段地）利用…牟利，商业化,5
18849,mass-produced,"[]  [],大量生产的,大量生产( mass-produce的过去式和过去分词 )",5
18850,pancreatic,胰腺的,5
18851,polka,"波尔卡舞,女用紧身短上衣,跳波尔卡舞",5
18852,strainer,滤器，滤盆，滤网,5
18853,externalize,给…以外形，使客观化，使具体化,5
18856,gumbo,秋葵，加有秋葵的浓汤，坚硬黏土,5
18858,floodplain,泛滥平原，涝原，漫滩,5
18859,puke,"呕吐，呕吐物，吐剂,呕吐",5
18861,cleanser,"清洁剂,清洁工,擦亮粉，去污粉,清洁器",5
18863,girth,"周长，（马等的）肚带，腰身,以带束缚,围绕,包围,围长为",5
18864,llama,美洲驼,5
18865,photovoltaic,光电池的,5
18866,hoopla,喧闹，投环套物游戏,5
18867,branching,"分歧,分歧的，发枝的",5
18868,marigold,"<植>万寿菊,金盏花",5
18869,scaffold,"脚手架,<史>断头台",5
18871,supposition,"猜测,推测,假定,猜想",5
18872,wrought-iron,熟铁,5
18873,naturalized,"自然化的，归化的,接收（外国人）入籍( naturalize的过去式和过去分词 ),使归化,将（植物等）引进异域种植,吸收",5
18874,snorkel,"（潜水者使用的）通气管，水下呼吸管,用通气管潜泳",5
18875,terse,"（说话、文笔等）精练的，简洁的,扼要的",5
18876,downtime,（工厂等由于检修、待料等的）停工期,5
18877,newsman,新闻记者,5
18878,unscrew,从…旋出螺丝，旋开，松开,5
18879,receptacle,容器，放置物品的地方,5
18880,immortalize,"使永恒,使不灭,使不朽,使名垂千古",5
18881,politicized,"[]  [],使政治化，使具有政治性( politicize的过去式和过去分词 ),使对政治有兴趣",5
18883,analyzer,"分析者，分析器,吸收器",5
18884,indisputable,"无可争辩的,不容置疑的,无可否认的,无可讳言",5
18885,pimple,丘疹，粉刺，小脓疱,5
18886,robin,"知更鸟，鸫,（签名者不分先后，以避免受责的）圆形签名抗议书（或请愿书）",5
18888,stethoscope,听诊器,5
18889,craziness,发狂，热中，狂热,5
18890,self-centered,自我为中心的，利己主义的,5
18892,unopened,没有打开过的,5
18893,mausoleum,陵墓,5
18894,reusable,可再用的，可重复使用的，可重用的,5
18895,foreign-born,在国外出生的,5
18896,snowman,雪人,5
18897,spindle,"纺锤，纱锭,轴,细长的人或物,[生]纺锤体,像锭子的，绽子似的,细长的,装锭子于,长成细长茎,用纺锤形锉打眼,长得细长",5
18898,underbrush,"灌木丛,林下灌丛",5
18900,cobble,"粗劣地制作,修（鞋）,匆匆制作,胡乱拼凑,鹅卵石，圆石",5
18901,whir,"呼呼作声地飞（或转），作呼呼声,使呼呼地飞（或转），呼地一声把…带走,呼呼声，飕飕声",5
18902,spindly,（尤指腿）细长的，纤弱的,5
18903,buzzword,（报刊等的）时髦术语，流行行话,5
18904,expressionless,无表情的,5
18906,ransack,"彻底搜查,抢劫，掠夺,仔细思索",5
18907,cheater,骗子，欺诈者，背叛者,5
18908,navigational,航行的，航海的,5
18909,holly,"冬青（常绿灌木，叶尖而硬，有光泽，冬季结红色浆果）,（用作圣诞节饰物的）冬青树枝,[名]霍莉，女子名",5
18910,repugnant,"令人厌恶的,矛盾的",5
18911,forester,林务员，林务官,5
18913,earthen,"（地面或墙）泥土做的，土制的,（物体）陶制的,瓦",5
18914,wily,"狡诈的，狡猾的,足智多谋的,诡计多端的",5
18915,bulging,"膨胀,凸出（部）,打气,折皱,凸出( bulge的现在分词 ),充满,塞满（某物）",5
18916,boarder,"寄宿生,寄宿者,登船（或飞机等）的人,被派强登敌船者",5
18917,permissive,"宽大的,放任的,自由的,容许的",5
18918,invertebrate,"无脊椎的,无脊椎动物",5
18919,vertebrate,"脊椎动物,有脊椎的，脊椎动物的",5
18921,orator,演说者，演讲家,5
18923,emigre,移居者（尤指因政治因素而移居外国者），流亡者,5
18924,humbling,"令人羞辱的,使谦恭( humble的现在分词 ),轻松打败（尤指强大的对手）,低声下气",5
18925,pleated,打褶裥的，起褶的,5
18926,litigate,提出诉讼,5
18927,self-regulation,"自动调节,自调整,自调节",5
18928,turntable,（唱机的）转盘,5
18929,goatee,山羊胡子，（只留于下颚的）胡子,5
18930,instantaneously,即刻，突如其来地,5
18931,esophagus,食管，食道,5
18932,arugula,芝麻菜,5
18933,astrodome,"[]  [],Astrodome Stadium, Houston, Texas 得克萨斯州休斯顿天体观测窗",5
18934,rheumatoid,风湿病的，类风湿病的,5
18935,recalcitrant,"倔强对抗的，拒不服从的,拗强",5
18936,vouch,"保证,担保,确定,确定地说,（因亲眼看见而）为…作证,断定,<律>传（某人）出庭作证,被担保者",5
18937,unwrapped,移去…的包裹物，打开，展开( unwrap的过去式和过去分词 ),5
18939,suburbia,<贬>郊区及其居民，郊区习俗,5
18940,subconscious,"下意识的,潜意识的",5
18941,appraiser,评价者，鉴定者，估价官,5
18942,indoctrination,教导，教化,5
18943,foundry,铸造厂,5
18946,strum,"漫不经心地弹（弦乐器）,轻轻弹奏,把…拨弄出声响,用…弹敲,漫不经心地拨弄,弹奏出乐曲,弹敲,轻弹,弹奏,轻轻弹奏声",5
18947,admirably,极好地，美好地,5
18948,incontinence,不能自制，无节制，失禁,5
18949,handset,"电话听筒,手机,手持机,（电视等的）遥控器",5
18950,reforming,"重整,改善( reform的现在分词 )",5
18952,trawler,"拖网渔船,拖网捕鱼者，拖网渔民",5
18953,deliverance,<文>解救，解脱,5
18954,cfc,氟氯碳(chlorofluoro carbon),5
18955,aftershock,余震,5
18956,stricture,"苛评,指责,紧束,约束",5
18957,triathlon,三项全能运动,5
18958,manhunt,（对逃犯等的）搜捕，追捕,5
18959,sleeveless,无袖的,5
18960,humanly,在人力所及的范围，依靠人力,5
18961,irreplaceable,不能调换的，不能代替的,5
18963,hiccup,"嗝,连续地打嗝,暂时性的小问题,短暂的停顿,打嗝",5
18964,cluck,"（母鸡）咯咯声,<俚>傻瓜，笨蛋,咯咯叫",5
18965,mesquite,豆科灌木,5
18966,sleet,"雨夹雪或雹,下雨夹雪，下冻雨",5
18968,travesty,"拙劣的模仿作品，荒谬的模仿，歪曲,拙劣或荒谬地模仿，嘲弄",5
18969,crudely,照自然状态，不成熟地，粗杂地,5
18970,collie,牧羊狗（一种高大聪敏长毛的牧羊狗）,5
18971,tightrope,"绷索，钢丝,极其危险的道路或处境",5
18972,smokestack,大烟囱,5
18973,stalinist,"斯大林主义者,斯大林的，斯大林主义的",5
18974,supplementation,增补，补充，追加,5
18975,playback,录音重放，录音重放装置，重放,5
18976,connectivity,连通性,5
18978,disenchanted,"不再抱幻想的，不再着迷的，感到幻灭的,使不再着迷(disenchant的过去分词)",5
18980,goodnight,晚安，再见,5
18981,artifice,"灵巧,诡计,巧妙办法,虚伪行为",5
18982,goof,"呆瓜,弄糟,混,打发时间,出大错",5
18983,untapped,"（有用或宝贵的东西）未开发的，未利用的,未开塞的",5
18984,collapsed,"折叠( collapse的过去式和过去分词 ),倒塌,崩溃,（尤指工作劳累后）坐下",5
18985,prescient,有预知能力的，有先见之明的,5
18986,preservationist,（对野生动物、自然区、古迹和传统事物等的）保护主义者,5
18987,haunch,"腰腿,（鹿等供食用的）腰腿肉",5
18988,captivating,"迷人的，有魅力的，有吸引力的,迷住（某人），迷惑( captivate的现在分词 )",5
18989,windswept,风刮的，被风吹扫的，暴露在风中的,5
18992,franchisee,特许经营人,5
18993,gaseous,"气态的，似气体的,无实质的,〈美俚〉不可靠的,气性",5
18994,yo-yo,"溜溜球（一种线轴般的玩具）,优柔寡断的人,〈美俚〉蠢人，笨人,上下起落的,摇摆不定的,玩约约,忽上忽下",5
18995,puffing,"使喷出( puff的现在分词 ),喷着汽（或烟）移动,吹嘘,吹捧",5
18996,expectantly,期待地，期望地,5
18997,storeroom,贮藏室，商品陈列室,5
18998,countenance,"表情,脸，面孔,赞同，支持,鼓励,表示赞同,嘉奖,宽恕",5
18999,irritant,"有刺激性的,使无效的，使失效的,刺激物，刺激因素",5
19000,untimely,"不适时的，不合时宜的,过早的,过早地，不合时宜地",5
19001,clang,"叮当声,（使）叮当地响",5
19002,top-ranked,（运动员、运动队）居首的，最优秀的,5
19003,iteration,"反复,重述,重述的事,[计算机]循环",5
19004,scuff,"使磨损,拖着脚走",5
19005,un-american,"[]  [],非美国式的，反美的",5
19006,tiled,平铺的，用瓦管排水的,5
19007,dame,"夫人，女士,已婚妇女,女人",5
19008,foursome,"两对，四人一组,（每边两人的）双打,四人对抗赛",5
19009,mortuary,"（丧葬前的）停尸室，太平间,丧葬的",5
19010,nay,"不但如此,而且,否,反对票，投反对票者",5
19011,insulating,"绝缘的,使绝缘( insulate的现在分词 ),使隔离,使免除（不愉快的经历）,使免受（不良影响）",5
19012,unrecognizable,（人或事物）变得[损坏得]难以辨认的，无法识别的,5
19013,curling,"冰壶，冰上溜石游戏（将重石片滑向一目标）,弯曲（ curl的现在分词 ）",5
19014,askew,"歪，斜,歪歪扭扭",5
19015,rancid,（指含有油脂食物）因变质而有陈腐味道或气味的，（指气味或味道）如陈腐脂肪味的,5
19016,adhd,[儿童]注意缺陷多动障碍，小儿多动症,5
19020,plantain,车前草，香蕉之一种,5
19021,no-brainer,"[]  [],something that requires little thought,傻瓜都知道的问题",5
19022,negro,"黑种人，黑人,黑人的",5
19023,euphoric,"欣快症的，欣快的,精神愉快的",5
19024,unresponsive,"无答复的,反应迟钝的,感受性迟钝的,无同情心的",5
19025,erstwhile,"从前的,以前的,原来的,往昔的,从前,往昔地",5
19026,mind-boggling,令人难以置信的,5
19027,cooperatively,"[]  [],合作地",5
19028,vanquished,"<文>征服( vanquish的过去式和过去分词 ),战胜,克服,抑制",5
19029,driftwood,"流木，浮木，（社会变动所产生的）无用的人,流送材",5
19030,upside-down,"颠倒的,乱七八糟的,混乱的,颠倒,乱七八糟,混乱",5
19031,correspondingly,"[]  [],相对地，比照地",5
19033,medial,中间的，平均的，向中央延伸的,5
19034,win-win,"对各方都有益的,双赢的",5
19035,souffle,"杂音，吹气音,蛋奶酥",5
19038,heavy-handed,"笨手笨脚的，拙劣的,严厉的,暴虐的,手辣的",5
19039,firefight,交火，火战，炮战,5
19040,priestly,僧的，僧侣似的,5
19041,lewd,好色的，淫荡的，下流的,5
19042,derelict,"被抛弃的，废弃的,玩忽职守的,遗弃物,玩忽职守者",5
19043,fiscally,"[]  [],在国库方面，财政上，在国库岁入方面",5
19044,moonlit,月光照耀的,5
19045,aphid,[昆]蚜虫,5
19046,crypt,地窖，（尤指）教堂地下室,5
19048,anti-aircraft,防空用的,5
19049,theologically,神学地，神学上地,5
19051,encore,"再来一个！,加演节目,再演一个,返场",5
19052,morphology,形态学（尤指动植物形态学或词语形态学）,5
19053,imprisoned,"[]  [],下狱，监禁( imprison的过去式和过去分词 )",5
19054,alertness,"警戒，机敏,戒心",5
19058,titanic,"<化>钛的,四价钛的,十分巨大的,非常庞大的",5
19060,upkeep,"保养，维修,维持,保养费，维修费",5
19061,five-star,五星的，第一流的，最高级的,5
19062,devolve,"移交,转移,交给下属（或下层、晚辈等）,衰落",5
19063,salinity,"盐分，盐度,盐浓度,盐份",5
19064,amok,杀人狂，狂乱地，杀气腾腾地,5
19065,ascetic,"禁欲的,禁欲主义的,苦行的,克己的,苦行者，禁欲者，禁欲主义者",5
19066,unintentional,"不是故意的,无意的，无心的,无意识的",5
19067,hellish,"很坏的，很讨厌的,很坏地，很讨厌地,很坏，很讨厌",5
19068,pneumatic,"充气的,气动的,装满空气的,有气胎的,气胎,有气胎的自行车,（风琴的）管",5
19069,confederation,"结盟,联盟,同盟国",5
19070,coincidental,巧合的，同时发生的,5
19071,gazebo,眺望台，露台,5
19072,mutilated,严重残害…的身体，使残缺不全，肢解( mutilate的过去式和过去分词 ),5
19075,vengeful,"报复心驱使的，图谋报复的,渴望复仇的/报复的",5
19076,reticence,"不轻易暴露想法或感情,沉默,不爱说话,含蓄",5
19077,sprained,"[]  [],扭伤（关节）( sprain的过去式和过去分词 )",5
19078,bayou,"小海湾,支流,河口,（美国南部水流缓慢、多水草的）河道支流",5
19079,quarterfinal,四分之一决赛,5
19080,demote,使降级，使降职,5
19081,timbre,音色，音品,5
19083,capitulate,"认输，屈服,屈从，停止反抗,有条件投降,让步",5
19084,stag,"成年牡鹿,阉过的雄畜[牛，猪],[商]非会员股票经纪人,非真心投资，遇有利机会即行出售股票的认股者,不带女伴参加晚会,[商]〈俚〉买进新股（等）见利即抛,〈英〉监视，盯梢，告发,截短长裤,全是男人（集会等）的,无异性伴侣的",5
19085,wiretap,"搭线窃听，窃听或偷录,窃听或偷录，窃听情报，窃听装置",5
19086,repulse,"击退,驳斥,拒绝,击败",5
19089,sorbet,果汁冰糕,5
19091,cobweb,蜘蛛网,5
19092,illogical,"不合逻辑的,无意义的",5
19094,botched,"[]  [],修补( botch的过去式和过去分词 ),搞坏，搞砸，笨拙地做",5
19096,sequin,（衣服上的圆形）闪光装饰片,5
19097,blacktop,沥青质原料，柏油路,5
19098,humanize,"赋予人性,使通人情,变为有人性,变为有情",5
19099,unharmed,"未受伤的，未受损害的,平安无事的，无恙的",5
19100,shanty,"简陋的小木屋,铁皮棚屋,船工号子，船歌,下等酒馆",5
19101,mortify,"使受辱,伤害（人的感情）,克制,抑制（肉体、情感等）,（指肌肤）变成坏疽",5
19103,leaning,"倾向，爱好，偏爱,（使）倾斜，屈身( lean的现在分词 ),倚,依赖,使斜靠",5
19104,tightness,"坚固，紧密,紧致,密封性",5
19105,crock,坛子，瓦罐碴,5
19106,intonation,"语调，声调,[乐]发声，转调,[宗]吟诵,语音的抑扬",5
19108,sari,（印度女人披在身上的）莎丽服,5
19109,harvesting,"收获,收割，收成( harvest的现在分词 ),收到,收割（庄稼），捕猎（动物、鱼）",5
19110,departed,"死了的，已往的，过去的,离开( depart的过去式和过去分词 ),出发,开出,离职",5
19111,femur,股骨,5
19112,well-off,"顺利的，有利的,走运的，幸运的,手头宽裕的，富有的,丰富的，繁荣昌盛的",5
19113,otherness,相异，不同，另一物,5
19114,indiscriminately,"无差别，任意地,不分青红皂白地,滥,不分皂白",5
19115,devious,"迂回的，曲折的,不光明正大的，不正直的,不坦诚的，狡猾的,不正当",5
19116,disguised,"[]  [],假扮( disguise的过去式和过去分词 ),化装,伪装,掩盖",5
19117,delirious,"精神混乱的,非常激动的,极兴奋的，发狂的,神不守舍",5
19118,groggy,不会的，不稳的，摇摆的,5
19119,sensibly,"明智地,理智地,能感觉得出地,切合实际地",5
19120,vanished,"消失了的,消失( vanish的过去式和过去分词 ),突然不见,不复存在,绝迹",5
19121,loader,"装货的人，装货设备，装弹机,装板机",5
19124,tertiary,"第三的,<医>第三期的,(T-)<地>第三纪的,<化>叔的,(T-)<地>第三纪,第三系,三期梅毒病害,<宗>第三级教士",5
19125,misjudge,"对…判断错误,错认,错误地估计,判断错",5
19127,tern,三个一组，燕鸥,5
19128,unimpressed,印象平平的，无深刻印象的，未被打动的,5
19129,frill,"褶边,装饰,[摄]胶片边缘的皱褶,[动]壳皱,使有褶,加褶饰于…,起边皱",5
19130,amp,"安培,放大器",5
19131,vindictive,"怀有或显示报复心的,恶意的，怀恨的,惩罚的",5
19132,archway,拱门，拱道,5
19133,ark,"[圣]方舟,[圣]约柜,<美>平底船,避难所",5
19134,monogamous,一夫一妻的，单配的，一雌一雄的,5
19135,poisoned,"有毒的,中过毒的,发炎的,金杯毒酒,毒死( poison的过去式和过去分词 ),污染,放毒于,对…有不良影响",5
19136,circumcision,割礼，包皮环切（术），（身心）净化,5
19137,hurried,"仓促的，匆忙地,草率的,仓促（做某事）( hurry的过去式过去分词),催促,快速移动",5
19138,fishy,"<非正>可疑的，值得怀疑的,不是味儿,鬼勾当,腥味儿",5
19139,lard,"猪油,润色,涂猪油于,将肥猪肉片嵌于（牛肉或禽肉）中,（在讲话或文章中）夹杂大量（某类词语）",5
19140,abut,"（与…）邻接,（与…）毗连,接触,倚靠",5
19141,you-all,你们大家，你们,5
19142,eucharistic,"[]  [],圣餐的，圣体的",5
19143,behead,砍（某人的）头，砍头处决,5
19144,untouchable,"不可及的，达不到的,不可接触的,不可捉摸的,贱民,被遗弃的人,棘手的事",5
19145,plagiarism,"剽窃,抄袭,剽窃物,抄袭物",5
19146,scarecrow,"（竖在田里吓鸟的）稻草人,<非正>邋遢的人，骨瘦如柴的人",5
19147,compendium,摘要，纲要,5
19149,charger,"委托者，控诉者,[军]军官坐骑，战马,充电器",5
19150,magnifying,"放大的,增加，升高，放大,放大( magnify的现在分词 ),扩大,夸大,夸奖",5
19151,precipitously,陡峭地，陡然地，出乎意料地,5
19152,flammable,易燃的，可燃的,5
19153,civics,公民,5
19154,red-haired,"[]  [],红头发的",5
19155,gong,"锣,钟状物,〈俚〉奖章，纪念章,发出锣声,鸣锣阻止汽车前进",5
19156,undersecretary,"副部长,次长,副国务卿,次官（政府部长的副职）",5
19158,polyp,珊瑚虫（水螅型），息肉,5
19159,fallow,"犁过而未播种的，休闲的，（指耕地）未经耕作的,休闲地，休耕地",5
19160,heartbroken,"悲伤的,心碎，断肠( heartbreak的过去分词 )",5
19161,runny,"流粘液的,流泪的",5
19162,unfaithful,"不忠实的,不正直的,（翻译等）不可靠的,不贞洁的",5
19163,unquestioned,不成为问题的，无疑问的,5
19165,causation,原因，（某种结果的）出现，发生因果关系,5
19166,pessimist,"悲观主义者，悲观者,厌世者",5
19167,deformation,"变形,[语]词的变形,[地]金属等（在压力作用下）变形,形态损伤，形状损毁",5
19168,uncertainly,犹豫不决地，没把握地,5
19170,wrecked,"毁坏[毁灭]某物( wreck的过去式和过去分词 ),使（船舶）失事，使遇难，使下沉",5
19171,dragonfly,蜻蜓,5
19172,angling,"钓鱼，钓鱼术,角化",5
19173,anti-communist,"[]  [],反共的,反共分子[亦作 anticommunist]",5
19174,stand-in,替身，代替人（或物）,5
19175,earphone,耳机，听筒,5
19176,run-in,"争论，口角,试车,插入部分,平行式",5
19177,coo,"（鸽）咕咕地叫,低声软语地说，温柔亲切地说,温柔可爱地说话,咕咕声,鸽子的叫声",5
19178,washcloth,毛巾，面巾，浴巾,5
19179,convoluted,"盘绕的，卷曲的,复杂的,回旋，卷绕，盘旋( convolute的过去式和过去分词 )",5
19180,aegis,"保护,支持,由…主办,在…的支持下",5
19181,horseradish,山葵，其根所制调味剂,5
19183,juggernaut,"重型卡车,巨大的力量[物体]",5
19184,platelet,血小板，小盘，小板,5
19185,polarity,"[物]极性,[生]反向性,对立,[数]配极",5
19186,italics,"斜体，斜体字,斜体字( italic的名词复数 )",5
19187,cropped,裁切不正的,5
19188,fascinated,"着迷的,被深深吸引的,使着迷,使陶醉",5
19189,spar,"圆材，晶石,[航]翼梁,拳斗,斗鸡,（拳击练习中）不用力打,试击,争论，争吵,（鸡）用脚踢斗",5
19191,hard-earned,"[]  [],辛苦得到的,来之不易",5
19192,aggrieved,"愤愤不平的，受委屈的,悲痛的,<律>（在合法权利方面）受侵害的,令委屈，令苦恼，侵害( aggrieve的过去式),令委屈，令苦恼，侵害( aggrieve的过去式和过去分词)",5
19193,restorative,"有恢复健康作用的，滋补的,滋补品，补药,兴奋剂",5
19194,suitability,合适，适合,5
19195,pucker,"（使某物）起褶子或皱纹,（衣服上的）皱纹，褶子",5
19196,furnished,"家具，有家具的,陈设，布置( furnish的过去式和过去分词),提供，装备",5
19197,stringy,纤维的,5
19198,nakedness,裸出,5
19199,superbly,"庄重地,华美地,极好地,上等地",5
19200,militancy,战斗性，交战状态,5
19201,tutelage,"保护,受监护,指导,（对外国领土的）托管",5
19202,bloodless,"无血的,不流血的,无生气的,无情的",5
19203,resumption,<正>重新开始，继续,5
19204,unabashed,"不害臊的,不怕羞的,满不在乎的,不加掩饰的",5
19205,quash,"[法]废除，使无效,捣碎，压碎,平息，镇压",5
19207,lupus,狼疮，天狼座,5
19208,negativity,"否定性，消极性,负性",5
19209,graduated,"毕业了的,标有刻度的,分等级的,分层次的,渐变( graduate的过去式和过去分词 ),渐渐变为（与into连用）,渐渐消逝（与away连用）,取得资格（与as连用）",5
19210,grammatical,语法上的，符合语法规则的,5
19211,hijacking,"劫机,劫持( hijack的现在分词 ),绑架,拦路抢劫,操纵（会议等，以推销自己的意图）",5
19212,metastasis,转移,5
19214,vastness,巨大，广阔,5
19215,embellishment,装饰，修饰，润色,5
19216,subcategory,亚类，子种类，子范畴,5
19217,compromised,[]  [],5
19219,jubilant,"喜气洋洋的,欢呼的,喜庆,开怀",5
19220,savagely,"野蛮地,残忍地,粗野地,凶猛地",5
19223,temperamental,"气质的,性格的,不可靠的,<口>喜怒无常的",5
19224,payable,"应付的，可付的,可获利的",5
19227,mammalian,"哺乳动物,哺乳动物的",5
19228,staccato,"<音>以断音（的），以断奏方式（的）,断奏的曲乐段，断唱,（品牌）思加图",5
19229,misfit,"对…不适合,不适用于,不容易适应环境的人,不适合",5
19230,pox,"发疹的疾病,痘,疹,瘟疫",5
19231,messianic,救世主的，以救世主自居的，救星似的,5
19232,empty-handed,"空手的,徒手的,空手地,一无所有地",5
19233,commandeer,"征用,强占",5
19234,dishearten,使失去勇气，使失去信心,5
19235,rabies,"[医]狂犬病,恐水病",5
19236,derision,"嘲笑，嘲弄,笑柄",5
19238,flushed,"（脸）发红的,涨红的,兴奋的,激动的,冲刷( flush的过去式和过去分词 ),面红耳赤,（使）脸红,冲洗（抽水马桶）",5
19239,sighted,"有视力的,看得见的,不盲的,观测(sight的过去分词),有视力的人",5
19242,stratification,"层理,成层,层化,分层",5
19243,americanization,美国化,5
19244,quivering,"颤抖的,微颤，抖动( quiver的现在分词 ),使震动",5
19245,jaunt,"游览,去游览",5
19246,brainchild,"脑力劳动的产物,独创的观念，点子",5
19247,reconstructive,重建的，改造的,5
19248,foregoing,"在前的，在先的，前面提到的,（在位置时间或程度方面）走在…之前，居先( forego的现在分词 )",5
19249,turpentine,"松节油，松脂,涂松节油，采松脂",5
19250,abrasion,"磨损,擦伤处,<喻>摩擦,<地质>磨蚀（作用）",5
19251,curving,"弯曲的,（使）弯成弧形( curve的现在分词 )",5
19252,tested,"经过试验的,经受过考验的,经验定的,检验无病的,测验( test的过去式和过去分词 ),考查,考验,勘探",5
19254,clearinghouse,票据交换所,5
19255,searcher,搜索者，检查官,5
19256,duplex,"有两部分的,连栋式的两栋住宅,联式房屋,占两层楼的公寓套房,复式住宅",5
19257,dictatorial,"独裁的,专横傲慢的,盛气凌人的,独断",5
19260,sweltering,"闷热的,热得没气力的,热得难受( swelter的现在分词 )",5
19261,genie,"（阿拉伯神话故事中的）神怪，妖怪,（形容将对人们的生活造成永久性的、尤指负面影响的事件已经发生）妖怪已经放出魔瓶了",5
19262,idolize,将（某人）当作偶像崇拜,5
19264,goon,受雇暴徒，呆子，愚笨者,5
19265,headlong,"头向前地,急速地,轻率地,头向前的,急速的,轻率的,险峻的",5
19266,ostracize,"放逐,流放,摈弃,排斥",5
19268,reproach,"责备，责骂,使丢脸,申斥,损伤…的体面,耻辱，污辱,谴责,[宗]应答圣歌",5
19270,ninety-nine,"[]  [],烧烤部厨司长,主调酒师,(需付佣金促销的)次品，等外品",5
19272,soluble,"[化] 可溶的,可以解决的,可以解释的,[数]可解的",5
19273,astride,"两腿分开着（地）,两腿分开着，跨着，跨越",5
19274,parlay,"连本带利的赌博,连本带利地赌博，使增值",5
19275,senatorial,参议院的，参议员的,5
19276,four-wheel,四轮的,5
19278,burned-out,烧坏的，疲倦不堪的,5
19279,invigorating,"精神充沛的，爽快的,爽快的,使生机勃勃( invigorate的现在分词)",5
19280,renovated,"[]  [],翻新，修复，整修( renovate的过去式和过去分词 )",5
19281,well-rounded,"丰满的,面面俱到的,多才多艺的,（语句）有表达力的",5
19282,jump-start,"起动，发动,助动启动",5
19284,verdant,"（草、田地等）翠绿的,嫩绿的,长满绿色植物的,无经验的",5
19285,approvingly,赞成地，认可地,5
19286,nightmarish,恶梦似的，不愉快的,5
19287,slush,"烂泥，稀泥浆,溅湿",5
19288,impressively,"令人难忘地,赫然",5
19289,novella,短篇故事，中篇小说,5
19290,suitably,"适当地，适宜地,相配地,合适地",5
19291,seagull,海鸥,5
19292,unwitting,"不知道的，未觉察的,无意的,使精神错乱(unwit的ing形式),使丧失智能",5
19293,diocesan,"主教管区的,教区主教",5
19294,high-flying,"抱有雄心大志的,有野心的,毫无道理的,在高空飞行的",5
19295,delectable,令人愉快的，让人喜爱的,5
19296,facsimile,（文字、图画等的）副本，传真,5
19297,half-hearted,"粗心的,没精打采的，缺乏热情的,并非真心的,半心半意的",5
19298,unpretentious,"不炫耀的,不矫饰的,谦逊的,朴实无华的，不铺张的",5
19299,photocopy,"影印本,复印件,影印，照相复制,复印",5
19300,settee,"长靠椅,中小型长沙发",5
19301,charade,"易识破的伪装,看手势猜字谜游戏,哑剧字谜",5
19304,narcissism,自我陶醉，自恋,5
19305,stagnate,"停滞，不流动，不发展,变萧条,（使）（水等）停滞不流,（使）不动，（使）不活动,（使）迟钝，（使）不活泼,（使）变萧条",5
19306,primeval,"原始的,太古的，太初的,原始地，太古地，太初地",5
19308,dilate,"使扩大,详述,使膨胀,扩张,扩大,膨胀",5
19309,portend,"预示,预兆,给…以警告,预告",5
19310,episodic,（小说、剧本等）由松散片段组成的，插曲般的,5
19311,hypnotize,"对…施催眠术,使着迷，使精神恍惚",5
19313,whole-wheat,粗面粉，营养面粉,5
19314,wrack,"（在海岸上长的或冲到海岸上的）海草（用作肥料等）,墨角藻,残败,漂来物",5
19315,creationism,"创造宇宙说，特别创造说,神创论",5
19316,habitable,适于居住的,5
19318,phalanx,"方阵,密集队,密集人群,趾骨",5
19319,inscrutable,"不可理解的，谜一样的,神妙莫测",5
19321,foolproof,（方法、计划、系统等设计得）万无一失的，肯定成功的,5
19322,chopping,"波浪汹涌的，硕大强健的,削球,斩波,断续",5
19323,stubbornness,"[]  [],倔强，顽强,牛性,牛脾气,犟劲",5
19325,liberator,（民族）解放者，解救者,5
19326,fluctuating,波动，涨落，起伏( fluctuate的现在分词 ),5
19328,shaved,"[]  [],剃过的,（用剃刀）刮（胡须等），为（某人）剃毛发( shave的过去式和过去分词 ),刨（木头等）,削,<口>掠过",5
19329,hew,"（用斧、刀等）砍、劈,砍成,劈出,开辟,<美>坚持,遵守",5
19330,tabulate,"把（数字、事实）列成表,使成板[片]状，使成平面,平板状的，有平面的，[动物，动物学]有横隔板的",5
19331,rooted,"生根的，有根的,固定的，根深蒂固的,生根,使（某事物）深深扎根",5
19332,freshen,"使新鲜,使清爽，使有精神，把（自己）盥洗一番,（使）洁净,使掺酌于，加浓（饮料）,使恢复精力,增强,淡化,（产后）开始泌乳",5
19333,asterisk,"星号，星状物,加星号于",5
19334,unabashedly,[]  [],5
19335,landfall,着陆,5
19336,soapy,"含有肥皂的，沾满肥皂的,似肥皂的,沾满肥皂地",5
19338,flipper,"（用于游泳或潜水的）脚蹼，鸭脚板,[口语]无礼的，轻率的，油腔滑调的( flip的比较级 ),冒失的，鲁莽的",5
19339,yummy,很好吃的,5
19341,hologram,"全息图,全息照片,综合衍射图,原样录象",5
19342,malleable,"可锻造的，有延展性的,韧性的",5
19343,yellowish,微黄色的,5
19344,croissant,羊角面包,5
19346,jade,"玉，翡翠,翡翠色,劣马，驽马,[宝] 碧玉,玉制的,翡翠色的,绿玉色的,（使）疲,（使）疲惫不堪,（使）精疲力尽",5
19347,defibrillator,（电击）除颤器,5
19348,pacemaker,"领跑者,带头人,标兵,起搏器",5
19349,swastika,"纳粹党所用的十字记号,万字饰",5
19350,fast-paced,快步调的，快节奏的,5
19353,apocalypse,"世界毁灭,大灾变,末世",5
19354,long-lost,遗失了很长时间的,5
19356,scoundrel,恶棍，坏蛋,5
19357,sardonic,"嘲笑的,讥笑的,讽刺的,冷笑的",5
19358,caustic,"<化>苛性的,腐蚀性的,尖刻的，刻薄的,[物]焦散的,刻薄地，挖苦地,焦散线，焦散面,刻薄，讽刺,[化]苛性碱,[医]腐蚀剂",5
19359,carnation,"康乃馨，麝香石竹,淡红色，肉色,淡红色的，肉色的",5
19360,breathlessly,气喘地，屏息地,5
19361,strapping,"<非正>高大结实的，魁梧的,用皮带捆扎( strap的现在分词 ),用皮带抽打,包扎,给…打绷带",5
19362,doable,可做的，可行的,5
19363,tamale,（墨西哥的）玉米面团包馅卷,5
19364,clemency,"宽容，仁慈,（尤指气候等）温和",5
19365,hotshot,"高手,能人,前途无量的人",5
19366,offensively,"令人不愉快地，讨厌地,冒犯地",5
19367,abbreviated,"简短的，仅可蔽体的，小型的,使简短( abbreviate的过去式和过去分词 ),缩简,缩略,使用缩写词",5
19368,duster,"抹布,尘拂,撢子,<美>防尘罩衫",5
19369,dapper,（尤指男子）整洁漂亮的，动作敏捷的,5
19370,divider,"分割者,间隔物,分配器,圆规",5
19371,teenaged,青少年的，十几岁的少年的,5
19372,speechwriter,演讲稿撰写人,5
19373,drunkenness,酒醉,5
19374,gutsy,勇敢的，贪婪的,5
19375,chutney,酸辣酱,5
19376,one-of-a-kind,每种只有一个的,5
19378,tracer,追踪者，描图者，（铁笔等）绘图工具,5
19379,impersonate,"扮演,模仿,拟人，人格化,被人格化了的,体现…的",5
19380,machinist,机械师，机工,5
19381,expendable,可消费的，值得消耗的,5
19382,startlingly,"[]  [],惊人地",5
19383,impinge,"冲击,撞击,对…起作用,侵犯,对…有明显作用（或影响），妨碍，侵犯(~ on/upon sth/sb.)",5
19385,self-taught,"独学的，自修的,无师自通",5
19386,discontinuity,断绝，不连续，中断,5
19387,sagebrush,"灌木蒿，灌木蒿丛,一串红",5
19388,vitally,"充满活力地,极其，绝对,致命地",5
19389,auburn,"赤褐色的,红褐色的,赤褐色,红褐色",5
19390,glitzy,"[]  [],闪光的，耀眼的,眩目的",5
19391,bye,"再见，回头见,次要的东西,（体育比赛中）轮空",5
19392,seer,预言家，先知者，幻想家,5
19393,interconnection,互相连络,5
19395,oncology,肿瘤学,5
19396,disassemble,解开，分解,5
19397,multipurpose,"多种用途的，多目标的,多用途,多用",5
19400,pearly,珍珠似的，用珍珠装饰的,5
19401,no-hitter,无安打赛局,5
19402,spurious,"假的，伪造的,欺骗性的，谬误的,私生的,赝",5
19403,destroyed,"破坏( destroy的过去式和过去分词 ),毁灭,消灭,杀死",5
19404,splurge,"<非正>乱花钱，糟蹋钱，挥霍,乱花（钱），糟蹋（钱），挥霍",5
19405,romantically,浪漫地,5
19406,superhighway,信息高速公路,5
19407,perky,"得意扬扬的,神气的,活泼的,有生气的",5
19408,profiling,"压型,扼要介绍( profile的现在分词 ),给…画侧面图,描…的轮廓,用数字图表（或量变曲线）表示",5
19409,disapproving,"不满的，反对的,不赞成( disapprove的现在分词 )",5
19410,neckline,（女装的）领口，开领,5
19411,percolate,"滤,渗透,（思想等）渗透,渗入,（用渗滤壶）煮（咖啡）,渗滤",5
19412,herder,牧者，牧人,5
19413,smallmouth,"小口黑鲈,小嘴",5
19415,evince,表明，标示,5
19416,rhythmically,有节奏地,5
19417,detonation,爆炸 （声）,5
19419,plotter,"密谋策划者，搞阴谋的人,绘图机,标图员，制图者,计划者",5
19420,unknowingly,不知不觉地,5
19421,lark,"云雀，百灵鸟,<口>玩笑，嬉戏,捉云雀,嬉戏",5
19424,chainsaw,用链锯割，<喻>肢解,5
19425,superhuman,"超人的,超出常人能力的,非凡的,超常的",5
19426,proclivity,倾向，癖性,5
19427,nazism,纳粹主义,5
19430,cooperating,"共同运转的，协同操作的,合作，配合，协助( cooperate的现在分词 )",5
19431,laborious,"费力的,勤劳的,辛苦的",5
19432,abysmal,"深不可测的,完全的,极糟的,深海的,极糟地,可怕地,完全地,极端地",5
19433,smoothness,"平滑,流畅,平静,平稳",5
19434,squelch,"发吧唧声，发扑哧声,<美>制止,压制,遏制,限制",5
19435,livable,"适于居住的,（某事物）可忍受的,（生活条件，工作条件等）有生活价值的",5
19436,three-pointer,三分球,5
19437,evolved,"演变，进化( evolve的过去式和过去分词 ),（动植物等 ）进化，进化形成",5
19438,rejuvenate,"使变得年轻，使恢复活力,复原，变年轻",5
19440,long-ago,从前的,5
19441,amulet,护身符,5
19442,rubbery,橡胶似的，有弹性的,5
19443,anachronistic,时代错误的,5
19444,gambit,"开局让棋法,策略，诡计",5
19445,sportsmanship,"运动员精神,光明正大,运动技术,对运动的爱好",5
19446,hideout,隐匿处,5
19447,backpacker,[体]背着背包徒步旅行的人,5
19448,disembark,"（使）登陆[上岸],卸下",5
19449,inadvertent,"不经意的，出于无心的,疏忽的，漫不经心的,粗心大意",5
19450,writ,"[法] 令状,文书,法院命令,“write”的过去式和过去分词",5
19451,overzealous,过分热心的,5
19452,disfigure,"损毁…的外形，使变丑,损毁",5
19453,savagery,"野蛮,野蛮人,凶猛,荒凉的状态",5
19454,birthright,与生俱来的权利，由于出身、国籍等而获得的权利,5
19455,divest,"剥夺,脱去（衣服）,2。从…取去…,1。（给某人）脱衣服",5
19456,cranny,裂缝，裂隙,5
19457,autopilot,自动驾驶仪,5
19458,headwaters,"源头，上游,水源,河源",5
19460,undertone,"低调,低声地,淡色,潜在的感情",5
19461,merrily,快乐地，愉快地，兴高采烈地,5
19462,skewed,"歪曲( skew的过去式和过去分词 ),曲解,使不公允,影响…的准确性",5
19463,dualism,二元论,5
19464,predilection,偏爱，偏好，嗜好,5
19466,macabre,"可怕的,以死亡为主题的,令人毛骨悚然的",5
19468,gravestone,墓碑,5
19469,four-star,卓越的，优良的，（美军）四星（上将）级的,5
19470,stingy,小气的，吝啬的,5
19471,tot,"小孩,一小杯液体,合计，总数,合计，共计",5
19474,mossy,"长满苔藓的,苔藓似的",5
19475,pent-up,"被压抑的,被抑制的,幽闭的,郁结",5
19476,afro-american,美国黑人,5
19477,corporal,"人体的,下士",5
19479,preconception,"偏见,预想，预见,事先形成的观点或思想,先入之见",5
19480,dreaming,"做梦，向往( dream的现在分词 ),想到，料到,[常用于疑问句或否定句]考虑到，想到，料到,虚度（光阴），（在空想中）度过（时间），迷迷糊糊地度过（与 away,out 连用）",5
19481,degenerative,退步的，变质的，退化的,5
19482,monolith,独块巨石，整体塑制品,5
19483,detritus,"（侵蚀形成的）岩屑,碎石,瓦砾,风化物",5
19484,snow-covered,被雪覆盖的,5
19485,suspenders,"（复数）吊裤带,吊袜带,吊杆,吊索,吊裤带( suspender的名词复数 ),悬挂物,袜吊",5
19486,glower,怒视,5
19487,defenseman,<主美>（冰球等中的）防守队员,5
19488,crafty,"狡猾的，狡诈的,巧妙的，灵巧的,狡猾地，狡诈地,狡猾，狡诈",5
19489,prussian,"普鲁士的,普鲁士人",5
19490,humbly,"谦逊地,恭顺地,卑微地,卑贱地",5
19491,junkyard,<美>废物堆积场,5
19492,advisable,"明智的,可取的,能劝告的,适当的",5
19493,one-stop,单独一处就可以提供各种服务的,5
19494,hopi,霍皮人（美国亚利桑那州东南部印第安村庄居民），霍皮人使用的语言,5
19495,ostrich,"鸵鸟,逃避现实的人",5
19496,sedative,"[医]镇静剂，止痛药,能使安静的东西,镇静的，镇定的，止痛的,使镇静的，使安静的",5
19497,role-playing,角色扮演，角色模仿,5
19498,left-hander,"左撇子，笨拙，左手投球,（在拳击中）用左手的一击，意外的打击",5
19500,hindrance,"妨害，障碍,障碍物,起妨碍作用的人",5
19501,christmastime,圣诞节期,5
19502,unholy,"不神圣的,不洁净的,邪恶的,不合理的",5
19504,determinism,"决定论,宿命论",5
19505,polygamy,"多配偶（制），一夫多妻（制）或一妻多夫（制）,多妻制,多偶制,一夫多妻制",5
19506,jaunty,"快活的,洋洋得意的,活泼的,自信满满的,心满意足地，洋洋得意地,心满意足,洋洋得意",5
19507,reveler,摆设酒宴者，饮酒狂欢者,5
19508,orthopaedic,整形外科的,5
19509,unbeaten,"未被打破、击败或超过的,（路等）人迹罕至（或未至）的,未打过的,未搅拌的",5
19510,chomp,切齿，格格地咬牙，咬响牙齿,5
19511,roller-coaster,过山车,5
19512,unconscionable,"昧着良心的，不合理的，过分的,没良心",5
19513,ticker,"老式的股票价格收报机,庆祝、欢迎等场合所散发的五彩纸带,<俚>心脏",5
19515,conservatory,"（培植植物的）温室，暖房,音乐学校,有保存力的,保管人的",5
19516,extermination,消灭，根绝,5
19517,soiled,"污染的,弄脏，污辱( soil的过去式和过去分词 )",5
19518,effigy,（人的）雕像，模拟像，肖像,5
19520,dusky,"昏暗的，黑暗的,昏暗地，黑暗地,昏暗，黑暗",5
19521,regressive,"后退的,逆行的,退化的,回归的",5
19522,nightlife,夜生活,5
19523,deep-sea,深海的，远洋的,5
19524,deliciously,美味地，芬香地,5
19526,clockwork,"（玩具、钟表等上面的）发条装置,钟表机械",5
19527,regionally,地方的，地域性的,5
19528,renege,"食言,违例出牌,否认,食言，违约,放弃,拒绝,出牌违例,[牌]有某种花色的牌可跟而违反规则不跟",5
19530,assistive,为残疾人设计的,5
19531,flagrant,"臭名远扬的,恶名昭著的,明目张胆的",5
19532,full-page,"[]  [],全页的,整版的",5
19533,directed,"有指导的,有管理的,定向的,被控制的,（用建议、指示、有益的情报等）指导( direct的过去式和过去分词 ),导演（戏剧或电影）,指示方向,把…对准（某方向或某人）",5
19534,puzzlement,"迷惑，费解,谜",5
19536,born-again,再生的，信仰再生的,5
19537,mimetic,模仿的,5
19539,negation,"反面,对立面,否定,否认",5
19540,arbor,"凉亭,树木,（机器的）心轴,（钓鱼用的）浮子",5
19541,simplification,单纯化，简单化,5
19542,fistful,一撮，一把,5
19543,defamation,诽谤，中伤,5
19544,congruence,"适合,一致,叠合,全等",5
19545,damper,"（钢琴的）制音器,减震器,（火炉等的）风门,使人扫兴的人（事）,潮湿的，不完全干燥的( damp的比较级 )",5
19546,fired,"开火，射击( fire的过去式和过去分词 ),<口>解雇,射（箭）,激励",5
19547,redshift,（天体）红移，红向移动,5
19548,sugary,"含糖的，甜的,媚人,甜蜜",5
19549,unfathomable,"深得无法到达底部的,高深莫测的，难以了解的,不测,叵测",5
19550,concealment,"隐藏,隐瞒,隐匿处,隐藏手段",5
19551,despairing,"感到绝望的，表现绝望的，无望的,绝望( despair的现在分词 )",5
19552,offered,"出（价）( offer的过去式和过去分词 ),提出,演出,做出",5
19553,underwriting,"保险业,包销,在（保险单，尤指船舶保险单）下方签署并承担责任（承保损失或损坏之责）( underwrite的现在分词 ),给…保险,（按商定的价格）认购（某公司）的全部剩余证券,包销（证券）",5
19554,prophesy,预告，预言,5
19555,self-righteous,自以为是的,5
19556,double-edged,"双头的，双重的，两刃的,双面",5
19557,dilution,稀释,5
19558,inhospitable,"不好客的，不友好的,不适于居住的",5
19559,flowery,"用花装饰的,<贬>（说话或作品）辞藻华丽的",5
19560,dismantling,"[]  [],（枪支）分解,拆开( dismantle的现在分词 ),拆卸,废除,取消",5
19561,scratchy,"（书写等）潦草的,（衣服）粗糙的,（录音等）发出咝咝沙沙声的,不规则的",5
19562,third-quarter,第三季度,5
19563,male-dominated,（在社会、机构或某活动领域等）男人主宰的，男权占主导地位的,5
19564,aussie,"澳洲人，澳大利亚,澳洲的",5
19565,breakaway,"脱离的，分离出去的,分离,逃脱，背弃",5
19566,trucking,货车运输，货车运输业,5
19567,alarmingly,让人担忧地,5
19568,spleen,"脾,怒气,怨气",5
19569,inattention,"不注意,漫不经心,心不在焉,粗心",5
19570,anglo-saxon,"盎格鲁-撒克逊人,盎格鲁-撒克逊语,盎格鲁-撒克逊人的,盎格鲁-撒克逊语的",5
19571,commoner,"平民,自费学生,有公地使用权的人,英国下院议员",5
19572,curd,凝乳,5
19573,latency,"潜伏,潜在因素",5
19574,diagnostics,诊断学,5
19575,extinguisher,"熄火者,消火者,消火器,熄火器",5
19576,workhorse,驮马，做粗工者，重负荷机器,5
19577,forefather,祖先，祖宗,5
19579,epilepsy,[医]癫痫，羊痫疯,5
19580,inculcate,极力主张，反复灌输,5
19581,disembodied,"（灵魂）脱离肉体的,脱离实体的,无身体的,不具形体的",5
19583,hauler,运输业者，搬运工,5
19584,acrid,"辛辣的,刺鼻的,（性格、态度、言词等）刻薄的,尖刻的",5
19585,superconducting,超导（电）的，无电阻率的，使用无电阻物质的,5
19586,underserved,服务不周到的，服务水平低下的,5
19587,sideboard,餐具橱，餐柜,5
19588,parse,从语法上描述或分析（词句等）,5
19589,replant,"再植,改种,移（民）,使复位",5
19591,vegan,严格的素食主义者,5
19592,fucker,傻瓜，笨蛋,5
19593,intermission,间歇，停顿，（放映电影中）中间休息,5
19594,wanderer,"流浪汉,闲逛者,游走动物",5
19595,neophyte,"初学者，新手,新近改变信仰或皈依某宗教的人,新来杂草植物,新引种植物",5
19596,minutia,（常复数）细节，小事,5
19597,dichotomous,分成两个的，叉状分枝的,5
19598,leech,"水蛭,蚂蟥,榨取他人脂膏者,〈古〉医师,用水蛭吸血,依附并榨取",5
19600,omnipresent,"无所不在的，同时遍在的,无往不在",5
19601,overjoyed,"万分高兴的，欣喜若狂的,使大喜( overjoy的过去式和过去分词 )",5
19602,cataclysmic,洪水的，大变动的,5
19604,counterculture,"反主流文化,反传统文化",5
19605,devastated,"彻底破坏( devastate的过去式和过去分词),摧毁,毁灭,在感情上（精神上、财务上等）压垮,毁坏的,极为震惊的",5
19606,shamelessly,厚着脸皮地，无耻地,5
19607,burlap,（由黄麻制的做麻袋等用的）粗麻布,5
19608,recrimination,"相互指责，吵架,反诉,揭丑",5
19609,domed,有穹顶的，半球形的,5
19610,front-line,前线的,5
19611,muffler,"围巾,消声器，消音器",5
19612,starched,"浆硬的，硬挺的，拘泥刻板的,把（衣服、床单等）浆一浆( starch的过去式和过去分词 )",5
19613,menial,"（指工作）卑贱的，不体面的,（干粗活的）家仆",5
19614,incomparable,"无双的,无敌的，无比的,无可比拟,无与伦比",5
19616,yea,肯定，赞成,5
19618,salience,突出，特点,5
19619,angled,"成一定角度放置的,以迎合某种观点而提出的,有角度的",5
19620,pointy,有尖头的，尖的,5
19621,divination,"预言,筮,卜,占卦",5
19623,deciding,"下决心( decide的现在分词 ),（使）决定,解决,裁决",5
19624,moslem,"穆斯林，伊斯兰教徒,穆斯林的,“Muslin”的变体",5
19627,oratory,"演讲术,（用长词或正式词语的）词藻华丽的言辞",5
19628,cachet,"特征,威信,（显示优越的）标志,扁囊药剂",5
19629,folic,[]  [],5
19630,dimensional,"尺寸的,<物>量纲的,<数>因次的,维的",5
19632,mailman,"邮递员,绿衣使者",5
19633,so-and-so,"某某人,某某物,诸如此类地",5
19634,powdery,"粉（状）的,布满粉（或灰尘）的,粉状",5
19635,fragmentary,"碎片的,片断的,不完整的,支离破碎的",5
19636,pensive,沉思的，深思的,5
19637,frock,"女装，连衣裙,僧袍，教士服，长工作服,使穿长工作服(礼服，长衣服〕,授与…圣职",5
19638,languid,"疲倦的,没精打采的，呆滞的,萧条的,慢吞吞",5
19640,unkempt,"（头发）蓬乱的，未加梳理的,（言语等）粗野的,邋遢,披头散发",5
19642,nationalize,"收归国有，国有化,导致与众不同的国家化的",5
19643,powerlessness,无力，无能为力,5
19644,knoll,小圆丘，小土墩,5
19645,benevolence,"仁慈,善举,捐赠,<史>恩税（旧时英王向民间征收的一种税金）",5
19646,mete,"分配,给予（处罚等）,测量,<正，文>（对某人）施以,边界",5
19647,blue-chip,独特的，值钱的,5
19649,gory,沾满血污的，充满暴力和血腥的,5
19650,immunize,"使免疫,使免除",5
19651,second-degree,二等的，二级的，第二等的,5
19652,isolationist,孤立主义者,5
19655,centrifugal,离心的,5
19656,stoplight,"交通信号灯,（车辆的）后灯，尾灯,红绿灯",5
19657,bot,肤蝇的幼虫，马胃蝇蛆,5
19658,adjuster,调停者，调节器,5
19660,contagion,"传染,接触传染,道德败坏,歪风",5
19661,u-turn,"调头,〈比喻〉方向的大改变,似 U 形转弯的东西,作180(U形)度大转弯",5
19662,sheathe,"将（刀、剑等）插入鞘,包，覆盖",5
19663,unprofitable,"无利益的,没有用的,无益",5
19664,itchy,"（使）发痒的,渴望旅行（或搬家、换工作等）",5
19665,pate,"秃顶，光顶,鱼酱，肉酱",5
19666,hitchhike,"搭便车（旅行）,<美><口>作搭便车式的旅行",5
19667,toothless,无齿的,5
19668,sortie,"突围，突击,出击部队,（飞机出动的）架次,突围，突袭",5
19669,scuffle,"扭打，混战,拖脚行走，拖步,拖着脚走的声音,拖脚行走",5
19670,unconditionally,无条件地,5
19672,self-doubt,缺少自信，自我疑惑,5
19673,out-of-town,"外地的,位于城外的",5
19674,hinterland,"内陆地区，内地,穷乡僻壤,腹地,内陆贸易区",5
19675,cellophane,玻璃纸,5
19676,crisply,酥脆地，爽快地,5
19677,lifelike,"活像真的，栩栩如生的,逼真,传神",5
19678,gooey,"胶粘的，感伤的,胶粘物，蜜糖",5
19681,mammography,乳房X线照相术,5
19682,porridge,"粥,麦片粥,稀饭,肉汤",5
19683,cognizant,察知的，认识（某事物）的,5
19685,localize,"使局部化,使具地方色彩",5
19686,winemaker,酿酒师,5
19687,keel,"（船的）龙骨,翻身，倾覆,无龙骨的",5
19688,dyad,"对,双,二价元素,二分体",5
19689,clipper,"剪刀，理发剪,剪削者，削取人,（十九世纪的）快速帆船,快马，移动很快的人或物",5
19690,malignancy,恶意,5
19691,sandpaper,"砂纸,用砂纸磨光（某物）",5
19692,slicker,"雨衣，骗子，刮子,顺利而有效的( slick的比较级 ),不费力的,圆滑的,光滑的",5
19693,renown,"名望，声誉,威名,声威",5
19694,shake-up,"[]  [],动摇,搅动，震动,权宜之计,人员变动",5
19695,overdrive,驱使过度，虐待，超速传动,5
19697,whilst,"同时,时时，有时,当…的时候,<英>同“while”",5
19698,endear,"使受喜爱,使亲密,使被爱恋",5
19699,apologetically,抱歉地,5
19701,unmask,除去（某人的）面具，使（某人或某事）露出真相，揭露,5
19702,evacuee,"被疏散者,被撤离者,撤退者",5
19704,incubate,"孵化,培育,孵（卵）,<医>潜伏,逐渐形成,潜伏在体内",5
19705,dislocate,"使关节脱位,使（交通，事务等）混乱",5
19706,pilings,"[]  [],打桩，打桩工程( piling的名词复数 )",5
19707,staid,"古板的，保守的，一本正经的,一本正经地",5
19708,nation-building,国家建构，民族塑造（指旨在构建民族认同感的政府方针）,5
19709,have-not,穷人，贫穷国家,5
19710,cheetah,<动>（奔跑极快的）非洲猎豹,5
19712,preconceived,预想的，先入为主的,5
19713,externality,"外在性,外形,外部事物,（经济学名词）外部效应",5
19715,implacable,"（指愤怒、仇恨、敌意等）难和解的,难平息的,仇恨深的,不能改变的",5
19717,kindred,"亲戚关系,同宗的,同源的,类似的,相似的",5
19718,bloodied,"血污的( bloody的过去式和过去分词 ),流血的,屠杀的,残忍的",5
19719,oddball,"古怪的,古怪的人",5
19720,wearing,"使人疲乏的，令人厌烦的,穿着( wear的现在分词 ),磨成,使疲乏,同意",5
19721,raptor,猛禽，肉食鸟,5
19722,welt,"贴边，袜口，伤痕,装饰，鞭打",5
19723,spatter,"溅，洒落,泼,洒、溅等的声音",5
19724,curvature,"弯曲,弯曲部分,曲率,曲度",5
19725,perplexed,"困惑的，糊涂的,复杂的，杂乱的,使迷惑，使混乱( perplex的过去式和过去分词),使复杂化，使难办",5
19726,jellyfish,"水母,海蜇,软弱无用的人,意志薄弱的人",5
19727,discriminating,"有鉴别能力的，有识别能力的,分别，辨别，区分( discriminate的现在分词 ),歧视，有差别地对待",5
19728,industrious,"勤劳的，勤奋的,勤恳的，刻苦的,昧旦晨兴,手勤",5
19731,chickpea,鹰嘴豆,5
19732,jetty,"防波堤,码头,[建]建筑物的突出部,乌黑发亮的,黑玉似的,突出，伸出",5
19733,inadequately,"不充足地,不适当地,不足胜任地",5
19734,well-heeled,富有的，穿着考究的,5
19735,pinched,"短缺的，匮乏的,夹痛( pinch的过去式和过去分词 ),逮捕,盗窃,使入不敷出",5
19736,cremate,"火葬，火化,烧成灰",5
19737,energetically,"精力充沛地，积极地,大力,上劲,起劲",5
19738,intercut,使镜头交切，作镜头交切,5
19739,descriptor,描述符,5
19740,salami,意大利腊肠,5
19741,repute,"名气,美名,声望,名誉,把…称为，认为",5
19743,buttered,"[]  [],抹黄油于…上( butter的过去式和过去分词 )",5
19745,newness,新，新奇,5
19747,checked,"方格图案的,受阻的,封闭的,检查，核对(check的过去式和过去分词)",5
19749,disgraceful,"可耻的，丢脸的,不光彩的，不名誉的,丑,臭",5
19751,coddle,悉心照料，娇惯,5
19752,hereby,以此方式，特此,5
19754,premarital,婚前的,5
19756,fart,"<讳>放屁,讨厌的人,令人厌烦的人,蠢人",5
19757,governorship,总督（或州长等地方行政长官）的职位（或职责、任期）,5
19758,monochrome,"单色画，单色照片，黑白照片,单色的，黑白的",5
19759,cuticle,（手指甲或脚趾甲根部的）外皮,5
19760,spectrometer,"分光计，分光仪,谱仪",5
19761,wok,锅，炒菜锅,5
19762,psychopathology,精神病理学,5
19763,corkscrew,"开塞钻，螺丝锥,拔钻形的，螺旋形的,硬拉出，探听，作螺旋状前进",5
19765,unplugged,"拔去（电源）插头( unplug的过去式和过去分词 ),拔去…的塞子,去掉…的障碍物",5
19766,godmother,"教母,意想不到的恩人，危难时提供帮助的救星",5
19767,apnea,"无呼吸，呼吸暂停,窒息",5
19768,wham,"重打声,重打",5
19769,romanticism,"浪漫的思想感情,浪漫主义,传奇小说体裁,传奇性",5
19770,hysterectomy,子宫切除术,5
19771,bide,"等待，停留,居住,等待,面临,禁得起,等待时机",5
19772,generalizability,普遍性,5
19773,variegated,"杂色的,斑驳的,变化多端的,使成杂色(variegate的过去式和过去分词)",5
19774,expedite,"加快进展,迅速完成",5
19775,annal,记录,5
19778,nix,"<俚>无,皆无,（德国神话中的）女水妖,女水神,停！不要！不行！,禁止，拒绝",5
19779,on-the-job,在职的,5
19780,servitude,奴役（状况）,5
19781,untangle,"解开（某物的）结,使不再打结,整顿,解决（纠纷等）",5
19782,implantation,"培植，灌输,植入,着床",5
19783,telecast,电视广播,5
19785,repudiation,"拒绝,否认,断绝关系,抛弃",5
19786,walkie-talkie,手提无线电话机,5
19787,docket,"摘要，记事表，（待判决的）诉讼事件表,在…上附加摘要",5
19788,daybreak,"拂晓，黎明,天亮,旦,天明",5
19790,pushy,"有进取心的,固执己见的，一意孤行的",5
19791,lumbar,"腰部的,腰动（静）脉，腰神经，腰椎",5
19792,sulk,"生气，愠怒,愠怒[生气]的人",5
19793,patrolman,巡逻者（尤指警官）,5
19794,smarts,"（伤口）疼痛( smart的第三人称单数 ),感到刺痛,引起疼痛,受罪",5
19795,realtor,<美>房地产经纪人，（尤指）美国房地产同业公会成员,5
19796,plural,"复数的,复数,复数形式,复数词",5
19797,ream,"令（纸张的计数单位）,大量,榨汁,扩展，扩大,铰除",5
19798,registrar,"登记员,教务主任,政券登记员,医院接收员",5
19799,solstice,至，至日,5
19800,operationalize,使用于操作，使开始运转，实施,5
19801,flattery,"奉承（话）,阿谀奉承会/不会使你如愿以偿",5
19803,ilk,"相同的,家族，同类，种类",5
19805,headless,"无头的,无领导者的,无头脑的,无知的",5
19806,beholden,有责任的，有义务的,5
19807,fluidity,"流动性,流质,变移性,流度",5
19808,nicety,"微妙,细微,细微之处,细节",5
19809,rudely,"粗鲁地,不礼貌地,猛烈地,突然地",5
19810,polarized,使分化为不同的看法( polarize的过去式和过去分词 ),5
19811,uproot,"根除,连根拔起,把…赶出家园,使无家可归,迁离,改变生活方式,根除，灭绝",5
19814,mishandle,"处理不当（不力），错误地处理,粗暴地对待，虐待",5
19815,raiser,"举起者,提出者,筹集者,饲养者",5
19817,stasis,停滞，静止,5
19818,perforation,"穿孔,贯穿,针孔,齿孔",5
19819,granny,"奶奶,外婆,婆婆妈妈的人",5
19820,shaving,"剃胡子，修面,削,刨花,修面，剃(shave的现在分词)",5
19821,attentively,"聚精会神地,周到地,谛,凝神",5
19822,chowder,杂烩,5
19823,redefinition,"重新定义,再定义",5
19824,hacienda,（讲西班牙语国家的）庄园住宅，大农场,5
19825,conscript,"被征入伍者,被征入伍的,征兵",5
19826,spongy,"海绵似的，柔软吸水的，富有弹性的,肉,瓤,多水",5
19827,eye-catching,"引人注目的,显著的",5
19828,preventative,预防性的,5
19829,feverishly,"发热地,狂热地，兴奋地",5
19830,yardage,"火车站内栏舍之使用费，按码计算,方码数,尺码",5
19831,prima,"<意>第一的,光皮,初波",5
19832,bipartisanship,"两党关系,<美>两党合作",5
19833,canoeing,"划独木舟，玩独木舟,皮划艇运动",5
19834,pacify,"使（某人）安静,息怒,抚慰,在（有战争的地区、国家等）实现和平",5
19835,quill,"（刺猬或豪猪的）刺,羽毛管,<鸟>翮,<纺>纡管,给（织物或衣服）作皱褶,<纺>卷（纬线）,使（豪猪等）长满刺,（豪猪等）用刺刺",5
19836,precipice,悬崖，峭壁,5
19837,picking,"采摘,采( pick的现在分词 ),摘,啄,叼,掘，撬开,采得物，赃物",5
19838,overuse,使用过度,5
19839,year-end,"年终,年终的",5
19842,comma,逗号,5
19843,perceptible,可感觉[感受]到的，可理解的，可认识的,5
19844,goblin,小妖精，丑妖精,5
19845,internment,拘留,5
19846,reassessment,重新估计,5
19847,amphetamine,安非他明，苯基丙（一种兴奋剂）胺,5
19851,occult,"超自然的,神秘的,隐藏的,神秘学,隐蔽,[天]（使）掩（星）,定时隐蔽",5
19852,top-rated,"[]  [],最受欢迎的，一流的",5
19854,ringer,套环，投环,5
19856,poncho,斗篷,5
19857,amorous,"色情的,多情的,爱情的,热情的",5
19858,spender,"挥霍者,挥金如土的人",5
19859,jetliner,喷气客机,5
19860,muddle,"糊涂，困惑,混乱，杂乱,弄乱，弄糟,使糊涂,使微醉,使咬字不清晰,对付,混日子",5
19861,normality,"常态,[化]当量浓度,规度,正态",5
19863,climactic,高潮的，形成高潮的,5
19864,panicky,"恐慌的，由恐慌引起的,易恐慌的,人心惶惶",5
19865,overrated,"[]  [],对（质量、能力等）估价过高( overrate的过去式和过去分词 )",5
19866,brewer,"啤酒制造者,阴谋家",5
19867,adjudicate,"判决，宣判,当…的评判员（或裁判员、仲裁人）,裁判员)",5
19868,brand-name,"[]  [],著名品牌的",5
19869,shunt,"使转轨,使分流,转向一边,避开,转轨,分流器",5
19870,girlish,女孩子（似）的，少女的,5
19871,deciduous,（指树木）每年落叶的,5
19872,nefarious,极坏的，恶毒的,5
19873,iguana,鬣鳞蜥（产于中美洲和南美洲）,5
19874,undeterred,未被吓住的,5
19875,sabine,萨宾人（古代意大利中部一民族，公元前3世纪被罗马征服），萨宾语（古意大利中部一民族，公元前3世纪被罗马征服）,5
19876,docile,"温顺的,驯服的,易驾驭的,驯化",5
19877,dumbfound,使人哑然失声，使发楞,5
19878,faltering,"犹豫的，支吾的，蹒跚的,（嗓音）颤抖( falter的现在分词 ),支吾其词,蹒跚,摇晃",5
19879,bookkeeping,记账，簿记，管账,5
19880,despondent,"沮丧的，泄气的,嗒然,抑郁,意志消沉",5
19881,awed,"充满敬畏的，表示敬畏的,使敬畏，使惊惧( awe的过去式和过去分词 )",5
19882,vendetta,"家族世仇,族间仇杀",5
19883,glassware,玻璃器具类,5
19884,kitsch,"粗劣的作品,俗气的艺术、设计等,迎合低级趣味的作品",5
19885,synopsis,"摘要，梗概,大纲",5
19886,joystick,操纵杆,5
19889,apologist,"辩解者，辩护士,护教论者",5
19891,priestess,女祭司,5
19892,joist,托梁,5
19893,vole,"野鼠类,全胜,大满贯,孤注一掷",5
19894,impeccably,[]  [],5
19896,abnormally,不正常地,5
19897,contented,"满意的，满足的,使满足(content的过去式和过去分词)",5
19898,criminalize,宣布…犯法，使负刑事责任,5
19899,immutable,不可改变的,5
19900,intercede,"斡旋，调解,说情",5
19901,contrived,"不自然的,勉强的,人为的,非天然的",5
19902,methadone,"美沙酮（一种镇静剂）,美散痛",5
19903,sandbox,沙箱，沙盒,5
19905,rebuilt,"重建,重建( rebuild的过去式和过去分词 ),重新组装,再形成某事物,恢复",5
19906,sprinkling,少量，一点儿,5
19908,inferno,"地狱,阴间,可怕的东西",5
19910,dexterity,"灵巧,熟练,敏捷,聪敏",5
19911,stirrup,马蹬,5
19912,war-torn,遭受战争破坏的,5
19913,uninvited,未经要求的，未获邀请的，不速而至的,5
19914,larger-than-life,有英雄（或传奇）色彩的,5
19915,laissez-faire,"[法]放任主义的，自由放任的,=“laisser-faire”,自由放任主义，无干涉主义",5
19916,flexion,"（关节、肢的）弯曲，弯曲状态,臂前举,拐度",5
19917,unhook,从钩子上取下，解开（衣物等）的搭扣,5
19918,regalia,"王权,王位的标志（如王冠等）,（等级、社团等的）标记,徽章",5
19919,divisional,"分割的，分开的,分区的，分部的,[数]除法的,[陆]师的",5
19920,innovate,"改革，创新,引入（新事物、思想或方法），",5
19921,promiscuity,"混杂，混乱,（男女的）乱交",5
19922,store-bought,"[]  [],[主美国中部和南部方言]在商店里买来的，非自制的，非家里制作的；现成的",5
19923,unevenly,"不规则地,不稳定地,不平行地,参差不齐地",5
19924,undemocratic,"不民主的,非民主的",5
19925,downwind,顺风（的）,5
19926,snicker,"偷笑，窃笑,窃笑着说,窃笑",5
19927,oxidation,氧化,5
19928,fanaticism,狂热，盲信，着迷,5
19929,transitory,"不持续的,短暂的，转瞬即逝的,朝露",5
19930,echoing,"回声[波]现象，反照现象,重复，随声附和( echo的现在分词 ),类似,发射（声音等）,发出回声",5
19932,cloudless,"无云的，晴朗的,无云地，晴朗地",5
19933,venous,"静脉的，静脉中的,有脉的",5
19934,high-definition,非常鲜明的,5
19936,bulwark,"堡垒,保障,支柱,舷墙,筑垒保卫,保护，使安全",5
19938,dissenting,"不同意的,不同意，持异议( dissent的现在分词 )",5
19940,post-mortem,"验尸的,死后的,事后的,验尸,尸体解剖,事后的调查分析",5
19941,escaping,"逸出的,逃脱( escape的现在分词 ),（气体，液体等）漏出,（未受伤或只受了一点伤害而）逃脱,声音（不自觉地）由…发出",5
19943,laminated,由薄片叠成的,5
19944,paintbrush,漆刷，画刷，画笔,5
19945,fluttering,"[]  [],飘动( flutter的现在分词 ),（心）快速跳动,振翼，拍翅膀",5
19947,fawn,"（未满一岁的）幼鹿,浅黄褐色,小动物,浅黄褐色的,生（小鹿）,摇尾乞怜,阿谀奉承",5
19948,unattainable,"达不到的，无法取得的,可望而不可即",5
19950,altercation,争辩，争吵,5
19951,undersea,"海面下的，海底的,水下",5
19952,schoolmate,同学，校友,5
19953,interlocutor,<正>参加谈话的人,5
19954,concerto,协奏曲,5
19955,keeping,"遵守,一致,（与…）协调,保管,（使）保持， （使）继续( keep的现在分词 ),（食品）保持新鲜,保有,保存",5
19956,sax,<美口>萨克斯管，石板斧,5
19958,shortness,"短小,简略,不足,没礼貌",5
19959,wanton,"荒唐的,繁茂的,变化无常的,行为不检的,放肆,生活奢侈,嬉戏,奢侈,挥霍，浪费,淫荡的人,嬉闹的人",5
19960,blow-up,单相交,5
19961,accost,"走过去跟…讲话,跟…搭讪,（乞丐等）上前向…乞讨,（妓女等）勾搭,贴近地面飞,<古>接界,邻接,交接,<罕>搭讪，攀谈",5
19962,chewy,（食物）耐嚼的，不易嚼碎的,5
19963,florentine,"佛罗伦萨人，绫的一种,意大利佛罗伦萨的，佛罗伦萨画派的",5
19964,bodice,妇女连衣裙的上身，妇女紧身马甲，妇女紧身胸衣,5
19965,idiosyncrasy,（某人特有的）气质，习性，癖好,5
19967,peroxide,"过氧化氢,过氧化物,用过氧化氢漂白（头发等）",5
19969,billiards,台球，桌球戏，弹子球,5
19970,asian-american,"[]  [],亚洲裔美国人",5
19971,moccasin,（原为北美印第安人穿的无后跟）软皮平底鞋，莫卡辛鞋,5
19972,adornment,装饰，装饰品,5
19973,engraved,"[]  [],在（硬物）上雕刻（字，画等）( engrave的过去式和过去分词 ),将某事物深深印在（记忆或头脑中）",5
19974,bucolic,"牧民生活的，田园风味的，乡村风味的,牧歌,田园诗,农民,牧人",5
19975,adulation,谄媚,5
19976,erroneously,错误，不正确,5
19978,dogged,"顽强的,固执的,跟踪,尾随(dog的过去式)",5
19980,arthritic,关节炎的,5
19981,softened,"（使）变软( soften的过去式和过去分词 ),缓解打击,缓和,安慰",5
19982,rapprochement,"友好，和睦,〈外〉和解,恢复邦交",5
19983,grudging,不情愿的，勉强的,5
19984,copier,复印机,5
19985,prejudiced,"怀偏见的,有成见的,偏颇的,损害(prejudice的过去分词),使抱偏见",5
19986,rigging,"索具，绳索,装备,传动装置,装配,给（船、桅杆）装配帆及索具(rig的现在分词)",5
19987,coloration,染色，着色,5
19988,revamped,"[]  [],将（某物）更新( revamp的过去式和过去分词 ),翻新,改变,修改",5
19989,python,巨蛇，大蟒,5
19990,windbreaker,风雪衣，防风夹克,5
19991,overbearing,"专横的，傲慢的,难忍的,压服( overbear的现在分词 )",5
19992,enforceable,可强行的，可强迫的，可实施的,5
19993,uncharacteristic,不典型的，无典型特征的,5
19994,fuzz,"绒毛，轻柔的物质,竖起来的短细的毛发,作绒毛状飞散,变成绒毛状,变得模糊,使模糊,起毛",5
19995,blackjack,"以棒打，胁迫,扑克牌的二十一点",5
19996,abscess,"脓肿,形成脓肿,形成脓肿的",5
19997,piazza,"广场，市场,走廊，游廊,<英>连拱廊",5
19998,shapely,<正，褒>（尤指女人的身材或腿）样子好的，匀称的,5
19999,inscribed,"写，刻( inscribe的过去式和过去分词 ),内接",5
20000,jaguar,<动>（中、南美洲的）美洲虎,5
